ISO-10303-21;
HEADER;

/* File generated by Shapr3D Version 26.91.0.11012 */

FILE_DESCRIPTION(('HOOPS Exchange Step'),'2;1');

FILE_NAME('/Users/mike/Library/Containers/com.shapr3d.shapr/Data/tmp/export/temp_export',
'2026-06-09T09:51:44-04:00',
('mike'),
('Shapr3D Limited'),
'HOOPS Exchange 2026.3',
'Shapr3D',
'Authorized');

FILE_SCHEMA( ('AP242_MANAGED_MODEL_BASED_3D_ENGINEERING_MIM_LF {1 0 10303 442 1 1 4}') );

ENDSEC;

DATA;
#3=(NAMED_UNIT(*)PLANE_ANGLE_UNIT()SI_UNIT($,.RADIAN.));
#4=PLANE_ANGLE_MEASURE_WITH_UNIT(PLANE_ANGLE_MEASURE(0.0174532925),#3);
#5=(CONVERSION_BASED_UNIT('DEGREE',#4)NAMED_UNIT(#6)PLANE_ANGLE_UNIT());
#6=DIMENSIONAL_EXPONENTS(0.,0.,0.,0.,0.,0.,0.);
#7=(NAMED_UNIT(*)SI_UNIT($,.STERADIAN.)SOLID_ANGLE_UNIT());
#8=(LENGTH_UNIT()NAMED_UNIT(*)SI_UNIT(.MILLI.,.METRE.));
#9=UNCERTAINTY_MEASURE_WITH_UNIT(LENGTH_MEASURE(1.000000E-03),#8,'DISTANCE_ACCURACY_VALUE','Maximum Tolerance applied to model');
#10=(GEOMETRIC_REPRESENTATION_CONTEXT(3)GLOBAL_UNCERTAINTY_ASSIGNED_CONTEXT((#9))GLOBAL_UNIT_ASSIGNED_CONTEXT((#8,#5,#7))REPRESENTATION_CONTEXT('','root'));
#12=CARTESIAN_POINT('',(0.,0.,0.));
#13=DIRECTION('',(0.,0.,1.));
#14=DIRECTION('',(1.,0.,0.));
#15=AXIS2_PLACEMENT_3D('TS3D_PRODUCT_CSYS',#12,#13,#14);
#26=(NAMED_UNIT(*)PLANE_ANGLE_UNIT()SI_UNIT($,.RADIAN.));
#27=PLANE_ANGLE_MEASURE_WITH_UNIT(PLANE_ANGLE_MEASURE(0.0174532925),#26);
#28=(CONVERSION_BASED_UNIT('DEGREE',#27)NAMED_UNIT(#29)PLANE_ANGLE_UNIT());
#29=DIMENSIONAL_EXPONENTS(0.,0.,0.,0.,0.,0.,0.);
#30=(NAMED_UNIT(*)SI_UNIT($,.STERADIAN.)SOLID_ANGLE_UNIT());
#31=(LENGTH_UNIT()NAMED_UNIT(*)SI_UNIT(.MILLI.,.METRE.));
#32=UNCERTAINTY_MEASURE_WITH_UNIT(LENGTH_MEASURE(1.000000E-05),#31,'DISTANCE_ACCURACY_VALUE','Maximum Tolerance applied to model');
#33=(GEOMETRIC_REPRESENTATION_CONTEXT(3)GLOBAL_UNCERTAINTY_ASSIGNED_CONTEXT((#32))GLOBAL_UNIT_ASSIGNED_CONTEXT((#31,#28,#30))REPRESENTATION_CONTEXT('','knowco2-sensor-enclosure-version10 (Imported)'));
#45=CARTESIAN_POINT('',(0.,0.,0.));
#46=DIRECTION('',(0.,0.,1.));
#47=DIRECTION('',(1.,0.,-0.));
#48=AXIS2_PLACEMENT_3D('',#45,#46,#47);
#49=ITEM_DEFINED_TRANSFORMATION('','',#48,#15);
#50=(REPRESENTATION_RELATIONSHIP('','',#35,#16)REPRESENTATION_RELATIONSHIP_WITH_TRANSFORMATION(#49)SHAPE_REPRESENTATION_RELATIONSHIP());
#51=NEXT_ASSEMBLY_USAGE_OCCURRENCE('knowco2-sensor-enclosure-version10 (Imported)_1','knowco2-sensor-enclosure-version10 (Imported)','knowco2-sensor-enclosure-version10 (Imported)',#25,#44,$);
#52=PRODUCT_DEFINITION_SHAPE('','',#51);
#53=CONTEXT_DEPENDENT_SHAPE_REPRESENTATION(#50,#52);
#55=CARTESIAN_POINT('',(26.405808838,26.4239375,38.178620159));
#56=DIRECTION('',(0.,1.,0.));
#57=DIRECTION('',(0.,0.,1.));
#58=AXIS2_PLACEMENT_3D('',#55,#56,#57);
#59=PLANE('',#58);
#60=CARTESIAN_POINT('',(25.648046875,26.4239375,1.824905901));
#61=VERTEX_POINT('',#60);
#62=CARTESIAN_POINT('',(25.648046875,26.4239375,7.026554677));
#63=VERTEX_POINT('',#62);
#64=CARTESIAN_POINT('',(25.648046875,26.4239375,1.824905901));
#65=DIRECTION('',(0.,0.,1.));
#66=VECTOR('',#65,5.201648776);
#67=LINE('',#64,#66);
#68=EDGE_CURVE('',#61,#63,#67,.T.);
#69=ORIENTED_EDGE('',*,*,#68,.T.);
#70=CARTESIAN_POINT('',(24.627808838,26.4239375,7.026554677));
#71=VERTEX_POINT('',#70);
#72=CARTESIAN_POINT('',(25.648046875,26.4239375,7.026554677));
#73=DIRECTION('',(-1.,0.,0.));
#74=VECTOR('',#73,1.020238037);
#75=LINE('',#72,#74);
#76=EDGE_CURVE('',#63,#71,#75,.T.);
#77=ORIENTED_EDGE('',*,*,#76,.T.);
#78=CARTESIAN_POINT('',(24.627808838,26.4239375,10.129323427));
#79=VERTEX_POINT('',#78);
#80=CARTESIAN_POINT('',(24.627808838,26.4239375,7.026554677));
#81=DIRECTION('',(0.,0.,1.));
#82=VECTOR('',#81,3.10276875);
#83=LINE('',#80,#82);
#84=EDGE_CURVE('',#71,#79,#83,.T.);
#85=ORIENTED_EDGE('',*,*,#84,.T.);
#86=CARTESIAN_POINT('',(26.423860063,26.4239375,10.129323427));
#87=VERTEX_POINT('',#86);
#88=CARTESIAN_POINT('',(26.423860063,26.4239375,10.129323427));
#89=DIRECTION('',(-1.,0.,0.));
#90=VECTOR('',#89,1.796051225);
#91=LINE('',#88,#90);
#92=EDGE_CURVE('',#87,#79,#91,.T.);
#93=ORIENTED_EDGE('',*,*,#92,.F.);
#94=CARTESIAN_POINT('',(26.423860063,26.4239375,10.238620162));
#95=VERTEX_POINT('',#94);
#96=CARTESIAN_POINT('',(26.423860063,26.4239375,10.129323427));
#97=DIRECTION('',(0.,0.,1.));
#98=VECTOR('',#97,0.109296735);
#99=LINE('',#96,#98);
#100=EDGE_CURVE('',#87,#95,#99,.T.);
#101=ORIENTED_EDGE('',*,*,#100,.T.);
#102=CARTESIAN_POINT('',(35.531757614,26.4239375,10.238620162));
#103=VERTEX_POINT('',#102);
#104=CARTESIAN_POINT('',(26.423860063,26.4239375,10.238620162));
#105=DIRECTION('',(1.,0.,-0.));
#106=VECTOR('',#105,9.107897551);
#107=LINE('',#104,#106);
#108=EDGE_CURVE('',#95,#103,#107,.T.);
#109=ORIENTED_EDGE('',*,*,#108,.T.);
#110=CARTESIAN_POINT('',(35.531757614,26.4239375,7.648854677));
#111=VERTEX_POINT('',#110);
#112=CARTESIAN_POINT('',(35.531757614,26.4239375,10.238620162));
#113=DIRECTION('',(-0.,-0.,-1.));
#114=VECTOR('',#113,2.589765486);
#115=LINE('',#112,#114);
#116=EDGE_CURVE('',#103,#111,#115,.T.);
#117=ORIENTED_EDGE('',*,*,#116,.T.);
#118=CARTESIAN_POINT('',(35.531757614,26.4239375,1.824905901));
#119=VERTEX_POINT('',#118);
#120=CARTESIAN_POINT('',(35.531757614,26.4239375,7.648854677));
#121=DIRECTION('',(-0.,-0.,-1.));
#122=VECTOR('',#121,5.823948776);
#123=LINE('',#120,#122);
#124=EDGE_CURVE('',#111,#119,#123,.T.);
#125=ORIENTED_EDGE('',*,*,#124,.T.);
#126=CARTESIAN_POINT('',(35.531757614,26.4239375,1.824905901));
#127=DIRECTION('',(-1.,-0.,0.));
#128=VECTOR('',#127,9.883710739);
#129=LINE('',#126,#128);
#130=EDGE_CURVE('',#119,#61,#129,.T.);
#131=ORIENTED_EDGE('',*,*,#130,.T.);
#132=EDGE_LOOP('',(#69,#77,#85,#93,#101,#109,#117,#125,#131));
#133=FACE_BOUND('',#132,.T.);
#134=ADVANCED_FACE('',(#133),#59,.T.);
#135=CARTESIAN_POINT('',(23.952672334,24.627886276,1.824905901));
#136=DIRECTION('',(-1.,0.,0.));
#137=DIRECTION('',(0.,0.,1.));
#138=AXIS2_PLACEMENT_3D('',#135,#136,#137);
#139=CYLINDRICAL_SURFACE('',#138,1.796051224);
#140=CARTESIAN_POINT('',(25.648046875,24.627886276,0.028854677));
#141=VERTEX_POINT('',#140);
#142=CARTESIAN_POINT('',(35.531757614,24.627886276,0.028854677));
#143=VERTEX_POINT('',#142);
#144=CARTESIAN_POINT('',(25.648046875,24.627886276,0.028854677));
#145=DIRECTION('',(1.,0.,-0.));
#146=VECTOR('',#145,9.883710739);
#147=LINE('',#144,#146);
#148=EDGE_CURVE('',#141,#143,#147,.T.);
#149=ORIENTED_EDGE('',*,*,#148,.F.);
#150=CARTESIAN_POINT('',(25.648046875,24.627886276,1.824905901));
#151=DIRECTION('',(1.,-0.,-0.));
#152=DIRECTION('',(0.,0.,1.));
#153=AXIS2_PLACEMENT_3D('',#150,#151,#152);
#154=CIRCLE('',#153,1.796051224);
#155=EDGE_CURVE('',#141,#61,#154,.T.);
#156=ORIENTED_EDGE('',*,*,#155,.T.);
#157=ORIENTED_EDGE('',*,*,#130,.F.);
#158=CARTESIAN_POINT('',(35.531757614,24.627886276,1.824905901));
#159=DIRECTION('',(1.,-0.,-0.));
#160=DIRECTION('',(0.,0.,1.));
#161=AXIS2_PLACEMENT_3D('',#158,#159,#160);
#162=CIRCLE('',#161,1.796051224);
#163=EDGE_CURVE('',#143,#119,#162,.T.);
#164=ORIENTED_EDGE('',*,*,#163,.F.);
#165=EDGE_LOOP('',(#149,#156,#157,#164));
#166=FACE_BOUND('',#165,.T.);
#167=ADVANCED_FACE('',(#166),#139,.T.);
#168=CARTESIAN_POINT('',(24.627808838,25.525911888,0.028854677));
#169=DIRECTION('',(1.,0.,0.));
#170=DIRECTION('',(0.,0.,-1.));
#171=AXIS2_PLACEMENT_3D('',#168,#169,#170);
#172=PLANE('',#171);
#173=CARTESIAN_POINT('',(24.627808838,0.844430922,0.306667177));
#174=VERTEX_POINT('',#173);
#175=CARTESIAN_POINT('',(24.627808838,23.427385837,0.306667177));
#176=VERTEX_POINT('',#175);
#177=CARTESIAN_POINT('',(24.627808838,0.844430922,0.306667177));
#178=DIRECTION('',(0.,1.,0.));
#179=VECTOR('',#178,22.582954915);
#180=LINE('',#177,#179);
#181=EDGE_CURVE('',#174,#176,#180,.T.);
#182=ORIENTED_EDGE('',*,*,#181,.T.);
#183=CARTESIAN_POINT('',(24.627808838,23.427385837,0.028854677));
#184=VERTEX_POINT('',#183);
#185=CARTESIAN_POINT('',(24.627808838,23.427385837,0.306667177));
#186=DIRECTION('',(0.,0.,-1.));
#187=VECTOR('',#186,0.2778125);
#188=LINE('',#185,#187);
#189=EDGE_CURVE('',#176,#184,#188,.T.);
#190=ORIENTED_EDGE('',*,*,#189,.T.);
#191=CARTESIAN_POINT('',(24.627808838,1.803988724,0.028854677));
#192=VERTEX_POINT('',#191);
#193=CARTESIAN_POINT('',(24.627808838,23.427385837,0.028854677));
#194=DIRECTION('',(0.,-1.,0.));
#195=VECTOR('',#194,21.623397113);
#196=LINE('',#193,#195);
#197=EDGE_CURVE('',#184,#192,#196,.T.);
#198=ORIENTED_EDGE('',*,*,#197,.T.);
#199=CARTESIAN_POINT('',(24.627808838,1.803988724,1.824905901));
#200=DIRECTION('',(-1.,-0.,-0.));
#201=DIRECTION('',(0.,0.,-1.));
#202=AXIS2_PLACEMENT_3D('',#199,#200,#201);
#203=CIRCLE('',#202,1.796051224);
#204=EDGE_CURVE('',#192,#174,#203,.T.);
#205=ORIENTED_EDGE('',*,*,#204,.T.);
#206=EDGE_LOOP('',(#182,#190,#198,#205));
#207=FACE_BOUND('',#206,.T.);
#208=ADVANCED_FACE('',(#207),#172,.F.);
#209=CARTESIAN_POINT('',(23.952672334,0.,10.129323427));
#210=DIRECTION('',(0.,0.,-1.));
#211=DIRECTION('',(0.,1.,0.));
#212=AXIS2_PLACEMENT_3D('',#209,#210,#211);
#213=PLANE('',#212);
#214=CARTESIAN_POINT('',(24.627808839,24.627886276,10.129323427));
#215=VERTEX_POINT('',#214);
#216=CARTESIAN_POINT('',(26.423860063,24.627886276,10.129323427));
#217=DIRECTION('',(-0.,-0.,1.));
#218=DIRECTION('',(-1.,0.,0.));
#219=AXIS2_PLACEMENT_3D('',#216,#217,#218);
#220=CIRCLE('',#219,1.796051224);
#221=EDGE_CURVE('',#87,#215,#220,.T.);
#222=ORIENTED_EDGE('',*,*,#221,.F.);
#223=ORIENTED_EDGE('',*,*,#92,.T.);
#224=CARTESIAN_POINT('',(24.627808838,24.627886276,10.129323427));
#225=DIRECTION('',(0.,1.,0.));
#226=VECTOR('',#225,1.796051224);
#227=LINE('',#224,#226);
#228=EDGE_CURVE('',#215,#79,#227,.T.);
#229=ORIENTED_EDGE('',*,*,#228,.F.);
#230=EDGE_LOOP('',(#222,#223,#229));
#231=FACE_BOUND('',#230,.T.);
#232=ADVANCED_FACE('',(#231),#213,.F.);
#233=CARTESIAN_POINT('',(26.405808838,21.518121484,9.531269846));
#234=DIRECTION('',(1.,0.,0.));
#235=DIRECTION('',(0.,0.,-1.));
#236=AXIS2_PLACEMENT_3D('',#233,#234,#235);
#237=CYLINDRICAL_SURFACE('',#236,4.492183984);
#238=CARTESIAN_POINT('',(33.14583445,17.18584173,8.343385557));
#239=VERTEX_POINT('',#238);
#240=CARTESIAN_POINT('',(32.329152169,17.075181902,8.867941257));
#241=VERTEX_POINT('',#240);
#242=CARTESIAN_POINT('',(33.14583445,17.18584173,8.343385557));
#243=CARTESIAN_POINT('',(33.059046262,17.18584173,8.343385557));
#244=CARTESIAN_POINT('',(32.974462148,17.182408981,8.355707874));
#245=CARTESIAN_POINT('',(32.892005413,17.175966864,8.380005235));
#246=CARTESIAN_POINT('',(32.809548678,17.169524747,8.404302596));
#247=CARTESIAN_POINT('',(32.731192391,17.160167684,8.44030601));
#248=CARTESIAN_POINT('',(32.659614174,17.149143626,8.486401709));
#249=CARTESIAN_POINT('',(32.516457739,17.12709551,8.578593106));
#250=CARTESIAN_POINT('',(32.400644802,17.098522753,8.71160548));
#251=CARTESIAN_POINT('',(32.329152169,17.075181902,8.867941257));
#252=B_SPLINE_CURVE_WITH_KNOTS('',3,(#242,#243,#244,#245,#246,#247,#248,#249,#250,#251),.UNSPECIFIED.,.F.,.F.,(4,3,3,4),(0.,0.000256583,0.000513166,0.001026332),.UNSPECIFIED.);
#253=EDGE_CURVE('',#239,#241,#252,.T.);
#254=ORIENTED_EDGE('',*,*,#253,.T.);
#255=CARTESIAN_POINT('',(26.356773089,17.075181902,8.867941257));
#256=VERTEX_POINT('',#255);
#257=CARTESIAN_POINT('',(32.329152169,17.075181902,8.867941257));
#258=DIRECTION('',(-1.,-0.,0.));
#259=VECTOR('',#258,5.97237908);
#260=LINE('',#257,#259);
#261=EDGE_CURVE('',#241,#256,#260,.T.);
#262=ORIENTED_EDGE('',*,*,#261,.T.);
#263=CARTESIAN_POINT('',(26.405808838,17.157750228,8.4510479));
#264=VERTEX_POINT('',#263);
#265=CARTESIAN_POINT('',(26.405808838,17.157750228,8.4510479));
#266=CARTESIAN_POINT('',(26.405808838,17.123006125,8.591294252));
#267=CARTESIAN_POINT('',(26.389602175,17.095727909,8.730325172));
#268=CARTESIAN_POINT('',(26.356773089,17.075181902,8.867941257));
#269=B_SPLINE_CURVE_WITH_KNOTS('',3,(#265,#266,#267,#268),.UNSPECIFIED.,.F.,.F.,(4,4),(0.,0.000427416),.UNSPECIFIED.);
#270=EDGE_CURVE('',#264,#256,#269,.T.);
#271=ORIENTED_EDGE('',*,*,#270,.F.);
#272=CARTESIAN_POINT('',(26.405808838,17.185816757,8.343476641));
#273=VERTEX_POINT('',#272);
#274=CARTESIAN_POINT('',(26.405808838,21.518121484,9.531269847));
#275=DIRECTION('',(-1.,-0.,-0.));
#276=DIRECTION('',(0.,0.,-1.));
#277=AXIS2_PLACEMENT_3D('',#274,#275,#276);
#278=CIRCLE('',#277,4.492183984);
#279=EDGE_CURVE('',#273,#264,#278,.T.);
#280=ORIENTED_EDGE('',*,*,#279,.F.);
#281=CARTESIAN_POINT('',(26.423860062,17.18584173,8.343385557));
#282=VERTEX_POINT('',#281);
#283=CARTESIAN_POINT('',(26.405808838,17.185841629,8.343385927));
#284=DIRECTION('',(1.,0.,-0.));
#285=VECTOR('',#284,0.018051224);
#286=LINE('',#283,#285);
#287=EDGE_CURVE('',#273,#282,#286,.T.);
#288=ORIENTED_EDGE('',*,*,#287,.T.);
#289=CARTESIAN_POINT('',(33.14583445,17.18584173,8.343385557));
#290=DIRECTION('',(-1.,-0.,0.));
#291=VECTOR('',#290,6.721974388);
#292=LINE('',#289,#291);
#293=EDGE_CURVE('',#239,#282,#292,.T.);
#294=ORIENTED_EDGE('',*,*,#293,.F.);
#295=EDGE_LOOP('',(#254,#262,#271,#280,#288,#294));
#296=FACE_BOUND('',#295,.T.);
#297=ADVANCED_FACE('',(#296),#237,.T.);
#298=CARTESIAN_POINT('',(35.370222901,9.400677212,10.545774789));
#299=DIRECTION('',(0.,1.,0.));
#300=DIRECTION('',(0.,0.,1.));
#301=AXIS2_PLACEMENT_3D('',#298,#299,#300);
#302=PLANE('',#301);
#303=CARTESIAN_POINT('',(32.542488526,9.400677212,11.718159224));
#304=VERTEX_POINT('',#303);
#305=CARTESIAN_POINT('',(34.130212413,9.400677212,11.718159224));
#306=VERTEX_POINT('',#305);
#307=CARTESIAN_POINT('',(32.542488526,9.400677212,11.718159224));
#308=DIRECTION('',(1.,0.,-0.));
#309=VECTOR('',#308,1.587723888);
#310=LINE('',#307,#309);
#311=EDGE_CURVE('',#304,#306,#310,.T.);
#312=ORIENTED_EDGE('',*,*,#311,.F.);
#313=CARTESIAN_POINT('',(32.542488526,9.400677212,8.596355445));
#314=VERTEX_POINT('',#313);
#315=CARTESIAN_POINT('',(32.542488526,9.400677212,11.718159224));
#316=DIRECTION('',(0.,0.,-1.));
#317=VECTOR('',#316,3.121803779);
#318=LINE('',#315,#317);
#319=EDGE_CURVE('',#304,#314,#318,.T.);
#320=ORIENTED_EDGE('',*,*,#319,.T.);
#321=CARTESIAN_POINT('',(34.278816651,9.400677212,8.596355445));
#322=VERTEX_POINT('',#321);
#323=CARTESIAN_POINT('',(32.542488526,9.400677212,8.596355445));
#324=DIRECTION('',(1.,0.,-0.));
#325=VECTOR('',#324,1.736328125);
#326=LINE('',#323,#325);
#327=EDGE_CURVE('',#314,#322,#326,.T.);
#328=ORIENTED_EDGE('',*,*,#327,.T.);
#329=CARTESIAN_POINT('',(34.278816651,9.400677212,10.26000015));
#330=VERTEX_POINT('',#329);
#331=CARTESIAN_POINT('',(34.278816651,9.400677212,8.596355445));
#332=DIRECTION('',(0.,0.,1.));
#333=VECTOR('',#332,1.663644706);
#334=LINE('',#331,#333);
#335=EDGE_CURVE('',#322,#330,#334,.T.);
#336=ORIENTED_EDGE('',*,*,#335,.T.);
#337=CARTESIAN_POINT('',(35.565937669,9.400677212,10.26000015));
#338=VERTEX_POINT('',#337);
#339=CARTESIAN_POINT('',(35.565937669,9.400677212,10.26000015));
#340=DIRECTION('',(-1.,0.,0.));
#341=VECTOR('',#340,1.287121019);
#342=LINE('',#339,#341);
#343=EDGE_CURVE('',#338,#330,#342,.T.);
#344=ORIENTED_EDGE('',*,*,#343,.F.);
#345=CARTESIAN_POINT('',(35.565937669,9.400677212,10.26000015));
#346=DIRECTION('',(-0.701604104,0.,0.712566966));
#347=VECTOR('',#346,2.046346719);
#348=LINE('',#345,#347);
#349=EDGE_CURVE('',#338,#306,#348,.T.);
#350=ORIENTED_EDGE('',*,*,#349,.T.);
#351=EDGE_LOOP('',(#312,#320,#328,#336,#344,#350));
#352=FACE_BOUND('',#351,.T.);
#353=ADVANCED_FACE('',(#352),#302,.F.);
#354=CARTESIAN_POINT('',(33.040740083,1.749667025,12.831656649));
#355=DIRECTION('',(0.712566819,0.000642055,0.701603959));
#356=DIRECTION('',(0.,-0.999999581,0.000915124));
#357=AXIS2_PLACEMENT_3D('',#354,#355,#356);
#358=PLANE('',#357);
#359=CARTESIAN_POINT('',(33.954936754,9.405937429,11.896168827));
#360=VERTEX_POINT('',#359);
#361=CARTESIAN_POINT('',(34.130210043,9.4059375,11.718159224));
#362=VERTEX_POINT('',#361);
#363=CARTESIAN_POINT('',(33.954936753,9.4059375,11.896168826));
#364=DIRECTION('',(0.701604104,0.,-0.712566966));
#365=VECTOR('',#364,0.249816222);
#366=LINE('',#363,#365);
#367=EDGE_CURVE('',#360,#362,#366,.T.);
#368=ORIENTED_EDGE('',*,*,#367,.T.);
#369=CARTESIAN_POINT('',(34.130207674,9.405937498,11.718159224));
#370=DIRECTION('',(0.000901045,-0.999999594,0.));
#371=VECTOR('',#370,0.005260288);
#372=LINE('',#369,#371);
#373=EDGE_CURVE('',#362,#306,#372,.T.);
#374=ORIENTED_EDGE('',*,*,#373,.T.);
#375=ORIENTED_EDGE('',*,*,#349,.F.);
#376=CARTESIAN_POINT('',(35.571649999,9.400677212,10.254198563));
#377=VERTEX_POINT('',#376);
#378=CARTESIAN_POINT('',(35.571649999,9.400677212,10.254198563));
#379=DIRECTION('',(-0.701604104,0.,0.712566966));
#380=VECTOR('',#379,0.008141813);
#381=LINE('',#378,#380);
#382=EDGE_CURVE('',#377,#338,#381,.T.);
#383=ORIENTED_EDGE('',*,*,#382,.F.);
#384=CARTESIAN_POINT('',(35.571649998,16.877109375,10.247356698));
#385=VERTEX_POINT('',#384);
#386=CARTESIAN_POINT('',(35.571649999,9.400677212,10.254198563));
#387=DIRECTION('',(-0.,0.999999581,-0.000915124));
#388=VECTOR('',#387,7.476435293);
#389=LINE('',#386,#388);
#390=EDGE_CURVE('',#377,#385,#389,.T.);
#391=ORIENTED_EDGE('',*,*,#390,.T.);
#392=CARTESIAN_POINT('',(33.954936754,16.877109375,11.889331773));
#393=VERTEX_POINT('',#392);
#394=CARTESIAN_POINT('',(35.571649998,16.877109375,10.247356698));
#395=DIRECTION('',(-0.701604104,0.,0.712566966));
#396=VECTOR('',#395,2.304309844);
#397=LINE('',#394,#396);
#398=EDGE_CURVE('',#385,#393,#397,.T.);
#399=ORIENTED_EDGE('',*,*,#398,.T.);
#400=CARTESIAN_POINT('',(33.954936754,16.877109375,11.889331773));
#401=DIRECTION('',(-0.,-0.999999581,0.000915124));
#402=VECTOR('',#401,7.471175074);
#403=LINE('',#400,#402);
#404=EDGE_CURVE('',#393,#360,#403,.T.);
#405=ORIENTED_EDGE('',*,*,#404,.T.);
#406=EDGE_LOOP('',(#368,#374,#375,#383,#391,#399,#405));
#407=FACE_BOUND('',#406,.T.);
#408=ADVANCED_FACE('',(#407),#358,.T.);
#409=CARTESIAN_POINT('',(29.326808838,16.877109375,1.070807659));
#410=DIRECTION('',(0.,-1.,0.));
#411=DIRECTION('',(-1.,0.,0.));
#412=AXIS2_PLACEMENT_3D('',#409,#410,#411);
#413=PLANE('',#412);
#414=CARTESIAN_POINT('',(32.247808838,16.877109375,11.889331773));
#415=VERTEX_POINT('',#414);
#416=CARTESIAN_POINT('',(33.954936754,16.877109375,11.889331773));
#417=DIRECTION('',(-1.,0.,0.));
#418=VECTOR('',#417,1.707127916);
#419=LINE('',#416,#418);
#420=EDGE_CURVE('',#393,#415,#419,.T.);
#421=ORIENTED_EDGE('',*,*,#420,.F.);
#422=ORIENTED_EDGE('',*,*,#398,.F.);
#423=CARTESIAN_POINT('',(37.327808838,16.877109375,10.247356698));
#424=VERTEX_POINT('',#423);
#425=CARTESIAN_POINT('',(35.571649998,16.877109375,10.247356698));
#426=DIRECTION('',(1.,0.,-0.));
#427=VECTOR('',#426,1.756158841);
#428=LINE('',#425,#427);
#429=EDGE_CURVE('',#385,#424,#428,.T.);
#430=ORIENTED_EDGE('',*,*,#429,.T.);
#431=CARTESIAN_POINT('',(37.327808838,16.877109375,10.244896086));
#432=VERTEX_POINT('',#431);
#433=CARTESIAN_POINT('',(37.327808838,16.877109375,10.247356698));
#434=DIRECTION('',(0.,0.,-1.));
#435=VECTOR('',#434,0.002460612);
#436=LINE('',#433,#435);
#437=EDGE_CURVE('',#424,#432,#436,.T.);
#438=ORIENTED_EDGE('',*,*,#437,.T.);
#439=CARTESIAN_POINT('',(34.932668213,16.877109375,10.244896086));
#440=VERTEX_POINT('',#439);
#441=CARTESIAN_POINT('',(37.327808838,16.877109375,10.244896086));
#442=DIRECTION('',(-1.,0.,0.));
#443=VECTOR('',#442,2.395140625);
#444=LINE('',#441,#443);
#445=EDGE_CURVE('',#432,#440,#444,.T.);
#446=ORIENTED_EDGE('',*,*,#445,.T.);
#447=CARTESIAN_POINT('',(34.932668213,16.877109375,9.531269846));
#448=VERTEX_POINT('',#447);
#449=CARTESIAN_POINT('',(34.932668213,16.877109375,10.244896086));
#450=DIRECTION('',(0.,0.,-1.));
#451=VECTOR('',#450,0.71362624);
#452=LINE('',#449,#451);
#453=EDGE_CURVE('',#440,#448,#452,.T.);
#454=ORIENTED_EDGE('',*,*,#453,.T.);
#455=CARTESIAN_POINT('',(32.247808838,16.877109375,9.531269846));
#456=VERTEX_POINT('',#455);
#457=CARTESIAN_POINT('',(34.932668213,16.877109375,9.531269846));
#458=DIRECTION('',(-1.,0.,0.));
#459=VECTOR('',#458,2.684859375);
#460=LINE('',#457,#459);
#461=EDGE_CURVE('',#448,#456,#460,.T.);
#462=ORIENTED_EDGE('',*,*,#461,.T.);
#463=CARTESIAN_POINT('',(32.247808838,16.877109375,11.546986674));
#464=VERTEX_POINT('',#463);
#465=CARTESIAN_POINT('',(32.247808838,16.877109375,9.531269846));
#466=DIRECTION('',(0.,0.,1.));
#467=VECTOR('',#466,2.015716828);
#468=LINE('',#465,#467);
#469=EDGE_CURVE('',#456,#464,#468,.T.);
#470=ORIENTED_EDGE('',*,*,#469,.T.);
#471=CARTESIAN_POINT('',(32.247808838,16.877109375,11.546986674));
#472=DIRECTION('',(0.,0.,1.));
#473=VECTOR('',#472,0.342345099);
#474=LINE('',#471,#473);
#475=EDGE_CURVE('',#464,#415,#474,.T.);
#476=ORIENTED_EDGE('',*,*,#475,.T.);
#477=EDGE_LOOP('',(#421,#422,#430,#438,#446,#454,#462,#470,#476));
#478=FACE_BOUND('',#477,.T.);
#479=ADVANCED_FACE('',(#478),#413,.F.);
#480=CARTESIAN_POINT('',(32.547748813,9.400677212,52.466120159));
#481=DIRECTION('',(0.,0.,-1.));
#482=DIRECTION('',(-1.,0.,0.));
#483=AXIS2_PLACEMENT_3D('',#480,#481,#482);
#484=CYLINDRICAL_SURFACE('',#483,0.005260288);
#485=ORIENTED_EDGE('',*,*,#319,.F.);
#486=CARTESIAN_POINT('',(32.547748813,9.4059375,11.718159224));
#487=VERTEX_POINT('',#486);
#488=CARTESIAN_POINT('',(32.547748813,9.400677212,11.718159224));
#489=DIRECTION('',(-0.,-0.,-1.));
#490=DIRECTION('',(1.,0.,-0.));
#491=AXIS2_PLACEMENT_3D('',#488,#489,#490);
#492=CIRCLE('',#491,0.005260288);
#493=EDGE_CURVE('',#304,#487,#492,.T.);
#494=ORIENTED_EDGE('',*,*,#493,.T.);
#495=CARTESIAN_POINT('',(32.547748813,9.4059375,8.74787542));
#496=VERTEX_POINT('',#495);
#497=CARTESIAN_POINT('',(32.547748813,9.4059375,11.718159224));
#498=DIRECTION('',(-0.,-0.,-1.));
#499=VECTOR('',#498,2.970283804);
#500=LINE('',#497,#499);
#501=EDGE_CURVE('',#487,#496,#500,.T.);
#502=ORIENTED_EDGE('',*,*,#501,.T.);
#503=CARTESIAN_POINT('',(32.542661109,9.402013583,8.577648935));
#504=VERTEX_POINT('',#503);
#505=CARTESIAN_POINT('',(32.542661109,9.402013583,8.577648935));
#506=CARTESIAN_POINT('',(32.543348428,9.404630282,8.634377284));
#507=CARTESIAN_POINT('',(32.545609382,9.4059375,8.691124175));
#508=CARTESIAN_POINT('',(32.547748813,9.4059375,8.74787542));
#509=B_SPLINE_CURVE_WITH_KNOTS('',3,(#505,#506,#507,#508),.UNSPECIFIED.,.F.,.F.,(4,4),(0.,0.000170378),.UNSPECIFIED.);
#510=EDGE_CURVE('',#504,#496,#509,.T.);
#511=ORIENTED_EDGE('',*,*,#510,.F.);
#512=CARTESIAN_POINT('',(32.542661109,9.402013583,8.577648935));
#513=CARTESIAN_POINT('',(32.54255266,9.401600707,8.583886156));
#514=CARTESIAN_POINT('',(32.542488526,9.401155237,8.59012192));
#515=CARTESIAN_POINT('',(32.542488526,9.400677212,8.596355445));
#516=B_SPLINE_CURVE_WITH_KNOTS('',3,(#512,#513,#514,#515),.UNSPECIFIED.,.F.,.F.,(4,4),(0.,0.000018755),.UNSPECIFIED.);
#517=EDGE_CURVE('',#504,#314,#516,.T.);
#518=ORIENTED_EDGE('',*,*,#517,.T.);
#519=EDGE_LOOP('',(#485,#494,#502,#511,#518));
#520=FACE_BOUND('',#519,.T.);
#521=ADVANCED_FACE('',(#520),#484,.T.);
#522=CARTESIAN_POINT('',(33.797605713,19.5659375,14.065355959));
#523=DIRECTION('',(0.,1.,0.));
#524=DIRECTION('',(1.,0.,0.));
#525=AXIS2_PLACEMENT_3D('',#522,#523,#524);
#526=PLANE('',#525);
#527=CARTESIAN_POINT('',(35.295188721,19.5659375,10.244896086));
#528=VERTEX_POINT('',#527);
#529=CARTESIAN_POINT('',(34.277824463,19.5659375,10.244896086));
#530=VERTEX_POINT('',#529);
#531=CARTESIAN_POINT('',(35.295188721,19.5659375,10.244896086));
#532=DIRECTION('',(-1.,0.,0.));
#533=VECTOR('',#532,1.017364258);
#534=LINE('',#531,#533);
#535=EDGE_CURVE('',#528,#530,#534,.T.);
#536=ORIENTED_EDGE('',*,*,#535,.F.);
#537=CARTESIAN_POINT('',(35.295188721,19.5659375,13.54279136));
#538=VERTEX_POINT('',#537);
#539=CARTESIAN_POINT('',(35.295188721,19.5659375,13.54279136));
#540=DIRECTION('',(0.,0.,-1.));
#541=VECTOR('',#540,3.297895274);
#542=LINE('',#539,#541);
#543=EDGE_CURVE('',#538,#528,#542,.T.);
#544=ORIENTED_EDGE('',*,*,#543,.F.);
#545=CARTESIAN_POINT('',(34.282785401,19.5659375,13.54279136));
#546=VERTEX_POINT('',#545);
#547=CARTESIAN_POINT('',(35.295188721,19.5659375,13.54279136));
#548=DIRECTION('',(-1.,-0.,0.));
#549=VECTOR('',#548,1.01240332);
#550=LINE('',#547,#549);
#551=EDGE_CURVE('',#538,#546,#550,.T.);
#552=ORIENTED_EDGE('',*,*,#551,.T.);
#553=CARTESIAN_POINT('',(34.282785401,19.5659375,11.544662258));
#554=VERTEX_POINT('',#553);
#555=CARTESIAN_POINT('',(34.282785401,19.5659375,11.544662258));
#556=DIRECTION('',(0.,0.,1.));
#557=VECTOR('',#556,1.998129101);
#558=LINE('',#555,#557);
#559=EDGE_CURVE('',#554,#546,#558,.T.);
#560=ORIENTED_EDGE('',*,*,#559,.F.);
#561=CARTESIAN_POINT('',(34.277824463,19.5659375,11.544662258));
#562=VERTEX_POINT('',#561);
#563=CARTESIAN_POINT('',(34.282785401,19.5659375,11.544662258));
#564=DIRECTION('',(-1.,0.,0.));
#565=VECTOR('',#564,0.004960937);
#566=LINE('',#563,#565);
#567=EDGE_CURVE('',#554,#562,#566,.T.);
#568=ORIENTED_EDGE('',*,*,#567,.T.);
#569=CARTESIAN_POINT('',(34.277824463,19.5659375,11.544662258));
#570=DIRECTION('',(0.,0.,-1.));
#571=VECTOR('',#570,1.299766172);
#572=LINE('',#569,#571);
#573=EDGE_CURVE('',#562,#530,#572,.T.);
#574=ORIENTED_EDGE('',*,*,#573,.T.);
#575=EDGE_LOOP('',(#536,#544,#552,#560,#568,#574));
#576=FACE_BOUND('',#575,.T.);
#577=ADVANCED_FACE('',(#576),#526,.F.);
#578=CARTESIAN_POINT('',(33.040740083,1.749667025,12.831656649));
#579=DIRECTION('',(0.712566819,0.000642055,0.701603959));
#580=DIRECTION('',(0.,-0.999999581,0.000915124));
#581=AXIS2_PLACEMENT_3D('',#578,#579,#580);
#582=PLANE('',#581);
#583=CARTESIAN_POINT('',(35.571649996,24.60686059,10.240283014));
#584=VERTEX_POINT('',#583);
#585=CARTESIAN_POINT('',(35.567111982,24.602326796,10.244896086));
#586=VERTEX_POINT('',#585);
#587=CARTESIAN_POINT('',(35.571649996,24.60686059,10.240283014));
#588=DIRECTION('',(-0.574343398,-0.57380935,0.583842865));
#589=VECTOR('',#588,0.007901221);
#590=LINE('',#587,#589);
#591=EDGE_CURVE('',#584,#586,#590,.T.);
#592=ORIENTED_EDGE('',*,*,#591,.T.);
#593=CARTESIAN_POINT('',(35.571649998,19.5659375,10.244896086));
#594=VERTEX_POINT('',#593);
#595=CARTESIAN_POINT('',(35.567111982,24.602326796,10.244896086));
#596=DIRECTION('',(0.000901045,-0.999999594,0.));
#597=VECTOR('',#596,5.03639134);
#598=LINE('',#595,#597);
#599=EDGE_CURVE('',#586,#594,#598,.T.);
#600=ORIENTED_EDGE('',*,*,#599,.T.);
#601=CARTESIAN_POINT('',(35.571649997,19.5659375,10.244896086));
#602=DIRECTION('',(-0.,0.999999581,-0.000915124));
#603=VECTOR('',#602,5.040925201);
#604=LINE('',#601,#603);
#605=EDGE_CURVE('',#594,#584,#604,.T.);
#606=ORIENTED_EDGE('',*,*,#605,.T.);
#607=EDGE_LOOP('',(#592,#600,#606));
#608=FACE_BOUND('',#607,.T.);
#609=ADVANCED_FACE('',(#608),#582,.T.);
#610=CARTESIAN_POINT('',(27.447605713,22.108262979,12.782570603));
#611=DIRECTION('',(0.,0.713208576,0.700951872));
#612=DIRECTION('',(1.,0.,0.));
#613=AXIS2_PLACEMENT_3D('',#610,#611,#612);
#614=PLANE('',#613);
#615=CARTESIAN_POINT('',(35.295188721,24.602326796,10.244896086));
#616=VERTEX_POINT('',#615);
#617=CARTESIAN_POINT('',(35.295188721,24.228797659,10.624956679));
#618=VERTEX_POINT('',#617);
#619=CARTESIAN_POINT('',(35.295188721,24.602326796,10.244896086));
#620=DIRECTION('',(0.,-0.700951872,0.713208576));
#621=VECTOR('',#620,0.532888422);
#622=LINE('',#619,#621);
#623=EDGE_CURVE('',#616,#618,#622,.T.);
#624=ORIENTED_EDGE('',*,*,#623,.F.);
#625=CARTESIAN_POINT('',(35.295188721,24.602326796,10.244896086));
#626=DIRECTION('',(1.,0.,-0.));
#627=VECTOR('',#626,0.271923261);
#628=LINE('',#625,#627);
#629=EDGE_CURVE('',#616,#586,#628,.T.);
#630=ORIENTED_EDGE('',*,*,#629,.T.);
#631=ORIENTED_EDGE('',*,*,#591,.F.);
#632=CARTESIAN_POINT('',(35.549808838,24.606860591,10.240283013));
#633=VERTEX_POINT('',#632);
#634=CARTESIAN_POINT('',(35.571649996,24.60686059,10.240283014));
#635=DIRECTION('',(-1.,0.,0.));
#636=VECTOR('',#635,0.021841158);
#637=LINE('',#634,#636);
#638=EDGE_CURVE('',#584,#633,#637,.T.);
#639=ORIENTED_EDGE('',*,*,#638,.T.);
#640=CARTESIAN_POINT('',(35.54980884,24.645901182,10.200559766));
#641=VERTEX_POINT('',#640);
#642=CARTESIAN_POINT('',(35.549808838,24.645901182,10.200559766));
#643=DIRECTION('',(0.,-0.700951872,0.713208576));
#644=VECTOR('',#643,0.055696535);
#645=LINE('',#642,#644);
#646=EDGE_CURVE('',#641,#633,#645,.T.);
#647=ORIENTED_EDGE('',*,*,#646,.F.);
#648=CARTESIAN_POINT('',(24.985239279,24.645901182,10.200559767));
#649=VERTEX_POINT('',#648);
#650=CARTESIAN_POINT('',(24.985239279,24.645901182,10.200559768));
#651=DIRECTION('',(1.,0.,-0.));
#652=VECTOR('',#651,10.564569561);
#653=LINE('',#650,#652);
#654=EDGE_CURVE('',#649,#641,#653,.T.);
#655=ORIENTED_EDGE('',*,*,#654,.F.);
#656=CARTESIAN_POINT('',(24.627899189,24.645901182,10.200559766));
#657=VERTEX_POINT('',#656);
#658=CARTESIAN_POINT('',(24.627899189,24.645901182,10.200559768));
#659=DIRECTION('',(1.,0.,-0.));
#660=VECTOR('',#659,0.35734009);
#661=LINE('',#658,#660);
#662=EDGE_CURVE('',#657,#649,#661,.T.);
#663=ORIENTED_EDGE('',*,*,#662,.F.);
#664=CARTESIAN_POINT('',(24.627808838,24.627886276,10.218889677));
#665=VERTEX_POINT('',#664);
#666=CARTESIAN_POINT('',(26.423860063,24.627886276,10.218889677));
#667=DIRECTION('',(0.,0.713208576,0.700951872));
#668=DIRECTION('',(0.,-0.700951872,0.713208576));
#669=AXIS2_PLACEMENT_3D('',#666,#667,#668);
#670=ELLIPSE('',#669,2.562303199,1.796051224);
#671=EDGE_CURVE('',#657,#665,#670,.T.);
#672=ORIENTED_EDGE('',*,*,#671,.T.);
#673=CARTESIAN_POINT('',(24.627808838,24.606949829,10.240192215));
#674=VERTEX_POINT('',#673);
#675=CARTESIAN_POINT('',(24.627808838,24.627886276,10.218889677));
#676=DIRECTION('',(0.,-0.700951872,0.713208576));
#677=VECTOR('',#676,0.029868594);
#678=LINE('',#675,#677);
#679=EDGE_CURVE('',#665,#674,#678,.T.);
#680=ORIENTED_EDGE('',*,*,#679,.T.);
#681=CARTESIAN_POINT('',(24.62607251,24.606933484,10.240208846));
#682=VERTEX_POINT('',#681);
#683=CARTESIAN_POINT('',(24.609757614,26.373635906,8.442614219));
#684=DIRECTION('',(0.,0.713208576,0.700951872));
#685=DIRECTION('',(0.,-0.700951872,0.713208576));
#686=AXIS2_PLACEMENT_3D('',#683,#684,#685);
#687=ELLIPSE('',#686,2.520537267,1.796051224);
#688=EDGE_CURVE('',#682,#674,#687,.T.);
#689=ORIENTED_EDGE('',*,*,#688,.F.);
#690=CARTESIAN_POINT('',(24.62607251,24.60686059,10.240283014));
#691=VERTEX_POINT('',#690);
#692=CARTESIAN_POINT('',(24.62607251,24.60686059,10.240283014));
#693=DIRECTION('',(0.,0.700951872,-0.713208576));
#694=VECTOR('',#693,0.000103993);
#695=LINE('',#692,#694);
#696=EDGE_CURVE('',#691,#682,#695,.T.);
#697=ORIENTED_EDGE('',*,*,#696,.F.);
#698=CARTESIAN_POINT('',(34.277824463,24.606860592,10.240283014));
#699=VERTEX_POINT('',#698);
#700=CARTESIAN_POINT('',(34.277824463,24.606860592,10.240283014));
#701=DIRECTION('',(-1.,-0.,0.));
#702=VECTOR('',#701,9.651751953);
#703=LINE('',#700,#702);
#704=EDGE_CURVE('',#699,#691,#703,.T.);
#705=ORIENTED_EDGE('',*,*,#704,.F.);
#706=CARTESIAN_POINT('',(34.277824463,22.99732798,11.877959589));
#707=VERTEX_POINT('',#706);
#708=CARTESIAN_POINT('',(34.277824463,24.606860591,10.240283013));
#709=DIRECTION('',(0.,-0.700951872,0.713208576));
#710=VECTOR('',#709,2.296209876);
#711=LINE('',#708,#710);
#712=EDGE_CURVE('',#699,#707,#711,.T.);
#713=ORIENTED_EDGE('',*,*,#712,.T.);
#714=CARTESIAN_POINT('',(34.282785401,22.99732798,11.877959589));
#715=VERTEX_POINT('',#714);
#716=CARTESIAN_POINT('',(34.282785401,22.99732798,11.877959589));
#717=DIRECTION('',(-1.,0.,0.));
#718=VECTOR('',#717,0.004960937);
#719=LINE('',#716,#718);
#720=EDGE_CURVE('',#715,#707,#719,.T.);
#721=ORIENTED_EDGE('',*,*,#720,.F.);
#722=CARTESIAN_POINT('',(34.282785401,24.228797659,10.624956679));
#723=VERTEX_POINT('',#722);
#724=CARTESIAN_POINT('',(34.282785401,24.228797659,10.624956678));
#725=DIRECTION('',(0.,-0.700951872,0.713208576));
#726=VECTOR('',#725,1.756853399);
#727=LINE('',#724,#726);
#728=EDGE_CURVE('',#723,#715,#727,.T.);
#729=ORIENTED_EDGE('',*,*,#728,.F.);
#730=CARTESIAN_POINT('',(35.295188721,24.228797659,10.624956679));
#731=DIRECTION('',(-1.,-0.,0.));
#732=VECTOR('',#731,1.01240332);
#733=LINE('',#730,#732);
#734=EDGE_CURVE('',#618,#723,#733,.T.);
#735=ORIENTED_EDGE('',*,*,#734,.F.);
#736=EDGE_LOOP('',(#624,#630,#631,#639,#647,#655,#663,#672,#680,#689,#697,#705,#713,#721,#729,#735));
#737=FACE_BOUND('',#736,.T.);
#738=ADVANCED_FACE('',(#737),#614,.T.);
#739=CARTESIAN_POINT('',(34.277824463,1.7859375,52.466120159));
#740=DIRECTION('',(-1.,0.,0.));
#741=DIRECTION('',(0.,0.,1.));
#742=AXIS2_PLACEMENT_3D('',#739,#740,#741);
#743=PLANE('',#742);
#744=ORIENTED_EDGE('',*,*,#573,.F.);
#745=CARTESIAN_POINT('',(34.277824463,21.831450591,11.542589032));
#746=VERTEX_POINT('',#745);
#747=CARTESIAN_POINT('',(34.277824463,21.831450591,11.542589032));
#748=DIRECTION('',(0.,-0.999999581,0.000915124));
#749=VECTOR('',#748,2.265514039);
#750=LINE('',#747,#749);
#751=EDGE_CURVE('',#746,#562,#750,.T.);
#752=ORIENTED_EDGE('',*,*,#751,.F.);
#753=CARTESIAN_POINT('',(34.277824463,22.1059375,12.782571668));
#754=DIRECTION('',(-1.,0.,0.));
#755=DIRECTION('',(0.,0.,1.));
#756=AXIS2_PLACEMENT_3D('',#753,#754,#755);
#757=CIRCLE('',#756,1.27);
#758=EDGE_CURVE('',#707,#746,#757,.T.);
#759=ORIENTED_EDGE('',*,*,#758,.F.);
#760=ORIENTED_EDGE('',*,*,#712,.F.);
#761=CARTESIAN_POINT('',(34.277824463,19.5659375,10.244896086));
#762=DIRECTION('',(0.,0.999999581,-0.000915124));
#763=VECTOR('',#762,5.040925203);
#764=LINE('',#761,#763);
#765=EDGE_CURVE('',#530,#699,#764,.T.);
#766=ORIENTED_EDGE('',*,*,#765,.F.);
#767=EDGE_LOOP('',(#744,#752,#759,#760,#766));
#768=FACE_BOUND('',#767,.T.);
#769=ADVANCED_FACE('',(#768),#743,.T.);
#770=CARTESIAN_POINT('',(27.447605713,1.748504187,11.560967426));
#771=DIRECTION('',(0.,0.000915124,0.999999581));
#772=DIRECTION('',(0.,-0.999999581,0.000915124));
#773=AXIS2_PLACEMENT_3D('',#770,#771,#772);
#774=PLANE('',#773);
#775=CARTESIAN_POINT('',(35.295188721,21.831450591,11.542589032));
#776=VERTEX_POINT('',#775);
#777=CARTESIAN_POINT('',(35.295188721,20.416930547,11.543883494));
#778=VERTEX_POINT('',#777);
#779=CARTESIAN_POINT('',(35.295188721,21.831450591,11.542589032));
#780=DIRECTION('',(0.,-0.999999581,0.000915124));
#781=VECTOR('',#780,1.414520637);
#782=LINE('',#779,#781);
#783=EDGE_CURVE('',#776,#778,#782,.T.);
#784=ORIENTED_EDGE('',*,*,#783,.F.);
#785=CARTESIAN_POINT('',(34.277824463,21.831450591,11.542589032));
#786=DIRECTION('',(1.,-0.,-0.));
#787=VECTOR('',#786,1.017364258);
#788=LINE('',#785,#787);
#789=EDGE_CURVE('',#746,#776,#788,.T.);
#790=ORIENTED_EDGE('',*,*,#789,.F.);
#791=ORIENTED_EDGE('',*,*,#751,.T.);
#792=ORIENTED_EDGE('',*,*,#567,.F.);
#793=CARTESIAN_POINT('',(34.282785401,20.416930547,11.543883494));
#794=VERTEX_POINT('',#793);
#795=CARTESIAN_POINT('',(34.282785401,20.416930547,11.543883494));
#796=DIRECTION('',(0.,-0.999999581,0.000915124));
#797=VECTOR('',#796,0.850993403);
#798=LINE('',#795,#797);
#799=EDGE_CURVE('',#794,#554,#798,.T.);
#800=ORIENTED_EDGE('',*,*,#799,.F.);
#801=CARTESIAN_POINT('',(35.295188721,20.416930547,11.543883494));
#802=DIRECTION('',(-1.,0.,0.));
#803=VECTOR('',#802,1.01240332);
#804=LINE('',#801,#803);
#805=EDGE_CURVE('',#778,#794,#804,.T.);
#806=ORIENTED_EDGE('',*,*,#805,.F.);
#807=EDGE_LOOP('',(#784,#790,#791,#792,#800,#806));
#808=FACE_BOUND('',#807,.T.);
#809=ADVANCED_FACE('',(#808),#774,.T.);
#810=CARTESIAN_POINT('',(35.295188721,1.7859375,52.466120159));
#811=DIRECTION('',(-1.,0.,0.));
#812=DIRECTION('',(0.,0.,1.));
#813=AXIS2_PLACEMENT_3D('',#810,#811,#812);
#814=PLANE('',#813);
#815=CARTESIAN_POINT('',(35.295188721,23.345152119,12.504637992));
#816=VERTEX_POINT('',#815);
#817=CARTESIAN_POINT('',(35.295188721,22.1059375,12.782571668));
#818=DIRECTION('',(-1.,0.,0.));
#819=DIRECTION('',(0.,0.,1.));
#820=AXIS2_PLACEMENT_3D('',#817,#818,#819);
#821=CIRCLE('',#820,1.27);
#822=EDGE_CURVE('',#816,#776,#821,.T.);
#823=ORIENTED_EDGE('',*,*,#822,.T.);
#824=ORIENTED_EDGE('',*,*,#783,.T.);
#825=CARTESIAN_POINT('',(35.295188721,21.825666902,11.543883494));
#826=VERTEX_POINT('',#825);
#827=CARTESIAN_POINT('',(35.295188721,20.416930547,11.543883494));
#828=DIRECTION('',(0.,1.,0.));
#829=VECTOR('',#828,1.408736356);
#830=LINE('',#827,#829);
#831=EDGE_CURVE('',#778,#826,#830,.T.);
#832=ORIENTED_EDGE('',*,*,#831,.T.);
#833=CARTESIAN_POINT('',(35.295188721,22.1059375,14.052571668));
#834=VERTEX_POINT('',#833);
#835=CARTESIAN_POINT('',(35.295188721,22.1059375,12.782571668));
#836=DIRECTION('',(-1.,0.,0.));
#837=DIRECTION('',(0.,0.,1.));
#838=AXIS2_PLACEMENT_3D('',#835,#836,#837);
#839=CIRCLE('',#838,1.27);
#840=EDGE_CURVE('',#826,#834,#839,.T.);
#841=ORIENTED_EDGE('',*,*,#840,.T.);
#842=CARTESIAN_POINT('',(35.295188721,23.349266626,13.041478376));
#843=VERTEX_POINT('',#842);
#844=CARTESIAN_POINT('',(35.295188721,22.1059375,12.782571668));
#845=DIRECTION('',(-1.,0.,0.));
#846=DIRECTION('',(0.,0.,1.));
#847=AXIS2_PLACEMENT_3D('',#844,#845,#846);
#848=CIRCLE('',#847,1.27);
#849=EDGE_CURVE('',#834,#843,#848,.T.);
#850=ORIENTED_EDGE('',*,*,#849,.T.);
#851=CARTESIAN_POINT('',(35.295188721,22.1059375,12.782571668));
#852=DIRECTION('',(1.,-0.,-0.));
#853=DIRECTION('',(0.,0.,1.));
#854=AXIS2_PLACEMENT_3D('',#851,#852,#853);
#855=CIRCLE('',#854,1.27);
#856=EDGE_CURVE('',#816,#843,#855,.T.);
#857=ORIENTED_EDGE('',*,*,#856,.F.);
#858=EDGE_LOOP('',(#823,#824,#832,#841,#850,#857));
#859=FACE_BOUND('',#858,.T.);
#860=CARTESIAN_POINT('',(35.295188721,24.251108179,13.535921958));
#861=VERTEX_POINT('',#860);
#862=CARTESIAN_POINT('',(35.295188721,24.228797659,10.624956679));
#863=DIRECTION('',(0.,0.007664078,0.999970631));
#864=VECTOR('',#863,2.911050775);
#865=LINE('',#862,#864);
#866=EDGE_CURVE('',#618,#861,#865,.T.);
#867=ORIENTED_EDGE('',*,*,#866,.T.);
#868=CARTESIAN_POINT('',(35.295188721,22.461952731,15.338842584));
#869=VERTEX_POINT('',#868);
#870=CARTESIAN_POINT('',(35.295188721,22.461952731,13.549634588));
#871=DIRECTION('',(1.,-0.,-0.));
#872=DIRECTION('',(0.,0.,1.));
#873=AXIS2_PLACEMENT_3D('',#870,#871,#872);
#874=CIRCLE('',#873,1.789207996);
#875=EDGE_CURVE('',#861,#869,#874,.T.);
#876=ORIENTED_EDGE('',*,*,#875,.T.);
#877=CARTESIAN_POINT('',(35.295188721,21.361988724,15.338842584));
#878=VERTEX_POINT('',#877);
#879=CARTESIAN_POINT('',(35.295188721,22.461952731,15.338842584));
#880=DIRECTION('',(0.,-1.,0.));
#881=VECTOR('',#880,1.099964007);
#882=LINE('',#879,#881);
#883=EDGE_CURVE('',#869,#878,#882,.T.);
#884=ORIENTED_EDGE('',*,*,#883,.T.);
#885=CARTESIAN_POINT('',(35.295188721,21.361988724,13.54279136));
#886=DIRECTION('',(1.,-0.,-0.));
#887=DIRECTION('',(0.,0.,1.));
#888=AXIS2_PLACEMENT_3D('',#885,#886,#887);
#889=CIRCLE('',#888,1.796051224);
#890=EDGE_CURVE('',#878,#538,#889,.T.);
#891=ORIENTED_EDGE('',*,*,#890,.T.);
#892=ORIENTED_EDGE('',*,*,#543,.T.);
#893=CARTESIAN_POINT('',(35.295188721,24.602326796,10.244896086));
#894=DIRECTION('',(0.,-1.,0.));
#895=VECTOR('',#894,5.036389296);
#896=LINE('',#893,#895);
#897=EDGE_CURVE('',#616,#528,#896,.T.);
#898=ORIENTED_EDGE('',*,*,#897,.F.);
#899=ORIENTED_EDGE('',*,*,#623,.T.);
#900=EDGE_LOOP('',(#867,#876,#884,#891,#892,#898,#899));
#901=FACE_BOUND('',#900,.T.);
#902=ADVANCED_FACE('',(#859,#901),#814,.F.);
#903=CARTESIAN_POINT('',(33.797605713,20.200954517,11.543883494));
#904=DIRECTION('',(0.,0.,1.));
#905=DIRECTION('',(1.,0.,0.));
#906=AXIS2_PLACEMENT_3D('',#903,#904,#905);
#907=PLANE('',#906);
#908=ORIENTED_EDGE('',*,*,#831,.F.);
#909=ORIENTED_EDGE('',*,*,#805,.T.);
#910=CARTESIAN_POINT('',(34.282785401,21.825666902,11.543883494));
#911=VERTEX_POINT('',#910);
#912=CARTESIAN_POINT('',(34.282785401,20.416930547,11.543883494));
#913=DIRECTION('',(0.,1.,0.));
#914=VECTOR('',#913,1.408736356);
#915=LINE('',#912,#914);
#916=EDGE_CURVE('',#794,#911,#915,.T.);
#917=ORIENTED_EDGE('',*,*,#916,.T.);
#918=CARTESIAN_POINT('',(35.295188721,21.825666902,11.543883494));
#919=DIRECTION('',(-1.,0.,0.));
#920=VECTOR('',#919,1.01240332);
#921=LINE('',#918,#920);
#922=EDGE_CURVE('',#826,#911,#921,.T.);
#923=ORIENTED_EDGE('',*,*,#922,.F.);
#924=EDGE_LOOP('',(#908,#909,#917,#923));
#925=FACE_BOUND('',#924,.T.);
#926=ADVANCED_FACE('',(#925),#907,.F.);
#927=CARTESIAN_POINT('',(24.609757614,13.21429389,8.454656654));
#928=DIRECTION('',(0.,-0.999999581,0.000915124));
#929=DIRECTION('',(0.,-0.000915124,-0.999999581));
#930=AXIS2_PLACEMENT_3D('',#927,#928,#929);
#931=CYLINDRICAL_SURFACE('',#930,1.796051224);
#932=ORIENTED_EDGE('',*,*,#270,.T.);
#933=CARTESIAN_POINT('',(24.627808838,18.804763329,10.24550194));
#934=VERTEX_POINT('',#933);
#935=CARTESIAN_POINT('',(26.356773089,17.075181902,8.867941257));
#936=CARTESIAN_POINT('',(26.328497695,17.103520506,8.986426562));
#937=CARTESIAN_POINT('',(26.288977655,17.143102773,9.098499122));
#938=CARTESIAN_POINT('',(26.240979922,17.191158833,9.202625108));
#939=CARTESIAN_POINT('',(26.192982189,17.239214893,9.306751094));
#940=CARTESIAN_POINT('',(26.135913053,17.296339011,9.403873256));
#941=CARTESIAN_POINT('',(26.073893804,17.358407105,9.491107575));
#942=CARTESIAN_POINT('',(26.011874555,17.420475199,9.578341894));
#943=CARTESIAN_POINT('',(25.944341261,17.488051962,9.656979376));
#944=CARTESIAN_POINT('',(25.872105659,17.560325713,9.728286155));
#945=CARTESIAN_POINT('',(25.799870056,17.632599464,9.799592935));
#946=CARTESIAN_POINT('',(25.723668068,17.708833793,9.862680468));
#947=CARTESIAN_POINT('',(25.645636749,17.786891451,9.917699551));
#948=CARTESIAN_POINT('',(25.48957411,17.943006767,10.027737716));
#949=CARTESIAN_POINT('',(25.323622457,18.108988492,10.10811004));
#950=CARTESIAN_POINT('',(25.151636309,18.280982145,10.162378008));
#951=CARTESIAN_POINT('',(24.97965016,18.452975798,10.216645976));
#952=CARTESIAN_POINT('',(24.80409533,18.62851117,10.243888447));
#953=CARTESIAN_POINT('',(24.627808839,18.804763329,10.245501941));
#954=B_SPLINE_CURVE_WITH_KNOTS('',3,(#935,#936,#937,#938,#939,#940,#941,#942,#943,#944,#945,#946,#947,#948,#949,#950,#951,#952,#953),.UNSPECIFIED.,.F.,.F.,(4,3,3,3,3,3,4),(0.000436739,0.000807652,0.001178566,0.001549479,0.001920392,0.002662219,0.003404046),.UNSPECIFIED.);
#955=EDGE_CURVE('',#256,#934,#954,.T.);
#956=ORIENTED_EDGE('',*,*,#955,.T.);
#957=CARTESIAN_POINT('',(24.627808838,1.824925007,10.261040607));
#958=VERTEX_POINT('',#957);
#959=CARTESIAN_POINT('',(24.627808838,1.824925007,10.261040607));
#960=DIRECTION('',(0.,0.999999581,-0.000915124));
#961=VECTOR('',#960,16.979845432);
#962=LINE('',#959,#961);
#963=EDGE_CURVE('',#958,#934,#962,.T.);
#964=ORIENTED_EDGE('',*,*,#963,.F.);
#965=CARTESIAN_POINT('',(24.669480713,1.824035533,10.260138888));
#966=VERTEX_POINT('',#965);
#967=CARTESIAN_POINT('',(24.609757614,0.05495187,8.466699088));
#968=DIRECTION('',(-0.,0.711924466,-0.702256046));
#969=DIRECTION('',(0.,-0.702256046,-0.711924466));
#970=AXIS2_PLACEMENT_3D('',#967,#968,#969);
#971=ELLIPSE('',#970,2.520537267,1.796051224);
#972=EDGE_CURVE('',#958,#966,#971,.T.);
#973=ORIENTED_EDGE('',*,*,#972,.T.);
#974=CARTESIAN_POINT('',(24.669480713,7.67044416,10.254788697));
#975=VERTEX_POINT('',#974);
#976=CARTESIAN_POINT('',(24.669480713,1.824035533,10.260138888));
#977=DIRECTION('',(-0.,0.999999581,-0.000915124));
#978=VECTOR('',#977,5.846411074);
#979=LINE('',#976,#978);
#980=EDGE_CURVE('',#966,#975,#979,.T.);
#981=ORIENTED_EDGE('',*,*,#980,.T.);
#982=CARTESIAN_POINT('',(26.401828736,9.402013583,8.577648939));
#983=VERTEX_POINT('',#982);
#984=CARTESIAN_POINT('',(26.401828737,9.402013583,8.577648935));
#985=CARTESIAN_POINT('',(26.392782025,9.393032678,8.713321418));
#986=CARTESIAN_POINT('',(26.368899746,9.369218735,8.842892752));
#987=CARTESIAN_POINT('',(26.332181467,9.33256797,8.967184641));
#988=CARTESIAN_POINT('',(26.313822327,9.314242587,9.029330585));
#989=CARTESIAN_POINT('',(26.292052765,9.292506775,9.090421896));
#990=CARTESIAN_POINT('',(26.267856454,9.268342843,9.14856374));
#991=CARTESIAN_POINT('',(26.243660142,9.244178911,9.206705584));
#992=CARTESIAN_POINT('',(26.216947416,9.217497424,9.262319226));
#993=CARTESIAN_POINT('',(26.187981119,9.188561132,9.315668632));
#994=CARTESIAN_POINT('',(26.130048524,9.130688549,9.422367446));
#995=CARTESIAN_POINT('',(26.062559461,9.063254797,9.520492209));
#996=CARTESIAN_POINT('',(25.990324436,8.991067709,9.60736274));
#997=CARTESIAN_POINT('',(25.918089411,8.918880621,9.694233272));
#998=CARTESIAN_POINT('',(25.840558655,8.841391139,9.771025734));
#999=CARTESIAN_POINT('',(25.758566586,8.759433931,9.839327313));
#1000=CARTESIAN_POINT('',(25.676574518,8.677476723,9.907628892));
#1001=CARTESIAN_POINT('',(25.589775332,8.590705947,9.967433282));
#1002=CARTESIAN_POINT('',(25.50149965,8.502451586,10.018006155));
#1003=CARTESIAN_POINT('',(25.413223969,8.414197224,10.068579028));
#1004=CARTESIAN_POINT('',(25.32336971,8.324357392,10.110197971));
#1005=CARTESIAN_POINT('',(25.232134885,8.233130469,10.143984728));
#1006=CARTESIAN_POINT('',(25.140900059,8.141903547,10.177771486));
#1007=CARTESIAN_POINT('',(25.048281096,8.049285971,10.203705868));
#1008=CARTESIAN_POINT('',(24.954343053,7.955342657,10.222155686));
#1009=CARTESIAN_POINT('',(24.860405009,7.861399342,10.240605503));
#1010=CARTESIAN_POINT('',(24.764905944,7.765887715,10.251523896));
#1011=CARTESIAN_POINT('',(24.669480713,7.67044416,10.254788698));
#1012=B_SPLINE_CURVE_WITH_KNOTS('',3,(#984,#985,#986,#987,#988,#989,#990,#991,#992,#993,#994,#995,#996,#997,#998,#999,#1000,#1001,#1002,#1003,#1004,#1005,#1006,#1007,#1008,#1009,
#1010,#1011),.UNSPECIFIED.,.F.,.F.,(4,3,3,3,3,3,3,3,3,4),(-0.,0.000401505,0.000602257,0.000803009,0.001204514,0.001606018,0.002007523,0.002409027,0.002810532,0.003212036),.UNSPECIFIED.);
#1013=EDGE_CURVE('',#983,#975,#1012,.T.);
#1014=ORIENTED_EDGE('',*,*,#1013,.F.);
#1015=CARTESIAN_POINT('',(26.405808838,9.394559371,8.458152186));
#1016=VERTEX_POINT('',#1015);
#1017=CARTESIAN_POINT('',(26.405808838,9.394559371,8.458152186));
#1018=CARTESIAN_POINT('',(26.405808839,9.397682547,8.497853832));
#1019=CARTESIAN_POINT('',(26.404476512,9.40018215,8.537944642));
#1020=CARTESIAN_POINT('',(26.401828736,9.402013583,8.577648939));
#1021=B_SPLINE_CURVE_WITH_KNOTS('',3,(#1017,#1018,#1019,#1020),.UNSPECIFIED.,.F.,.F.,(4,4),(0.000514831,0.000633165),.UNSPECIFIED.);
#1022=EDGE_CURVE('',#1016,#983,#1021,.T.);
#1023=ORIENTED_EDGE('',*,*,#1022,.F.);
#1024=CARTESIAN_POINT('',(26.405808838,17.157750228,8.4510479));
#1025=DIRECTION('',(0.,-0.999999581,0.000915124));
#1026=VECTOR('',#1025,7.763194108);
#1027=LINE('',#1024,#1026);
#1028=EDGE_CURVE('',#264,#1016,#1027,.T.);
#1029=ORIENTED_EDGE('',*,*,#1028,.F.);
#1030=EDGE_LOOP('',(#932,#956,#964,#973,#981,#1014,#1023,#1029));
#1031=FACE_BOUND('',#1030,.T.);
#1032=ADVANCED_FACE('',(#1031),#931,.T.);
#1033=CARTESIAN_POINT('',(24.609757614,13.21429389,8.454656654));
#1034=DIRECTION('',(0.,-0.999999581,0.000915124));
#1035=DIRECTION('',(0.,-0.000915124,-0.999999581));
#1036=AXIS2_PLACEMENT_3D('',#1033,#1034,#1035);
#1037=CYLINDRICAL_SURFACE('',#1036,1.796051224);
#1038=CARTESIAN_POINT('',(24.62607251,18.806499291,10.245516964));
#1039=VERTEX_POINT('',#1038);
#1040=CARTESIAN_POINT('',(24.62607251,24.606933484,10.240208846));
#1041=DIRECTION('',(0.,-0.999999581,0.000915124));
#1042=VECTOR('',#1041,5.800436622);
#1043=LINE('',#1040,#1042);
#1044=EDGE_CURVE('',#682,#1039,#1043,.T.);
#1045=ORIENTED_EDGE('',*,*,#1044,.F.);
#1046=ORIENTED_EDGE('',*,*,#688,.T.);
#1047=CARTESIAN_POINT('',(24.627808838,18.804763329,10.245501939));
#1048=DIRECTION('',(0.,0.999999581,-0.000915124));
#1049=VECTOR('',#1048,5.80218893);
#1050=LINE('',#1047,#1049);
#1051=EDGE_CURVE('',#934,#674,#1050,.T.);
#1052=ORIENTED_EDGE('',*,*,#1051,.F.);
#1053=CARTESIAN_POINT('',(24.627808839,18.804763329,10.245501941));
#1054=CARTESIAN_POINT('',(24.627230084,18.805341971,10.245507238));
#1055=CARTESIAN_POINT('',(24.626651297,18.805920616,10.245512228));
#1056=CARTESIAN_POINT('',(24.62607251,18.806499291,10.245516964));
#1057=B_SPLINE_CURVE_WITH_KNOTS('',3,(#1053,#1054,#1055,#1056),.UNSPECIFIED.,.F.,.F.,(4,4),(0.003404046,0.003406481),.UNSPECIFIED.);
#1058=EDGE_CURVE('',#934,#1039,#1057,.T.);
#1059=ORIENTED_EDGE('',*,*,#1058,.T.);
#1060=EDGE_LOOP('',(#1045,#1046,#1052,#1059));
#1061=FACE_BOUND('',#1060,.T.);
#1062=ADVANCED_FACE('',(#1061),#1037,.F.);
#1063=CARTESIAN_POINT('',(30.977808838,24.648261916,12.780246187));
#1064=DIRECTION('',(0.,-0.999999581,0.000915124));
#1065=DIRECTION('',(0.,-0.000915124,-0.999999581));
#1066=AXIS2_PLACEMENT_3D('',#1063,#1064,#1065);
#1067=PLANE('',#1066);
#1068=CARTESIAN_POINT('',(24.627899549,24.645937417,10.240155626));
#1069=VERTEX_POINT('',#1068);
#1070=CARTESIAN_POINT('',(26.423860063,24.627886276,-9.485186107));
#1071=DIRECTION('',(-0.,0.999999581,-0.000915124));
#1072=DIRECTION('',(0.,0.000915124,0.999999581));
#1073=AXIS2_PLACEMENT_3D('',#1070,#1071,#1072);
#1074=ELLIPSE('',#1073,1962.631537921,1.796051224);
#1075=EDGE_CURVE('',#657,#1069,#1074,.T.);
#1076=ORIENTED_EDGE('',*,*,#1075,.F.);
#1077=ORIENTED_EDGE('',*,*,#662,.T.);
#1078=CARTESIAN_POINT('',(24.609757614,24.644293891,8.444196782));
#1079=DIRECTION('',(-0.,0.999999581,-0.000915124));
#1080=DIRECTION('',(0.,-0.000915124,-0.999999581));
#1081=AXIS2_PLACEMENT_3D('',#1078,#1079,#1080);
#1082=CIRCLE('',#1081,1.796051224);
#1083=EDGE_CURVE('',#1069,#649,#1082,.T.);
#1084=ORIENTED_EDGE('',*,*,#1083,.F.);
#1085=EDGE_LOOP('',(#1076,#1077,#1084));
#1086=FACE_BOUND('',#1085,.T.);
#1087=ADVANCED_FACE('',(#1086),#1067,.T.);
#1088=CARTESIAN_POINT('',(24.609757614,13.21429389,8.454656654));
#1089=DIRECTION('',(0.,-0.999999581,0.000915124));
#1090=DIRECTION('',(0.,-0.000915124,-0.999999581));
#1091=AXIS2_PLACEMENT_3D('',#1088,#1089,#1090);
#1092=CYLINDRICAL_SURFACE('',#1091,1.796051224);
#1093=CARTESIAN_POINT('',(26.107929368,24.6459375,9.434792177));
#1094=VERTEX_POINT('',#1093);
#1095=CARTESIAN_POINT('',(24.609757614,24.6459375,8.444195278));
#1096=DIRECTION('',(0.,1.,0.));
#1097=DIRECTION('',(0.,-0.,1.));
#1098=AXIS2_PLACEMENT_3D('',#1095,#1096,#1097);
#1099=ELLIPSE('',#1098,1.796051976,1.796051224);
#1100=EDGE_CURVE('',#1069,#1094,#1099,.T.);
#1101=ORIENTED_EDGE('',*,*,#1100,.F.);
#1102=ORIENTED_EDGE('',*,*,#1083,.T.);
#1103=CARTESIAN_POINT('',(26.107929814,24.645200409,9.434792177));
#1104=VERTEX_POINT('',#1103);
#1105=CARTESIAN_POINT('',(24.609757614,24.644293891,8.444196782));
#1106=DIRECTION('',(-0.,0.999999581,-0.000915124));
#1107=DIRECTION('',(0.,-0.000915124,-0.999999581));
#1108=AXIS2_PLACEMENT_3D('',#1105,#1106,#1107);
#1109=CIRCLE('',#1108,1.796051224);
#1110=EDGE_CURVE('',#649,#1104,#1109,.T.);
#1111=ORIENTED_EDGE('',*,*,#1110,.T.);
#1112=CARTESIAN_POINT('',(24.609757614,-1057.826474717,9.434792177));
#1113=DIRECTION('',(0.,0.,-1.));
#1114=DIRECTION('',(0.,-1.,0.));
#1115=AXIS2_PLACEMENT_3D('',#1112,#1113,#1114);
#1116=ELLIPSE('',#1115,1962.631537921,1.796051224);
#1117=EDGE_CURVE('',#1094,#1104,#1116,.T.);
#1118=ORIENTED_EDGE('',*,*,#1117,.F.);
#1119=EDGE_LOOP('',(#1101,#1102,#1111,#1118));
#1120=FACE_BOUND('',#1119,.T.);
#1121=ADVANCED_FACE('',(#1120),#1092,.T.);
#1122=CARTESIAN_POINT('',(29.326808838,7.609063906,8.458963768));
#1123=DIRECTION('',(1.,0.,0.));
#1124=DIRECTION('',(0.,-1.,0.));
#1125=AXIS2_PLACEMENT_3D('',#1122,#1123,#1124);
#1126=CYLINDRICAL_SURFACE('',#1125,1.796873594);
#1127=CARTESIAN_POINT('',(32.540963217,9.402013583,8.577648937));
#1128=VERTEX_POINT('',#1127);
#1129=CARTESIAN_POINT('',(26.401828736,9.402013583,8.577648935));
#1130=DIRECTION('',(1.,0.,-0.));
#1131=VECTOR('',#1130,6.139134481);
#1132=LINE('',#1129,#1131);
#1133=EDGE_CURVE('',#983,#1128,#1132,.T.);
#1134=ORIENTED_EDGE('',*,*,#1133,.F.);
#1135=ORIENTED_EDGE('',*,*,#1013,.T.);
#1136=CARTESIAN_POINT('',(24.669480713,7.610708269,10.255836608));
#1137=VERTEX_POINT('',#1136);
#1138=CARTESIAN_POINT('',(24.669480713,7.609063906,8.458963768));
#1139=DIRECTION('',(-1.,-0.,-0.));
#1140=DIRECTION('',(0.,0.,-1.));
#1141=AXIS2_PLACEMENT_3D('',#1138,#1139,#1140);
#1142=CIRCLE('',#1141,1.796873594);
#1143=EDGE_CURVE('',#1137,#975,#1142,.T.);
#1144=ORIENTED_EDGE('',*,*,#1143,.F.);
#1145=CARTESIAN_POINT('',(34.278816651,7.610708269,10.255836608));
#1146=VERTEX_POINT('',#1145);
#1147=CARTESIAN_POINT('',(34.278816651,7.610708269,10.255836608));
#1148=DIRECTION('',(-1.,-0.,0.));
#1149=VECTOR('',#1148,9.609335938);
#1150=LINE('',#1147,#1149);
#1151=EDGE_CURVE('',#1146,#1137,#1150,.T.);
#1152=ORIENTED_EDGE('',*,*,#1151,.F.);
#1153=CARTESIAN_POINT('',(34.278816651,7.609063906,8.458963768));
#1154=DIRECTION('',(1.,-0.,-0.));
#1155=DIRECTION('',(0.,0.,1.));
#1156=AXIS2_PLACEMENT_3D('',#1153,#1154,#1155);
#1157=CIRCLE('',#1156,1.796873594);
#1158=EDGE_CURVE('',#322,#1146,#1157,.T.);
#1159=ORIENTED_EDGE('',*,*,#1158,.F.);
#1160=ORIENTED_EDGE('',*,*,#327,.F.);
#1161=ORIENTED_EDGE('',*,*,#517,.F.);
#1162=CARTESIAN_POINT('',(32.540963217,9.402013583,8.577648935));
#1163=DIRECTION('',(1.,0.,-0.));
#1164=VECTOR('',#1163,0.001697891);
#1165=LINE('',#1162,#1164);
#1166=EDGE_CURVE('',#1128,#504,#1165,.T.);
#1167=ORIENTED_EDGE('',*,*,#1166,.F.);
#1168=EDGE_LOOP('',(#1134,#1135,#1144,#1152,#1159,#1160,#1161,#1167));
#1169=FACE_BOUND('',#1168,.T.);
#1170=ADVANCED_FACE('',(#1169),#1126,.T.);
#1171=CARTESIAN_POINT('',(24.669480713,13.218261916,12.790706062));
#1172=DIRECTION('',(1.,0.,0.));
#1173=DIRECTION('',(0.,0.,-1.));
#1174=AXIS2_PLACEMENT_3D('',#1171,#1172,#1173);
#1175=PLANE('',#1174);
#1176=ORIENTED_EDGE('',*,*,#980,.F.);
#1177=CARTESIAN_POINT('',(24.669480713,1.825014406,10.261131237));
#1178=VERTEX_POINT('',#1177);
#1179=CARTESIAN_POINT('',(24.669480713,1.824035533,10.260138888));
#1180=DIRECTION('',(0.,0.702256046,0.711924466));
#1181=VECTOR('',#1180,0.001393896);
#1182=LINE('',#1179,#1181);
#1183=EDGE_CURVE('',#966,#1178,#1182,.T.);
#1184=ORIENTED_EDGE('',*,*,#1183,.T.);
#1185=CARTESIAN_POINT('',(24.669480713,1.825014406,10.261131237));
#1186=DIRECTION('',(0.,0.999999581,-0.000915124));
#1187=VECTOR('',#1186,5.785696286);
#1188=LINE('',#1185,#1187);
#1189=EDGE_CURVE('',#1178,#1137,#1188,.T.);
#1190=ORIENTED_EDGE('',*,*,#1189,.T.);
#1191=ORIENTED_EDGE('',*,*,#1143,.T.);
#1192=EDGE_LOOP('',(#1176,#1184,#1190,#1191));
#1193=FACE_BOUND('',#1192,.T.);
#1194=ADVANCED_FACE('',(#1193),#1175,.F.);
#1195=CARTESIAN_POINT('',(35.370222901,9.400677212,10.545774789));
#1196=DIRECTION('',(0.,1.,0.));
#1197=DIRECTION('',(0.,0.,1.));
#1198=AXIS2_PLACEMENT_3D('',#1195,#1196,#1197);
#1199=PLANE('',#1198);
#1200=ORIENTED_EDGE('',*,*,#382,.T.);
#1201=CARTESIAN_POINT('',(37.327808838,9.400677212,10.26000015));
#1202=VERTEX_POINT('',#1201);
#1203=CARTESIAN_POINT('',(37.327808838,9.400677212,10.26000015));
#1204=DIRECTION('',(-1.,0.,0.));
#1205=VECTOR('',#1204,1.761871169);
#1206=LINE('',#1203,#1205);
#1207=EDGE_CURVE('',#1202,#338,#1206,.T.);
#1208=ORIENTED_EDGE('',*,*,#1207,.F.);
#1209=CARTESIAN_POINT('',(37.327808838,9.400677212,10.254198564));
#1210=VERTEX_POINT('',#1209);
#1211=CARTESIAN_POINT('',(37.327808838,9.400677212,10.254198564));
#1212=DIRECTION('',(0.,0.,1.));
#1213=VECTOR('',#1212,0.005801587);
#1214=LINE('',#1211,#1213);
#1215=EDGE_CURVE('',#1210,#1202,#1214,.T.);
#1216=ORIENTED_EDGE('',*,*,#1215,.F.);
#1217=CARTESIAN_POINT('',(37.327808838,9.400677212,10.254198563));
#1218=DIRECTION('',(-1.,0.,0.));
#1219=VECTOR('',#1218,1.756158839);
#1220=LINE('',#1217,#1219);
#1221=EDGE_CURVE('',#1210,#377,#1220,.T.);
#1222=ORIENTED_EDGE('',*,*,#1221,.T.);
#1223=EDGE_LOOP('',(#1200,#1208,#1216,#1222));
#1224=FACE_BOUND('',#1223,.T.);
#1225=ADVANCED_FACE('',(#1224),#1199,.T.);
#1226=CARTESIAN_POINT('',(22.444996338,13.2159375,10.250707126));
#1227=DIRECTION('',(0.,0.000915124,0.999999581));
#1228=DIRECTION('',(0.,-0.999999581,0.000915124));
#1229=AXIS2_PLACEMENT_3D('',#1226,#1227,#1228);
#1230=PLANE('',#1229);
#1231=CARTESIAN_POINT('',(37.327808838,3.06100665,10.260000152));
#1232=VERTEX_POINT('',#1231);
#1233=CARTESIAN_POINT('',(37.327808838,1.803988724,10.261150479));
#1234=VERTEX_POINT('',#1233);
#1235=CARTESIAN_POINT('',(37.327808838,3.06100665,10.260000152));
#1236=DIRECTION('',(0.,-0.999999581,0.000915124));
#1237=VECTOR('',#1236,1.257018452);
#1238=LINE('',#1235,#1237);
#1239=EDGE_CURVE('',#1232,#1234,#1238,.T.);
#1240=ORIENTED_EDGE('',*,*,#1239,.F.);
#1241=CARTESIAN_POINT('',(35.549808838,3.06100665,10.26000015));
#1242=VERTEX_POINT('',#1241);
#1243=CARTESIAN_POINT('',(37.327808838,3.06100665,10.26000015));
#1244=DIRECTION('',(-1.,0.,0.));
#1245=VECTOR('',#1244,1.778);
#1246=LINE('',#1243,#1245);
#1247=EDGE_CURVE('',#1232,#1242,#1246,.T.);
#1248=ORIENTED_EDGE('',*,*,#1247,.T.);
#1249=CARTESIAN_POINT('',(35.549808838,1.7859375,10.261166998));
#1250=VERTEX_POINT('',#1249);
#1251=CARTESIAN_POINT('',(35.549808838,1.7859375,10.261166999));
#1252=DIRECTION('',(0.,0.999999581,-0.000915124));
#1253=VECTOR('',#1252,1.275069684);
#1254=LINE('',#1251,#1253);
#1255=EDGE_CURVE('',#1250,#1242,#1254,.T.);
#1256=ORIENTED_EDGE('',*,*,#1255,.F.);
#1257=CARTESIAN_POINT('',(24.627899553,1.7859375,10.261166997));
#1258=VERTEX_POINT('',#1257);
#1259=CARTESIAN_POINT('',(35.549808838,1.7859375,10.261166997));
#1260=DIRECTION('',(-1.,-0.,0.));
#1261=VECTOR('',#1260,10.921909285);
#1262=LINE('',#1259,#1261);
#1263=EDGE_CURVE('',#1250,#1258,#1262,.T.);
#1264=ORIENTED_EDGE('',*,*,#1263,.T.);
#1265=CARTESIAN_POINT('',(26.423860063,0.0079375,10.262794088));
#1266=VERTEX_POINT('',#1265);
#1267=CARTESIAN_POINT('',(26.423860063,1.803988724,10.261150478));
#1268=DIRECTION('',(-0.,-0.000915124,-0.999999581));
#1269=DIRECTION('',(0.,0.999999581,-0.000915124));
#1270=AXIS2_PLACEMENT_3D('',#1267,#1268,#1269);
#1271=ELLIPSE('',#1270,1.796051976,1.796051224);
#1272=EDGE_CURVE('',#1266,#1258,#1271,.T.);
#1273=ORIENTED_EDGE('',*,*,#1272,.F.);
#1274=CARTESIAN_POINT('',(35.531757614,0.0079375,10.262794088));
#1275=VERTEX_POINT('',#1274);
#1276=CARTESIAN_POINT('',(26.423860063,0.0079375,10.262794088));
#1277=DIRECTION('',(1.,0.,-0.));
#1278=VECTOR('',#1277,9.107897551);
#1279=LINE('',#1276,#1278);
#1280=EDGE_CURVE('',#1266,#1275,#1279,.T.);
#1281=ORIENTED_EDGE('',*,*,#1280,.T.);
#1282=CARTESIAN_POINT('',(35.531757614,1.803988724,10.261150478));
#1283=DIRECTION('',(-0.,-0.000915124,-0.999999581));
#1284=DIRECTION('',(0.,0.999999581,-0.000915124));
#1285=AXIS2_PLACEMENT_3D('',#1282,#1283,#1284);
#1286=ELLIPSE('',#1285,1.796051976,1.796051224);
#1287=EDGE_CURVE('',#1234,#1275,#1286,.T.);
#1288=ORIENTED_EDGE('',*,*,#1287,.F.);
#1289=EDGE_LOOP('',(#1240,#1248,#1256,#1264,#1273,#1281,#1288));
#1290=FACE_BOUND('',#1289,.T.);
#1291=ADVANCED_FACE('',(#1290),#1230,.T.);
#1292=CARTESIAN_POINT('',(35.549808838,13.2159375,39.36924516));
#1293=DIRECTION('',(-1.,0.,0.));
#1294=DIRECTION('',(0.,1.,0.));
#1295=AXIS2_PLACEMENT_3D('',#1292,#1293,#1294);
#1296=PLANE('',#1295);
#1297=ORIENTED_EDGE('',*,*,#646,.T.);
#1298=CARTESIAN_POINT('',(35.549808838,24.6459375,10.240247253));
#1299=VERTEX_POINT('',#1298);
#1300=CARTESIAN_POINT('',(35.549808838,24.606860591,10.240283013));
#1301=DIRECTION('',(0.,0.999999581,-0.000915124));
#1302=VECTOR('',#1301,0.039076925);
#1303=LINE('',#1300,#1302);
#1304=EDGE_CURVE('',#633,#1299,#1303,.T.);
#1305=ORIENTED_EDGE('',*,*,#1304,.T.);
#1306=CARTESIAN_POINT('',(35.549808838,24.6459375,9.434792177));
#1307=VERTEX_POINT('',#1306);
#1308=CARTESIAN_POINT('',(35.549808838,24.6459375,10.240247253));
#1309=DIRECTION('',(0.,0.,-1.));
#1310=VECTOR('',#1309,0.805455077);
#1311=LINE('',#1308,#1310);
#1312=EDGE_CURVE('',#1299,#1307,#1311,.T.);
#1313=ORIENTED_EDGE('',*,*,#1312,.T.);
#1314=CARTESIAN_POINT('',(35.54980884,24.645200409,9.434792177));
#1315=VERTEX_POINT('',#1314);
#1316=CARTESIAN_POINT('',(35.549808838,24.6459375,9.434792177));
#1317=DIRECTION('',(0.,-1.,0.));
#1318=VECTOR('',#1317,0.000737091);
#1319=LINE('',#1316,#1318);
#1320=EDGE_CURVE('',#1307,#1315,#1319,.T.);
#1321=ORIENTED_EDGE('',*,*,#1320,.T.);
#1322=CARTESIAN_POINT('',(35.54980884,24.645901182,10.200559766));
#1323=DIRECTION('',(0.,-0.000915124,-0.999999581));
#1324=VECTOR('',#1323,0.76576791);
#1325=LINE('',#1322,#1324);
#1326=EDGE_CURVE('',#641,#1315,#1325,.T.);
#1327=ORIENTED_EDGE('',*,*,#1326,.F.);
#1328=EDGE_LOOP('',(#1297,#1305,#1313,#1321,#1327));
#1329=FACE_BOUND('',#1328,.T.);
#1330=ADVANCED_FACE('',(#1329),#1296,.T.);
#1331=CARTESIAN_POINT('',(32.247808838,11.3109375,1.070807659));
#1332=DIRECTION('',(-1.,0.,0.));
#1333=DIRECTION('',(0.,0.,1.));
#1334=AXIS2_PLACEMENT_3D('',#1331,#1332,#1333);
#1335=PLANE('',#1334);
#1336=ORIENTED_EDGE('',*,*,#475,.F.);
#1337=ORIENTED_EDGE('',*,*,#469,.F.);
#1338=CARTESIAN_POINT('',(32.247808838,16.886169891,9.241411539));
#1339=VERTEX_POINT('',#1338);
#1340=CARTESIAN_POINT('',(32.247808838,21.518121484,9.531269846));
#1341=DIRECTION('',(1.,-0.,-0.));
#1342=DIRECTION('',(0.,0.,1.));
#1343=AXIS2_PLACEMENT_3D('',#1340,#1341,#1342);
#1344=CIRCLE('',#1343,4.641012109);
#1345=EDGE_CURVE('',#456,#1339,#1344,.T.);
#1346=ORIENTED_EDGE('',*,*,#1345,.T.);
#1347=CARTESIAN_POINT('',(32.247808838,9.405937482,9.241411539));
#1348=VERTEX_POINT('',#1347);
#1349=CARTESIAN_POINT('',(32.247808838,16.886169891,9.241411539));
#1350=DIRECTION('',(-0.,-1.,-0.));
#1351=VECTOR('',#1350,7.480232409);
#1352=LINE('',#1349,#1351);
#1353=EDGE_CURVE('',#1339,#1348,#1352,.T.);
#1354=ORIENTED_EDGE('',*,*,#1353,.T.);
#1355=CARTESIAN_POINT('',(32.247808838,9.405937429,11.896168827));
#1356=VERTEX_POINT('',#1355);
#1357=CARTESIAN_POINT('',(32.247808838,9.4059375,9.241411539));
#1358=DIRECTION('',(0.,0.,1.));
#1359=VECTOR('',#1358,2.654757288);
#1360=LINE('',#1357,#1359);
#1361=EDGE_CURVE('',#1348,#1356,#1360,.T.);
#1362=ORIENTED_EDGE('',*,*,#1361,.T.);
#1363=CARTESIAN_POINT('',(32.247808838,9.405937429,11.896168827));
#1364=DIRECTION('',(0.,0.999999581,-0.000915124));
#1365=VECTOR('',#1364,7.471175074);
#1366=LINE('',#1363,#1365);
#1367=EDGE_CURVE('',#1356,#415,#1366,.T.);
#1368=ORIENTED_EDGE('',*,*,#1367,.T.);
#1369=EDGE_LOOP('',(#1336,#1337,#1346,#1354,#1362,#1368));
#1370=FACE_BOUND('',#1369,.T.);
#1371=ADVANCED_FACE('',(#1370),#1335,.T.);
#1372=CARTESIAN_POINT('',(39.750730713,4.3259375,12.798842584));
#1373=DIRECTION('',(-1.,0.,0.));
#1374=DIRECTION('',(0.,0.,1.));
#1375=AXIS2_PLACEMENT_3D('',#1372,#1373,#1374);
#1376=CYLINDRICAL_SURFACE('',#1375,1.27);
#1377=CARTESIAN_POINT('',(34.283777588,4.3259375,14.068842584));
#1378=VERTEX_POINT('',#1377);
#1379=CARTESIAN_POINT('',(35.295808838,4.3259375,14.068842584));
#1380=VERTEX_POINT('',#1379);
#1381=CARTESIAN_POINT('',(34.283777588,4.3259375,14.068842584));
#1382=DIRECTION('',(1.,-0.,-0.));
#1383=VECTOR('',#1382,1.01203125);
#1384=LINE('',#1381,#1383);
#1385=EDGE_CURVE('',#1378,#1380,#1384,.T.);
#1386=ORIENTED_EDGE('',*,*,#1385,.F.);
#1387=CARTESIAN_POINT('',(34.283777588,5.560290604,12.500057687));
#1388=VERTEX_POINT('',#1387);
#1389=CARTESIAN_POINT('',(34.283777588,4.3259375,12.798842584));
#1390=DIRECTION('',(-1.,0.,0.));
#1391=DIRECTION('',(0.,0.,1.));
#1392=AXIS2_PLACEMENT_3D('',#1389,#1390,#1391);
#1393=CIRCLE('',#1392,1.27);
#1394=EDGE_CURVE('',#1378,#1388,#1393,.T.);
#1395=ORIENTED_EDGE('',*,*,#1394,.T.);
#1396=CARTESIAN_POINT('',(34.280165772,5.560290604,12.500057687));
#1397=VERTEX_POINT('',#1396);
#1398=CARTESIAN_POINT('',(34.280165772,5.560290604,12.500057687));
#1399=DIRECTION('',(1.,-0.,-0.));
#1400=VECTOR('',#1399,0.003611816);
#1401=LINE('',#1398,#1400);
#1402=EDGE_CURVE('',#1397,#1388,#1401,.T.);
#1403=ORIENTED_EDGE('',*,*,#1402,.F.);
#1404=CARTESIAN_POINT('',(34.278816651,5.559963331,12.498708865));
#1405=VERTEX_POINT('',#1404);
#1406=CARTESIAN_POINT('',(34.280165772,5.560290604,12.500057687));
#1407=CARTESIAN_POINT('',(34.279442713,5.560290604,12.500057687));
#1408=CARTESIAN_POINT('',(34.278816651,5.560134076,12.499410901));
#1409=CARTESIAN_POINT('',(34.278816651,5.559963331,12.498708865));
#1410=B_SPLINE_CURVE_WITH_KNOTS('',3,(#1406,#1407,#1408,#1409),.UNSPECIFIED.,.F.,.F.,(4,4),(0.,0.000002138),.UNSPECIFIED.);
#1411=EDGE_CURVE('',#1397,#1405,#1410,.T.);
#1412=ORIENTED_EDGE('',*,*,#1411,.T.);
#1413=CARTESIAN_POINT('',(34.278816651,3.435251169,11.893537188));
#1414=VERTEX_POINT('',#1413);
#1415=CARTESIAN_POINT('',(34.278816651,4.3259375,12.798842584));
#1416=DIRECTION('',(-1.,0.,0.));
#1417=DIRECTION('',(0.,0.,1.));
#1418=AXIS2_PLACEMENT_3D('',#1415,#1416,#1417);
#1419=CIRCLE('',#1418,1.27);
#1420=EDGE_CURVE('',#1405,#1414,#1419,.T.);
#1421=ORIENTED_EDGE('',*,*,#1420,.T.);
#1422=CARTESIAN_POINT('',(34.283777588,3.435251169,11.893537188));
#1423=VERTEX_POINT('',#1422);
#1424=CARTESIAN_POINT('',(34.278816651,3.435251169,11.893537188));
#1425=DIRECTION('',(1.,-0.,-0.));
#1426=VECTOR('',#1425,0.004960937);
#1427=LINE('',#1424,#1426);
#1428=EDGE_CURVE('',#1414,#1423,#1427,.T.);
#1429=ORIENTED_EDGE('',*,*,#1428,.T.);
#1430=CARTESIAN_POINT('',(34.283777588,3.064944014,12.647861037));
#1431=VERTEX_POINT('',#1430);
#1432=CARTESIAN_POINT('',(34.283777588,4.3259375,12.798842584));
#1433=DIRECTION('',(-1.,0.,0.));
#1434=DIRECTION('',(0.,0.,1.));
#1435=AXIS2_PLACEMENT_3D('',#1432,#1433,#1434);
#1436=CIRCLE('',#1435,1.27);
#1437=EDGE_CURVE('',#1423,#1431,#1436,.T.);
#1438=ORIENTED_EDGE('',*,*,#1437,.T.);
#1439=CARTESIAN_POINT('',(34.283777588,3.064946157,12.949842031));
#1440=VERTEX_POINT('',#1439);
#1441=CARTESIAN_POINT('',(34.283777588,4.3259375,12.798842584));
#1442=DIRECTION('',(-1.,0.,0.));
#1443=DIRECTION('',(0.,0.,1.));
#1444=AXIS2_PLACEMENT_3D('',#1441,#1442,#1443);
#1445=CIRCLE('',#1444,1.27);
#1446=EDGE_CURVE('',#1431,#1440,#1445,.T.);
#1447=ORIENTED_EDGE('',*,*,#1446,.T.);
#1448=CARTESIAN_POINT('',(34.283777588,4.3259375,12.798842584));
#1449=DIRECTION('',(-1.,0.,0.));
#1450=DIRECTION('',(0.,0.,1.));
#1451=AXIS2_PLACEMENT_3D('',#1448,#1449,#1450);
#1452=CIRCLE('',#1451,1.27);
#1453=EDGE_CURVE('',#1440,#1378,#1452,.T.);
#1454=ORIENTED_EDGE('',*,*,#1453,.T.);
#1455=ORIENTED_EDGE('',*,*,#1385,.T.);
#1456=CARTESIAN_POINT('',(35.295808838,3.064946157,12.94984203));
#1457=VERTEX_POINT('',#1456);
#1458=CARTESIAN_POINT('',(35.295808838,4.3259375,12.798842584));
#1459=DIRECTION('',(-1.,0.,0.));
#1460=DIRECTION('',(0.,0.,1.));
#1461=AXIS2_PLACEMENT_3D('',#1458,#1459,#1460);
#1462=CIRCLE('',#1461,1.27);
#1463=EDGE_CURVE('',#1457,#1380,#1462,.T.);
#1464=ORIENTED_EDGE('',*,*,#1463,.F.);
#1465=CARTESIAN_POINT('',(35.295808838,3.064944014,12.647861036));
#1466=VERTEX_POINT('',#1465);
#1467=CARTESIAN_POINT('',(35.295808838,4.3259375,12.798842584));
#1468=DIRECTION('',(1.,-0.,-0.));
#1469=DIRECTION('',(0.,0.,1.));
#1470=AXIS2_PLACEMENT_3D('',#1467,#1468,#1469);
#1471=CIRCLE('',#1470,1.27);
#1472=EDGE_CURVE('',#1457,#1466,#1471,.T.);
#1473=ORIENTED_EDGE('',*,*,#1472,.T.);
#1474=CARTESIAN_POINT('',(35.295808838,4.3259375,12.798842584));
#1475=DIRECTION('',(-1.,0.,0.));
#1476=DIRECTION('',(0.,0.,1.));
#1477=AXIS2_PLACEMENT_3D('',#1474,#1475,#1476);
#1478=CIRCLE('',#1477,1.27);
#1479=EDGE_CURVE('',#1380,#1466,#1478,.T.);
#1480=ORIENTED_EDGE('',*,*,#1479,.F.);
#1481=EDGE_LOOP('',(#1386,#1395,#1403,#1412,#1421,#1429,#1438,#1447,#1454,#1455,#1464,#1473,#1480));
#1482=FACE_BOUND('',#1481,.T.);
#1483=ADVANCED_FACE('',(#1482),#1376,.F.);
#1484=CARTESIAN_POINT('',(34.280165772,1.749365539,12.502196036));
#1485=DIRECTION('',(0.,0.999999581,-0.000915124));
#1486=DIRECTION('',(0.,0.000915124,0.999999581));
#1487=AXIS2_PLACEMENT_3D('',#1484,#1485,#1486);
#1488=CYLINDRICAL_SURFACE('',#1487,0.001349121);
#1489=CARTESIAN_POINT('',(34.280165772,6.8659375,12.498862858));
#1490=VERTEX_POINT('',#1489);
#1491=CARTESIAN_POINT('',(34.280165772,6.8659375,12.498862858));
#1492=DIRECTION('',(-0.,-0.999999581,0.000915124));
#1493=VECTOR('',#1492,1.305647443);
#1494=LINE('',#1491,#1493);
#1495=EDGE_CURVE('',#1490,#1397,#1494,.T.);
#1496=ORIENTED_EDGE('',*,*,#1495,.F.);
#1497=CARTESIAN_POINT('',(34.278816651,6.8659375,12.497513736));
#1498=VERTEX_POINT('',#1497);
#1499=CARTESIAN_POINT('',(34.280165772,6.8659375,12.497513736));
#1500=DIRECTION('',(-0.,-1.,-0.));
#1501=DIRECTION('',(0.,-0.,1.));
#1502=AXIS2_PLACEMENT_3D('',#1499,#1500,#1501);
#1503=CIRCLE('',#1502,0.001349121);
#1504=EDGE_CURVE('',#1490,#1498,#1503,.T.);
#1505=ORIENTED_EDGE('',*,*,#1504,.T.);
#1506=CARTESIAN_POINT('',(34.278816651,5.559963331,12.498708865));
#1507=DIRECTION('',(0.,0.999999581,-0.000915124));
#1508=VECTOR('',#1507,1.305974716);
#1509=LINE('',#1506,#1508);
#1510=EDGE_CURVE('',#1405,#1498,#1509,.T.);
#1511=ORIENTED_EDGE('',*,*,#1510,.F.);
#1512=ORIENTED_EDGE('',*,*,#1411,.F.);
#1513=EDGE_LOOP('',(#1496,#1505,#1511,#1512));
#1514=FACE_BOUND('',#1513,.T.);
#1515=ADVANCED_FACE('',(#1514),#1488,.T.);
#1516=CARTESIAN_POINT('',(27.844480713,1.749366763,12.503545156));
#1517=DIRECTION('',(0.,0.000915124,0.999999581));
#1518=DIRECTION('',(0.,-0.999999581,0.000915124));
#1519=AXIS2_PLACEMENT_3D('',#1516,#1517,#1518);
#1520=PLANE('',#1519);
#1521=CARTESIAN_POINT('',(34.283777588,6.8659375,12.498862858));
#1522=VERTEX_POINT('',#1521);
#1523=CARTESIAN_POINT('',(34.283777588,6.8659375,12.498862858));
#1524=DIRECTION('',(0.,-0.999999581,0.000915124));
#1525=VECTOR('',#1524,1.305647443);
#1526=LINE('',#1523,#1525);
#1527=EDGE_CURVE('',#1522,#1388,#1526,.T.);
#1528=ORIENTED_EDGE('',*,*,#1527,.F.);
#1529=CARTESIAN_POINT('',(34.283777588,6.8659375,12.498862858));
#1530=DIRECTION('',(-1.,0.,0.));
#1531=VECTOR('',#1530,0.003611816);
#1532=LINE('',#1529,#1531);
#1533=EDGE_CURVE('',#1522,#1490,#1532,.T.);
#1534=ORIENTED_EDGE('',*,*,#1533,.T.);
#1535=ORIENTED_EDGE('',*,*,#1495,.T.);
#1536=ORIENTED_EDGE('',*,*,#1402,.T.);
#1537=EDGE_LOOP('',(#1528,#1534,#1535,#1536));
#1538=FACE_BOUND('',#1537,.T.);
#1539=ADVANCED_FACE('',(#1538),#1520,.T.);
#1540=CARTESIAN_POINT('',(34.283777588,1.7859375,52.466120159));
#1541=DIRECTION('',(-1.,0.,0.));
#1542=DIRECTION('',(0.,0.,1.));
#1543=AXIS2_PLACEMENT_3D('',#1540,#1541,#1542);
#1544=PLANE('',#1543);
#1545=CARTESIAN_POINT('',(34.283777588,6.8659375,13.54279136));
#1546=VERTEX_POINT('',#1545);
#1547=CARTESIAN_POINT('',(34.283777588,6.8659375,12.498862858));
#1548=DIRECTION('',(0.,0.,1.));
#1549=VECTOR('',#1548,1.043928502);
#1550=LINE('',#1547,#1549);
#1551=EDGE_CURVE('',#1522,#1546,#1550,.T.);
#1552=ORIENTED_EDGE('',*,*,#1551,.F.);
#1553=ORIENTED_EDGE('',*,*,#1527,.T.);
#1554=ORIENTED_EDGE('',*,*,#1394,.F.);
#1555=ORIENTED_EDGE('',*,*,#1453,.F.);
#1556=ORIENTED_EDGE('',*,*,#1446,.F.);
#1557=ORIENTED_EDGE('',*,*,#1437,.F.);
#1558=CARTESIAN_POINT('',(34.283777588,2.166903923,10.607727772));
#1559=VERTEX_POINT('',#1558);
#1560=CARTESIAN_POINT('',(34.283777588,2.166903923,10.607727772));
#1561=DIRECTION('',(0.,0.702256046,0.711924466));
#1562=VECTOR('',#1561,1.806103704);
#1563=LINE('',#1560,#1562);
#1564=EDGE_CURVE('',#1559,#1423,#1563,.T.);
#1565=ORIENTED_EDGE('',*,*,#1564,.F.);
#1566=CARTESIAN_POINT('',(34.283777588,2.166924752,13.542797732));
#1567=VERTEX_POINT('',#1566);
#1568=CARTESIAN_POINT('',(34.283777588,2.166903922,10.607727772));
#1569=DIRECTION('',(0.,0.000007097,1.));
#1570=VECTOR('',#1569,2.93506996);
#1571=LINE('',#1568,#1570);
#1572=EDGE_CURVE('',#1559,#1567,#1571,.T.);
#1573=ORIENTED_EDGE('',*,*,#1572,.T.);
#1574=CARTESIAN_POINT('',(34.283777588,3.96298235,15.338842584));
#1575=VERTEX_POINT('',#1574);
#1576=CARTESIAN_POINT('',(34.283777588,3.96298235,13.542784986));
#1577=DIRECTION('',(-1.,0.,0.));
#1578=DIRECTION('',(0.,0.,1.));
#1579=AXIS2_PLACEMENT_3D('',#1576,#1577,#1578);
#1580=CIRCLE('',#1579,1.796057598);
#1581=EDGE_CURVE('',#1567,#1575,#1580,.T.);
#1582=ORIENTED_EDGE('',*,*,#1581,.T.);
#1583=CARTESIAN_POINT('',(34.283777588,5.069886276,15.338842584));
#1584=VERTEX_POINT('',#1583);
#1585=CARTESIAN_POINT('',(34.283777588,3.96298235,15.338842584));
#1586=DIRECTION('',(0.,1.,0.));
#1587=VECTOR('',#1586,1.106903926);
#1588=LINE('',#1585,#1587);
#1589=EDGE_CURVE('',#1575,#1584,#1588,.T.);
#1590=ORIENTED_EDGE('',*,*,#1589,.T.);
#1591=CARTESIAN_POINT('',(34.283777588,5.069886276,13.54279136));
#1592=DIRECTION('',(-1.,0.,0.));
#1593=DIRECTION('',(0.,0.,1.));
#1594=AXIS2_PLACEMENT_3D('',#1591,#1592,#1593);
#1595=CIRCLE('',#1594,1.796051224);
#1596=EDGE_CURVE('',#1584,#1546,#1595,.T.);
#1597=ORIENTED_EDGE('',*,*,#1596,.T.);
#1598=EDGE_LOOP('',(#1552,#1553,#1554,#1555,#1556,#1557,#1565,#1573,#1582,#1590,#1597));
#1599=FACE_BOUND('',#1598,.T.);
#1600=ADVANCED_FACE('',(#1599),#1544,.T.);
#1601=CARTESIAN_POINT('',(29.326808838,5.711612543,8.74787542));
#1602=DIRECTION('',(1.,0.,0.));
#1603=DIRECTION('',(0.,0.,-1.));
#1604=AXIS2_PLACEMENT_3D('',#1601,#1602,#1603);
#1605=CYLINDRICAL_SURFACE('',#1604,3.694324957);
#1606=CARTESIAN_POINT('',(32.395586425,9.4059375,8.74787542));
#1607=VERTEX_POINT('',#1606);
#1608=CARTESIAN_POINT('',(32.395586425,9.4059375,8.74787542));
#1609=DIRECTION('',(1.,0.,-0.));
#1610=VECTOR('',#1609,0.152162388);
#1611=LINE('',#1608,#1610);
#1612=EDGE_CURVE('',#1607,#496,#1611,.T.);
#1613=ORIENTED_EDGE('',*,*,#1612,.F.);
#1614=CARTESIAN_POINT('',(32.395586425,9.4059375,8.74787542));
#1615=CARTESIAN_POINT('',(32.436497948,9.4059375,8.685683846));
#1616=CARTESIAN_POINT('',(32.485634319,9.404339292,8.628068841));
#1617=CARTESIAN_POINT('',(32.540963217,9.402013583,8.577648937));
#1618=B_SPLINE_CURVE_WITH_KNOTS('',3,(#1614,#1615,#1616,#1617),.UNSPECIFIED.,.F.,.F.,(4,4),(0.000717967,0.000941272),.UNSPECIFIED.);
#1619=EDGE_CURVE('',#1607,#1128,#1618,.T.);
#1620=ORIENTED_EDGE('',*,*,#1619,.T.);
#1621=ORIENTED_EDGE('',*,*,#1166,.T.);
#1622=ORIENTED_EDGE('',*,*,#510,.T.);
#1623=EDGE_LOOP('',(#1613,#1620,#1621,#1622));
#1624=FACE_BOUND('',#1623,.T.);
#1625=ADVANCED_FACE('',(#1624),#1605,.F.);
#1626=CARTESIAN_POINT('',(26.405808838,21.518121484,9.531269846));
#1627=DIRECTION('',(1.,0.,0.));
#1628=DIRECTION('',(0.,0.,-1.));
#1629=AXIS2_PLACEMENT_3D('',#1626,#1627,#1628);
#1630=CYLINDRICAL_SURFACE('',#1629,4.641012109);
#1631=CARTESIAN_POINT('',(34.932668213,17.028426799,8.355840123));
#1632=VERTEX_POINT('',#1631);
#1633=CARTESIAN_POINT('',(32.996793287,17.028426799,8.355840123));
#1634=VERTEX_POINT('',#1633);
#1635=CARTESIAN_POINT('',(34.932668213,17.028426799,8.355840123));
#1636=DIRECTION('',(-1.,0.,0.));
#1637=VECTOR('',#1636,1.935874926);
#1638=LINE('',#1635,#1637);
#1639=EDGE_CURVE('',#1632,#1634,#1638,.T.);
#1640=ORIENTED_EDGE('',*,*,#1639,.T.);
#1641=CARTESIAN_POINT('',(32.996793287,17.028426799,8.355840123));
#1642=CARTESIAN_POINT('',(32.786371535,17.019155232,8.391253984));
#1643=CARTESIAN_POINT('',(32.595631437,16.989910635,8.501229169));
#1644=CARTESIAN_POINT('',(32.459998629,16.95930354,8.661688134));
#1645=CARTESIAN_POINT('',(32.32436582,16.928696446,8.822147099));
#1646=CARTESIAN_POINT('',(32.247808838,16.899507359,9.028278073));
#1647=CARTESIAN_POINT('',(32.247808838,16.886169891,9.241411539));
#1648=B_SPLINE_CURVE_WITH_KNOTS('',3,(#1641,#1642,#1643,#1644,#1645,#1646,#1647),.UNSPECIFIED.,.F.,.F.,(4,3,4),(0.,0.0006314,0.0012628),.UNSPECIFIED.);
#1649=EDGE_CURVE('',#1634,#1339,#1648,.T.);
#1650=ORIENTED_EDGE('',*,*,#1649,.T.);
#1651=ORIENTED_EDGE('',*,*,#1345,.F.);
#1652=ORIENTED_EDGE('',*,*,#461,.F.);
#1653=CARTESIAN_POINT('',(34.932668213,21.518121484,9.531269846));
#1654=DIRECTION('',(1.,0.,-0.));
#1655=DIRECTION('',(0.,0.,1.));
#1656=AXIS2_PLACEMENT_3D('',#1653,#1654,#1655);
#1657=CIRCLE('',#1656,4.641012109);
#1658=EDGE_CURVE('',#448,#1632,#1657,.T.);
#1659=ORIENTED_EDGE('',*,*,#1658,.T.);
#1660=EDGE_LOOP('',(#1640,#1650,#1651,#1652,#1659));
#1661=FACE_BOUND('',#1660,.T.);
#1662=ADVANCED_FACE('',(#1661),#1630,.F.);
#1663=CARTESIAN_POINT('',(27.421808838,1.7859375,39.36924516));
#1664=DIRECTION('',(0.,-1.,0.));
#1665=DIRECTION('',(-1.,0.,0.));
#1666=AXIS2_PLACEMENT_3D('',#1663,#1664,#1665);
#1667=PLANE('',#1666);
#1668=CARTESIAN_POINT('',(35.549808838,1.7859375,10.221516334));
#1669=VERTEX_POINT('',#1668);
#1670=CARTESIAN_POINT('',(24.627899553,1.7859375,10.221516334));
#1671=VERTEX_POINT('',#1670);
#1672=CARTESIAN_POINT('',(35.549808838,1.7859375,10.221516337));
#1673=DIRECTION('',(-1.,0.,0.));
#1674=VECTOR('',#1673,10.921909285);
#1675=LINE('',#1672,#1674);
#1676=EDGE_CURVE('',#1669,#1671,#1675,.T.);
#1677=ORIENTED_EDGE('',*,*,#1676,.T.);
#1678=CARTESIAN_POINT('',(24.627899553,1.7859375,10.261166997));
#1679=DIRECTION('',(0.,0.,-1.));
#1680=VECTOR('',#1679,0.039650663);
#1681=LINE('',#1678,#1680);
#1682=EDGE_CURVE('',#1258,#1671,#1681,.T.);
#1683=ORIENTED_EDGE('',*,*,#1682,.F.);
#1684=ORIENTED_EDGE('',*,*,#1263,.F.);
#1685=CARTESIAN_POINT('',(35.549808838,1.7859375,10.261166998));
#1686=DIRECTION('',(0.,0.,-1.));
#1687=VECTOR('',#1686,0.039650664);
#1688=LINE('',#1685,#1687);
#1689=EDGE_CURVE('',#1250,#1669,#1688,.T.);
#1690=ORIENTED_EDGE('',*,*,#1689,.T.);
#1691=EDGE_LOOP('',(#1677,#1683,#1684,#1690));
#1692=FACE_BOUND('',#1691,.T.);
#1693=ADVANCED_FACE('',(#1692),#1667,.F.);
#1694=CARTESIAN_POINT('',(27.421808838,24.6459375,39.36924516));
#1695=DIRECTION('',(0.,1.,0.));
#1696=DIRECTION('',(1.,0.,0.));
#1697=AXIS2_PLACEMENT_3D('',#1694,#1695,#1696);
#1698=PLANE('',#1697);
#1699=ORIENTED_EDGE('',*,*,#1100,.T.);
#1700=CARTESIAN_POINT('',(35.549808838,24.6459375,9.434792177));
#1701=DIRECTION('',(-1.,0.,0.));
#1702=VECTOR('',#1701,9.44187947);
#1703=LINE('',#1700,#1702);
#1704=EDGE_CURVE('',#1307,#1094,#1703,.T.);
#1705=ORIENTED_EDGE('',*,*,#1704,.F.);
#1706=ORIENTED_EDGE('',*,*,#1312,.F.);
#1707=CARTESIAN_POINT('',(24.627899553,24.6459375,10.240247254));
#1708=VERTEX_POINT('',#1707);
#1709=CARTESIAN_POINT('',(24.627899553,24.6459375,10.240247254));
#1710=DIRECTION('',(1.,0.,-0.));
#1711=VECTOR('',#1710,10.921909285);
#1712=LINE('',#1709,#1711);
#1713=EDGE_CURVE('',#1708,#1299,#1712,.T.);
#1714=ORIENTED_EDGE('',*,*,#1713,.F.);
#1715=CARTESIAN_POINT('',(24.627899553,24.6459375,10.240155626));
#1716=DIRECTION('',(0.,0.,1.));
#1717=VECTOR('',#1716,0.000091628);
#1718=LINE('',#1715,#1717);
#1719=EDGE_CURVE('',#1069,#1708,#1718,.T.);
#1720=ORIENTED_EDGE('',*,*,#1719,.F.);
#1721=EDGE_LOOP('',(#1699,#1705,#1706,#1714,#1720));
#1722=FACE_BOUND('',#1721,.T.);
#1723=ADVANCED_FACE('',(#1722),#1698,.F.);
#1724=CARTESIAN_POINT('',(30.977808838,24.648261916,12.780246187));
#1725=DIRECTION('',(0.,-0.999999581,0.000915124));
#1726=DIRECTION('',(0.,-0.000915124,-0.999999581));
#1727=AXIS2_PLACEMENT_3D('',#1724,#1725,#1726);
#1728=PLANE('',#1727);
#1729=CARTESIAN_POINT('',(26.107929814,24.645200409,9.434792177));
#1730=DIRECTION('',(1.,0.,0.));
#1731=VECTOR('',#1730,9.441879025);
#1732=LINE('',#1729,#1731);
#1733=EDGE_CURVE('',#1104,#1315,#1732,.T.);
#1734=ORIENTED_EDGE('',*,*,#1733,.F.);
#1735=ORIENTED_EDGE('',*,*,#1110,.F.);
#1736=ORIENTED_EDGE('',*,*,#654,.T.);
#1737=ORIENTED_EDGE('',*,*,#1326,.T.);
#1738=EDGE_LOOP('',(#1734,#1735,#1736,#1737));
#1739=FACE_BOUND('',#1738,.T.);
#1740=ADVANCED_FACE('',(#1739),#1728,.F.);
#1741=CARTESIAN_POINT('',(35.549808838,13.2159375,39.36924516));
#1742=DIRECTION('',(-1.,0.,0.));
#1743=DIRECTION('',(0.,1.,0.));
#1744=AXIS2_PLACEMENT_3D('',#1741,#1742,#1743);
#1745=PLANE('',#1744);
#1746=ORIENTED_EDGE('',*,*,#1255,.T.);
#1747=CARTESIAN_POINT('',(35.549808838,1.82389868,10.26000015));
#1748=VERTEX_POINT('',#1747);
#1749=CARTESIAN_POINT('',(35.549808838,1.82389868,10.26000015));
#1750=DIRECTION('',(-0.,1.,-0.));
#1751=VECTOR('',#1750,1.23710797);
#1752=LINE('',#1749,#1751);
#1753=EDGE_CURVE('',#1748,#1242,#1752,.T.);
#1754=ORIENTED_EDGE('',*,*,#1753,.F.);
#1755=CARTESIAN_POINT('',(35.549808838,1.7859375,10.221516334));
#1756=DIRECTION('',(0.,0.702256046,0.711924466));
#1757=VECTOR('',#1756,0.054056039);
#1758=LINE('',#1755,#1757);
#1759=EDGE_CURVE('',#1669,#1748,#1758,.T.);
#1760=ORIENTED_EDGE('',*,*,#1759,.F.);
#1761=ORIENTED_EDGE('',*,*,#1689,.F.);
#1762=EDGE_LOOP('',(#1746,#1754,#1760,#1761));
#1763=FACE_BOUND('',#1762,.T.);
#1764=ADVANCED_FACE('',(#1763),#1745,.T.);
#1765=CARTESIAN_POINT('',(33.797605713,22.1059375,12.782571668));
#1766=DIRECTION('',(-1.,0.,0.));
#1767=DIRECTION('',(0.,0.,1.));
#1768=AXIS2_PLACEMENT_3D('',#1765,#1766,#1767);
#1769=CYLINDRICAL_SURFACE('',#1768,1.27);
#1770=CARTESIAN_POINT('',(34.282785401,22.1059375,14.052571668));
#1771=VERTEX_POINT('',#1770);
#1772=CARTESIAN_POINT('',(34.282785401,22.1059375,14.052571668));
#1773=DIRECTION('',(1.,-0.,-0.));
#1774=VECTOR('',#1773,1.01240332);
#1775=LINE('',#1772,#1774);
#1776=EDGE_CURVE('',#1771,#834,#1775,.T.);
#1777=ORIENTED_EDGE('',*,*,#1776,.F.);
#1778=CARTESIAN_POINT('',(34.282785401,23.349266626,13.041478376));
#1779=VERTEX_POINT('',#1778);
#1780=CARTESIAN_POINT('',(34.282785401,22.1059375,12.782571668));
#1781=DIRECTION('',(-1.,0.,0.));
#1782=DIRECTION('',(0.,0.,1.));
#1783=AXIS2_PLACEMENT_3D('',#1780,#1781,#1782);
#1784=CIRCLE('',#1783,1.27);
#1785=EDGE_CURVE('',#1771,#1779,#1784,.T.);
#1786=ORIENTED_EDGE('',*,*,#1785,.T.);
#1787=CARTESIAN_POINT('',(34.282785401,23.345152119,12.504637992));
#1788=VERTEX_POINT('',#1787);
#1789=CARTESIAN_POINT('',(34.282785401,22.1059375,12.782571668));
#1790=DIRECTION('',(-1.,0.,0.));
#1791=DIRECTION('',(0.,0.,1.));
#1792=AXIS2_PLACEMENT_3D('',#1789,#1790,#1791);
#1793=CIRCLE('',#1792,1.27);
#1794=EDGE_CURVE('',#1779,#1788,#1793,.T.);
#1795=ORIENTED_EDGE('',*,*,#1794,.T.);
#1796=CARTESIAN_POINT('',(34.282785401,22.1059375,12.782571668));
#1797=DIRECTION('',(-1.,0.,0.));
#1798=DIRECTION('',(0.,0.,1.));
#1799=AXIS2_PLACEMENT_3D('',#1796,#1797,#1798);
#1800=CIRCLE('',#1799,1.27);
#1801=EDGE_CURVE('',#1788,#715,#1800,.T.);
#1802=ORIENTED_EDGE('',*,*,#1801,.T.);
#1803=ORIENTED_EDGE('',*,*,#720,.T.);
#1804=ORIENTED_EDGE('',*,*,#758,.T.);
#1805=ORIENTED_EDGE('',*,*,#789,.T.);
#1806=ORIENTED_EDGE('',*,*,#822,.F.);
#1807=ORIENTED_EDGE('',*,*,#856,.T.);
#1808=ORIENTED_EDGE('',*,*,#849,.F.);
#1809=EDGE_LOOP('',(#1777,#1786,#1795,#1802,#1803,#1804,#1805,#1806,#1807,#1808));
#1810=FACE_BOUND('',#1809,.T.);
#1811=ADVANCED_FACE('',(#1810),#1769,.F.);
#1812=CARTESIAN_POINT('',(33.797605713,20.8359375,15.338842584));
#1813=DIRECTION('',(0.,0.,-1.));
#1814=DIRECTION('',(-1.,0.,0.));
#1815=AXIS2_PLACEMENT_3D('',#1812,#1813,#1814);
#1816=PLANE('',#1815);
#1817=CARTESIAN_POINT('',(34.282785401,22.461952731,15.338842584));
#1818=VERTEX_POINT('',#1817);
#1819=CARTESIAN_POINT('',(35.295188721,22.461952731,15.338842584));
#1820=DIRECTION('',(-1.,-0.,0.));
#1821=VECTOR('',#1820,1.01240332);
#1822=LINE('',#1819,#1821);
#1823=EDGE_CURVE('',#869,#1818,#1822,.T.);
#1824=ORIENTED_EDGE('',*,*,#1823,.T.);
#1825=CARTESIAN_POINT('',(34.282785401,21.361988724,15.338842584));
#1826=VERTEX_POINT('',#1825);
#1827=CARTESIAN_POINT('',(34.282785401,21.361988724,15.338842584));
#1828=DIRECTION('',(0.,1.,0.));
#1829=VECTOR('',#1828,1.099964007);
#1830=LINE('',#1827,#1829);
#1831=EDGE_CURVE('',#1826,#1818,#1830,.T.);
#1832=ORIENTED_EDGE('',*,*,#1831,.F.);
#1833=CARTESIAN_POINT('',(34.282785401,21.361988724,15.338842584));
#1834=DIRECTION('',(1.,-0.,-0.));
#1835=VECTOR('',#1834,1.01240332);
#1836=LINE('',#1833,#1835);
#1837=EDGE_CURVE('',#1826,#878,#1836,.T.);
#1838=ORIENTED_EDGE('',*,*,#1837,.T.);
#1839=ORIENTED_EDGE('',*,*,#883,.F.);
#1840=EDGE_LOOP('',(#1824,#1832,#1838,#1839));
#1841=FACE_BOUND('',#1840,.T.);
#1842=ADVANCED_FACE('',(#1841),#1816,.F.);
#1843=CARTESIAN_POINT('',(33.797605713,24.245410236,12.792482811));
#1844=DIRECTION('',(0.,0.999970631,-0.007664078));
#1845=DIRECTION('',(0.,0.007664078,0.999970631));
#1846=AXIS2_PLACEMENT_3D('',#1843,#1844,#1845);
#1847=PLANE('',#1846);
#1848=CARTESIAN_POINT('',(34.282785401,24.251108179,13.535921958));
#1849=VERTEX_POINT('',#1848);
#1850=CARTESIAN_POINT('',(34.282785401,24.251108179,13.535921958));
#1851=DIRECTION('',(1.,0.,-0.));
#1852=VECTOR('',#1851,1.01240332);
#1853=LINE('',#1850,#1852);
#1854=EDGE_CURVE('',#1849,#861,#1853,.T.);
#1855=ORIENTED_EDGE('',*,*,#1854,.T.);
#1856=ORIENTED_EDGE('',*,*,#866,.F.);
#1857=ORIENTED_EDGE('',*,*,#734,.T.);
#1858=CARTESIAN_POINT('',(34.282785401,24.251108179,13.535921958));
#1859=DIRECTION('',(0.,-0.007664078,-0.999970631));
#1860=VECTOR('',#1859,2.911050775);
#1861=LINE('',#1858,#1860);
#1862=EDGE_CURVE('',#1849,#723,#1861,.T.);
#1863=ORIENTED_EDGE('',*,*,#1862,.F.);
#1864=EDGE_LOOP('',(#1855,#1856,#1857,#1863));
#1865=FACE_BOUND('',#1864,.T.);
#1866=ADVANCED_FACE('',(#1865),#1847,.T.);
#1867=CARTESIAN_POINT('',(34.282785401,1.7859375,52.466120159));
#1868=DIRECTION('',(-1.,0.,0.));
#1869=DIRECTION('',(0.,0.,1.));
#1870=AXIS2_PLACEMENT_3D('',#1867,#1868,#1869);
#1871=PLANE('',#1870);
#1872=ORIENTED_EDGE('',*,*,#916,.F.);
#1873=ORIENTED_EDGE('',*,*,#799,.T.);
#1874=ORIENTED_EDGE('',*,*,#559,.T.);
#1875=CARTESIAN_POINT('',(34.282785401,21.361988724,13.54279136));
#1876=DIRECTION('',(-1.,0.,0.));
#1877=DIRECTION('',(0.,0.,1.));
#1878=AXIS2_PLACEMENT_3D('',#1875,#1876,#1877);
#1879=CIRCLE('',#1878,1.796051224);
#1880=EDGE_CURVE('',#546,#1826,#1879,.T.);
#1881=ORIENTED_EDGE('',*,*,#1880,.T.);
#1882=ORIENTED_EDGE('',*,*,#1831,.T.);
#1883=CARTESIAN_POINT('',(34.282785401,22.461952731,13.549634588));
#1884=DIRECTION('',(-1.,0.,0.));
#1885=DIRECTION('',(0.,0.,1.));
#1886=AXIS2_PLACEMENT_3D('',#1883,#1884,#1885);
#1887=CIRCLE('',#1886,1.789207996);
#1888=EDGE_CURVE('',#1818,#1849,#1887,.T.);
#1889=ORIENTED_EDGE('',*,*,#1888,.T.);
#1890=ORIENTED_EDGE('',*,*,#1862,.T.);
#1891=ORIENTED_EDGE('',*,*,#728,.T.);
#1892=ORIENTED_EDGE('',*,*,#1801,.F.);
#1893=ORIENTED_EDGE('',*,*,#1794,.F.);
#1894=ORIENTED_EDGE('',*,*,#1785,.F.);
#1895=CARTESIAN_POINT('',(34.282785401,22.1059375,12.782571668));
#1896=DIRECTION('',(-1.,0.,0.));
#1897=DIRECTION('',(0.,0.,1.));
#1898=AXIS2_PLACEMENT_3D('',#1895,#1896,#1897);
#1899=CIRCLE('',#1898,1.27);
#1900=EDGE_CURVE('',#911,#1771,#1899,.T.);
#1901=ORIENTED_EDGE('',*,*,#1900,.F.);
#1902=EDGE_LOOP('',(#1872,#1873,#1874,#1881,#1882,#1889,#1890,#1891,#1892,#1893,#1894,#1901));
#1903=FACE_BOUND('',#1902,.T.);
#1904=ADVANCED_FACE('',(#1903),#1871,.T.);
#1905=CARTESIAN_POINT('',(33.797605713,22.461952731,13.549634588));
#1906=DIRECTION('',(-1.,0.,0.));
#1907=DIRECTION('',(0.,0.,1.));
#1908=AXIS2_PLACEMENT_3D('',#1905,#1906,#1907);
#1909=CYLINDRICAL_SURFACE('',#1908,1.789207996);
#1910=ORIENTED_EDGE('',*,*,#1854,.F.);
#1911=ORIENTED_EDGE('',*,*,#1888,.F.);
#1912=ORIENTED_EDGE('',*,*,#1823,.F.);
#1913=ORIENTED_EDGE('',*,*,#875,.F.);
#1914=EDGE_LOOP('',(#1910,#1911,#1912,#1913));
#1915=FACE_BOUND('',#1914,.T.);
#1916=ADVANCED_FACE('',(#1915),#1909,.T.);
#1917=CARTESIAN_POINT('',(33.797605713,21.361988724,13.54279136));
#1918=DIRECTION('',(-1.,0.,0.));
#1919=DIRECTION('',(0.,0.,1.));
#1920=AXIS2_PLACEMENT_3D('',#1917,#1918,#1919);
#1921=CYLINDRICAL_SURFACE('',#1920,1.796051224);
#1922=ORIENTED_EDGE('',*,*,#1837,.F.);
#1923=ORIENTED_EDGE('',*,*,#1880,.F.);
#1924=ORIENTED_EDGE('',*,*,#551,.F.);
#1925=ORIENTED_EDGE('',*,*,#890,.F.);
#1926=EDGE_LOOP('',(#1922,#1923,#1924,#1925));
#1927=FACE_BOUND('',#1926,.T.);
#1928=ADVANCED_FACE('',(#1927),#1921,.T.);
#1929=CARTESIAN_POINT('',(26.405808838,13.2159375,39.36924516));
#1930=DIRECTION('',(-1.,0.,0.));
#1931=DIRECTION('',(0.,0.,1.));
#1932=AXIS2_PLACEMENT_3D('',#1929,#1930,#1931);
#1933=PLANE('',#1932);
#1934=CARTESIAN_POINT('',(26.405808838,9.383737066,8.343476641));
#1935=VERTEX_POINT('',#1934);
#1936=CARTESIAN_POINT('',(26.405808838,9.383737066,8.343385927));
#1937=DIRECTION('',(0.,1.,0.));
#1938=VECTOR('',#1937,7.802079691);
#1939=LINE('',#1936,#1938);
#1940=EDGE_CURVE('',#1935,#273,#1939,.T.);
#1941=ORIENTED_EDGE('',*,*,#1940,.T.);
#1942=ORIENTED_EDGE('',*,*,#279,.T.);
#1943=ORIENTED_EDGE('',*,*,#1028,.T.);
#1944=CARTESIAN_POINT('',(26.405808838,5.711612543,8.74787542));
#1945=DIRECTION('',(-1.,0.,0.));
#1946=DIRECTION('',(0.,0.,1.));
#1947=AXIS2_PLACEMENT_3D('',#1944,#1945,#1946);
#1948=CIRCLE('',#1947,3.694324957);
#1949=EDGE_CURVE('',#1016,#1935,#1948,.T.);
#1950=ORIENTED_EDGE('',*,*,#1949,.T.);
#1951=EDGE_LOOP('',(#1941,#1942,#1943,#1950));
#1952=FACE_BOUND('',#1951,.T.);
#1953=ADVANCED_FACE('',(#1952),#1933,.F.);
#1954=CARTESIAN_POINT('',(35.531757614,1.803988724,38.178620159));
#1955=DIRECTION('',(0.,0.,-1.));
#1956=DIRECTION('',(-1.,0.,0.));
#1957=AXIS2_PLACEMENT_3D('',#1954,#1955,#1956);
#1958=CYLINDRICAL_SURFACE('',#1957,1.796051224);
#1959=CARTESIAN_POINT('',(35.531757609,0.007941678,1.824905905));
#1960=VERTEX_POINT('',#1959);
#1961=CARTESIAN_POINT('',(35.531757614,0.0079375,1.824905905));
#1962=DIRECTION('',(-0.,-0.,1.));
#1963=VECTOR('',#1962,8.437888184);
#1964=LINE('',#1961,#1963);
#1965=EDGE_CURVE('',#1960,#1275,#1964,.T.);
#1966=ORIENTED_EDGE('',*,*,#1965,.F.);
#1967=CARTESIAN_POINT('',(37.327815214,1.803988721,1.824905896));
#1968=VERTEX_POINT('',#1967);
#1969=CARTESIAN_POINT('',(35.531757614,1.803988724,1.824905901));
#1970=DIRECTION('',(0.,0.,-1.));
#1971=DIRECTION('',(-1.,0.,0.));
#1972=AXIS2_PLACEMENT_3D('',#1969,#1970,#1971);
#1973=CIRCLE('',#1972,1.796051224);
#1974=EDGE_CURVE('',#1968,#1960,#1973,.T.);
#1975=ORIENTED_EDGE('',*,*,#1974,.F.);
#1976=CARTESIAN_POINT('',(37.327808838,1.803988724,10.261150479));
#1977=DIRECTION('',(-0.,-0.,-1.));
#1978=VECTOR('',#1977,8.436244583);
#1979=LINE('',#1976,#1978);
#1980=EDGE_CURVE('',#1234,#1968,#1979,.T.);
#1981=ORIENTED_EDGE('',*,*,#1980,.F.);
#1982=ORIENTED_EDGE('',*,*,#1287,.T.);
#1983=EDGE_LOOP('',(#1966,#1975,#1981,#1982));
#1984=FACE_BOUND('',#1983,.T.);
#1985=ADVANCED_FACE('',(#1984),#1958,.T.);
#1986=CARTESIAN_POINT('',(35.531757614,24.627886276,38.178620159));
#1987=DIRECTION('',(0.,0.,1.));
#1988=DIRECTION('',(1.,0.,-0.));
#1989=AXIS2_PLACEMENT_3D('',#1986,#1987,#1988);
#1990=CYLINDRICAL_SURFACE('',#1989,1.796051224);
#1991=CARTESIAN_POINT('',(37.327808838,24.627886276,7.648854677));
#1992=VERTEX_POINT('',#1991);
#1993=CARTESIAN_POINT('',(37.327808838,24.627886276,10.240263772));
#1994=VERTEX_POINT('',#1993);
#1995=CARTESIAN_POINT('',(37.327808838,24.627886276,7.648854677));
#1996=DIRECTION('',(0.,0.,1.));
#1997=VECTOR('',#1996,2.591409096);
#1998=LINE('',#1995,#1997);
#1999=EDGE_CURVE('',#1992,#1994,#1998,.T.);
#2000=ORIENTED_EDGE('',*,*,#1999,.F.);
#2001=CARTESIAN_POINT('',(35.531757614,24.627886276,7.648854677));
#2002=DIRECTION('',(0.,0.,-1.));
#2003=DIRECTION('',(-1.,0.,0.));
#2004=AXIS2_PLACEMENT_3D('',#2001,#2002,#2003);
#2005=CIRCLE('',#2004,1.796051224);
#2006=EDGE_CURVE('',#111,#1992,#2005,.T.);
#2007=ORIENTED_EDGE('',*,*,#2006,.F.);
#2008=ORIENTED_EDGE('',*,*,#116,.F.);
#2009=CARTESIAN_POINT('',(35.531757614,24.627886276,10.240263773));
#2010=DIRECTION('',(-0.,-0.000915124,-0.999999581));
#2011=DIRECTION('',(0.,-0.999999581,0.000915124));
#2012=AXIS2_PLACEMENT_3D('',#2009,#2010,#2011);
#2013=ELLIPSE('',#2012,1.796051976,1.796051224);
#2014=EDGE_CURVE('',#103,#1994,#2013,.T.);
#2015=ORIENTED_EDGE('',*,*,#2014,.T.);
#2016=EDGE_LOOP('',(#2000,#2007,#2008,#2015));
#2017=FACE_BOUND('',#2016,.T.);
#2018=ADVANCED_FACE('',(#2017),#1990,.T.);
#2019=CARTESIAN_POINT('',(26.423860063,24.627886276,38.178620159));
#2020=DIRECTION('',(0.,0.,1.));
#2021=DIRECTION('',(1.,0.,-0.));
#2022=AXIS2_PLACEMENT_3D('',#2019,#2020,#2021);
#2023=CYLINDRICAL_SURFACE('',#2022,1.796051224);
#2024=ORIENTED_EDGE('',*,*,#100,.F.);
#2025=ORIENTED_EDGE('',*,*,#221,.T.);
#2026=CARTESIAN_POINT('',(24.627808838,24.627886276,10.218889677));
#2027=DIRECTION('',(0.,0.,-1.));
#2028=VECTOR('',#2027,0.089566251);
#2029=LINE('',#2026,#2028);
#2030=EDGE_CURVE('',#665,#215,#2029,.T.);
#2031=ORIENTED_EDGE('',*,*,#2030,.F.);
#2032=ORIENTED_EDGE('',*,*,#671,.F.);
#2033=ORIENTED_EDGE('',*,*,#1075,.T.);
#2034=ORIENTED_EDGE('',*,*,#1719,.T.);
#2035=CARTESIAN_POINT('',(26.423860063,24.627886276,10.240263773));
#2036=DIRECTION('',(-0.,-0.000915124,-0.999999581));
#2037=DIRECTION('',(0.,-0.999999581,0.000915124));
#2038=AXIS2_PLACEMENT_3D('',#2035,#2036,#2037);
#2039=ELLIPSE('',#2038,1.796051976,1.796051224);
#2040=EDGE_CURVE('',#1708,#95,#2039,.T.);
#2041=ORIENTED_EDGE('',*,*,#2040,.T.);
#2042=EDGE_LOOP('',(#2024,#2025,#2031,#2032,#2033,#2034,#2041));
#2043=FACE_BOUND('',#2042,.T.);
#2044=ADVANCED_FACE('',(#2043),#2023,.T.);
#2045=CARTESIAN_POINT('',(26.423860063,1.803988724,38.178620159));
#2046=DIRECTION('',(0.,0.,-1.));
#2047=DIRECTION('',(-1.,0.,0.));
#2048=AXIS2_PLACEMENT_3D('',#2045,#2046,#2047);
#2049=CYLINDRICAL_SURFACE('',#2048,1.796051224);
#2050=CARTESIAN_POINT('',(26.423860063,0.0079375,10.129323427));
#2051=VERTEX_POINT('',#2050);
#2052=CARTESIAN_POINT('',(24.627808839,1.803988724,10.129323427));
#2053=VERTEX_POINT('',#2052);
#2054=CARTESIAN_POINT('',(26.423860063,1.803988724,10.129323427));
#2055=DIRECTION('',(0.,0.,-1.));
#2056=DIRECTION('',(-1.,0.,0.));
#2057=AXIS2_PLACEMENT_3D('',#2054,#2055,#2056);
#2058=CIRCLE('',#2057,1.796051224);
#2059=EDGE_CURVE('',#2051,#2053,#2058,.T.);
#2060=ORIENTED_EDGE('',*,*,#2059,.F.);
#2061=CARTESIAN_POINT('',(26.423860063,0.0079375,10.262794088));
#2062=DIRECTION('',(0.,0.,-1.));
#2063=VECTOR('',#2062,0.133470662);
#2064=LINE('',#2061,#2063);
#2065=EDGE_CURVE('',#1266,#2051,#2064,.T.);
#2066=ORIENTED_EDGE('',*,*,#2065,.F.);
#2067=ORIENTED_EDGE('',*,*,#1272,.T.);
#2068=ORIENTED_EDGE('',*,*,#1682,.T.);
#2069=CARTESIAN_POINT('',(24.627808838,1.803988724,10.239816081));
#2070=VERTEX_POINT('',#2069);
#2071=CARTESIAN_POINT('',(26.423860063,1.803988724,10.239816081));
#2072=DIRECTION('',(-0.,0.711924466,-0.702256046));
#2073=DIRECTION('',(0.,-0.702256046,-0.711924466));
#2074=AXIS2_PLACEMENT_3D('',#2071,#2072,#2073);
#2075=ELLIPSE('',#2074,2.557544693,1.796051224);
#2076=EDGE_CURVE('',#1671,#2070,#2075,.T.);
#2077=ORIENTED_EDGE('',*,*,#2076,.T.);
#2078=CARTESIAN_POINT('',(24.627808838,1.803988724,10.129323427));
#2079=DIRECTION('',(-0.,-0.,1.));
#2080=VECTOR('',#2079,0.110492654);
#2081=LINE('',#2078,#2080);
#2082=EDGE_CURVE('',#2053,#2070,#2081,.T.);
#2083=ORIENTED_EDGE('',*,*,#2082,.F.);
#2084=EDGE_LOOP('',(#2060,#2066,#2067,#2068,#2077,#2083));
#2085=FACE_BOUND('',#2084,.T.);
#2086=ADVANCED_FACE('',(#2085),#2049,.T.);
#2087=CARTESIAN_POINT('',(26.405808838,0.0079375,38.178620159));
#2088=DIRECTION('',(0.,-1.,0.));
#2089=DIRECTION('',(0.,0.,-1.));
#2090=AXIS2_PLACEMENT_3D('',#2087,#2088,#2089);
#2091=PLANE('',#2090);
#2092=ORIENTED_EDGE('',*,*,#2065,.T.);
#2093=CARTESIAN_POINT('',(24.627808838,0.0079375,10.129323427));
#2094=VERTEX_POINT('',#2093);
#2095=CARTESIAN_POINT('',(24.627808838,0.0079375,10.129323427));
#2096=DIRECTION('',(1.,0.,0.));
#2097=VECTOR('',#2096,1.796051225);
#2098=LINE('',#2095,#2097);
#2099=EDGE_CURVE('',#2094,#2051,#2098,.T.);
#2100=ORIENTED_EDGE('',*,*,#2099,.F.);
#2101=CARTESIAN_POINT('',(24.627808838,0.0079375,1.824905901));
#2102=VERTEX_POINT('',#2101);
#2103=CARTESIAN_POINT('',(24.627808838,0.0079375,1.824905901));
#2104=DIRECTION('',(0.,0.,1.));
#2105=VECTOR('',#2104,8.304417526);
#2106=LINE('',#2103,#2105);
#2107=EDGE_CURVE('',#2102,#2094,#2106,.T.);
#2108=ORIENTED_EDGE('',*,*,#2107,.F.);
#2109=CARTESIAN_POINT('',(24.627808838,0.0079375,1.824905901));
#2110=DIRECTION('',(1.,0.,0.));
#2111=VECTOR('',#2110,10.90394877);
#2112=LINE('',#2109,#2111);
#2113=EDGE_CURVE('',#2102,#1960,#2112,.T.);
#2114=ORIENTED_EDGE('',*,*,#2113,.T.);
#2115=ORIENTED_EDGE('',*,*,#1965,.T.);
#2116=ORIENTED_EDGE('',*,*,#1280,.F.);
#2117=EDGE_LOOP('',(#2092,#2100,#2108,#2114,#2115,#2116));
#2118=FACE_BOUND('',#2117,.T.);
#2119=ADVANCED_FACE('',(#2118),#2091,.T.);
#2120=CARTESIAN_POINT('',(37.327808838,1.7859375,38.178620159));
#2121=DIRECTION('',(1.,0.,0.));
#2122=DIRECTION('',(0.,1.,0.));
#2123=AXIS2_PLACEMENT_3D('',#2120,#2121,#2122);
#2124=PLANE('',#2123);
#2125=ORIENTED_EDGE('',*,*,#1980,.T.);
#2126=CARTESIAN_POINT('',(37.327808838,24.627886276,1.824905901));
#2127=VERTEX_POINT('',#2126);
#2128=CARTESIAN_POINT('',(37.327808838,1.803988721,1.824905901));
#2129=DIRECTION('',(0.,1.,0.));
#2130=VECTOR('',#2129,22.823897555);
#2131=LINE('',#2128,#2130);
#2132=EDGE_CURVE('',#1968,#2127,#2131,.T.);
#2133=ORIENTED_EDGE('',*,*,#2132,.T.);
#2134=CARTESIAN_POINT('',(37.327808838,24.627886276,1.824905901));
#2135=DIRECTION('',(0.,0.,1.));
#2136=VECTOR('',#2135,5.823948776);
#2137=LINE('',#2134,#2136);
#2138=EDGE_CURVE('',#2127,#1992,#2137,.T.);
#2139=ORIENTED_EDGE('',*,*,#2138,.T.);
#2140=ORIENTED_EDGE('',*,*,#1999,.T.);
#2141=CARTESIAN_POINT('',(37.327808838,18.822810341,10.24557614));
#2142=VERTEX_POINT('',#2141);
#2143=CARTESIAN_POINT('',(37.327808838,24.627886276,10.240263772));
#2144=DIRECTION('',(0.,-0.999999581,0.000915124));
#2145=VECTOR('',#2144,5.805078366);
#2146=LINE('',#2143,#2145);
#2147=EDGE_CURVE('',#1994,#2142,#2146,.T.);
#2148=ORIENTED_EDGE('',*,*,#2147,.T.);
#2149=CARTESIAN_POINT('',(37.327808838,18.771731308,10.244896086));
#2150=VERTEX_POINT('',#2149);
#2151=CARTESIAN_POINT('',(37.327808838,18.821167483,8.450346907));
#2152=DIRECTION('',(-1.,-0.,-0.));
#2153=DIRECTION('',(0.,0.,-1.));
#2154=AXIS2_PLACEMENT_3D('',#2151,#2152,#2153);
#2155=CIRCLE('',#2154,1.795229983);
#2156=EDGE_CURVE('',#2150,#2142,#2155,.T.);
#2157=ORIENTED_EDGE('',*,*,#2156,.F.);
#2158=CARTESIAN_POINT('',(37.327808838,16.877109375,10.244896086));
#2159=DIRECTION('',(0.,1.,0.));
#2160=VECTOR('',#2159,1.894621933);
#2161=LINE('',#2158,#2160);
#2162=EDGE_CURVE('',#432,#2150,#2161,.T.);
#2163=ORIENTED_EDGE('',*,*,#2162,.F.);
#2164=ORIENTED_EDGE('',*,*,#437,.F.);
#2165=CARTESIAN_POINT('',(37.327808838,16.877109375,10.247356698));
#2166=DIRECTION('',(0.,-0.999999581,0.000915124));
#2167=VECTOR('',#2166,7.476435293);
#2168=LINE('',#2165,#2167);
#2169=EDGE_CURVE('',#424,#1210,#2168,.T.);
#2170=ORIENTED_EDGE('',*,*,#2169,.T.);
#2171=ORIENTED_EDGE('',*,*,#1215,.T.);
#2172=CARTESIAN_POINT('',(37.327808838,3.06100665,10.26000015));
#2173=DIRECTION('',(0.,1.,0.));
#2174=VECTOR('',#2173,6.339670563);
#2175=LINE('',#2172,#2174);
#2176=EDGE_CURVE('',#1232,#1202,#2175,.T.);
#2177=ORIENTED_EDGE('',*,*,#2176,.F.);
#2178=ORIENTED_EDGE('',*,*,#1239,.T.);
#2179=EDGE_LOOP('',(#2125,#2133,#2139,#2140,#2148,#2157,#2163,#2164,#2170,#2171,#2177,#2178));
#2180=FACE_BOUND('',#2179,.T.);
#2181=ADVANCED_FACE('',(#2180),#2124,.T.);
#2182=CARTESIAN_POINT('',(22.444996338,13.2159375,10.250707126));
#2183=DIRECTION('',(0.,0.000915124,0.999999581));
#2184=DIRECTION('',(0.,-0.999999581,0.000915124));
#2185=AXIS2_PLACEMENT_3D('',#2182,#2183,#2184);
#2186=PLANE('',#2185);
#2187=ORIENTED_EDGE('',*,*,#429,.F.);
#2188=ORIENTED_EDGE('',*,*,#390,.F.);
#2189=ORIENTED_EDGE('',*,*,#1221,.F.);
#2190=ORIENTED_EDGE('',*,*,#2169,.F.);
#2191=EDGE_LOOP('',(#2187,#2188,#2189,#2190));
#2192=FACE_BOUND('',#2191,.T.);
#2193=ADVANCED_FACE('',(#2192),#2186,.T.);
#2194=CARTESIAN_POINT('',(27.844480713,4.328260852,12.798841521));
#2195=DIRECTION('',(0.,-0.711924466,0.702256046));
#2196=DIRECTION('',(-1.,0.,0.));
#2197=AXIS2_PLACEMENT_3D('',#2194,#2195,#2196);
#2198=PLANE('',#2197);
#2199=ORIENTED_EDGE('',*,*,#1183,.F.);
#2200=ORIENTED_EDGE('',*,*,#972,.F.);
#2201=CARTESIAN_POINT('',(24.627808838,1.803988724,10.239816081));
#2202=DIRECTION('',(0.,0.702256046,0.711924466));
#2203=VECTOR('',#2202,0.029812891);
#2204=LINE('',#2201,#2203);
#2205=EDGE_CURVE('',#2070,#958,#2204,.T.);
#2206=ORIENTED_EDGE('',*,*,#2205,.F.);
#2207=ORIENTED_EDGE('',*,*,#2076,.F.);
#2208=ORIENTED_EDGE('',*,*,#1676,.F.);
#2209=ORIENTED_EDGE('',*,*,#1759,.T.);
#2210=CARTESIAN_POINT('',(35.295808838,1.82389868,10.26000015));
#2211=VERTEX_POINT('',#2210);
#2212=CARTESIAN_POINT('',(35.549808838,1.82389868,10.26000015));
#2213=DIRECTION('',(-1.,0.,0.));
#2214=VECTOR('',#2213,0.254);
#2215=LINE('',#2212,#2214);
#2216=EDGE_CURVE('',#1748,#2211,#2215,.T.);
#2217=ORIENTED_EDGE('',*,*,#2216,.T.);
#2218=CARTESIAN_POINT('',(35.295808838,2.166903923,10.607727772));
#2219=VERTEX_POINT('',#2218);
#2220=CARTESIAN_POINT('',(35.295808838,1.82389868,10.26000015));
#2221=DIRECTION('',(0.,0.702256046,0.711924466));
#2222=VECTOR('',#2221,0.488433307);
#2223=LINE('',#2220,#2222);
#2224=EDGE_CURVE('',#2211,#2219,#2223,.T.);
#2225=ORIENTED_EDGE('',*,*,#2224,.T.);
#2226=CARTESIAN_POINT('',(35.295808838,2.166903923,10.607727772));
#2227=DIRECTION('',(-1.,0.,0.));
#2228=VECTOR('',#2227,1.01203125);
#2229=LINE('',#2226,#2228);
#2230=EDGE_CURVE('',#2219,#1559,#2229,.T.);
#2231=ORIENTED_EDGE('',*,*,#2230,.T.);
#2232=ORIENTED_EDGE('',*,*,#1564,.T.);
#2233=ORIENTED_EDGE('',*,*,#1428,.F.);
#2234=CARTESIAN_POINT('',(34.278816651,3.242679767,11.698314529));
#2235=VERTEX_POINT('',#2234);
#2236=CARTESIAN_POINT('',(34.278816651,3.242679767,11.698314529));
#2237=DIRECTION('',(0.,0.702256046,0.711924466));
#2238=VECTOR('',#2237,0.274218219);
#2239=LINE('',#2236,#2238);
#2240=EDGE_CURVE('',#2235,#1414,#2239,.T.);
#2241=ORIENTED_EDGE('',*,*,#2240,.F.);
#2242=CARTESIAN_POINT('',(34.278816651,1.825014407,10.261131239));
#2243=VERTEX_POINT('',#2242);
#2244=CARTESIAN_POINT('',(34.278816651,3.242679767,11.698314529));
#2245=DIRECTION('',(0.,-0.702256046,-0.711924466));
#2246=VECTOR('',#2245,2.018730017);
#2247=LINE('',#2244,#2246);
#2248=EDGE_CURVE('',#2235,#2243,#2247,.T.);
#2249=ORIENTED_EDGE('',*,*,#2248,.T.);
#2250=CARTESIAN_POINT('',(34.278816651,1.825014407,10.261131239));
#2251=DIRECTION('',(-1.,0.,0.));
#2252=VECTOR('',#2251,9.609335938);
#2253=LINE('',#2250,#2252);
#2254=EDGE_CURVE('',#2243,#1178,#2253,.T.);
#2255=ORIENTED_EDGE('',*,*,#2254,.T.);
#2256=EDGE_LOOP('',(#2199,#2200,#2206,#2207,#2208,#2209,#2217,#2225,#2231,#2232,#2233,#2241,#2249,#2255));
#2257=FACE_BOUND('',#2256,.T.);
#2258=ADVANCED_FACE('',(#2257),#2198,.T.);
#2259=CARTESIAN_POINT('',(24.62607251,13.218261916,12.790706062));
#2260=DIRECTION('',(1.,0.,0.));
#2261=DIRECTION('',(0.,0.,-1.));
#2262=AXIS2_PLACEMENT_3D('',#2259,#2260,#2261);
#2263=PLANE('',#2262);
#2264=ORIENTED_EDGE('',*,*,#696,.T.);
#2265=ORIENTED_EDGE('',*,*,#1044,.T.);
#2266=CARTESIAN_POINT('',(24.62607251,18.822810341,10.24557614));
#2267=VERTEX_POINT('',#2266);
#2268=CARTESIAN_POINT('',(24.62607251,18.821167483,8.450346907));
#2269=DIRECTION('',(-1.,-0.,-0.));
#2270=DIRECTION('',(0.,0.,-1.));
#2271=AXIS2_PLACEMENT_3D('',#2268,#2269,#2270);
#2272=CIRCLE('',#2271,1.795229983);
#2273=EDGE_CURVE('',#1039,#2267,#2272,.T.);
#2274=ORIENTED_EDGE('',*,*,#2273,.T.);
#2275=CARTESIAN_POINT('',(24.62607251,18.822810341,10.24557614));
#2276=DIRECTION('',(0.,0.999999581,-0.000915124));
#2277=VECTOR('',#2276,5.784052671);
#2278=LINE('',#2275,#2277);
#2279=EDGE_CURVE('',#2267,#691,#2278,.T.);
#2280=ORIENTED_EDGE('',*,*,#2279,.T.);
#2281=EDGE_LOOP('',(#2264,#2265,#2274,#2280));
#2282=FACE_BOUND('',#2281,.T.);
#2283=ADVANCED_FACE('',(#2282),#2263,.F.);
#2284=CARTESIAN_POINT('',(29.326808838,9.4059375,1.070807659));
#2285=DIRECTION('',(0.,1.,0.));
#2286=DIRECTION('',(1.,0.,0.));
#2287=AXIS2_PLACEMENT_3D('',#2284,#2285,#2286);
#2288=PLANE('',#2287);
#2289=CARTESIAN_POINT('',(33.14583445,9.4059375,9.241411539));
#2290=DIRECTION('',(0.,1.,0.));
#2291=DIRECTION('',(0.,-0.,1.));
#2292=AXIS2_PLACEMENT_3D('',#2289,#2290,#2291);
#2293=CIRCLE('',#2292,0.898025612);
#2294=EDGE_CURVE('',#1607,#1348,#2293,.T.);
#2295=ORIENTED_EDGE('',*,*,#2294,.F.);
#2296=ORIENTED_EDGE('',*,*,#1612,.T.);
#2297=ORIENTED_EDGE('',*,*,#501,.F.);
#2298=CARTESIAN_POINT('',(34.130210043,9.4059375,11.718159224));
#2299=DIRECTION('',(-1.,0.,0.));
#2300=VECTOR('',#2299,1.58246123);
#2301=LINE('',#2298,#2300);
#2302=EDGE_CURVE('',#362,#487,#2301,.T.);
#2303=ORIENTED_EDGE('',*,*,#2302,.F.);
#2304=ORIENTED_EDGE('',*,*,#367,.F.);
#2305=CARTESIAN_POINT('',(33.954936754,9.405937429,11.896168827));
#2306=DIRECTION('',(-1.,0.,0.));
#2307=VECTOR('',#2306,1.707127915);
#2308=LINE('',#2305,#2307);
#2309=EDGE_CURVE('',#360,#1356,#2308,.T.);
#2310=ORIENTED_EDGE('',*,*,#2309,.T.);
#2311=ORIENTED_EDGE('',*,*,#1361,.F.);
#2312=EDGE_LOOP('',(#2295,#2296,#2297,#2303,#2304,#2310,#2311));
#2313=FACE_BOUND('',#2312,.T.);
#2314=ADVANCED_FACE('',(#2313),#2288,.F.);
#2315=CARTESIAN_POINT('',(29.326808838,5.711612543,8.74787542));
#2316=DIRECTION('',(1.,0.,0.));
#2317=DIRECTION('',(0.,0.,-1.));
#2318=AXIS2_PLACEMENT_3D('',#2315,#2316,#2317);
#2319=CYLINDRICAL_SURFACE('',#2318,3.694324957);
#2320=ORIENTED_EDGE('',*,*,#1133,.T.);
#2321=CARTESIAN_POINT('',(33.14583445,9.383727028,8.343385494));
#2322=VERTEX_POINT('',#2321);
#2323=CARTESIAN_POINT('',(32.540963217,9.402013583,8.577648937));
#2324=CARTESIAN_POINT('',(32.622591039,9.39858242,8.503263461));
#2325=CARTESIAN_POINT('',(32.718802508,9.39361659,8.443770855));
#2326=CARTESIAN_POINT('',(32.821535409,9.389897134,8.403986836));
#2327=CARTESIAN_POINT('',(32.87290186,9.388037405,8.384094827));
#2328=CARTESIAN_POINT('',(32.926875629,9.386444343,8.368728701));
#2329=CARTESIAN_POINT('',(32.981330507,9.385369111,8.358581741));
#2330=CARTESIAN_POINT('',(33.035785384,9.384293879,8.34843478));
#2331=CARTESIAN_POINT('',(33.090621103,9.383727074,8.343385918));
#2332=CARTESIAN_POINT('',(33.145834483,9.383727075,8.343385927));
#2333=B_SPLINE_CURVE_WITH_KNOTS('',3,(#2323,#2324,#2325,#2326,#2327,#2328,#2329,#2330,#2331,#2332),.UNSPECIFIED.,.F.,.F.,(4,3,3,4),(0.001666006,0.001996228,0.002161338,0.002326449),.UNSPECIFIED.);
#2334=EDGE_CURVE('',#1128,#2322,#2333,.T.);
#2335=ORIENTED_EDGE('',*,*,#2334,.T.);
#2336=CARTESIAN_POINT('',(26.423860062,9.383727028,8.343385494));
#2337=VERTEX_POINT('',#2336);
#2338=CARTESIAN_POINT('',(26.423860062,9.383727028,8.343385494));
#2339=DIRECTION('',(1.,0.,-0.));
#2340=VECTOR('',#2339,6.721974388);
#2341=LINE('',#2338,#2340);
#2342=EDGE_CURVE('',#2337,#2322,#2341,.T.);
#2343=ORIENTED_EDGE('',*,*,#2342,.F.);
#2344=CARTESIAN_POINT('',(26.405808838,9.383727075,8.343385927));
#2345=DIRECTION('',(1.,0.,-0.));
#2346=VECTOR('',#2345,0.018051224);
#2347=LINE('',#2344,#2346);
#2348=EDGE_CURVE('',#1935,#2337,#2347,.T.);
#2349=ORIENTED_EDGE('',*,*,#2348,.F.);
#2350=ORIENTED_EDGE('',*,*,#1949,.F.);
#2351=ORIENTED_EDGE('',*,*,#1022,.T.);
#2352=EDGE_LOOP('',(#2320,#2335,#2343,#2349,#2350,#2351));
#2353=FACE_BOUND('',#2352,.T.);
#2354=ADVANCED_FACE('',(#2353),#2319,.T.);
#2355=CARTESIAN_POINT('',(28.945808838,13.2159375,10.250707126));
#2356=DIRECTION('',(0.,0.000915124,0.999999581));
#2357=DIRECTION('',(0.,-0.999999581,0.000915124));
#2358=AXIS2_PLACEMENT_3D('',#2355,#2356,#2357);
#2359=PLANE('',#2358);
#2360=CARTESIAN_POINT('',(24.62607251,18.822810341,10.24557614));
#2361=DIRECTION('',(1.,0.,-0.));
#2362=VECTOR('',#2361,12.701736328);
#2363=LINE('',#2360,#2362);
#2364=EDGE_CURVE('',#2267,#2142,#2363,.T.);
#2365=ORIENTED_EDGE('',*,*,#2364,.T.);
#2366=ORIENTED_EDGE('',*,*,#2147,.F.);
#2367=ORIENTED_EDGE('',*,*,#2014,.F.);
#2368=ORIENTED_EDGE('',*,*,#108,.F.);
#2369=ORIENTED_EDGE('',*,*,#2040,.F.);
#2370=ORIENTED_EDGE('',*,*,#1713,.T.);
#2371=ORIENTED_EDGE('',*,*,#1304,.F.);
#2372=ORIENTED_EDGE('',*,*,#638,.F.);
#2373=ORIENTED_EDGE('',*,*,#605,.F.);
#2374=CARTESIAN_POINT('',(35.571649998,19.5659375,10.244896086));
#2375=DIRECTION('',(-1.,0.,0.));
#2376=VECTOR('',#2375,0.276461277);
#2377=LINE('',#2374,#2376);
#2378=EDGE_CURVE('',#594,#528,#2377,.T.);
#2379=ORIENTED_EDGE('',*,*,#2378,.T.);
#2380=ORIENTED_EDGE('',*,*,#535,.T.);
#2381=ORIENTED_EDGE('',*,*,#765,.T.);
#2382=ORIENTED_EDGE('',*,*,#704,.T.);
#2383=ORIENTED_EDGE('',*,*,#2279,.F.);
#2384=EDGE_LOOP('',(#2365,#2366,#2367,#2368,#2369,#2370,#2371,#2372,#2373,#2379,#2380,#2381,#2382,#2383));
#2385=FACE_BOUND('',#2384,.T.);
#2386=ADVANCED_FACE('',(#2385),#2359,.T.);
#2387=CARTESIAN_POINT('',(28.945808838,13.2159375,10.250707126));
#2388=DIRECTION('',(0.,0.000915124,0.999999581));
#2389=DIRECTION('',(0.,-0.999999581,0.000915124));
#2390=AXIS2_PLACEMENT_3D('',#2387,#2388,#2389);
#2391=PLANE('',#2390);
#2392=ORIENTED_EDGE('',*,*,#1189,.F.);
#2393=ORIENTED_EDGE('',*,*,#2254,.F.);
#2394=CARTESIAN_POINT('',(34.278816651,1.825014407,10.261131237));
#2395=DIRECTION('',(0.,0.999999581,-0.000915124));
#2396=VECTOR('',#2395,5.785696285);
#2397=LINE('',#2394,#2396);
#2398=EDGE_CURVE('',#2243,#1146,#2397,.T.);
#2399=ORIENTED_EDGE('',*,*,#2398,.T.);
#2400=ORIENTED_EDGE('',*,*,#1151,.T.);
#2401=EDGE_LOOP('',(#2392,#2393,#2399,#2400));
#2402=FACE_BOUND('',#2401,.T.);
#2403=ADVANCED_FACE('',(#2402),#2391,.T.);
#2404=CARTESIAN_POINT('',(34.278816651,1.7859375,52.466120159));
#2405=DIRECTION('',(-1.,0.,0.));
#2406=DIRECTION('',(0.,0.,1.));
#2407=AXIS2_PLACEMENT_3D('',#2404,#2405,#2406);
#2408=PLANE('',#2407);
#2409=ORIENTED_EDGE('',*,*,#335,.F.);
#2410=ORIENTED_EDGE('',*,*,#1158,.T.);
#2411=ORIENTED_EDGE('',*,*,#2398,.F.);
#2412=ORIENTED_EDGE('',*,*,#2248,.F.);
#2413=ORIENTED_EDGE('',*,*,#2240,.T.);
#2414=ORIENTED_EDGE('',*,*,#1420,.F.);
#2415=ORIENTED_EDGE('',*,*,#1510,.T.);
#2416=CARTESIAN_POINT('',(34.278816651,6.8659375,10.259998447));
#2417=VERTEX_POINT('',#2416);
#2418=CARTESIAN_POINT('',(34.278816651,6.8659375,12.497513736));
#2419=DIRECTION('',(0.,0.,-1.));
#2420=VECTOR('',#2419,2.237515289);
#2421=LINE('',#2418,#2420);
#2422=EDGE_CURVE('',#1498,#2417,#2421,.T.);
#2423=ORIENTED_EDGE('',*,*,#2422,.T.);
#2424=CARTESIAN_POINT('',(34.278816651,6.8659375,10.26000015));
#2425=DIRECTION('',(0.,1.,0.));
#2426=VECTOR('',#2425,2.534739712);
#2427=LINE('',#2424,#2426);
#2428=EDGE_CURVE('',#2417,#330,#2427,.T.);
#2429=ORIENTED_EDGE('',*,*,#2428,.T.);
#2430=EDGE_LOOP('',(#2409,#2410,#2411,#2412,#2413,#2414,#2415,#2423,#2429));
#2431=FACE_BOUND('',#2430,.T.);
#2432=ADVANCED_FACE('',(#2431),#2408,.T.);
#2433=CARTESIAN_POINT('',(29.326808838,18.821167483,8.450346907));
#2434=DIRECTION('',(-1.,0.,0.));
#2435=DIRECTION('',(0.,0.,1.));
#2436=AXIS2_PLACEMENT_3D('',#2433,#2434,#2435);
#2437=CYLINDRICAL_SURFACE('',#2436,1.795229983);
#2438=ORIENTED_EDGE('',*,*,#955,.F.);
#2439=ORIENTED_EDGE('',*,*,#261,.F.);
#2440=CARTESIAN_POINT('',(32.329152169,17.075181902,8.867941257));
#2441=CARTESIAN_POINT('',(32.359217161,17.059457572,8.802196946));
#2442=CARTESIAN_POINT('',(32.396841232,17.048631314,8.74065271));
#2443=CARTESIAN_POINT('',(32.442063607,17.041154872,8.683597412));
#2444=CARTESIAN_POINT('',(32.487285981,17.033678431,8.626542114));
#2445=CARTESIAN_POINT('',(32.540243134,17.029668725,8.574307158));
#2446=CARTESIAN_POINT('',(32.598034971,17.027697361,8.529817743));
#2447=CARTESIAN_POINT('',(32.655826807,17.025725997,8.485328328));
#2448=CARTESIAN_POINT('',(32.720044572,17.025702517,8.447376284));
#2449=CARTESIAN_POINT('',(32.787027065,17.026225675,8.418181765));
#2450=CARTESIAN_POINT('',(32.854009559,17.026748833,8.388987246));
#2451=CARTESIAN_POINT('',(32.92389486,17.027780034,8.368108887));
#2452=CARTESIAN_POINT('',(32.996793287,17.028426799,8.355840123));
#2453=B_SPLINE_CURVE_WITH_KNOTS('',3,(#2440,#2441,#2442,#2443,#2444,#2445,#2446,#2447,#2448,#2449,#2450,#2451,#2452),.UNSPECIFIED.,.F.,.F.,(4,3,3,3,4),(0.,0.000218657,0.000437315,0.000655972,0.000874629),.UNSPECIFIED.);
#2454=EDGE_CURVE('',#241,#1634,#2453,.T.);
#2455=ORIENTED_EDGE('',*,*,#2454,.T.);
#2456=ORIENTED_EDGE('',*,*,#1639,.F.);
#2457=CARTESIAN_POINT('',(34.932668213,18.771731308,10.244896086));
#2458=VERTEX_POINT('',#2457);
#2459=CARTESIAN_POINT('',(34.932668213,18.821167483,8.450346907));
#2460=DIRECTION('',(1.,0.,-0.));
#2461=DIRECTION('',(0.,0.,1.));
#2462=AXIS2_PLACEMENT_3D('',#2459,#2460,#2461);
#2463=CIRCLE('',#2462,1.795229983);
#2464=EDGE_CURVE('',#2458,#1632,#2463,.T.);
#2465=ORIENTED_EDGE('',*,*,#2464,.F.);
#2466=CARTESIAN_POINT('',(37.327808838,18.771731308,10.244896086));
#2467=DIRECTION('',(-1.,0.,0.));
#2468=VECTOR('',#2467,2.395140625);
#2469=LINE('',#2466,#2468);
#2470=EDGE_CURVE('',#2150,#2458,#2469,.T.);
#2471=ORIENTED_EDGE('',*,*,#2470,.F.);
#2472=ORIENTED_EDGE('',*,*,#2156,.T.);
#2473=ORIENTED_EDGE('',*,*,#2364,.F.);
#2474=ORIENTED_EDGE('',*,*,#2273,.F.);
#2475=ORIENTED_EDGE('',*,*,#1058,.F.);
#2476=EDGE_LOOP('',(#2438,#2439,#2455,#2456,#2465,#2471,#2472,#2473,#2474,#2475));
#2477=FACE_BOUND('',#2476,.T.);
#2478=ADVANCED_FACE('',(#2477),#2437,.T.);
#2479=CARTESIAN_POINT('',(34.194480713,5.5959375,15.338842584));
#2480=DIRECTION('',(0.,0.,-1.));
#2481=DIRECTION('',(-1.,0.,0.));
#2482=AXIS2_PLACEMENT_3D('',#2479,#2480,#2481);
#2483=PLANE('',#2482);
#2484=CARTESIAN_POINT('',(35.295808838,5.069886276,15.338842584));
#2485=VERTEX_POINT('',#2484);
#2486=CARTESIAN_POINT('',(35.295808838,5.069886276,15.338842584));
#2487=DIRECTION('',(-1.,0.,0.));
#2488=VECTOR('',#2487,1.01203125);
#2489=LINE('',#2486,#2488);
#2490=EDGE_CURVE('',#2485,#1584,#2489,.T.);
#2491=ORIENTED_EDGE('',*,*,#2490,.T.);
#2492=ORIENTED_EDGE('',*,*,#1589,.F.);
#2493=CARTESIAN_POINT('',(35.295808838,3.96298235,15.338842584));
#2494=VERTEX_POINT('',#2493);
#2495=CARTESIAN_POINT('',(34.283777588,3.96298235,15.338842584));
#2496=DIRECTION('',(1.,0.,-0.));
#2497=VECTOR('',#2496,1.01203125);
#2498=LINE('',#2495,#2497);
#2499=EDGE_CURVE('',#1575,#2494,#2498,.T.);
#2500=ORIENTED_EDGE('',*,*,#2499,.T.);
#2501=CARTESIAN_POINT('',(35.295808838,5.069886276,15.338842584));
#2502=DIRECTION('',(0.,-1.,0.));
#2503=VECTOR('',#2502,1.106903926);
#2504=LINE('',#2501,#2503);
#2505=EDGE_CURVE('',#2485,#2494,#2504,.T.);
#2506=ORIENTED_EDGE('',*,*,#2505,.F.);
#2507=EDGE_LOOP('',(#2491,#2492,#2500,#2506));
#2508=FACE_BOUND('',#2507,.T.);
#2509=ADVANCED_FACE('',(#2508),#2483,.F.);
#2510=CARTESIAN_POINT('',(34.194480713,6.8659375,14.703842584));
#2511=DIRECTION('',(0.,-1.,0.));
#2512=DIRECTION('',(-1.,0.,0.));
#2513=AXIS2_PLACEMENT_3D('',#2510,#2511,#2512);
#2514=PLANE('',#2513);
#2515=CARTESIAN_POINT('',(35.295808838,6.8659375,10.259998447));
#2516=VERTEX_POINT('',#2515);
#2517=CARTESIAN_POINT('',(35.295808838,6.8659375,13.54279136));
#2518=VERTEX_POINT('',#2517);
#2519=CARTESIAN_POINT('',(35.295808838,6.8659375,10.259998447));
#2520=DIRECTION('',(0.,0.,1.));
#2521=VECTOR('',#2520,3.282792912);
#2522=LINE('',#2519,#2521);
#2523=EDGE_CURVE('',#2516,#2518,#2522,.T.);
#2524=ORIENTED_EDGE('',*,*,#2523,.F.);
#2525=CARTESIAN_POINT('',(35.295808838,6.8659375,10.259998447));
#2526=DIRECTION('',(-1.,0.,0.));
#2527=VECTOR('',#2526,1.016992188);
#2528=LINE('',#2525,#2527);
#2529=EDGE_CURVE('',#2516,#2417,#2528,.T.);
#2530=ORIENTED_EDGE('',*,*,#2529,.T.);
#2531=ORIENTED_EDGE('',*,*,#2422,.F.);
#2532=ORIENTED_EDGE('',*,*,#1504,.F.);
#2533=ORIENTED_EDGE('',*,*,#1533,.F.);
#2534=ORIENTED_EDGE('',*,*,#1551,.T.);
#2535=CARTESIAN_POINT('',(34.283777588,6.8659375,13.54279136));
#2536=DIRECTION('',(1.,-0.,-0.));
#2537=VECTOR('',#2536,1.01203125);
#2538=LINE('',#2535,#2537);
#2539=EDGE_CURVE('',#1546,#2518,#2538,.T.);
#2540=ORIENTED_EDGE('',*,*,#2539,.T.);
#2541=EDGE_LOOP('',(#2524,#2530,#2531,#2532,#2533,#2534,#2540));
#2542=FACE_BOUND('',#2541,.T.);
#2543=ADVANCED_FACE('',(#2542),#2514,.F.);
#2544=CARTESIAN_POINT('',(34.194480713,2.16691934,12.780158346));
#2545=DIRECTION('',(0.,-1.,0.000007097));
#2546=DIRECTION('',(0.,-0.000007097,-1.));
#2547=AXIS2_PLACEMENT_3D('',#2544,#2545,#2546);
#2548=PLANE('',#2547);
#2549=CARTESIAN_POINT('',(35.295808838,2.166924752,13.542797732));
#2550=VERTEX_POINT('',#2549);
#2551=CARTESIAN_POINT('',(35.295808838,2.166924752,13.542797732));
#2552=DIRECTION('',(-1.,-0.,0.));
#2553=VECTOR('',#2552,1.01203125);
#2554=LINE('',#2551,#2553);
#2555=EDGE_CURVE('',#2550,#1567,#2554,.T.);
#2556=ORIENTED_EDGE('',*,*,#2555,.T.);
#2557=ORIENTED_EDGE('',*,*,#1572,.F.);
#2558=ORIENTED_EDGE('',*,*,#2230,.F.);
#2559=CARTESIAN_POINT('',(35.295808838,2.166924752,13.542797732));
#2560=DIRECTION('',(0.,-0.000007097,-1.));
#2561=VECTOR('',#2560,2.93506996);
#2562=LINE('',#2559,#2561);
#2563=EDGE_CURVE('',#2550,#2219,#2562,.T.);
#2564=ORIENTED_EDGE('',*,*,#2563,.F.);
#2565=EDGE_LOOP('',(#2556,#2557,#2558,#2564));
#2566=FACE_BOUND('',#2565,.T.);
#2567=ADVANCED_FACE('',(#2566),#2548,.T.);
#2568=CARTESIAN_POINT('',(35.295808838,1.7859375,52.466120159));
#2569=DIRECTION('',(-1.,0.,0.));
#2570=DIRECTION('',(0.,0.,1.));
#2571=AXIS2_PLACEMENT_3D('',#2568,#2569,#2570);
#2572=PLANE('',#2571);
#2573=ORIENTED_EDGE('',*,*,#1463,.T.);
#2574=ORIENTED_EDGE('',*,*,#1479,.T.);
#2575=ORIENTED_EDGE('',*,*,#1472,.F.);
#2576=EDGE_LOOP('',(#2573,#2574,#2575));
#2577=FACE_BOUND('',#2576,.T.);
#2578=ORIENTED_EDGE('',*,*,#2563,.T.);
#2579=ORIENTED_EDGE('',*,*,#2224,.F.);
#2580=CARTESIAN_POINT('',(35.295808838,1.82389868,10.26000015));
#2581=DIRECTION('',(0.,1.,0.));
#2582=VECTOR('',#2581,5.04203882);
#2583=LINE('',#2580,#2582);
#2584=EDGE_CURVE('',#2211,#2516,#2583,.T.);
#2585=ORIENTED_EDGE('',*,*,#2584,.T.);
#2586=ORIENTED_EDGE('',*,*,#2523,.T.);
#2587=CARTESIAN_POINT('',(35.295808838,5.069886276,13.54279136));
#2588=DIRECTION('',(1.,-0.,-0.));
#2589=DIRECTION('',(0.,0.,1.));
#2590=AXIS2_PLACEMENT_3D('',#2587,#2588,#2589);
#2591=CIRCLE('',#2590,1.796051224);
#2592=EDGE_CURVE('',#2518,#2485,#2591,.T.);
#2593=ORIENTED_EDGE('',*,*,#2592,.T.);
#2594=ORIENTED_EDGE('',*,*,#2505,.T.);
#2595=CARTESIAN_POINT('',(35.295808838,3.96298235,13.542784986));
#2596=DIRECTION('',(1.,-0.,-0.));
#2597=DIRECTION('',(0.,0.,1.));
#2598=AXIS2_PLACEMENT_3D('',#2595,#2596,#2597);
#2599=CIRCLE('',#2598,1.796057598);
#2600=EDGE_CURVE('',#2494,#2550,#2599,.T.);
#2601=ORIENTED_EDGE('',*,*,#2600,.T.);
#2602=EDGE_LOOP('',(#2578,#2579,#2585,#2586,#2593,#2594,#2601));
#2603=FACE_BOUND('',#2602,.T.);
#2604=ADVANCED_FACE('',(#2577,#2603),#2572,.F.);
#2605=CARTESIAN_POINT('',(34.194480713,3.96298235,13.542784986));
#2606=DIRECTION('',(-1.,0.,0.));
#2607=DIRECTION('',(0.,0.,1.));
#2608=AXIS2_PLACEMENT_3D('',#2605,#2606,#2607);
#2609=CYLINDRICAL_SURFACE('',#2608,1.796057598);
#2610=ORIENTED_EDGE('',*,*,#2499,.F.);
#2611=ORIENTED_EDGE('',*,*,#1581,.F.);
#2612=ORIENTED_EDGE('',*,*,#2555,.F.);
#2613=ORIENTED_EDGE('',*,*,#2600,.F.);
#2614=EDGE_LOOP('',(#2610,#2611,#2612,#2613));
#2615=FACE_BOUND('',#2614,.T.);
#2616=ADVANCED_FACE('',(#2615),#2609,.T.);
#2617=CARTESIAN_POINT('',(34.194480713,5.069886276,13.54279136));
#2618=DIRECTION('',(-1.,0.,0.));
#2619=DIRECTION('',(0.,0.,1.));
#2620=AXIS2_PLACEMENT_3D('',#2617,#2618,#2619);
#2621=CYLINDRICAL_SURFACE('',#2620,1.796051224);
#2622=ORIENTED_EDGE('',*,*,#2539,.F.);
#2623=ORIENTED_EDGE('',*,*,#1596,.F.);
#2624=ORIENTED_EDGE('',*,*,#2490,.F.);
#2625=ORIENTED_EDGE('',*,*,#2592,.F.);
#2626=EDGE_LOOP('',(#2622,#2623,#2624,#2625));
#2627=FACE_BOUND('',#2626,.T.);
#2628=ADVANCED_FACE('',(#2627),#2621,.T.);
#2629=CARTESIAN_POINT('',(43.677808838,13.951560482,8.343385927));
#2630=DIRECTION('',(0.,0.,1.));
#2631=DIRECTION('',(1.,0.,0.));
#2632=AXIS2_PLACEMENT_3D('',#2629,#2630,#2631);
#2633=PLANE('',#2632);
#2634=ORIENTED_EDGE('',*,*,#2348,.T.);
#2635=ORIENTED_EDGE('',*,*,#2342,.T.);
#2636=CARTESIAN_POINT('',(33.14583445,9.383727028,8.343385927));
#2637=DIRECTION('',(-0.,1.,-0.));
#2638=VECTOR('',#2637,7.802114703);
#2639=LINE('',#2636,#2638);
#2640=EDGE_CURVE('',#2322,#239,#2639,.T.);
#2641=ORIENTED_EDGE('',*,*,#2640,.T.);
#2642=ORIENTED_EDGE('',*,*,#293,.T.);
#2643=ORIENTED_EDGE('',*,*,#287,.F.);
#2644=ORIENTED_EDGE('',*,*,#1940,.F.);
#2645=EDGE_LOOP('',(#2634,#2635,#2641,#2642,#2643,#2644));
#2646=FACE_BOUND('',#2645,.T.);
#2647=CARTESIAN_POINT('',(35.531757614,1.803988724,8.343385927));
#2648=VERTEX_POINT('',#2647);
#2649=CARTESIAN_POINT('',(25.619996338,1.803988724,8.343385927));
#2650=VERTEX_POINT('',#2649);
#2651=CARTESIAN_POINT('',(35.531757614,1.803988724,8.343385927));
#2652=DIRECTION('',(-1.,-0.,0.));
#2653=VECTOR('',#2652,9.911761276);
#2654=LINE('',#2651,#2653);
#2655=EDGE_CURVE('',#2648,#2650,#2654,.T.);
#2656=ORIENTED_EDGE('',*,*,#2655,.T.);
#2657=CARTESIAN_POINT('',(25.619996338,24.627886276,8.343385927));
#2658=VERTEX_POINT('',#2657);
#2659=CARTESIAN_POINT('',(25.619996338,1.803988724,8.343385927));
#2660=DIRECTION('',(0.,1.,0.));
#2661=VECTOR('',#2660,22.823897552);
#2662=LINE('',#2659,#2661);
#2663=EDGE_CURVE('',#2650,#2658,#2662,.T.);
#2664=ORIENTED_EDGE('',*,*,#2663,.T.);
#2665=CARTESIAN_POINT('',(35.531757614,24.627886276,8.343385927));
#2666=VERTEX_POINT('',#2665);
#2667=CARTESIAN_POINT('',(25.619996338,24.627886276,8.343385927));
#2668=DIRECTION('',(1.,0.,-0.));
#2669=VECTOR('',#2668,9.911761276);
#2670=LINE('',#2667,#2669);
#2671=EDGE_CURVE('',#2658,#2666,#2670,.T.);
#2672=ORIENTED_EDGE('',*,*,#2671,.T.);
#2673=CARTESIAN_POINT('',(35.531757614,24.627886276,8.343385927));
#2674=DIRECTION('',(0.,-1.,0.));
#2675=VECTOR('',#2674,22.823897552);
#2676=LINE('',#2673,#2675);
#2677=EDGE_CURVE('',#2666,#2648,#2676,.T.);
#2678=ORIENTED_EDGE('',*,*,#2677,.T.);
#2679=EDGE_LOOP('',(#2656,#2664,#2672,#2678));
#2680=FACE_BOUND('',#2679,.T.);
#2681=ADVANCED_FACE('',(#2646,#2680),#2633,.F.);
#2682=CARTESIAN_POINT('',(33.14583445,11.3109375,9.241411539));
#2683=DIRECTION('',(0.,1.,0.));
#2684=DIRECTION('',(0.,-0.,1.));
#2685=AXIS2_PLACEMENT_3D('',#2682,#2683,#2684);
#2686=CYLINDRICAL_SURFACE('',#2685,0.898025612);
#2687=ORIENTED_EDGE('',*,*,#1619,.F.);
#2688=ORIENTED_EDGE('',*,*,#2294,.T.);
#2689=ORIENTED_EDGE('',*,*,#1353,.F.);
#2690=ORIENTED_EDGE('',*,*,#1649,.F.);
#2691=ORIENTED_EDGE('',*,*,#2454,.F.);
#2692=ORIENTED_EDGE('',*,*,#253,.F.);
#2693=ORIENTED_EDGE('',*,*,#2640,.F.);
#2694=ORIENTED_EDGE('',*,*,#2334,.F.);
#2695=EDGE_LOOP('',(#2687,#2688,#2689,#2690,#2691,#2692,#2693,#2694));
#2696=FACE_BOUND('',#2695,.T.);
#2697=ADVANCED_FACE('',(#2696),#2686,.T.);
#2698=CARTESIAN_POINT('',(23.952672334,0.,9.434792177));
#2699=DIRECTION('',(0.,0.,-1.));
#2700=DIRECTION('',(0.,1.,0.));
#2701=AXIS2_PLACEMENT_3D('',#2698,#2699,#2700);
#2702=PLANE('',#2701);
#2703=ORIENTED_EDGE('',*,*,#1704,.T.);
#2704=ORIENTED_EDGE('',*,*,#1117,.T.);
#2705=ORIENTED_EDGE('',*,*,#1733,.T.);
#2706=ORIENTED_EDGE('',*,*,#1320,.F.);
#2707=EDGE_LOOP('',(#2703,#2704,#2705,#2706));
#2708=FACE_BOUND('',#2707,.T.);
#2709=ADVANCED_FACE('',(#2708),#2702,.F.);
#2710=COLOUR_RGB('',0.525490224,0.552941203,0.576470613);
#2711=FILL_AREA_STYLE_COLOUR('',#2710);
#2712=FILL_AREA_STYLE('',(#2711));
#2713=SURFACE_STYLE_FILL_AREA(#2712);
#2714=SURFACE_SIDE_STYLE('',(#2713));
#2715=SURFACE_STYLE_USAGE(.BOTH.,#2714);
#2716=PRESENTATION_STYLE_ASSIGNMENT((#2715));
#2717=OVER_RIDING_STYLED_ITEM('',(#2716),#2709,#54);
#2718=CARTESIAN_POINT('',(25.525834451,1.803988724,0.028854677));
#2719=DIRECTION('',(0.,-1.,0.));
#2720=DIRECTION('',(-1.,-0.,-0.));
#2721=AXIS2_PLACEMENT_3D('',#2718,#2719,#2720);
#2722=PLANE('',#2721);
#2723=CARTESIAN_POINT('',(25.619996338,1.803988724,1.298854677));
#2724=VERTEX_POINT('',#2723);
#2725=CARTESIAN_POINT('',(35.531757614,1.803988724,1.298854677));
#2726=VERTEX_POINT('',#2725);
#2727=CARTESIAN_POINT('',(25.619996338,1.803988724,1.298854677));
#2728=DIRECTION('',(1.,0.,0.));
#2729=VECTOR('',#2728,9.911761276);
#2730=LINE('',#2727,#2729);
#2731=EDGE_CURVE('',#2724,#2726,#2730,.T.);
#2732=ORIENTED_EDGE('',*,*,#2731,.F.);
#2733=CARTESIAN_POINT('',(25.619996338,1.803988724,1.298854677));
#2734=DIRECTION('',(0.,0.,1.));
#2735=VECTOR('',#2734,7.04453125);
#2736=LINE('',#2733,#2735);
#2737=EDGE_CURVE('',#2724,#2650,#2736,.T.);
#2738=ORIENTED_EDGE('',*,*,#2737,.T.);
#2739=ORIENTED_EDGE('',*,*,#2655,.F.);
#2740=CARTESIAN_POINT('',(35.531757614,1.803988724,1.298854677));
#2741=DIRECTION('',(0.,0.,1.));
#2742=VECTOR('',#2741,7.04453125);
#2743=LINE('',#2740,#2742);
#2744=EDGE_CURVE('',#2726,#2648,#2743,.T.);
#2745=ORIENTED_EDGE('',*,*,#2744,.F.);
#2746=EDGE_LOOP('',(#2732,#2738,#2739,#2745));
#2747=FACE_BOUND('',#2746,.T.);
#2748=ADVANCED_FACE('',(#2747),#2722,.F.);
#2749=CARTESIAN_POINT('',(30.079783226,24.627886276,0.028854677));
#2750=DIRECTION('',(0.,1.,0.));
#2751=DIRECTION('',(1.,0.,0.));
#2752=AXIS2_PLACEMENT_3D('',#2749,#2750,#2751);
#2753=PLANE('',#2752);
#2754=CARTESIAN_POINT('',(25.619996338,24.627886276,7.026554677));
#2755=VERTEX_POINT('',#2754);
#2756=CARTESIAN_POINT('',(25.619996338,24.627886276,8.343385927));
#2757=DIRECTION('',(0.,0.,-1.));
#2758=VECTOR('',#2757,1.31683125);
#2759=LINE('',#2756,#2758);
#2760=EDGE_CURVE('',#2658,#2755,#2759,.T.);
#2761=ORIENTED_EDGE('',*,*,#2760,.T.);
#2762=CARTESIAN_POINT('',(25.648046875,24.627886276,7.026554677));
#2763=VERTEX_POINT('',#2762);
#2764=CARTESIAN_POINT('',(25.619996338,24.627886276,7.026554677));
#2765=DIRECTION('',(1.,0.,-0.));
#2766=VECTOR('',#2765,0.028050537);
#2767=LINE('',#2764,#2766);
#2768=EDGE_CURVE('',#2755,#2763,#2767,.T.);
#2769=ORIENTED_EDGE('',*,*,#2768,.T.);
#2770=CARTESIAN_POINT('',(25.648046875,24.627886276,1.298854677));
#2771=VERTEX_POINT('',#2770);
#2772=CARTESIAN_POINT('',(25.648046875,24.627886276,1.298854677));
#2773=DIRECTION('',(0.,0.,1.));
#2774=VECTOR('',#2773,5.7277);
#2775=LINE('',#2772,#2774);
#2776=EDGE_CURVE('',#2771,#2763,#2775,.T.);
#2777=ORIENTED_EDGE('',*,*,#2776,.F.);
#2778=CARTESIAN_POINT('',(35.531757614,24.627886276,1.298854677));
#2779=VERTEX_POINT('',#2778);
#2780=CARTESIAN_POINT('',(25.648046875,24.627886276,1.298854677));
#2781=DIRECTION('',(1.,0.,0.));
#2782=VECTOR('',#2781,9.883710739);
#2783=LINE('',#2780,#2782);
#2784=EDGE_CURVE('',#2771,#2779,#2783,.T.);
#2785=ORIENTED_EDGE('',*,*,#2784,.T.);
#2786=CARTESIAN_POINT('',(35.531757614,24.627886276,1.298854677));
#2787=DIRECTION('',(0.,0.,1.));
#2788=VECTOR('',#2787,7.04453125);
#2789=LINE('',#2786,#2788);
#2790=EDGE_CURVE('',#2779,#2666,#2789,.T.);
#2791=ORIENTED_EDGE('',*,*,#2790,.T.);
#2792=ORIENTED_EDGE('',*,*,#2671,.F.);
#2793=EDGE_LOOP('',(#2761,#2769,#2777,#2785,#2791,#2792));
#2794=FACE_BOUND('',#2793,.T.);
#2795=ADVANCED_FACE('',(#2794),#2753,.F.);
#2796=CARTESIAN_POINT('',(23.952672334,0.,10.129323427));
#2797=DIRECTION('',(0.,0.,-1.));
#2798=DIRECTION('',(0.,1.,0.));
#2799=AXIS2_PLACEMENT_3D('',#2796,#2797,#2798);
#2800=PLANE('',#2799);
#2801=ORIENTED_EDGE('',*,*,#2099,.T.);
#2802=ORIENTED_EDGE('',*,*,#2059,.T.);
#2803=CARTESIAN_POINT('',(24.627808838,1.803988724,10.129323427));
#2804=DIRECTION('',(0.,-1.,0.));
#2805=VECTOR('',#2804,1.796051224);
#2806=LINE('',#2803,#2805);
#2807=EDGE_CURVE('',#2053,#2094,#2806,.T.);
#2808=ORIENTED_EDGE('',*,*,#2807,.T.);
#2809=EDGE_LOOP('',(#2801,#2802,#2808));
#2810=FACE_BOUND('',#2809,.T.);
#2811=ADVANCED_FACE('',(#2810),#2800,.F.);
#2812=CARTESIAN_POINT('',(35.531757614,13.2159375,0.028854677));
#2813=DIRECTION('',(1.,0.,0.));
#2814=DIRECTION('',(0.,0.,-1.));
#2815=AXIS2_PLACEMENT_3D('',#2812,#2813,#2814);
#2816=PLANE('',#2815);
#2817=ORIENTED_EDGE('',*,*,#2744,.T.);
#2818=ORIENTED_EDGE('',*,*,#2677,.F.);
#2819=ORIENTED_EDGE('',*,*,#2790,.F.);
#2820=CARTESIAN_POINT('',(35.531757614,24.627886276,1.298854677));
#2821=DIRECTION('',(0.,-1.,0.));
#2822=VECTOR('',#2821,22.823897552);
#2823=LINE('',#2820,#2822);
#2824=EDGE_CURVE('',#2779,#2726,#2823,.T.);
#2825=ORIENTED_EDGE('',*,*,#2824,.T.);
#2826=EDGE_LOOP('',(#2817,#2818,#2819,#2825));
#2827=FACE_BOUND('',#2826,.T.);
#2828=ADVANCED_FACE('',(#2827),#2816,.F.);
#2829=CARTESIAN_POINT('',(24.627808838,25.525911888,0.028854677));
#2830=DIRECTION('',(1.,0.,0.));
#2831=DIRECTION('',(0.,0.,-1.));
#2832=AXIS2_PLACEMENT_3D('',#2829,#2830,#2831);
#2833=PLANE('',#2832);
#2834=ORIENTED_EDGE('',*,*,#84,.F.);
#2835=CARTESIAN_POINT('',(24.627808838,25.620073776,7.026554677));
#2836=VERTEX_POINT('',#2835);
#2837=CARTESIAN_POINT('',(24.627808838,26.4239375,7.026554677));
#2838=DIRECTION('',(0.,-1.,0.));
#2839=VECTOR('',#2838,0.803863724);
#2840=LINE('',#2837,#2839);
#2841=EDGE_CURVE('',#71,#2836,#2840,.T.);
#2842=ORIENTED_EDGE('',*,*,#2841,.T.);
#2843=CARTESIAN_POINT('',(24.627808838,25.620073776,9.335573427));
#2844=VERTEX_POINT('',#2843);
#2845=CARTESIAN_POINT('',(24.627808838,25.620073776,7.026554677));
#2846=DIRECTION('',(0.,0.,1.));
#2847=VECTOR('',#2846,2.30901875);
#2848=LINE('',#2845,#2847);
#2849=EDGE_CURVE('',#2836,#2844,#2848,.T.);
#2850=ORIENTED_EDGE('',*,*,#2849,.T.);
#2851=CARTESIAN_POINT('',(24.627808838,0.811801224,9.335573427));
#2852=VERTEX_POINT('',#2851);
#2853=CARTESIAN_POINT('',(24.627808838,25.620073776,9.335573427));
#2854=DIRECTION('',(0.,-1.,0.));
#2855=VECTOR('',#2854,24.808272552);
#2856=LINE('',#2853,#2855);
#2857=EDGE_CURVE('',#2844,#2852,#2856,.T.);
#2858=ORIENTED_EDGE('',*,*,#2857,.T.);
#2859=CARTESIAN_POINT('',(24.627808838,0.811801224,0.327787347));
#2860=VERTEX_POINT('',#2859);
#2861=CARTESIAN_POINT('',(24.627808838,0.811801224,9.335573427));
#2862=DIRECTION('',(0.,0.,-1.));
#2863=VECTOR('',#2862,9.00778608);
#2864=LINE('',#2861,#2863);
#2865=EDGE_CURVE('',#2852,#2860,#2864,.T.);
#2866=ORIENTED_EDGE('',*,*,#2865,.T.);
#2867=CARTESIAN_POINT('',(24.627808838,1.803988724,1.824905901));
#2868=DIRECTION('',(-1.,-0.,-0.));
#2869=DIRECTION('',(0.,0.,-1.));
#2870=AXIS2_PLACEMENT_3D('',#2867,#2868,#2869);
#2871=CIRCLE('',#2870,1.796051224);
#2872=EDGE_CURVE('',#2860,#2102,#2871,.T.);
#2873=ORIENTED_EDGE('',*,*,#2872,.T.);
#2874=ORIENTED_EDGE('',*,*,#2107,.T.);
#2875=ORIENTED_EDGE('',*,*,#2807,.F.);
#2876=ORIENTED_EDGE('',*,*,#2082,.T.);
#2877=ORIENTED_EDGE('',*,*,#2205,.T.);
#2878=ORIENTED_EDGE('',*,*,#963,.T.);
#2879=ORIENTED_EDGE('',*,*,#1051,.T.);
#2880=ORIENTED_EDGE('',*,*,#679,.F.);
#2881=ORIENTED_EDGE('',*,*,#2030,.T.);
#2882=ORIENTED_EDGE('',*,*,#228,.T.);
#2883=EDGE_LOOP('',(#2834,#2842,#2850,#2858,#2866,#2873,#2874,#2875,#2876,#2877,#2878,#2879,#2880,#2881,#2882));
#2884=FACE_BOUND('',#2883,.T.);
#2885=ADVANCED_FACE('',(#2884),#2833,.F.);
#2886=CARTESIAN_POINT('',(23.952672334,0.,0.028854677));
#2887=DIRECTION('',(0.,0.,-1.));
#2888=DIRECTION('',(0.,1.,0.));
#2889=AXIS2_PLACEMENT_3D('',#2886,#2887,#2888);
#2890=PLANE('',#2889);
#2891=CARTESIAN_POINT('',(25.648046875,23.427385837,0.028854677));
#2892=VERTEX_POINT('',#2891);
#2893=CARTESIAN_POINT('',(25.648046875,24.627886276,0.028854677));
#2894=DIRECTION('',(0.,-1.,0.));
#2895=VECTOR('',#2894,1.200500439);
#2896=LINE('',#2893,#2895);
#2897=EDGE_CURVE('',#141,#2892,#2896,.T.);
#2898=ORIENTED_EDGE('',*,*,#2897,.F.);
#2899=ORIENTED_EDGE('',*,*,#148,.T.);
#2900=CARTESIAN_POINT('',(35.531757614,1.803988724,0.028854677));
#2901=VERTEX_POINT('',#2900);
#2902=CARTESIAN_POINT('',(35.531757614,24.627886276,0.028854677));
#2903=DIRECTION('',(-0.,-1.,-0.));
#2904=VECTOR('',#2903,22.823897552);
#2905=LINE('',#2902,#2904);
#2906=EDGE_CURVE('',#143,#2901,#2905,.T.);
#2907=ORIENTED_EDGE('',*,*,#2906,.T.);
#2908=CARTESIAN_POINT('',(35.531757614,1.803988724,0.028854677));
#2909=DIRECTION('',(-1.,-0.,-0.));
#2910=VECTOR('',#2909,10.903948776);
#2911=LINE('',#2908,#2910);
#2912=EDGE_CURVE('',#2901,#192,#2911,.T.);
#2913=ORIENTED_EDGE('',*,*,#2912,.T.);
#2914=ORIENTED_EDGE('',*,*,#197,.F.);
#2915=CARTESIAN_POINT('',(25.648046875,23.427385837,0.028854677));
#2916=DIRECTION('',(-1.,0.,0.));
#2917=VECTOR('',#2916,1.020238037);
#2918=LINE('',#2915,#2917);
#2919=EDGE_CURVE('',#2892,#184,#2918,.T.);
#2920=ORIENTED_EDGE('',*,*,#2919,.F.);
#2921=EDGE_LOOP('',(#2898,#2899,#2907,#2913,#2914,#2920));
#2922=FACE_BOUND('',#2921,.T.);
#2923=ADVANCED_FACE('',(#2922),#2890,.T.);
#2924=CARTESIAN_POINT('',(35.531757614,24.627886276,0.028854677));
#2925=DIRECTION('',(0.,0.,-1.));
#2926=DIRECTION('',(-1.,0.,0.));
#2927=AXIS2_PLACEMENT_3D('',#2924,#2925,#2926);
#2928=CYLINDRICAL_SURFACE('',#2927,1.796051224);
#2929=ORIENTED_EDGE('',*,*,#2006,.T.);
#2930=ORIENTED_EDGE('',*,*,#2138,.F.);
#2931=CARTESIAN_POINT('',(35.531757614,24.627886276,1.824905901));
#2932=DIRECTION('',(0.,0.,-1.));
#2933=DIRECTION('',(-1.,0.,0.));
#2934=AXIS2_PLACEMENT_3D('',#2931,#2932,#2933);
#2935=CIRCLE('',#2934,1.796051224);
#2936=EDGE_CURVE('',#119,#2127,#2935,.T.);
#2937=ORIENTED_EDGE('',*,*,#2936,.F.);
#2938=ORIENTED_EDGE('',*,*,#124,.F.);
#2939=EDGE_LOOP('',(#2929,#2930,#2937,#2938));
#2940=FACE_BOUND('',#2939,.T.);
#2941=ADVANCED_FACE('',(#2940),#2928,.T.);
#2942=CARTESIAN_POINT('',(30.079783226,24.629886276,1.298854677));
#2943=DIRECTION('',(0.,0.,-1.));
#2944=DIRECTION('',(-1.,0.,-0.));
#2945=AXIS2_PLACEMENT_3D('',#2942,#2943,#2944);
#2946=PLANE('',#2945);
#2947=CARTESIAN_POINT('',(25.648046875,23.427385837,1.298854677));
#2948=VERTEX_POINT('',#2947);
#2949=CARTESIAN_POINT('',(25.648046875,23.427385837,1.298854677));
#2950=DIRECTION('',(0.,1.,0.));
#2951=VECTOR('',#2950,1.200500439);
#2952=LINE('',#2949,#2951);
#2953=EDGE_CURVE('',#2948,#2771,#2952,.T.);
#2954=ORIENTED_EDGE('',*,*,#2953,.F.);
#2955=CARTESIAN_POINT('',(25.619996338,23.427385837,1.298854677));
#2956=VERTEX_POINT('',#2955);
#2957=CARTESIAN_POINT('',(25.648046875,23.427385837,1.298854677));
#2958=DIRECTION('',(-1.,0.,-0.));
#2959=VECTOR('',#2958,0.028050537);
#2960=LINE('',#2957,#2959);
#2961=EDGE_CURVE('',#2948,#2956,#2960,.T.);
#2962=ORIENTED_EDGE('',*,*,#2961,.T.);
#2963=CARTESIAN_POINT('',(25.619996338,23.427385837,1.298854677));
#2964=DIRECTION('',(0.,-1.,-0.));
#2965=VECTOR('',#2964,21.623397113);
#2966=LINE('',#2963,#2965);
#2967=EDGE_CURVE('',#2956,#2724,#2966,.T.);
#2968=ORIENTED_EDGE('',*,*,#2967,.T.);
#2969=ORIENTED_EDGE('',*,*,#2731,.T.);
#2970=ORIENTED_EDGE('',*,*,#2824,.F.);
#2971=ORIENTED_EDGE('',*,*,#2784,.F.);
#2972=EDGE_LOOP('',(#2954,#2962,#2968,#2969,#2970,#2971));
#2973=FACE_BOUND('',#2972,.T.);
#2974=ADVANCED_FACE('',(#2973),#2946,.F.);
#2975=CARTESIAN_POINT('',(35.531757614,25.525911888,1.824905901));
#2976=DIRECTION('',(-0.,1.,0.));
#2977=DIRECTION('',(1.,0.,0.));
#2978=AXIS2_PLACEMENT_3D('',#2975,#2976,#2977);
#2979=CYLINDRICAL_SURFACE('',#2978,1.796051224);
#2980=CARTESIAN_POINT('',(35.531757614,24.627886276,1.824905901));
#2981=DIRECTION('',(0.,-1.,-0.));
#2982=DIRECTION('',(1.,0.,0.));
#2983=AXIS2_PLACEMENT_3D('',#2980,#2981,#2982);
#2984=CIRCLE('',#2983,1.796051224);
#2985=EDGE_CURVE('',#143,#2127,#2984,.T.);
#2986=ORIENTED_EDGE('',*,*,#2985,.T.);
#2987=ORIENTED_EDGE('',*,*,#2132,.F.);
#2988=CARTESIAN_POINT('',(35.531757614,1.803988724,1.824905901));
#2989=DIRECTION('',(0.,-1.,-0.));
#2990=DIRECTION('',(1.,0.,0.));
#2991=AXIS2_PLACEMENT_3D('',#2988,#2989,#2990);
#2992=CIRCLE('',#2991,1.796051224);
#2993=EDGE_CURVE('',#2901,#1968,#2992,.T.);
#2994=ORIENTED_EDGE('',*,*,#2993,.F.);
#2995=ORIENTED_EDGE('',*,*,#2906,.F.);
#2996=EDGE_LOOP('',(#2986,#2987,#2994,#2995));
#2997=FACE_BOUND('',#2996,.T.);
#2998=ADVANCED_FACE('',(#2997),#2979,.T.);
#2999=CARTESIAN_POINT('',(25.525834451,1.803988724,1.824905901));
#3000=DIRECTION('',(1.,0.,0.));
#3001=DIRECTION('',(0.,-1.,0.));
#3002=AXIS2_PLACEMENT_3D('',#2999,#3000,#3001);
#3003=CYLINDRICAL_SURFACE('',#3002,1.796051224);
#3004=CARTESIAN_POINT('',(24.640557654,0.82455004,0.319415993));
#3005=VERTEX_POINT('',#3004);
#3006=CARTESIAN_POINT('',(25.619996338,1.803988724,1.824905901));
#3007=DIRECTION('',(0.707106781,-0.707106781,0.));
#3008=DIRECTION('',(0.707106781,0.707106781,0.));
#3009=AXIS2_PLACEMENT_3D('',#3006,#3007,#3008);
#3010=ELLIPSE('',#3009,2.54,1.796051224);
#3011=EDGE_CURVE('',#2860,#3005,#3010,.T.);
#3012=ORIENTED_EDGE('',*,*,#3011,.T.);
#3013=CARTESIAN_POINT('',(26.146047562,1.803988724,1.824905901));
#3014=DIRECTION('',(0.707106781,0.,-0.707106781));
#3015=DIRECTION('',(0.707106781,0.,0.707106781));
#3016=AXIS2_PLACEMENT_3D('',#3013,#3014,#3015);
#3017=ELLIPSE('',#3016,2.54,1.796051224);
#3018=EDGE_CURVE('',#3005,#174,#3017,.T.);
#3019=ORIENTED_EDGE('',*,*,#3018,.T.);
#3020=ORIENTED_EDGE('',*,*,#204,.F.);
#3021=ORIENTED_EDGE('',*,*,#2912,.F.);
#3022=CARTESIAN_POINT('',(35.531757614,1.803988724,1.824905901));
#3023=DIRECTION('',(-1.,-0.,-0.));
#3024=DIRECTION('',(0.,-1.,0.));
#3025=AXIS2_PLACEMENT_3D('',#3022,#3023,#3024);
#3026=CIRCLE('',#3025,1.796051224);
#3027=EDGE_CURVE('',#2901,#1960,#3026,.T.);
#3028=ORIENTED_EDGE('',*,*,#3027,.T.);
#3029=ORIENTED_EDGE('',*,*,#2113,.F.);
#3030=ORIENTED_EDGE('',*,*,#2872,.F.);
#3031=EDGE_LOOP('',(#3012,#3019,#3020,#3021,#3028,#3029,#3030));
#3032=FACE_BOUND('',#3031,.T.);
#3033=ADVANCED_FACE('',(#3032),#3003,.T.);
#3034=CARTESIAN_POINT('',(35.259088174,24.688046435,0.03875471));
#3035=CARTESIAN_POINT('',(35.294981889,24.802386014,0.04108481));
#3036=CARTESIAN_POINT('',(35.365943678,25.028606217,0.066471392));
#3037=CARTESIAN_POINT('',(35.454302461,25.345047229,0.167309213));
#3038=CARTESIAN_POINT('',(35.515352599,25.642128211,0.329544642));
#3039=CARTESIAN_POINT('',(35.547153377,25.995237106,0.621486516));
#3040=CARTESIAN_POINT('',(35.469056123,26.317975059,1.099177001));
#3041=CARTESIAN_POINT('',(35.336057411,26.405708521,1.531445906));
#3042=CARTESIAN_POINT('',(35.261712888,26.412605218,1.764579671));
#3043=CARTESIAN_POINT('',(35.313422732,24.675769867,0.036203599));
#3044=CARTESIAN_POINT('',(35.349304334,24.790198436,0.037724497));
#3045=CARTESIAN_POINT('',(35.42108084,25.016907042,0.062383141));
#3046=CARTESIAN_POINT('',(35.511478676,25.336639706,0.162624434));
#3047=CARTESIAN_POINT('',(35.574238,25.638193463,0.326458663));
#3048=CARTESIAN_POINT('',(35.606855638,25.997215563,0.622353192));
#3049=CARTESIAN_POINT('',(35.526597076,26.322321354,1.107500309));
#3050=CARTESIAN_POINT('',(35.390331646,26.412555699,1.54315633));
#3051=CARTESIAN_POINT('',(35.31595107,26.414816678,1.777467765));
#3052=CARTESIAN_POINT('',(35.423091259,24.650691219,0.03009338));
#3053=CARTESIAN_POINT('',(35.459939036,24.764897407,0.02977067));
#3054=CARTESIAN_POINT('',(35.533172721,24.991322358,0.052103851));
#3055=CARTESIAN_POINT('',(35.627967673,25.319169047,0.153487418));
#3056=CARTESIAN_POINT('',(35.692392021,25.62949452,0.321121707));
#3057=CARTESIAN_POINT('',(35.725187367,26.000987361,0.625808673));
#3058=CARTESIAN_POINT('',(35.644025937,26.329790379,1.124321823));
#3059=CARTESIAN_POINT('',(35.500977194,26.424502741,1.571571141));
#3060=CARTESIAN_POINT('',(35.425894976,26.422863612,1.802226549));
#3061=CARTESIAN_POINT('',(35.640963615,24.604938629,0.025901197));
#3062=CARTESIAN_POINT('',(35.676893314,24.717180966,0.026367088));
#3063=CARTESIAN_POINT('',(35.75385917,24.944499033,0.049946592));
#3064=CARTESIAN_POINT('',(35.853808475,25.282167306,0.161783165));
#3065=CARTESIAN_POINT('',(35.922220407,25.599504667,0.336669002));
#3066=CARTESIAN_POINT('',(35.954881345,25.979664609,0.650712099));
#3067=CARTESIAN_POINT('',(35.873352226,26.326173668,1.161378106));
#3068=CARTESIAN_POINT('',(35.715965601,26.424977745,1.62180463));
#3069=CARTESIAN_POINT('',(35.643177663,26.42674646,1.8488983));
#3070=CARTESIAN_POINT('',(35.918623415,24.546411162,0.061807023));
#3071=CARTESIAN_POINT('',(35.948246887,24.665036359,0.066184701));
#3072=CARTESIAN_POINT('',(36.018337161,24.895833155,0.080356046));
#3073=CARTESIAN_POINT('',(36.128266901,25.226131898,0.208337066));
#3074=CARTESIAN_POINT('',(36.198584815,25.541934018,0.390949565));
#3075=CARTESIAN_POINT('',(36.232114493,25.916743958,0.709107624));
#3076=CARTESIAN_POINT('',(36.148637179,26.298487844,1.216173495));
#3077=CARTESIAN_POINT('',(35.979866187,26.385641001,1.670239773));
#3078=CARTESIAN_POINT('',(35.921528912,26.39021593,1.906137274));
#3079=CARTESIAN_POINT('',(36.220144239,24.446961597,0.156979426));
#3080=CARTESIAN_POINT('',(36.256671556,24.564127396,0.172693644));
#3081=CARTESIAN_POINT('',(36.330308183,24.803175789,0.193778408));
#3082=CARTESIAN_POINT('',(36.436996642,25.126819468,0.319406803));
#3083=CARTESIAN_POINT('',(36.509142548,25.433572888,0.504421114));
#3084=CARTESIAN_POINT('',(36.545410586,25.798777822,0.826306244));
#3085=CARTESIAN_POINT('',(36.4526358,26.191446984,1.302481039));
#3086=CARTESIAN_POINT('',(36.293567449,26.273734459,1.767829257));
#3087=CARTESIAN_POINT('',(36.223361211,26.290430027,2.006799355));
#3088=CARTESIAN_POINT('',(36.475895566,24.319471773,0.292952995));
#3089=CARTESIAN_POINT('',(36.515752336,24.432043583,0.317653078));
#3090=CARTESIAN_POINT('',(36.599191217,24.663230622,0.359205474));
#3091=CARTESIAN_POINT('',(36.713845638,24.989415354,0.471555353));
#3092=CARTESIAN_POINT('',(36.787990303,25.282522255,0.668410591));
#3093=CARTESIAN_POINT('',(36.824873338,25.637986754,0.979283727));
#3094=CARTESIAN_POINT('',(36.732637025,26.020376629,1.445950506));
#3095=CARTESIAN_POINT('',(36.558679827,26.114392769,1.902947943));
#3096=CARTESIAN_POINT('',(36.478774764,26.153020451,2.135133682));
#3097=CARTESIAN_POINT('',(36.68567814,24.163930516,0.451235759));
#3098=CARTESIAN_POINT('',(36.725056317,24.272271644,0.486662559));
#3099=CARTESIAN_POINT('',(36.811715626,24.491674885,0.551220307));
#3100=CARTESIAN_POINT('',(36.934846051,24.808283994,0.677780946));
#3101=CARTESIAN_POINT('',(37.023560292,25.096141209,0.866476365));
#3102=CARTESIAN_POINT('',(37.068877983,25.437899108,1.173684956));
#3103=CARTESIAN_POINT('',(36.953910566,25.802909695,1.628474067));
#3104=CARTESIAN_POINT('',(36.769381646,25.93086425,2.069470877));
#3105=CARTESIAN_POINT('',(36.682001326,26.000068875,2.286603611));
#3106=CARTESIAN_POINT('',(36.857691112,23.985296897,0.624568109));
#3107=CARTESIAN_POINT('',(36.896573836,24.089320052,0.666743678));
#3108=CARTESIAN_POINT('',(36.970369697,24.295154421,0.75274122));
#3109=CARTESIAN_POINT('',(37.094330357,24.59991769,0.906658769));
#3110=CARTESIAN_POINT('',(37.187362333,24.876229172,1.10209382));
#3111=CARTESIAN_POINT('',(37.237816686,25.201651231,1.396830427));
#3112=CARTESIAN_POINT('',(37.113360503,25.565255503,1.838462847));
#3113=CARTESIAN_POINT('',(36.925279244,25.740310117,2.260085551));
#3114=CARTESIAN_POINT('',(36.852357741,25.826489834,2.468873401));
#3115=CARTESIAN_POINT('',(36.983999984,23.781881472,0.818271915));
#3116=CARTESIAN_POINT('',(37.018690545,23.881666024,0.86710187));
#3117=CARTESIAN_POINT('',(37.084623095,24.081185563,0.965155192));
#3118=CARTESIAN_POINT('',(37.190371607,24.370536366,1.127099186));
#3119=CARTESIAN_POINT('',(37.280099074,24.63660448,1.342927505));
#3120=CARTESIAN_POINT('',(37.331669912,24.952304409,1.650442396));
#3121=CARTESIAN_POINT('',(37.205563422,25.34192511,2.065424345));
#3122=CARTESIAN_POINT('',(37.039117155,25.533181219,2.472287883));
#3123=CARTESIAN_POINT('',(36.97890791,25.630597482,2.674139161));
#3124=CARTESIAN_POINT('',(37.051696584,23.637548641,0.956396301));
#3125=CARTESIAN_POINT('',(37.08400964,23.736369608,1.006075832));
#3126=CARTESIAN_POINT('',(37.153047532,23.934155916,1.107313854));
#3127=CARTESIAN_POINT('',(37.232602166,24.216036184,1.27315812));
#3128=CARTESIAN_POINT('',(37.303002889,24.474966711,1.500132778));
#3129=CARTESIAN_POINT('',(37.351844795,24.78345547,1.823653963));
#3130=CARTESIAN_POINT('',(37.234135035,25.193891249,2.204625743));
#3131=CARTESIAN_POINT('',(37.126281106,25.389834038,2.619397572));
#3132=CARTESIAN_POINT('',(37.052586638,25.490615827,2.818003139));
#3133=CARTESIAN_POINT('',(37.085200486,23.565010018,1.025919041));
#3134=CARTESIAN_POINT('',(37.118370597,23.663676435,1.076049517));
#3135=CARTESIAN_POINT('',(37.181553529,23.860437259,1.177666333));
#3136=CARTESIAN_POINT('',(37.260243278,24.13858838,1.348587338));
#3137=CARTESIAN_POINT('',(37.307058912,24.395327213,1.580327802));
#3138=CARTESIAN_POINT('',(37.348244843,24.699025659,1.907004332));
#3139=CARTESIAN_POINT('',(37.247795749,25.118653474,2.276946973));
#3140=CARTESIAN_POINT('',(37.1662305,25.318747489,2.692297579));
#3141=CARTESIAN_POINT('',(37.089483799,25.419930873,2.89009507));
#3142=B_SPLINE_SURFACE_WITH_KNOTS('',3,3,((#3034,#3035,#3036,#3037,#3038,#3039,#3040,#3041,#3042),(#3043,#3044,#3045,#3046,#3047,#3048,#3049,#3050,#3051),(#3052,#3053,#3054,#3055,#3056,#3057,#3058,#3059,#3060),(#3061,#3062,#3063,#3064,#3065,#3066,#3067,#3068,#3069),(#3070,#3071,#3072,#3073,#3074,#3075,#3076,#3077,#3078),(#3079,#3080,#3081,#3082,#3083,#3084,#3085,#3086,#3087),(#3088,#3089,#3090,#3091,#3092,#3093,#3094,#3095,#3096),(#3097,#3098,#3099,#3100,#3101,#3102,#3103,#3104,#3105),(#3106,#3107,#3108,#3109,#3110,#3111,#3112,#3113,#3114),(#3115,#3116,#3117,#3118,#3119,#3120,#3121,#3122,#3123),(#3124,#3125,#3126,#3127,#3128,#3129,#3130,#3131,#3132),(#3133,#3134,#3135,#3136,#3137,#3138,#3139,#3140,#3141)),.UNSPECIFIED.,.F.,.F.,.U.,(4,1,1,1,1,1,1,1,1,4),(4,1,1,1,1,1,4),(-0.001033669,-0.00088116,-0.0007246,-0.00041148,-0.00009836,0.000214759,0.000527879,0.000840999,0.001154119,0.001467233),(-0.001271518,-0.00095384,-0.000636147,-0.000318455,-0.000000763,0.000634621,0.001269989),.UNSPECIFIED.);
#3143=ORIENTED_EDGE('',*,*,#163,.T.);
#3144=ORIENTED_EDGE('',*,*,#2936,.T.);
#3145=ORIENTED_EDGE('',*,*,#2985,.F.);
#3146=EDGE_LOOP('',(#3143,#3144,#3145));
#3147=FACE_BOUND('',#3146,.T.);
#3148=ADVANCED_FACE('',(#3147),#3142,.F.);
#3149=CARTESIAN_POINT('',(35.259088174,0.017837534,1.764745742));
#3150=CARTESIAN_POINT('',(35.294981889,0.020167633,1.650406162));
#3151=CARTESIAN_POINT('',(35.365943678,0.045554215,1.42418596));
#3152=CARTESIAN_POINT('',(35.454302461,0.146392036,1.107744947));
#3153=CARTESIAN_POINT('',(35.515352599,0.308627466,0.810663965));
#3154=CARTESIAN_POINT('',(35.547153377,0.60056934,0.457555071));
#3155=CARTESIAN_POINT('',(35.469056123,1.078259825,0.134817117));
#3156=CARTESIAN_POINT('',(35.336057411,1.51052873,0.047083656));
#3157=CARTESIAN_POINT('',(35.261712888,1.743662494,0.040186958));
#3158=CARTESIAN_POINT('',(35.313422732,0.015286423,1.77702231));
#3159=CARTESIAN_POINT('',(35.349304334,0.016807321,1.662593741));
#3160=CARTESIAN_POINT('',(35.42108084,0.041465964,1.435885134));
#3161=CARTESIAN_POINT('',(35.511478676,0.141707258,1.116152471));
#3162=CARTESIAN_POINT('',(35.574238,0.305541486,0.814598714));
#3163=CARTESIAN_POINT('',(35.606855638,0.601436016,0.455576613));
#3164=CARTESIAN_POINT('',(35.526597076,1.086583133,0.130470823));
#3165=CARTESIAN_POINT('',(35.390331646,1.522239153,0.040236478));
#3166=CARTESIAN_POINT('',(35.31595107,1.756550588,0.037975499));
#3167=CARTESIAN_POINT('',(35.423091259,0.009176203,1.802100957));
#3168=CARTESIAN_POINT('',(35.459939036,0.008853494,1.687894769));
#3169=CARTESIAN_POINT('',(35.533172721,0.031186675,1.461469819));
#3170=CARTESIAN_POINT('',(35.627967673,0.132570242,1.133623129));
#3171=CARTESIAN_POINT('',(35.692392021,0.30020453,0.823297656));
#3172=CARTESIAN_POINT('',(35.725187367,0.604891496,0.451804816));
#3173=CARTESIAN_POINT('',(35.644025937,1.103404646,0.123001798));
#3174=CARTESIAN_POINT('',(35.500977194,1.550653964,0.028289436));
#3175=CARTESIAN_POINT('',(35.425894976,1.781309372,0.029928564));
#3176=CARTESIAN_POINT('',(35.640963615,0.00498402,1.847853547));
#3177=CARTESIAN_POINT('',(35.676893314,0.005449911,1.73561121));
#3178=CARTESIAN_POINT('',(35.75385917,0.029029415,1.508293143));
#3179=CARTESIAN_POINT('',(35.853808475,0.140865988,1.17062487));
#3180=CARTESIAN_POINT('',(35.922220407,0.315751826,0.85328751));
#3181=CARTESIAN_POINT('',(35.954881345,0.629794923,0.473127568));
#3182=CARTESIAN_POINT('',(35.873352226,1.14046093,0.126618509));
#3183=CARTESIAN_POINT('',(35.715965601,1.600887454,0.027814431));
#3184=CARTESIAN_POINT('',(35.643177663,1.827981124,0.026045717));
#3185=CARTESIAN_POINT('',(35.918623415,0.040889846,1.906381015));
#3186=CARTESIAN_POINT('',(35.948246887,0.045267524,1.787755818));
#3187=CARTESIAN_POINT('',(36.018337161,0.05943887,1.556959021));
#3188=CARTESIAN_POINT('',(36.128266901,0.18741989,1.226660279));
#3189=CARTESIAN_POINT('',(36.198584815,0.370032389,0.910858159));
#3190=CARTESIAN_POINT('',(36.232114493,0.688190448,0.536048219));
#3191=CARTESIAN_POINT('',(36.148637179,1.195256318,0.154304332));
#3192=CARTESIAN_POINT('',(35.979866187,1.649322596,0.067151176));
#3193=CARTESIAN_POINT('',(35.921528912,1.885220098,0.062576247));
#3194=CARTESIAN_POINT('',(36.220144239,0.136062249,2.005830579));
#3195=CARTESIAN_POINT('',(36.256671556,0.151776468,1.888664781));
#3196=CARTESIAN_POINT('',(36.330308183,0.172861231,1.649616388));
#3197=CARTESIAN_POINT('',(36.436996642,0.298489626,1.325972708));
#3198=CARTESIAN_POINT('',(36.509142548,0.483503937,1.019219289));
#3199=CARTESIAN_POINT('',(36.545410586,0.805389068,0.654014354));
#3200=CARTESIAN_POINT('',(36.4526358,1.281563862,0.261345192));
#3201=CARTESIAN_POINT('',(36.293567449,1.74691208,0.179057718));
#3202=CARTESIAN_POINT('',(36.223361211,1.985882178,0.162362149));
#3203=CARTESIAN_POINT('',(36.475895566,0.272035819,2.133320404));
#3204=CARTESIAN_POINT('',(36.515752336,0.296735901,2.020748594));
#3205=CARTESIAN_POINT('',(36.599191217,0.338288298,1.789561554));
#3206=CARTESIAN_POINT('',(36.713845638,0.450638176,1.463376823));
#3207=CARTESIAN_POINT('',(36.787990303,0.647493414,1.170269921));
#3208=CARTESIAN_POINT('',(36.824873338,0.95836655,0.814805423));
#3209=CARTESIAN_POINT('',(36.732637025,1.425033329,0.432415548));
#3210=CARTESIAN_POINT('',(36.558679827,1.882030767,0.338399407));
#3211=CARTESIAN_POINT('',(36.478774764,2.114216506,0.299771725));
#3212=CARTESIAN_POINT('',(36.68567814,0.430318583,2.288861661));
#3213=CARTESIAN_POINT('',(36.725056317,0.465745382,2.180520533));
#3214=CARTESIAN_POINT('',(36.811715626,0.53030313,1.961117292));
#3215=CARTESIAN_POINT('',(36.934846051,0.656863769,1.644508182));
#3216=CARTESIAN_POINT('',(37.023560292,0.845559188,1.356650968));
#3217=CARTESIAN_POINT('',(37.068877983,1.15276778,1.014893069));
#3218=CARTESIAN_POINT('',(36.953910566,1.60755689,0.649882481));
#3219=CARTESIAN_POINT('',(36.769381646,2.0485537,0.521927926));
#3220=CARTESIAN_POINT('',(36.682001326,2.265686435,0.452723301));
#3221=CARTESIAN_POINT('',(36.857691112,0.603650932,2.46749528));
#3222=CARTESIAN_POINT('',(36.896573836,0.645826501,2.363472124));
#3223=CARTESIAN_POINT('',(36.970369697,0.731824044,2.157637756));
#3224=CARTESIAN_POINT('',(37.094330357,0.885741592,1.852874486));
#3225=CARTESIAN_POINT('',(37.187362333,1.081176644,1.576563005));
#3226=CARTESIAN_POINT('',(37.237816686,1.37591325,1.251140946));
#3227=CARTESIAN_POINT('',(37.113360503,1.81754567,0.887536674));
#3228=CARTESIAN_POINT('',(36.925279244,2.239168374,0.71248206));
#3229=CARTESIAN_POINT('',(36.852357741,2.447956224,0.626302343));
#3230=CARTESIAN_POINT('',(36.983999984,0.797354739,2.670910705));
#3231=CARTESIAN_POINT('',(37.018690545,0.846184693,2.571126152));
#3232=CARTESIAN_POINT('',(37.084623095,0.944238015,2.371606614));
#3233=CARTESIAN_POINT('',(37.190371607,1.106182009,2.082255811));
#3234=CARTESIAN_POINT('',(37.280099074,1.322010328,1.816187697));
#3235=CARTESIAN_POINT('',(37.331669912,1.62952522,1.500487767));
#3236=CARTESIAN_POINT('',(37.205563422,2.044507168,1.110867067));
#3237=CARTESIAN_POINT('',(37.039117155,2.451370706,0.919610957));
#3238=CARTESIAN_POINT('',(36.97890791,2.653221984,0.822194695));
#3239=CARTESIAN_POINT('',(37.051696584,0.935479124,2.815243536));
#3240=CARTESIAN_POINT('',(37.08400964,0.985158655,2.716422568));
#3241=CARTESIAN_POINT('',(37.153047532,1.086396678,2.518636261));
#3242=CARTESIAN_POINT('',(37.232602166,1.252240943,2.236755993));
#3243=CARTESIAN_POINT('',(37.303002889,1.479215601,1.977825465));
#3244=CARTESIAN_POINT('',(37.351844795,1.802736786,1.669336707));
#3245=CARTESIAN_POINT('',(37.234135035,2.183708567,1.258900927));
#3246=CARTESIAN_POINT('',(37.126281106,2.598480396,1.062958139));
#3247=CARTESIAN_POINT('',(37.052586638,2.797085962,0.962176349));
#3248=CARTESIAN_POINT('',(37.085200486,1.005001865,2.887782158));
#3249=CARTESIAN_POINT('',(37.118370597,1.05513234,2.789115742));
#3250=CARTESIAN_POINT('',(37.181553529,1.156749156,2.592354917));
#3251=CARTESIAN_POINT('',(37.260243278,1.327670161,2.314203796));
#3252=CARTESIAN_POINT('',(37.307058912,1.559410625,2.057464963));
#3253=CARTESIAN_POINT('',(37.348244843,1.886087155,1.753766518));
#3254=CARTESIAN_POINT('',(37.247795749,2.256029797,1.334138703));
#3255=CARTESIAN_POINT('',(37.1662305,2.671380402,1.134044688));
#3256=CARTESIAN_POINT('',(37.089483799,2.869177894,1.032861304));
#3257=B_SPLINE_SURFACE_WITH_KNOTS('',3,3,((#3149,#3150,#3151,#3152,#3153,#3154,#3155,#3156,#3157),(#3158,#3159,#3160,#3161,#3162,#3163,#3164,#3165,#3166),(#3167,#3168,#3169,#3170,#3171,#3172,#3173,#3174,#3175),(#3176,#3177,#3178,#3179,#3180,#3181,#3182,#3183,#3184),(#3185,#3186,#3187,#3188,#3189,#3190,#3191,#3192,#3193),(#3194,#3195,#3196,#3197,#3198,#3199,#3200,#3201,#3202),(#3203,#3204,#3205,#3206,#3207,#3208,#3209,#3210,#3211),(#3212,#3213,#3214,#3215,#3216,#3217,#3218,#3219,#3220),(#3221,#3222,#3223,#3224,#3225,#3226,#3227,#3228,#3229),(#3230,#3231,#3232,#3233,#3234,#3235,#3236,#3237,#3238),(#3239,#3240,#3241,#3242,#3243,#3244,#3245,#3246,#3247),(#3248,#3249,#3250,#3251,#3252,#3253,#3254,#3255,#3256)),.UNSPECIFIED.,.F.,.F.,.U.,(4,1,1,1,1,1,1,1,1,4),(4,1,1,1,1,1,4),(-0.001033669,-0.00088116,-0.0007246,-0.00041148,-0.00009836,0.000214759,0.000527879,0.000840999,0.001154119,0.001467233),(-0.001271518,-0.00095384,-0.000636147,-0.000318455,-0.000000763,0.000634621,0.001269989),.UNSPECIFIED.);
#3258=ORIENTED_EDGE('',*,*,#2993,.T.);
#3259=ORIENTED_EDGE('',*,*,#1974,.T.);
#3260=ORIENTED_EDGE('',*,*,#3027,.F.);
#3261=EDGE_LOOP('',(#3258,#3259,#3260));
#3262=FACE_BOUND('',#3261,.T.);
#3263=ADVANCED_FACE('',(#3262),#3257,.F.);
#3264=CARTESIAN_POINT('',(33.374631864,4.38546875,10.26000015));
#3265=DIRECTION('',(0.,0.,-1.));
#3266=DIRECTION('',(-1.,0.,0.));
#3267=AXIS2_PLACEMENT_3D('',#3264,#3265,#3266);
#3268=PLANE('',#3267);
#3269=ORIENTED_EDGE('',*,*,#2176,.T.);
#3270=ORIENTED_EDGE('',*,*,#1207,.T.);
#3271=ORIENTED_EDGE('',*,*,#343,.T.);
#3272=ORIENTED_EDGE('',*,*,#2428,.F.);
#3273=ORIENTED_EDGE('',*,*,#2529,.F.);
#3274=ORIENTED_EDGE('',*,*,#2584,.F.);
#3275=ORIENTED_EDGE('',*,*,#2216,.F.);
#3276=ORIENTED_EDGE('',*,*,#1753,.T.);
#3277=ORIENTED_EDGE('',*,*,#1247,.F.);
#3278=EDGE_LOOP('',(#3269,#3270,#3271,#3272,#3273,#3274,#3275,#3276,#3277));
#3279=FACE_BOUND('',#3278,.T.);
#3280=ADVANCED_FACE('',(#3279),#3268,.F.);
#3281=CARTESIAN_POINT('',(38.742668213,18.221523437,10.244896086));
#3282=DIRECTION('',(0.,0.,-1.));
#3283=DIRECTION('',(-1.,0.,0.));
#3284=AXIS2_PLACEMENT_3D('',#3281,#3282,#3283);
#3285=PLANE('',#3284);
#3286=ORIENTED_EDGE('',*,*,#2162,.T.);
#3287=ORIENTED_EDGE('',*,*,#2470,.T.);
#3288=CARTESIAN_POINT('',(34.932668213,18.771731308,10.244896086));
#3289=DIRECTION('',(0.,-1.,0.));
#3290=VECTOR('',#3289,1.894621933);
#3291=LINE('',#3288,#3290);
#3292=EDGE_CURVE('',#2458,#440,#3291,.T.);
#3293=ORIENTED_EDGE('',*,*,#3292,.T.);
#3294=ORIENTED_EDGE('',*,*,#445,.F.);
#3295=EDGE_LOOP('',(#3286,#3287,#3293,#3294));
#3296=FACE_BOUND('',#3295,.T.);
#3297=ADVANCED_FACE('',(#3296),#3285,.F.);
#3298=CARTESIAN_POINT('',(33.982159105,26.660078125,10.244896086));
#3299=DIRECTION('',(0.,0.,1.));
#3300=DIRECTION('',(1.,0.,0.));
#3301=AXIS2_PLACEMENT_3D('',#3298,#3299,#3300);
#3302=PLANE('',#3301);
#3303=ORIENTED_EDGE('',*,*,#629,.F.);
#3304=ORIENTED_EDGE('',*,*,#897,.T.);
#3305=ORIENTED_EDGE('',*,*,#2378,.F.);
#3306=ORIENTED_EDGE('',*,*,#599,.F.);
#3307=EDGE_LOOP('',(#3303,#3304,#3305,#3306));
#3308=FACE_BOUND('',#3307,.T.);
#3309=ADVANCED_FACE('',(#3308),#3302,.T.);
#3310=CARTESIAN_POINT('',(34.331402588,12.62953367,11.718159224));
#3311=DIRECTION('',(0.,0.,1.));
#3312=DIRECTION('',(1.,0.,0.));
#3313=AXIS2_PLACEMENT_3D('',#3310,#3311,#3312);
#3314=PLANE('',#3313);
#3315=ORIENTED_EDGE('',*,*,#2302,.T.);
#3316=ORIENTED_EDGE('',*,*,#493,.F.);
#3317=ORIENTED_EDGE('',*,*,#311,.T.);
#3318=ORIENTED_EDGE('',*,*,#373,.F.);
#3319=EDGE_LOOP('',(#3315,#3316,#3317,#3318));
#3320=FACE_BOUND('',#3319,.T.);
#3321=ADVANCED_FACE('',(#3320),#3314,.T.);
#3322=CARTESIAN_POINT('',(34.331402588,13.141523402,11.8927503));
#3323=DIRECTION('',(0.,0.000915124,0.999999581));
#3324=DIRECTION('',(0.,-0.999999581,0.000915124));
#3325=AXIS2_PLACEMENT_3D('',#3322,#3323,#3324);
#3326=PLANE('',#3325);
#3327=ORIENTED_EDGE('',*,*,#420,.T.);
#3328=ORIENTED_EDGE('',*,*,#1367,.F.);
#3329=ORIENTED_EDGE('',*,*,#2309,.F.);
#3330=ORIENTED_EDGE('',*,*,#404,.F.);
#3331=EDGE_LOOP('',(#3327,#3328,#3329,#3330));
#3332=FACE_BOUND('',#3331,.T.);
#3333=ADVANCED_FACE('',(#3332),#3326,.T.);
#3334=CARTESIAN_POINT('',(34.932668213,0.,0.));
#3335=DIRECTION('',(-1.,0.,0.));
#3336=DIRECTION('',(0.,-1.,0.));
#3337=AXIS2_PLACEMENT_3D('',#3334,#3335,#3336);
#3338=PLANE('',#3337);
#3339=ORIENTED_EDGE('',*,*,#453,.F.);
#3340=ORIENTED_EDGE('',*,*,#3292,.F.);
#3341=ORIENTED_EDGE('',*,*,#2464,.T.);
#3342=ORIENTED_EDGE('',*,*,#1658,.F.);
#3343=EDGE_LOOP('',(#3339,#3340,#3341,#3342));
#3344=FACE_BOUND('',#3343,.T.);
#3345=ADVANCED_FACE('',(#3344),#3338,.T.);
#3346=CARTESIAN_POINT('',(25.619996338,13.951560482,8.343385927));
#3347=DIRECTION('',(0.707106781,0.,0.707106781));
#3348=DIRECTION('',(0.,1.,0.));
#3349=AXIS2_PLACEMENT_3D('',#3346,#3347,#3348);
#3350=PLANE('',#3349);
#3351=CARTESIAN_POINT('',(24.627808838,0.811801224,9.335573427));
#3352=DIRECTION('',(0.577350269,0.577350269,-0.577350269));
#3353=VECTOR('',#3352,1.718519161);
#3354=LINE('',#3351,#3353);
#3355=EDGE_CURVE('',#2852,#2650,#3354,.T.);
#3356=ORIENTED_EDGE('',*,*,#3355,.F.);
#3357=ORIENTED_EDGE('',*,*,#2857,.F.);
#3358=CARTESIAN_POINT('',(25.619996338,24.627886276,8.343385927));
#3359=DIRECTION('',(-0.577350269,0.577350269,0.577350269));
#3360=VECTOR('',#3359,1.718519161);
#3361=LINE('',#3358,#3360);
#3362=EDGE_CURVE('',#2658,#2844,#3361,.T.);
#3363=ORIENTED_EDGE('',*,*,#3362,.F.);
#3364=ORIENTED_EDGE('',*,*,#2663,.F.);
#3365=EDGE_LOOP('',(#3356,#3357,#3363,#3364));
#3366=FACE_BOUND('',#3365,.T.);
#3367=ADVANCED_FACE('',(#3366),#3350,.F.);
#3368=CARTESIAN_POINT('',(24.627808838,25.620073776,0.028854677));
#3369=DIRECTION('',(0.707106781,0.707106781,0.));
#3370=DIRECTION('',(0.,0.,1.));
#3371=AXIS2_PLACEMENT_3D('',#3368,#3369,#3370);
#3372=PLANE('',#3371);
#3373=CARTESIAN_POINT('',(25.619996338,24.627886276,7.026554677));
#3374=DIRECTION('',(-0.707106781,0.707106781,-0.));
#3375=VECTOR('',#3374,1.403165019);
#3376=LINE('',#3373,#3375);
#3377=EDGE_CURVE('',#2755,#2836,#3376,.T.);
#3378=ORIENTED_EDGE('',*,*,#3377,.F.);
#3379=ORIENTED_EDGE('',*,*,#2760,.F.);
#3380=ORIENTED_EDGE('',*,*,#3362,.T.);
#3381=ORIENTED_EDGE('',*,*,#2849,.F.);
#3382=EDGE_LOOP('',(#3378,#3379,#3380,#3381));
#3383=FACE_BOUND('',#3382,.T.);
#3384=ADVANCED_FACE('',(#3383),#3372,.F.);
#3385=CARTESIAN_POINT('',(25.619996338,1.803988724,0.028854677));
#3386=DIRECTION('',(0.707106781,-0.707106781,0.));
#3387=DIRECTION('',(0.,0.,1.));
#3388=AXIS2_PLACEMENT_3D('',#3385,#3386,#3387);
#3389=PLANE('',#3388);
#3390=ORIENTED_EDGE('',*,*,#3355,.T.);
#3391=ORIENTED_EDGE('',*,*,#2737,.F.);
#3392=CARTESIAN_POINT('',(24.640557654,0.82455004,0.319415993));
#3393=DIRECTION('',(0.577350269,0.577350269,0.577350269));
#3394=VECTOR('',#3393,1.696437564);
#3395=LINE('',#3392,#3394);
#3396=EDGE_CURVE('',#3005,#2724,#3395,.T.);
#3397=ORIENTED_EDGE('',*,*,#3396,.F.);
#3398=ORIENTED_EDGE('',*,*,#3011,.F.);
#3399=ORIENTED_EDGE('',*,*,#2865,.F.);
#3400=EDGE_LOOP('',(#3390,#3391,#3397,#3398,#3399));
#3401=FACE_BOUND('',#3400,.T.);
#3402=ADVANCED_FACE('',(#3401),#3389,.F.);
#3403=CARTESIAN_POINT('',(25.619996338,24.629886276,1.298854677));
#3404=DIRECTION('',(0.707106781,0.,-0.707106781));
#3405=DIRECTION('',(0.,-1.,-0.));
#3406=AXIS2_PLACEMENT_3D('',#3403,#3404,#3405);
#3407=PLANE('',#3406);
#3408=CARTESIAN_POINT('',(24.627808838,23.427385837,0.306667177));
#3409=DIRECTION('',(0.707106781,-0.,0.707106781));
#3410=VECTOR('',#3409,1.403165019);
#3411=LINE('',#3408,#3410);
#3412=EDGE_CURVE('',#176,#2956,#3411,.T.);
#3413=ORIENTED_EDGE('',*,*,#3412,.F.);
#3414=ORIENTED_EDGE('',*,*,#181,.F.);
#3415=ORIENTED_EDGE('',*,*,#3018,.F.);
#3416=ORIENTED_EDGE('',*,*,#3396,.T.);
#3417=ORIENTED_EDGE('',*,*,#2967,.F.);
#3418=EDGE_LOOP('',(#3413,#3414,#3415,#3416,#3417));
#3419=FACE_BOUND('',#3418,.T.);
#3420=ADVANCED_FACE('',(#3419),#3407,.F.);
#3421=CARTESIAN_POINT('',(25.648046875,0.,0.));
#3422=DIRECTION('',(-1.,0.,0.));
#3423=DIRECTION('',(0.,-1.,0.));
#3424=AXIS2_PLACEMENT_3D('',#3421,#3422,#3423);
#3425=PLANE('',#3424);
#3426=ORIENTED_EDGE('',*,*,#2776,.T.);
#3427=CARTESIAN_POINT('',(25.648046875,24.627886276,7.026554677));
#3428=DIRECTION('',(0.,1.,0.));
#3429=VECTOR('',#3428,1.796051224);
#3430=LINE('',#3427,#3429);
#3431=EDGE_CURVE('',#2763,#63,#3430,.T.);
#3432=ORIENTED_EDGE('',*,*,#3431,.T.);
#3433=ORIENTED_EDGE('',*,*,#68,.F.);
#3434=ORIENTED_EDGE('',*,*,#155,.F.);
#3435=ORIENTED_EDGE('',*,*,#2897,.T.);
#3436=CARTESIAN_POINT('',(25.648046875,23.427385837,0.028854677));
#3437=DIRECTION('',(0.,0.,1.));
#3438=VECTOR('',#3437,1.27);
#3439=LINE('',#3436,#3438);
#3440=EDGE_CURVE('',#2892,#2948,#3439,.T.);
#3441=ORIENTED_EDGE('',*,*,#3440,.T.);
#3442=ORIENTED_EDGE('',*,*,#2953,.T.);
#3443=EDGE_LOOP('',(#3426,#3432,#3433,#3434,#3435,#3441,#3442));
#3444=FACE_BOUND('',#3443,.T.);
#3445=ADVANCED_FACE('',(#3444),#3425,.T.);
#3446=CARTESIAN_POINT('',(25.648046875,24.925661668,7.026554677));
#3447=DIRECTION('',(0.,0.,1.));
#3448=DIRECTION('',(1.,0.,0.));
#3449=AXIS2_PLACEMENT_3D('',#3446,#3447,#3448);
#3450=PLANE('',#3449);
#3451=ORIENTED_EDGE('',*,*,#3377,.T.);
#3452=ORIENTED_EDGE('',*,*,#2841,.F.);
#3453=ORIENTED_EDGE('',*,*,#76,.F.);
#3454=ORIENTED_EDGE('',*,*,#3431,.F.);
#3455=ORIENTED_EDGE('',*,*,#2768,.F.);
#3456=EDGE_LOOP('',(#3451,#3452,#3453,#3454,#3455));
#3457=FACE_BOUND('',#3456,.T.);
#3458=ADVANCED_FACE('',(#3457),#3450,.F.);
#3459=CARTESIAN_POINT('',(25.648046875,23.427385837,3.527704677));
#3460=DIRECTION('',(0.,-1.,0.));
#3461=DIRECTION('',(0.,0.,-1.));
#3462=AXIS2_PLACEMENT_3D('',#3459,#3460,#3461);
#3463=PLANE('',#3462);
#3464=ORIENTED_EDGE('',*,*,#3412,.T.);
#3465=ORIENTED_EDGE('',*,*,#2961,.F.);
#3466=ORIENTED_EDGE('',*,*,#3440,.F.);
#3467=ORIENTED_EDGE('',*,*,#2919,.T.);
#3468=ORIENTED_EDGE('',*,*,#189,.F.);
#3469=EDGE_LOOP('',(#3464,#3465,#3466,#3467,#3468));
#3470=FACE_BOUND('',#3469,.T.);
#3471=ADVANCED_FACE('',(#3470),#3463,.F.);
#3472=CARTESIAN_POINT('',(33.797605713,22.1059375,12.782571668));
#3473=DIRECTION('',(-1.,0.,0.));
#3474=DIRECTION('',(0.,0.,1.));
#3475=AXIS2_PLACEMENT_3D('',#3472,#3473,#3474);
#3476=CYLINDRICAL_SURFACE('',#3475,1.27);
#3477=ORIENTED_EDGE('',*,*,#1776,.T.);
#3478=ORIENTED_EDGE('',*,*,#840,.F.);
#3479=ORIENTED_EDGE('',*,*,#922,.T.);
#3480=ORIENTED_EDGE('',*,*,#1900,.T.);
#3481=EDGE_LOOP('',(#3477,#3478,#3479,#3480));
#3482=FACE_BOUND('',#3481,.T.);
#3483=ADVANCED_FACE('',(#3482),#3476,.F.);
#3484=CLOSED_SHELL('',(#134,#167,#208,#232,#297,#353,#408,#479,#521,#577,#609,#738,#769,#809,#902,#926,#1032,#1062,#1087,#1121,#1170,#1194,#1225,#1291,#1330,#1371,
#1483,#1515,#1539,#1600,#1625,#1662,#1693,#1723,#1740,#1764,#1811,#1842,#1866,#1904,#1916,#1928,#1953,#1985,#2018,#2044,#2086,#2119,#2181,#2193,#2258,
#2283,#2314,#2354,#2386,#2403,#2432,#2478,#2509,#2543,#2567,#2604,#2616,#2628,#2681,#2697,#2709,#2748,#2795,#2811,#2828,#2885,#2923,#2941,#2974,#2998,
#3033,#3148,#3263,#3280,#3297,#3309,#3321,#3333,#3345,#3367,#3384,#3402,#3420,#3445,#3458,#3471,#3483));
#3485=MANIFOLD_SOLID_BREP('Body 03',#3484);
#3486=COLOUR_RGB('',0.90196079,0.180392161,0.180392161);
#3487=FILL_AREA_STYLE_COLOUR('',#3486);
#3488=FILL_AREA_STYLE('',(#3487));
#3489=SURFACE_STYLE_FILL_AREA(#3488);
#3490=SURFACE_SIDE_STYLE('',(#3489));
#3491=SURFACE_STYLE_USAGE(.BOTH.,#3490);
#3492=PRESENTATION_STYLE_ASSIGNMENT((#3491));
#54=STYLED_ITEM('',(#3492),#3485);
#3493=(NAMED_UNIT(*)PLANE_ANGLE_UNIT()SI_UNIT($,.RADIAN.));
#3494=PLANE_ANGLE_MEASURE_WITH_UNIT(PLANE_ANGLE_MEASURE(0.0174532925),#3493);
#3495=(CONVERSION_BASED_UNIT('DEGREE',#3494)NAMED_UNIT(#3496)PLANE_ANGLE_UNIT());
#3496=DIMENSIONAL_EXPONENTS(0.,0.,0.,0.,0.,0.,0.);
#3497=(NAMED_UNIT(*)SI_UNIT($,.STERADIAN.)SOLID_ANGLE_UNIT());
#3498=(LENGTH_UNIT()NAMED_UNIT(*)SI_UNIT(.MILLI.,.METRE.));
#3499=UNCERTAINTY_MEASURE_WITH_UNIT(LENGTH_MEASURE(1.000000E-03),#3498,'DISTANCE_ACCURACY_VALUE','Maximum Tolerance applied to model');
#3500=(GEOMETRIC_REPRESENTATION_CONTEXT(3)GLOBAL_UNCERTAINTY_ASSIGNED_CONTEXT((#3499))GLOBAL_UNIT_ASSIGNED_CONTEXT((#3498,#3495,#3497))REPRESENTATION_CONTEXT('','version8-sensor-enclosure (Imported)'));
#3512=CARTESIAN_POINT('',(0.,0.,0.));
#3513=DIRECTION('',(0.,0.,1.));
#3514=DIRECTION('',(1.,0.,-0.));
#3515=AXIS2_PLACEMENT_3D('',#3512,#3513,#3514);
#3516=ITEM_DEFINED_TRANSFORMATION('','',#3515,#15);
#3517=(REPRESENTATION_RELATIONSHIP('','',#3502,#35)REPRESENTATION_RELATIONSHIP_WITH_TRANSFORMATION(#3516)SHAPE_REPRESENTATION_RELATIONSHIP());
#3518=NEXT_ASSEMBLY_USAGE_OCCURRENCE('version8-sensor-enclosure (Imported)_2','version8-sensor-enclosure (Imported)','version8-sensor-enclosure (Imported)',#44,#3511,$);
#3519=PRODUCT_DEFINITION_SHAPE('','',#3518);
#3520=CONTEXT_DEPENDENT_SHAPE_REPRESENTATION(#3517,#3519);
#3521=(NAMED_UNIT(*)PLANE_ANGLE_UNIT()SI_UNIT($,.RADIAN.));
#3522=PLANE_ANGLE_MEASURE_WITH_UNIT(PLANE_ANGLE_MEASURE(0.0174532925),#3521);
#3523=(CONVERSION_BASED_UNIT('DEGREE',#3522)NAMED_UNIT(#3524)PLANE_ANGLE_UNIT());
#3524=DIMENSIONAL_EXPONENTS(0.,0.,0.,0.,0.,0.,0.);
#3525=(NAMED_UNIT(*)SI_UNIT($,.STERADIAN.)SOLID_ANGLE_UNIT());
#3526=(LENGTH_UNIT()NAMED_UNIT(*)SI_UNIT(.MILLI.,.METRE.));
#3527=UNCERTAINTY_MEASURE_WITH_UNIT(LENGTH_MEASURE(1.000000E-03),#3526,'DISTANCE_ACCURACY_VALUE','Maximum Tolerance applied to model');
#3528=(GEOMETRIC_REPRESENTATION_CONTEXT(3)GLOBAL_UNCERTAINTY_ASSIGNED_CONTEXT((#3527))GLOBAL_UNIT_ASSIGNED_CONTEXT((#3526,#3523,#3525))REPRESENTATION_CONTEXT('','version8-sensor-enclosure.step'));
#3540=CARTESIAN_POINT('',(0.,0.,0.));
#3541=DIRECTION('',(0.,0.,1.));
#3542=DIRECTION('',(1.,0.,-0.));
#3543=AXIS2_PLACEMENT_3D('',#3540,#3541,#3542);
#3544=ITEM_DEFINED_TRANSFORMATION('','',#3543,#15);
#3545=(REPRESENTATION_RELATIONSHIP('','',#3530,#3502)REPRESENTATION_RELATIONSHIP_WITH_TRANSFORMATION(#3544)SHAPE_REPRESENTATION_RELATIONSHIP());
#3546=NEXT_ASSEMBLY_USAGE_OCCURRENCE('version8-sensor-enclosure.step_3','version8-sensor-enclosure.step','version8-sensor-enclosure.step',#3511,#3539,$);
#3547=PRODUCT_DEFINITION_SHAPE('','',#3546);
#3548=CONTEXT_DEPENDENT_SHAPE_REPRESENTATION(#3545,#3547);
#3549=(NAMED_UNIT(*)PLANE_ANGLE_UNIT()SI_UNIT($,.RADIAN.));
#3550=PLANE_ANGLE_MEASURE_WITH_UNIT(PLANE_ANGLE_MEASURE(0.0174532925),#3549);
#3551=(CONVERSION_BASED_UNIT('DEGREE',#3550)NAMED_UNIT(#3552)PLANE_ANGLE_UNIT());
#3552=DIMENSIONAL_EXPONENTS(0.,0.,0.,0.,0.,0.,0.);
#3553=(NAMED_UNIT(*)SI_UNIT($,.STERADIAN.)SOLID_ANGLE_UNIT());
#3554=(LENGTH_UNIT()NAMED_UNIT(*)SI_UNIT(.MILLI.,.METRE.));
#3555=UNCERTAINTY_MEASURE_WITH_UNIT(LENGTH_MEASURE(1.000000E-03),#3554,'DISTANCE_ACCURACY_VALUE','Maximum Tolerance applied to model');
#3556=(GEOMETRIC_REPRESENTATION_CONTEXT(3)GLOBAL_UNCERTAINTY_ASSIGNED_CONTEXT((#3555))GLOBAL_UNIT_ASSIGNED_CONTEXT((#3554,#3551,#3553))REPRESENTATION_CONTEXT('','knowco2-version6-sensor-enclosure (Imported)'));
#3568=CARTESIAN_POINT('',(0.,0.,0.));
#3569=DIRECTION('',(0.,0.,1.));
#3570=DIRECTION('',(1.,0.,-0.));
#3571=AXIS2_PLACEMENT_3D('',#3568,#3569,#3570);
#3572=ITEM_DEFINED_TRANSFORMATION('','',#3571,#15);
#3573=(REPRESENTATION_RELATIONSHIP('','',#3558,#3530)REPRESENTATION_RELATIONSHIP_WITH_TRANSFORMATION(#3572)SHAPE_REPRESENTATION_RELATIONSHIP());
#3574=NEXT_ASSEMBLY_USAGE_OCCURRENCE('knowco2-version6-sensor-enclosure (Imported)_4','knowco2-version6-sensor-enclosure (Imported)','knowco2-version6-sensor-enclosure (Imported)',#3539,#3567,$);
#3575=PRODUCT_DEFINITION_SHAPE('','',#3574);
#3576=CONTEXT_DEPENDENT_SHAPE_REPRESENTATION(#3573,#3575);
#3577=(NAMED_UNIT(*)PLANE_ANGLE_UNIT()SI_UNIT($,.RADIAN.));
#3578=PLANE_ANGLE_MEASURE_WITH_UNIT(PLANE_ANGLE_MEASURE(0.0174532925),#3577);
#3579=(CONVERSION_BASED_UNIT('DEGREE',#3578)NAMED_UNIT(#3580)PLANE_ANGLE_UNIT());
#3580=DIMENSIONAL_EXPONENTS(0.,0.,0.,0.,0.,0.,0.);
#3581=(NAMED_UNIT(*)SI_UNIT($,.STERADIAN.)SOLID_ANGLE_UNIT());
#3582=(LENGTH_UNIT()NAMED_UNIT(*)SI_UNIT(.MILLI.,.METRE.));
#3583=UNCERTAINTY_MEASURE_WITH_UNIT(LENGTH_MEASURE(1.000000E-03),#3582,'DISTANCE_ACCURACY_VALUE','Maximum Tolerance applied to model');
#3584=(GEOMETRIC_REPRESENTATION_CONTEXT(3)GLOBAL_UNCERTAINTY_ASSIGNED_CONTEXT((#3583))GLOBAL_UNIT_ASSIGNED_CONTEXT((#3582,#3579,#3581))REPRESENTATION_CONTEXT('','knowco2-version6-sensor.step'));
#3596=CARTESIAN_POINT('',(0.,0.,0.));
#3597=DIRECTION('',(0.,0.,1.));
#3598=DIRECTION('',(1.,0.,-0.));
#3599=AXIS2_PLACEMENT_3D('',#3596,#3597,#3598);
#3600=ITEM_DEFINED_TRANSFORMATION('','',#3599,#15);
#3601=(REPRESENTATION_RELATIONSHIP('','',#3586,#3558)REPRESENTATION_RELATIONSHIP_WITH_TRANSFORMATION(#3600)SHAPE_REPRESENTATION_RELATIONSHIP());
#3602=NEXT_ASSEMBLY_USAGE_OCCURRENCE('knowco2-version6-sensor.step_5','knowco2-version6-sensor.step','knowco2-version6-sensor.step',#3567,#3595,$);
#3603=PRODUCT_DEFINITION_SHAPE('','',#3602);
#3604=CONTEXT_DEPENDENT_SHAPE_REPRESENTATION(#3601,#3603);
#3605=(NAMED_UNIT(*)PLANE_ANGLE_UNIT()SI_UNIT($,.RADIAN.));
#3606=PLANE_ANGLE_MEASURE_WITH_UNIT(PLANE_ANGLE_MEASURE(0.0174532925),#3605);
#3607=(CONVERSION_BASED_UNIT('DEGREE',#3606)NAMED_UNIT(#3608)PLANE_ANGLE_UNIT());
#3608=DIMENSIONAL_EXPONENTS(0.,0.,0.,0.,0.,0.,0.);
#3609=(NAMED_UNIT(*)SI_UNIT($,.STERADIAN.)SOLID_ANGLE_UNIT());
#3610=(LENGTH_UNIT()NAMED_UNIT(*)SI_UNIT(.MILLI.,.METRE.));
#3611=UNCERTAINTY_MEASURE_WITH_UNIT(LENGTH_MEASURE(1.000000E-03),#3610,'DISTANCE_ACCURACY_VALUE','Maximum Tolerance applied to model');
#3612=(GEOMETRIC_REPRESENTATION_CONTEXT(3)GLOBAL_UNCERTAINTY_ASSIGNED_CONTEXT((#3611))GLOBAL_UNIT_ASSIGNED_CONTEXT((#3610,#3607,#3609))REPRESENTATION_CONTEXT('','knowco2-version2-sensor (Imported)'));
#3624=CARTESIAN_POINT('',(0.,0.,0.));
#3625=DIRECTION('',(0.,0.,1.));
#3626=DIRECTION('',(1.,0.,-0.));
#3627=AXIS2_PLACEMENT_3D('',#3624,#3625,#3626);
#3628=ITEM_DEFINED_TRANSFORMATION('','',#3627,#15);
#3629=(REPRESENTATION_RELATIONSHIP('','',#3614,#3586)REPRESENTATION_RELATIONSHIP_WITH_TRANSFORMATION(#3628)SHAPE_REPRESENTATION_RELATIONSHIP());
#3630=NEXT_ASSEMBLY_USAGE_OCCURRENCE('knowco2-version2-sensor (Imported)_6','knowco2-version2-sensor (Imported)','knowco2-version2-sensor (Imported)',#3595,#3623,$);
#3631=PRODUCT_DEFINITION_SHAPE('','',#3630);
#3632=CONTEXT_DEPENDENT_SHAPE_REPRESENTATION(#3629,#3631);
#3633=(NAMED_UNIT(*)PLANE_ANGLE_UNIT()SI_UNIT($,.RADIAN.));
#3634=PLANE_ANGLE_MEASURE_WITH_UNIT(PLANE_ANGLE_MEASURE(0.0174532925),#3633);
#3635=(CONVERSION_BASED_UNIT('DEGREE',#3634)NAMED_UNIT(#3636)PLANE_ANGLE_UNIT());
#3636=DIMENSIONAL_EXPONENTS(0.,0.,0.,0.,0.,0.,0.);
#3637=(NAMED_UNIT(*)SI_UNIT($,.STERADIAN.)SOLID_ANGLE_UNIT());
#3638=(LENGTH_UNIT()NAMED_UNIT(*)SI_UNIT(.MILLI.,.METRE.));
#3639=UNCERTAINTY_MEASURE_WITH_UNIT(LENGTH_MEASURE(1.000000E-03),#3638,'DISTANCE_ACCURACY_VALUE','Maximum Tolerance applied to model');
#3640=(GEOMETRIC_REPRESENTATION_CONTEXT(3)GLOBAL_UNCERTAINTY_ASSIGNED_CONTEXT((#3639))GLOBAL_UNIT_ASSIGNED_CONTEXT((#3638,#3635,#3637))REPRESENTATION_CONTEXT('','knowco2-version1-sensor (Imported)'));
#3652=CARTESIAN_POINT('',(0.,0.,0.));
#3653=DIRECTION('',(0.,0.,1.));
#3654=DIRECTION('',(1.,0.,-0.));
#3655=AXIS2_PLACEMENT_3D('',#3652,#3653,#3654);
#3656=ITEM_DEFINED_TRANSFORMATION('','',#3655,#15);
#3657=(REPRESENTATION_RELATIONSHIP('','',#3642,#3614)REPRESENTATION_RELATIONSHIP_WITH_TRANSFORMATION(#3656)SHAPE_REPRESENTATION_RELATIONSHIP());
#3658=NEXT_ASSEMBLY_USAGE_OCCURRENCE('knowco2-version1-sensor (Imported)_7','knowco2-version1-sensor (Imported)','knowco2-version1-sensor (Imported)',#3623,#3651,$);
#3659=PRODUCT_DEFINITION_SHAPE('','',#3658);
#3660=CONTEXT_DEPENDENT_SHAPE_REPRESENTATION(#3657,#3659);
#3642=SHAPE_REPRESENTATION('knowco2-version1-sensor (Imported)',(#15),#3640);
#3661=CARTESIAN_POINT('',(0.,0.,0.));
#3662=DIRECTION('',(0.,0.,1.));
#3663=DIRECTION('',(1.,0.,0.));
#3664=AXIS2_PLACEMENT_3D('',#3661,#3662,#3663);
#3666=MAPPED_ITEM('',#3665,#3664);
#3665=REPRESENTATION_MAP(#3664,#3642);
#3667=APPLICATION_CONTEXT('Managed model based 3d engineering');
#3668=APPLICATION_PROTOCOL_DEFINITION('international standard','ap242_managed_model_based_3d_engineering',2014,#3667);
#3669=PRODUCT_CONTEXT('',#3667,'mechanical');
#3670=PRODUCT_DEFINITION_CONTEXT('part definition',#3667,'design');
#3650=PRODUCT('knowco2-version1-sensor (Imported)','knowco2-version1-sensor (Imported)','',(#3669));
#3671=PRODUCT_RELATED_PRODUCT_CATEGORY('part','',(#3650));
#3672=PRODUCT_DEFINITION_FORMATION_WITH_SPECIFIED_SOURCE('','',#3650,.NOT_KNOWN.);
#3651=PRODUCT_DEFINITION('design','',#3672,#3670);
#3649=PRODUCT_DEFINITION_SHAPE('','',#3651);
#3673=SHAPE_DEFINITION_REPRESENTATION(#3649,#3642);
#3641=DRAUGHTING_MODEL('',(#3666),#3640);
#3614=SHAPE_REPRESENTATION('knowco2-version2-sensor (Imported)',(#15,#3655),#3612);
#3674=CARTESIAN_POINT('',(0.,0.,0.));
#3675=DIRECTION('',(0.,0.,1.));
#3676=DIRECTION('',(1.,0.,0.));
#3677=AXIS2_PLACEMENT_3D('',#3674,#3675,#3676);
#3679=MAPPED_ITEM('',#3678,#3677);
#3678=REPRESENTATION_MAP(#3677,#3614);
#3622=PRODUCT('knowco2-version2-sensor (Imported)','knowco2-version2-sensor (Imported)','',(#3669));
#3680=PRODUCT_RELATED_PRODUCT_CATEGORY('part','',(#3622));
#3681=PRODUCT_DEFINITION_FORMATION_WITH_SPECIFIED_SOURCE('','',#3622,.NOT_KNOWN.);
#3623=PRODUCT_DEFINITION('design','',#3681,#3670);
#3621=PRODUCT_DEFINITION_SHAPE('','',#3623);
#3682=SHAPE_DEFINITION_REPRESENTATION(#3621,#3614);
#3613=DRAUGHTING_MODEL('',(#3679),#3612);
#3586=SHAPE_REPRESENTATION('knowco2-version6-sensor.step',(#15,#3627),#3584);
#3683=CARTESIAN_POINT('',(0.,0.,0.));
#3684=DIRECTION('',(0.,0.,1.));
#3685=DIRECTION('',(1.,0.,0.));
#3686=AXIS2_PLACEMENT_3D('',#3683,#3684,#3685);
#3688=MAPPED_ITEM('',#3687,#3686);
#3687=REPRESENTATION_MAP(#3686,#3586);
#3594=PRODUCT('knowco2-version6-sensor.step','knowco2-version6-sensor.step','',(#3669));
#3689=PRODUCT_RELATED_PRODUCT_CATEGORY('part','',(#3594));
#3690=PRODUCT_DEFINITION_FORMATION_WITH_SPECIFIED_SOURCE('','',#3594,.NOT_KNOWN.);
#3595=PRODUCT_DEFINITION('design','',#3690,#3670);
#3593=PRODUCT_DEFINITION_SHAPE('','',#3595);
#3691=SHAPE_DEFINITION_REPRESENTATION(#3593,#3586);
#3585=DRAUGHTING_MODEL('',(#3688),#3584);
#3558=SHAPE_REPRESENTATION('knowco2-version6-sensor-enclosure (Imported)',(#15,#3599),#3556);
#3692=CARTESIAN_POINT('',(0.,0.,0.));
#3693=DIRECTION('',(0.,0.,1.));
#3694=DIRECTION('',(1.,0.,0.));
#3695=AXIS2_PLACEMENT_3D('',#3692,#3693,#3694);
#3697=MAPPED_ITEM('',#3696,#3695);
#3696=REPRESENTATION_MAP(#3695,#3558);
#3566=PRODUCT('knowco2-version6-sensor-enclosure (Imported)','knowco2-version6-sensor-enclosure (Imported)','',(#3669));
#3698=PRODUCT_RELATED_PRODUCT_CATEGORY('part','',(#3566));
#3699=PRODUCT_DEFINITION_FORMATION_WITH_SPECIFIED_SOURCE('','',#3566,.NOT_KNOWN.);
#3567=PRODUCT_DEFINITION('design','',#3699,#3670);
#3565=PRODUCT_DEFINITION_SHAPE('','',#3567);
#3700=SHAPE_DEFINITION_REPRESENTATION(#3565,#3558);
#3557=DRAUGHTING_MODEL('',(#3697),#3556);
#3530=SHAPE_REPRESENTATION('version8-sensor-enclosure.step',(#15,#3571),#3528);
#3701=CARTESIAN_POINT('',(0.,0.,0.));
#3702=DIRECTION('',(0.,0.,1.));
#3703=DIRECTION('',(1.,0.,0.));
#3704=AXIS2_PLACEMENT_3D('',#3701,#3702,#3703);
#3706=MAPPED_ITEM('',#3705,#3704);
#3705=REPRESENTATION_MAP(#3704,#3530);
#3538=PRODUCT('version8-sensor-enclosure.step','version8-sensor-enclosure.step','',(#3669));
#3707=PRODUCT_RELATED_PRODUCT_CATEGORY('part','',(#3538));
#3708=PRODUCT_DEFINITION_FORMATION_WITH_SPECIFIED_SOURCE('','',#3538,.NOT_KNOWN.);
#3539=PRODUCT_DEFINITION('design','',#3708,#3670);
#3537=PRODUCT_DEFINITION_SHAPE('','',#3539);
#3709=SHAPE_DEFINITION_REPRESENTATION(#3537,#3530);
#3529=DRAUGHTING_MODEL('',(#3706),#3528);
#3502=SHAPE_REPRESENTATION('version8-sensor-enclosure (Imported)',(#15,#3543),#3500);
#3710=CARTESIAN_POINT('',(0.,0.,0.));
#3711=DIRECTION('',(0.,0.,1.));
#3712=DIRECTION('',(1.,0.,0.));
#3713=AXIS2_PLACEMENT_3D('',#3710,#3711,#3712);
#3715=MAPPED_ITEM('',#3714,#3713);
#3714=REPRESENTATION_MAP(#3713,#3502);
#3510=PRODUCT('version8-sensor-enclosure (Imported)','version8-sensor-enclosure (Imported)','',(#3669));
#3716=PRODUCT_RELATED_PRODUCT_CATEGORY('part','',(#3510));
#3717=PRODUCT_DEFINITION_FORMATION_WITH_SPECIFIED_SOURCE('','',#3510,.NOT_KNOWN.);
#3511=PRODUCT_DEFINITION('design','',#3717,#3670);
#3509=PRODUCT_DEFINITION_SHAPE('','',#3511);
#3718=SHAPE_DEFINITION_REPRESENTATION(#3509,#3502);
#3501=DRAUGHTING_MODEL('',(#3715),#3500);
#35=SHAPE_REPRESENTATION('knowco2-sensor-enclosure-version10 (Imported)',(#15,#3515),#33);
#36=ADVANCED_BREP_SHAPE_REPRESENTATION('knowco2-sensor-enclosure-version10 (Imported)',(#3485),#33);
#3726=SHAPE_REPRESENTATION_RELATIONSHIP('','',#35,#36);
#3727=CARTESIAN_POINT('',(0.,0.,0.));
#3728=DIRECTION('',(0.,0.,1.));
#3729=DIRECTION('',(1.,0.,0.));
#3730=AXIS2_PLACEMENT_3D('',#3727,#3728,#3729);
#3732=MAPPED_ITEM('',#3731,#3730);
#3731=REPRESENTATION_MAP(#3730,#35);
#43=PRODUCT('knowco2-sensor-enclosure-version10 (Imported)','knowco2-sensor-enclosure-version10 (Imported)','',(#3669));
#3733=PRODUCT_RELATED_PRODUCT_CATEGORY('part','',(#43));
#3734=PRODUCT_DEFINITION_FORMATION_WITH_SPECIFIED_SOURCE('','',#43,.NOT_KNOWN.);
#44=PRODUCT_DEFINITION('design','',#3734,#3670);
#42=PRODUCT_DEFINITION_SHAPE('','',#44);
#3735=SHAPE_DEFINITION_REPRESENTATION(#42,#35);
#34=DRAUGHTING_MODEL('',(#3732),#33);
#16=SHAPE_REPRESENTATION('root',(#15,#48),#10);
#3736=CARTESIAN_POINT('',(0.,0.,0.));
#3737=DIRECTION('',(0.,0.,1.));
#3738=DIRECTION('',(1.,0.,0.));
#3739=AXIS2_PLACEMENT_3D('',#3736,#3737,#3738);
#3741=MAPPED_ITEM('',#3740,#3739);
#3740=REPRESENTATION_MAP(#3739,#16);
#24=PRODUCT('root','root','',(#3669));
#3742=PRODUCT_RELATED_PRODUCT_CATEGORY('part','',(#24));
#3743=PRODUCT_DEFINITION_FORMATION_WITH_SPECIFIED_SOURCE('','',#24,.NOT_KNOWN.);
#25=PRODUCT_DEFINITION('design','',#3743,#3670);
#23=PRODUCT_DEFINITION_SHAPE('','',#25);
#3744=SHAPE_DEFINITION_REPRESENTATION(#23,#16);
#11=DRAUGHTING_MODEL('',(#3741),#10);
#3745=DESCRIPTIVE_REPRESENTATION_ITEM('KEY','/Users/mike/Library/Containers/com.shapr3d.shapr/Data/tmp/2A559151-DB5A-42B4-92DC-8518FE8B4AE1.tmp');
#3746=PROPERTY_DEFINITION('KEY','',#25);
#3747=REPRESENTATION('',(#3745),#10);
#3748=PROPERTY_DEFINITION_REPRESENTATION(#3746,#3747);
#3749=GENERAL_PROPERTY('','KEY','');
#3750=GENERAL_PROPERTY_ASSOCIATION('','',#3749,#3746);
#1=MECHANICAL_DESIGN_GEOMETRIC_PRESENTATION_REPRESENTATION('',(#2717,#54),#10);
ENDSEC;
END-ISO-10303-21;
