ISO-10303-21;
HEADER;

/* File generated by Shapr3D Version 26.113.0.11178 */

FILE_DESCRIPTION(('HOOPS Exchange Step'),'2;1');

FILE_NAME('/Users/mike/Library/Containers/com.shapr3d.shapr/Data/tmp/export/temp_export',
'2026-07-07T09:14:04-04:00',
('mike'),
('Shapr3D Limited'),
'HOOPS Exchange 2026.3',
'Shapr3D',
'Authorized');

FILE_SCHEMA( ('AP242_MANAGED_MODEL_BASED_3D_ENGINEERING_MIM_LF {1 0 10303 442 1 1 4}') );

ENDSEC;

DATA;
#3=(NAMED_UNIT(*)PLANE_ANGLE_UNIT()SI_UNIT($,.RADIAN.));
#4=PLANE_ANGLE_MEASURE_WITH_UNIT(PLANE_ANGLE_MEASURE(0.0174532925),#3);
#5=(CONVERSION_BASED_UNIT('DEGREE',#4)NAMED_UNIT(#6)PLANE_ANGLE_UNIT());
#6=DIMENSIONAL_EXPONENTS(0.,0.,0.,0.,0.,0.,0.);
#7=(NAMED_UNIT(*)SI_UNIT($,.STERADIAN.)SOLID_ANGLE_UNIT());
#8=(LENGTH_UNIT()NAMED_UNIT(*)SI_UNIT(.MILLI.,.METRE.));
#9=UNCERTAINTY_MEASURE_WITH_UNIT(LENGTH_MEASURE(1.000000E-05),#8,'DISTANCE_ACCURACY_VALUE','Maximum Tolerance applied to model');
#10=(GEOMETRIC_REPRESENTATION_CONTEXT(3)GLOBAL_UNCERTAINTY_ASSIGNED_CONTEXT((#9))GLOBAL_UNIT_ASSIGNED_CONTEXT((#8,#5,#7))REPRESENTATION_CONTEXT('','root'));
#12=CARTESIAN_POINT('',(0.,0.,0.));
#13=DIRECTION('',(0.,0.,1.));
#14=DIRECTION('',(1.,0.,0.));
#15=AXIS2_PLACEMENT_3D('TS3D_PRODUCT_CSYS',#12,#13,#14);
#27=CARTESIAN_POINT('',(29.719715088,6.8659375,52.466120159));
#28=DIRECTION('',(0.,1.,0.));
#29=DIRECTION('',(0.,0.,1.));
#30=AXIS2_PLACEMENT_3D('',#27,#28,#29);
#31=PLANE('',#30);
#32=CARTESIAN_POINT('',(34.283777588,6.8659375,12.498862858));
#33=VERTEX_POINT('',#32);
#34=CARTESIAN_POINT('',(34.283777588,6.8659375,13.54279136));
#35=VERTEX_POINT('',#34);
#36=CARTESIAN_POINT('',(34.283777588,6.8659375,12.498862858));
#37=DIRECTION('',(0.,0.,1.));
#38=VECTOR('',#37,1.043928502);
#39=LINE('',#36,#38);
#40=EDGE_CURVE('',#33,#35,#39,.T.);
#41=ORIENTED_EDGE('',*,*,#40,.F.);
#42=CARTESIAN_POINT('',(29.719715088,6.8659375,12.498862858));
#43=VERTEX_POINT('',#42);
#44=CARTESIAN_POINT('',(29.719715088,6.8659375,12.498862858));
#45=DIRECTION('',(1.,0.,-0.));
#46=VECTOR('',#45,4.5640625);
#47=LINE('',#44,#46);
#48=EDGE_CURVE('',#43,#33,#47,.T.);
#49=ORIENTED_EDGE('',*,*,#48,.F.);
#50=CARTESIAN_POINT('',(29.719715088,6.8659375,13.54279136));
#51=VERTEX_POINT('',#50);
#52=CARTESIAN_POINT('',(29.719715088,6.8659375,12.498862858));
#53=DIRECTION('',(0.,0.,1.));
#54=VECTOR('',#53,1.043928502);
#55=LINE('',#52,#54);
#56=EDGE_CURVE('',#43,#51,#55,.T.);
#57=ORIENTED_EDGE('',*,*,#56,.T.);
#58=CARTESIAN_POINT('',(29.719715088,6.8659375,13.54279136));
#59=DIRECTION('',(1.,0.,-0.));
#60=VECTOR('',#59,4.5640625);
#61=LINE('',#58,#60);
#62=EDGE_CURVE('',#51,#35,#61,.T.);
#63=ORIENTED_EDGE('',*,*,#62,.T.);
#64=EDGE_LOOP('',(#41,#49,#57,#63));
#65=FACE_BOUND('',#64,.T.);
#66=ADVANCED_FACE('',(#65),#31,.T.);
#67=CARTESIAN_POINT('',(29.719715088,1.749366763,12.503545156));
#68=DIRECTION('',(0.,0.000915124,0.999999581));
#69=DIRECTION('',(0.,-0.999999581,0.000915124));
#70=AXIS2_PLACEMENT_3D('',#67,#68,#69);
#71=PLANE('',#70);
#72=CARTESIAN_POINT('',(34.283777588,5.560290604,12.500057687));
#73=VERTEX_POINT('',#72);
#74=CARTESIAN_POINT('',(34.283777588,6.8659375,12.498862858));
#75=DIRECTION('',(0.,-0.999999581,0.000915124));
#76=VECTOR('',#75,1.305647443);
#77=LINE('',#74,#76);
#78=EDGE_CURVE('',#33,#73,#77,.T.);
#79=ORIENTED_EDGE('',*,*,#78,.T.);
#80=CARTESIAN_POINT('',(29.719715088,5.560290604,12.500057687));
#81=VERTEX_POINT('',#80);
#82=CARTESIAN_POINT('',(29.719715088,5.560290604,12.500057687));
#83=DIRECTION('',(1.,0.,-0.));
#84=VECTOR('',#83,4.5640625);
#85=LINE('',#82,#84);
#86=EDGE_CURVE('',#81,#73,#85,.T.);
#87=ORIENTED_EDGE('',*,*,#86,.F.);
#88=CARTESIAN_POINT('',(29.719715088,6.8659375,12.498862858));
#89=DIRECTION('',(0.,-0.999999581,0.000915124));
#90=VECTOR('',#89,1.305647443);
#91=LINE('',#88,#90);
#92=EDGE_CURVE('',#43,#81,#91,.T.);
#93=ORIENTED_EDGE('',*,*,#92,.F.);
#94=ORIENTED_EDGE('',*,*,#48,.T.);
#95=EDGE_LOOP('',(#79,#87,#93,#94));
#96=FACE_BOUND('',#95,.T.);
#97=ADVANCED_FACE('',(#96),#71,.F.);
#98=CARTESIAN_POINT('',(29.719715088,4.3259375,12.798842584));
#99=DIRECTION('',(1.,0.,0.));
#100=DIRECTION('',(0.,0.,-1.));
#101=AXIS2_PLACEMENT_3D('',#98,#99,#100);
#102=CYLINDRICAL_SURFACE('',#101,1.27);
#103=CARTESIAN_POINT('',(34.283777588,3.064946157,12.949842031));
#104=VERTEX_POINT('',#103);
#105=CARTESIAN_POINT('',(34.283777588,4.3259375,12.798842584));
#106=DIRECTION('',(-1.,0.,0.));
#107=DIRECTION('',(0.,0.,1.));
#108=AXIS2_PLACEMENT_3D('',#105,#106,#107);
#109=CIRCLE('',#108,1.27);
#110=EDGE_CURVE('',#104,#73,#109,.T.);
#111=ORIENTED_EDGE('',*,*,#110,.F.);
#112=CARTESIAN_POINT('',(29.719715088,3.064946157,12.949842031));
#113=VERTEX_POINT('',#112);
#114=CARTESIAN_POINT('',(29.719715088,3.064946157,12.949842031));
#115=DIRECTION('',(1.,0.,-0.));
#116=VECTOR('',#115,4.5640625);
#117=LINE('',#114,#116);
#118=EDGE_CURVE('',#113,#104,#117,.T.);
#119=ORIENTED_EDGE('',*,*,#118,.F.);
#120=CARTESIAN_POINT('',(29.719715088,4.3259375,12.798842584));
#121=DIRECTION('',(-1.,0.,0.));
#122=DIRECTION('',(0.,0.,1.));
#123=AXIS2_PLACEMENT_3D('',#120,#121,#122);
#124=CIRCLE('',#123,1.27);
#125=EDGE_CURVE('',#113,#81,#124,.T.);
#126=ORIENTED_EDGE('',*,*,#125,.T.);
#127=ORIENTED_EDGE('',*,*,#86,.T.);
#128=EDGE_LOOP('',(#111,#119,#126,#127));
#129=FACE_BOUND('',#128,.T.);
#130=ADVANCED_FACE('',(#129),#102,.F.);
#131=CARTESIAN_POINT('',(29.719715088,4.3259375,12.798842584));
#132=DIRECTION('',(1.,0.,0.));
#133=DIRECTION('',(0.,0.,-1.));
#134=AXIS2_PLACEMENT_3D('',#131,#132,#133);
#135=CYLINDRICAL_SURFACE('',#134,1.27);
#136=CARTESIAN_POINT('',(34.283777588,3.064944014,12.647861037));
#137=VERTEX_POINT('',#136);
#138=CARTESIAN_POINT('',(34.283777588,4.3259375,12.798842584));
#139=DIRECTION('',(-1.,0.,0.));
#140=DIRECTION('',(0.,0.,1.));
#141=AXIS2_PLACEMENT_3D('',#138,#139,#140);
#142=CIRCLE('',#141,1.27);
#143=EDGE_CURVE('',#137,#104,#142,.T.);
#144=ORIENTED_EDGE('',*,*,#143,.F.);
#145=CARTESIAN_POINT('',(29.719715088,3.064944014,12.647861037));
#146=VERTEX_POINT('',#145);
#147=CARTESIAN_POINT('',(29.719715088,3.064944014,12.647861037));
#148=DIRECTION('',(1.,0.,-0.));
#149=VECTOR('',#148,4.5640625);
#150=LINE('',#147,#149);
#151=EDGE_CURVE('',#146,#137,#150,.T.);
#152=ORIENTED_EDGE('',*,*,#151,.F.);
#153=CARTESIAN_POINT('',(29.719715088,4.3259375,12.798842584));
#154=DIRECTION('',(-1.,0.,0.));
#155=DIRECTION('',(0.,0.,1.));
#156=AXIS2_PLACEMENT_3D('',#153,#154,#155);
#157=CIRCLE('',#156,1.27);
#158=EDGE_CURVE('',#146,#113,#157,.T.);
#159=ORIENTED_EDGE('',*,*,#158,.T.);
#160=ORIENTED_EDGE('',*,*,#118,.T.);
#161=EDGE_LOOP('',(#144,#152,#159,#160));
#162=FACE_BOUND('',#161,.T.);
#163=ADVANCED_FACE('',(#162),#135,.F.);
#164=CARTESIAN_POINT('',(29.719715088,4.3259375,12.798842584));
#165=DIRECTION('',(1.,0.,0.));
#166=DIRECTION('',(0.,0.,-1.));
#167=AXIS2_PLACEMENT_3D('',#164,#165,#166);
#168=CYLINDRICAL_SURFACE('',#167,1.27);
#169=CARTESIAN_POINT('',(34.283777588,3.435251169,11.893537188));
#170=VERTEX_POINT('',#169);
#171=CARTESIAN_POINT('',(34.283777588,4.3259375,12.798842584));
#172=DIRECTION('',(-1.,0.,0.));
#173=DIRECTION('',(0.,0.,1.));
#174=AXIS2_PLACEMENT_3D('',#171,#172,#173);
#175=CIRCLE('',#174,1.27);
#176=EDGE_CURVE('',#170,#137,#175,.T.);
#177=ORIENTED_EDGE('',*,*,#176,.F.);
#178=CARTESIAN_POINT('',(29.719715088,3.435251169,11.893537188));
#179=VERTEX_POINT('',#178);
#180=CARTESIAN_POINT('',(29.719715088,3.435251169,11.893537188));
#181=DIRECTION('',(1.,0.,-0.));
#182=VECTOR('',#181,4.5640625);
#183=LINE('',#180,#182);
#184=EDGE_CURVE('',#179,#170,#183,.T.);
#185=ORIENTED_EDGE('',*,*,#184,.F.);
#186=CARTESIAN_POINT('',(29.719715088,4.3259375,12.798842584));
#187=DIRECTION('',(-1.,0.,0.));
#188=DIRECTION('',(0.,0.,1.));
#189=AXIS2_PLACEMENT_3D('',#186,#187,#188);
#190=CIRCLE('',#189,1.27);
#191=EDGE_CURVE('',#179,#146,#190,.T.);
#192=ORIENTED_EDGE('',*,*,#191,.T.);
#193=ORIENTED_EDGE('',*,*,#151,.T.);
#194=EDGE_LOOP('',(#177,#185,#192,#193));
#195=FACE_BOUND('',#194,.T.);
#196=ADVANCED_FACE('',(#195),#168,.F.);
#197=CARTESIAN_POINT('',(29.719715088,22.906264934,31.632621181));
#198=DIRECTION('',(0.,0.711924466,-0.702256046));
#199=DIRECTION('',(0.,0.702256046,0.711924466));
#200=AXIS2_PLACEMENT_3D('',#197,#198,#199);
#201=PLANE('',#200);
#202=CARTESIAN_POINT('',(34.283777588,2.166903923,10.607727772));
#203=VERTEX_POINT('',#202);
#204=CARTESIAN_POINT('',(34.283777588,2.166903923,10.607727772));
#205=DIRECTION('',(0.,0.702256046,0.711924466));
#206=VECTOR('',#205,1.806103704);
#207=LINE('',#204,#206);
#208=EDGE_CURVE('',#203,#170,#207,.T.);
#209=ORIENTED_EDGE('',*,*,#208,.F.);
#210=CARTESIAN_POINT('',(29.719715088,2.166903923,10.607727772));
#211=VERTEX_POINT('',#210);
#212=CARTESIAN_POINT('',(29.719715088,2.166903923,10.607727772));
#213=DIRECTION('',(1.,0.,-0.));
#214=VECTOR('',#213,4.5640625);
#215=LINE('',#212,#214);
#216=EDGE_CURVE('',#211,#203,#215,.T.);
#217=ORIENTED_EDGE('',*,*,#216,.F.);
#218=CARTESIAN_POINT('',(29.719715088,2.166903923,10.607727772));
#219=DIRECTION('',(0.,0.702256046,0.711924466));
#220=VECTOR('',#219,1.806103704);
#221=LINE('',#218,#220);
#222=EDGE_CURVE('',#211,#179,#221,.T.);
#223=ORIENTED_EDGE('',*,*,#222,.T.);
#224=ORIENTED_EDGE('',*,*,#184,.T.);
#225=EDGE_LOOP('',(#209,#217,#223,#224));
#226=FACE_BOUND('',#225,.T.);
#227=ADVANCED_FACE('',(#226),#201,.T.);
#228=CARTESIAN_POINT('',(29.719715088,2.167200991,52.466117453));
#229=DIRECTION('',(0.,1.,-0.000007097));
#230=DIRECTION('',(0.,0.000007097,1.));
#231=AXIS2_PLACEMENT_3D('',#228,#229,#230);
#232=PLANE('',#231);
#233=CARTESIAN_POINT('',(34.283777588,2.166924752,13.542797732));
#234=VERTEX_POINT('',#233);
#235=CARTESIAN_POINT('',(34.283777588,2.166903922,10.607727772));
#236=DIRECTION('',(0.,0.000007097,1.));
#237=VECTOR('',#236,2.93506996);
#238=LINE('',#235,#237);
#239=EDGE_CURVE('',#203,#234,#238,.T.);
#240=ORIENTED_EDGE('',*,*,#239,.T.);
#241=CARTESIAN_POINT('',(29.719715088,2.166924752,13.542797732));
#242=VERTEX_POINT('',#241);
#243=CARTESIAN_POINT('',(29.719715088,2.166924752,13.542797732));
#244=DIRECTION('',(1.,0.,-0.));
#245=VECTOR('',#244,4.5640625);
#246=LINE('',#243,#245);
#247=EDGE_CURVE('',#242,#234,#246,.T.);
#248=ORIENTED_EDGE('',*,*,#247,.F.);
#249=CARTESIAN_POINT('',(29.719715088,2.166903922,10.607727772));
#250=DIRECTION('',(0.,0.000007097,1.));
#251=VECTOR('',#250,2.93506996);
#252=LINE('',#249,#251);
#253=EDGE_CURVE('',#211,#242,#252,.T.);
#254=ORIENTED_EDGE('',*,*,#253,.F.);
#255=ORIENTED_EDGE('',*,*,#216,.T.);
#256=EDGE_LOOP('',(#240,#248,#254,#255));
#257=FACE_BOUND('',#256,.T.);
#258=ADVANCED_FACE('',(#257),#232,.F.);
#259=CARTESIAN_POINT('',(29.719715088,3.96298235,13.542784986));
#260=DIRECTION('',(1.,0.,0.));
#261=DIRECTION('',(0.,0.,-1.));
#262=AXIS2_PLACEMENT_3D('',#259,#260,#261);
#263=CYLINDRICAL_SURFACE('',#262,1.796057598);
#264=CARTESIAN_POINT('',(34.283777588,3.96298235,15.338842584));
#265=VERTEX_POINT('',#264);
#266=CARTESIAN_POINT('',(34.283777588,3.96298235,13.542784986));
#267=DIRECTION('',(-1.,0.,0.));
#268=DIRECTION('',(0.,0.,1.));
#269=AXIS2_PLACEMENT_3D('',#266,#267,#268);
#270=CIRCLE('',#269,1.796057598);
#271=EDGE_CURVE('',#234,#265,#270,.T.);
#272=ORIENTED_EDGE('',*,*,#271,.T.);
#273=CARTESIAN_POINT('',(29.719715088,3.96298235,15.338842584));
#274=VERTEX_POINT('',#273);
#275=CARTESIAN_POINT('',(29.719715088,3.96298235,15.338842584));
#276=DIRECTION('',(1.,0.,-0.));
#277=VECTOR('',#276,4.5640625);
#278=LINE('',#275,#277);
#279=EDGE_CURVE('',#274,#265,#278,.T.);
#280=ORIENTED_EDGE('',*,*,#279,.F.);
#281=CARTESIAN_POINT('',(29.719715088,3.96298235,13.542784986));
#282=DIRECTION('',(-1.,0.,0.));
#283=DIRECTION('',(0.,0.,1.));
#284=AXIS2_PLACEMENT_3D('',#281,#282,#283);
#285=CIRCLE('',#284,1.796057598);
#286=EDGE_CURVE('',#242,#274,#285,.T.);
#287=ORIENTED_EDGE('',*,*,#286,.F.);
#288=ORIENTED_EDGE('',*,*,#247,.T.);
#289=EDGE_LOOP('',(#272,#280,#287,#288));
#290=FACE_BOUND('',#289,.T.);
#291=ADVANCED_FACE('',(#290),#263,.T.);
#292=CARTESIAN_POINT('',(29.719715088,5.5959375,15.338842584));
#293=DIRECTION('',(0.,0.,-1.));
#294=DIRECTION('',(-1.,0.,0.));
#295=AXIS2_PLACEMENT_3D('',#292,#293,#294);
#296=PLANE('',#295);
#297=CARTESIAN_POINT('',(34.283777588,5.069886276,15.338842584));
#298=VERTEX_POINT('',#297);
#299=CARTESIAN_POINT('',(34.283777588,3.96298235,15.338842584));
#300=DIRECTION('',(0.,1.,0.));
#301=VECTOR('',#300,1.106903926);
#302=LINE('',#299,#301);
#303=EDGE_CURVE('',#265,#298,#302,.T.);
#304=ORIENTED_EDGE('',*,*,#303,.T.);
#305=CARTESIAN_POINT('',(29.719715088,5.069886276,15.338842584));
#306=VERTEX_POINT('',#305);
#307=CARTESIAN_POINT('',(29.719715088,5.069886276,15.338842584));
#308=DIRECTION('',(1.,0.,-0.));
#309=VECTOR('',#308,4.5640625);
#310=LINE('',#307,#309);
#311=EDGE_CURVE('',#306,#298,#310,.T.);
#312=ORIENTED_EDGE('',*,*,#311,.F.);
#313=CARTESIAN_POINT('',(29.719715088,3.96298235,15.338842584));
#314=DIRECTION('',(0.,1.,0.));
#315=VECTOR('',#314,1.106903926);
#316=LINE('',#313,#315);
#317=EDGE_CURVE('',#274,#306,#316,.T.);
#318=ORIENTED_EDGE('',*,*,#317,.F.);
#319=ORIENTED_EDGE('',*,*,#279,.T.);
#320=EDGE_LOOP('',(#304,#312,#318,#319));
#321=FACE_BOUND('',#320,.T.);
#322=ADVANCED_FACE('',(#321),#296,.F.);
#323=CARTESIAN_POINT('',(29.719715088,5.069886276,13.54279136));
#324=DIRECTION('',(1.,0.,0.));
#325=DIRECTION('',(0.,0.,-1.));
#326=AXIS2_PLACEMENT_3D('',#323,#324,#325);
#327=CYLINDRICAL_SURFACE('',#326,1.796051224);
#328=CARTESIAN_POINT('',(34.283777588,5.069886276,13.54279136));
#329=DIRECTION('',(-1.,0.,0.));
#330=DIRECTION('',(0.,0.,1.));
#331=AXIS2_PLACEMENT_3D('',#328,#329,#330);
#332=CIRCLE('',#331,1.796051224);
#333=EDGE_CURVE('',#298,#35,#332,.T.);
#334=ORIENTED_EDGE('',*,*,#333,.T.);
#335=ORIENTED_EDGE('',*,*,#62,.F.);
#336=CARTESIAN_POINT('',(29.719715088,5.069886276,13.54279136));
#337=DIRECTION('',(-1.,0.,0.));
#338=DIRECTION('',(0.,0.,1.));
#339=AXIS2_PLACEMENT_3D('',#336,#337,#338);
#340=CIRCLE('',#339,1.796051224);
#341=EDGE_CURVE('',#306,#51,#340,.T.);
#342=ORIENTED_EDGE('',*,*,#341,.F.);
#343=ORIENTED_EDGE('',*,*,#311,.T.);
#344=EDGE_LOOP('',(#334,#335,#342,#343));
#345=FACE_BOUND('',#344,.T.);
#346=ADVANCED_FACE('',(#345),#327,.T.);
#347=CARTESIAN_POINT('',(29.719715088,1.7859375,52.466120159));
#348=DIRECTION('',(-1.,0.,0.));
#349=DIRECTION('',(0.,0.,1.));
#350=AXIS2_PLACEMENT_3D('',#347,#348,#349);
#351=PLANE('',#350);
#352=ORIENTED_EDGE('',*,*,#56,.F.);
#353=ORIENTED_EDGE('',*,*,#92,.T.);
#354=ORIENTED_EDGE('',*,*,#125,.F.);
#355=ORIENTED_EDGE('',*,*,#158,.F.);
#356=ORIENTED_EDGE('',*,*,#191,.F.);
#357=ORIENTED_EDGE('',*,*,#222,.F.);
#358=ORIENTED_EDGE('',*,*,#253,.T.);
#359=ORIENTED_EDGE('',*,*,#286,.T.);
#360=ORIENTED_EDGE('',*,*,#317,.T.);
#361=ORIENTED_EDGE('',*,*,#341,.T.);
#362=EDGE_LOOP('',(#352,#353,#354,#355,#356,#357,#358,#359,#360,#361));
#363=FACE_BOUND('',#362,.T.);
#364=ADVANCED_FACE('',(#363),#351,.T.);
#365=CARTESIAN_POINT('',(34.283777588,1.7859375,52.466120159));
#366=DIRECTION('',(-1.,0.,0.));
#367=DIRECTION('',(0.,0.,1.));
#368=AXIS2_PLACEMENT_3D('',#365,#366,#367);
#369=PLANE('',#368);
#370=ORIENTED_EDGE('',*,*,#40,.T.);
#371=ORIENTED_EDGE('',*,*,#333,.F.);
#372=ORIENTED_EDGE('',*,*,#303,.F.);
#373=ORIENTED_EDGE('',*,*,#271,.F.);
#374=ORIENTED_EDGE('',*,*,#239,.F.);
#375=ORIENTED_EDGE('',*,*,#208,.T.);
#376=ORIENTED_EDGE('',*,*,#176,.T.);
#377=ORIENTED_EDGE('',*,*,#143,.T.);
#378=ORIENTED_EDGE('',*,*,#110,.T.);
#379=ORIENTED_EDGE('',*,*,#78,.F.);
#380=EDGE_LOOP('',(#370,#371,#372,#373,#374,#375,#376,#377,#378,#379));
#381=FACE_BOUND('',#380,.T.);
#382=ADVANCED_FACE('',(#381),#369,.F.);
#383=CLOSED_SHELL('',(#66,#97,#130,#163,#196,#227,#258,#291,#322,#346,#364,#382));
#384=MANIFOLD_SOLID_BREP('Body 03',#383);
#385=DRAUGHTING_PRE_DEFINED_COLOUR('white');
#386=FILL_AREA_STYLE_COLOUR('',#385);
#387=FILL_AREA_STYLE('',(#386));
#388=SURFACE_STYLE_FILL_AREA(#387);
#389=SURFACE_SIDE_STYLE('',(#388));
#390=SURFACE_STYLE_USAGE(.BOTH.,#389);
#391=PRESENTATION_STYLE_ASSIGNMENT((#390));
#26=STYLED_ITEM('',(#391),#384);
#393=CARTESIAN_POINT('',(29.714754151,4.3259375,12.798842584));
#394=DIRECTION('',(1.,0.,0.));
#395=DIRECTION('',(0.,0.,-1.));
#396=AXIS2_PLACEMENT_3D('',#393,#394,#395);
#397=CYLINDRICAL_SURFACE('',#396,1.27);
#398=CARTESIAN_POINT('',(34.278816651,4.3259375,11.528842584));
#399=VERTEX_POINT('',#398);
#400=CARTESIAN_POINT('',(29.714754151,4.3259375,11.528842584));
#401=VERTEX_POINT('',#400);
#402=CARTESIAN_POINT('',(34.278816651,4.3259375,11.528842584));
#403=DIRECTION('',(-1.,-0.,0.));
#404=VECTOR('',#403,4.5640625);
#405=LINE('',#402,#404);
#406=EDGE_CURVE('',#399,#401,#405,.T.);
#407=ORIENTED_EDGE('',*,*,#406,.F.);
#408=CARTESIAN_POINT('',(34.278816651,5.559963331,12.498708865));
#409=VERTEX_POINT('',#408);
#410=CARTESIAN_POINT('',(34.278816651,4.3259375,12.798842584));
#411=DIRECTION('',(-1.,0.,0.));
#412=DIRECTION('',(0.,0.971673882,-0.236325763));
#413=AXIS2_PLACEMENT_3D('',#410,#411,#412);
#414=CIRCLE('',#413,1.27);
#415=EDGE_CURVE('',#409,#399,#414,.T.);
#416=ORIENTED_EDGE('',*,*,#415,.F.);
#417=CARTESIAN_POINT('',(29.714754151,5.559963331,12.498708865));
#418=VERTEX_POINT('',#417);
#419=CARTESIAN_POINT('',(29.714754151,5.559963331,12.498708865));
#420=DIRECTION('',(1.,0.,-0.));
#421=VECTOR('',#420,4.5640625);
#422=LINE('',#419,#421);
#423=EDGE_CURVE('',#418,#409,#422,.T.);
#424=ORIENTED_EDGE('',*,*,#423,.F.);
#425=CARTESIAN_POINT('',(29.714754151,4.3259375,12.798842584));
#426=DIRECTION('',(-1.,0.,0.));
#427=DIRECTION('',(0.,0.971673882,-0.236325763));
#428=AXIS2_PLACEMENT_3D('',#425,#426,#427);
#429=CIRCLE('',#428,1.27);
#430=EDGE_CURVE('',#418,#401,#429,.T.);
#431=ORIENTED_EDGE('',*,*,#430,.T.);
#432=EDGE_LOOP('',(#407,#416,#424,#431));
#433=FACE_BOUND('',#432,.T.);
#434=ADVANCED_FACE('',(#433),#397,.F.);
#435=CARTESIAN_POINT('',(29.714754151,6.212950415,12.4981113));
#436=DIRECTION('',(0.,-0.000915124,-0.999999581));
#437=DIRECTION('',(0.,0.999999581,-0.000915124));
#438=AXIS2_PLACEMENT_3D('',#435,#436,#437);
#439=PLANE('',#438);
#440=CARTESIAN_POINT('',(34.278816651,6.8659375,12.497513736));
#441=VERTEX_POINT('',#440);
#442=CARTESIAN_POINT('',(34.278816651,5.559963331,12.498708865));
#443=DIRECTION('',(0.,0.999999581,-0.000915124));
#444=VECTOR('',#443,1.305974716);
#445=LINE('',#442,#444);
#446=EDGE_CURVE('',#409,#441,#445,.T.);
#447=ORIENTED_EDGE('',*,*,#446,.T.);
#448=CARTESIAN_POINT('',(29.714754151,6.8659375,12.497513736));
#449=VERTEX_POINT('',#448);
#450=CARTESIAN_POINT('',(29.714754151,6.8659375,12.497513736));
#451=DIRECTION('',(1.,0.,-0.));
#452=VECTOR('',#451,4.5640625);
#453=LINE('',#450,#452);
#454=EDGE_CURVE('',#449,#441,#453,.T.);
#455=ORIENTED_EDGE('',*,*,#454,.F.);
#456=CARTESIAN_POINT('',(29.714754151,5.559963331,12.498708865));
#457=DIRECTION('',(0.,0.999999581,-0.000915124));
#458=VECTOR('',#457,1.305974716);
#459=LINE('',#456,#458);
#460=EDGE_CURVE('',#418,#449,#459,.T.);
#461=ORIENTED_EDGE('',*,*,#460,.F.);
#462=ORIENTED_EDGE('',*,*,#423,.T.);
#463=EDGE_LOOP('',(#447,#455,#461,#462));
#464=FACE_BOUND('',#463,.T.);
#465=ADVANCED_FACE('',(#464),#439,.F.);
#466=CARTESIAN_POINT('',(29.714754151,6.8659375,11.378756092));
#467=DIRECTION('',(0.,1.,-0.));
#468=DIRECTION('',(0.,0.,1.));
#469=AXIS2_PLACEMENT_3D('',#466,#467,#468);
#470=PLANE('',#469);
#471=CARTESIAN_POINT('',(34.278816651,6.8659375,10.259998447));
#472=VERTEX_POINT('',#471);
#473=CARTESIAN_POINT('',(34.278816651,6.8659375,10.259998447));
#474=DIRECTION('',(0.,0.,1.));
#475=VECTOR('',#474,2.237515289);
#476=LINE('',#473,#475);
#477=EDGE_CURVE('',#472,#441,#476,.T.);
#478=ORIENTED_EDGE('',*,*,#477,.F.);
#479=CARTESIAN_POINT('',(29.714754151,6.8659375,10.259998447));
#480=VERTEX_POINT('',#479);
#481=CARTESIAN_POINT('',(29.714754151,6.8659375,10.259998447));
#482=DIRECTION('',(1.,0.,-0.));
#483=VECTOR('',#482,4.5640625);
#484=LINE('',#481,#483);
#485=EDGE_CURVE('',#480,#472,#484,.T.);
#486=ORIENTED_EDGE('',*,*,#485,.F.);
#487=CARTESIAN_POINT('',(29.714754151,6.8659375,10.259998447));
#488=DIRECTION('',(0.,0.,1.));
#489=VECTOR('',#488,2.237515289);
#490=LINE('',#487,#489);
#491=EDGE_CURVE('',#480,#449,#490,.T.);
#492=ORIENTED_EDGE('',*,*,#491,.T.);
#493=ORIENTED_EDGE('',*,*,#454,.T.);
#494=EDGE_LOOP('',(#478,#486,#492,#493));
#495=FACE_BOUND('',#494,.T.);
#496=ADVANCED_FACE('',(#495),#470,.T.);
#497=CARTESIAN_POINT('',(29.714754151,4.345475954,10.260564843));
#498=DIRECTION('',(0.,0.000224719,0.999999975));
#499=DIRECTION('',(0.,-0.999999975,0.000224719));
#500=AXIS2_PLACEMENT_3D('',#497,#498,#499);
#501=PLANE('',#500);
#502=CARTESIAN_POINT('',(34.278816651,1.825014407,10.261131239));
#503=VERTEX_POINT('',#502);
#504=CARTESIAN_POINT('',(34.278816651,6.8659375,10.259998447));
#505=DIRECTION('',(0.,-0.999999975,0.000224719));
#506=VECTOR('',#505,5.04092322);
#507=LINE('',#504,#506);
#508=EDGE_CURVE('',#472,#503,#507,.T.);
#509=ORIENTED_EDGE('',*,*,#508,.T.);
#510=CARTESIAN_POINT('',(29.714754151,1.825014407,10.261131239));
#511=VERTEX_POINT('',#510);
#512=CARTESIAN_POINT('',(29.714754151,1.825014407,10.261131239));
#513=DIRECTION('',(1.,0.,-0.));
#514=VECTOR('',#513,4.5640625);
#515=LINE('',#512,#514);
#516=EDGE_CURVE('',#511,#503,#515,.T.);
#517=ORIENTED_EDGE('',*,*,#516,.F.);
#518=CARTESIAN_POINT('',(29.714754151,6.8659375,10.259998447));
#519=DIRECTION('',(0.,-0.999999975,0.000224719));
#520=VECTOR('',#519,5.04092322);
#521=LINE('',#518,#520);
#522=EDGE_CURVE('',#480,#511,#521,.T.);
#523=ORIENTED_EDGE('',*,*,#522,.F.);
#524=ORIENTED_EDGE('',*,*,#485,.T.);
#525=EDGE_LOOP('',(#509,#517,#523,#524));
#526=FACE_BOUND('',#525,.T.);
#527=ADVANCED_FACE('',(#526),#501,.F.);
#528=CARTESIAN_POINT('',(29.714754151,2.533847087,10.979722884));
#529=DIRECTION('',(0.,-0.711924466,0.702256046));
#530=DIRECTION('',(0.,-0.702256046,-0.711924466));
#531=AXIS2_PLACEMENT_3D('',#528,#529,#530);
#532=PLANE('',#531);
#533=CARTESIAN_POINT('',(34.278816651,3.435251169,11.893537187));
#534=VERTEX_POINT('',#533);
#535=CARTESIAN_POINT('',(34.278816651,3.435251169,11.893537187));
#536=DIRECTION('',(0.,-0.702256046,-0.711924466));
#537=VECTOR('',#536,2.292948236);
#538=LINE('',#535,#537);
#539=EDGE_CURVE('',#534,#503,#538,.T.);
#540=ORIENTED_EDGE('',*,*,#539,.F.);
#541=CARTESIAN_POINT('',(29.714754151,3.435251169,11.893537187));
#542=VERTEX_POINT('',#541);
#543=CARTESIAN_POINT('',(29.714754151,3.435251169,11.893537187));
#544=DIRECTION('',(1.,0.,-0.));
#545=VECTOR('',#544,4.5640625);
#546=LINE('',#543,#545);
#547=EDGE_CURVE('',#542,#534,#546,.T.);
#548=ORIENTED_EDGE('',*,*,#547,.F.);
#549=CARTESIAN_POINT('',(29.714754151,3.435251169,11.893537187));
#550=DIRECTION('',(0.,-0.702256046,-0.711924466));
#551=VECTOR('',#550,2.292948236);
#552=LINE('',#549,#551);
#553=EDGE_CURVE('',#542,#511,#552,.T.);
#554=ORIENTED_EDGE('',*,*,#553,.T.);
#555=ORIENTED_EDGE('',*,*,#516,.T.);
#556=EDGE_LOOP('',(#540,#548,#554,#555));
#557=FACE_BOUND('',#556,.T.);
#558=ADVANCED_FACE('',(#557),#532,.T.);
#559=CARTESIAN_POINT('',(29.714754151,0.,0.));
#560=DIRECTION('',(-1.,0.,0.));
#561=DIRECTION('',(0.,-1.,0.));
#562=AXIS2_PLACEMENT_3D('',#559,#560,#561);
#563=PLANE('',#562);
#564=CARTESIAN_POINT('',(29.714754151,4.3259375,12.798842584));
#565=DIRECTION('',(-1.,0.,0.));
#566=DIRECTION('',(0.,0.971673882,-0.236325763));
#567=AXIS2_PLACEMENT_3D('',#564,#565,#566);
#568=CIRCLE('',#567,1.27);
#569=EDGE_CURVE('',#401,#542,#568,.T.);
#570=ORIENTED_EDGE('',*,*,#569,.F.);
#571=ORIENTED_EDGE('',*,*,#430,.F.);
#572=ORIENTED_EDGE('',*,*,#460,.T.);
#573=ORIENTED_EDGE('',*,*,#491,.F.);
#574=ORIENTED_EDGE('',*,*,#522,.T.);
#575=ORIENTED_EDGE('',*,*,#553,.F.);
#576=EDGE_LOOP('',(#570,#571,#572,#573,#574,#575));
#577=FACE_BOUND('',#576,.T.);
#578=ADVANCED_FACE('',(#577),#563,.T.);
#579=CARTESIAN_POINT('',(34.278816651,0.,0.));
#580=DIRECTION('',(-1.,0.,0.));
#581=DIRECTION('',(0.,-1.,0.));
#582=AXIS2_PLACEMENT_3D('',#579,#580,#581);
#583=PLANE('',#582);
#584=ORIENTED_EDGE('',*,*,#415,.T.);
#585=CARTESIAN_POINT('',(34.278816651,4.3259375,12.798842584));
#586=DIRECTION('',(-1.,0.,0.));
#587=DIRECTION('',(0.,0.971673882,-0.236325763));
#588=AXIS2_PLACEMENT_3D('',#585,#586,#587);
#589=CIRCLE('',#588,1.27);
#590=EDGE_CURVE('',#399,#534,#589,.T.);
#591=ORIENTED_EDGE('',*,*,#590,.T.);
#592=ORIENTED_EDGE('',*,*,#539,.T.);
#593=ORIENTED_EDGE('',*,*,#508,.F.);
#594=ORIENTED_EDGE('',*,*,#477,.T.);
#595=ORIENTED_EDGE('',*,*,#446,.F.);
#596=EDGE_LOOP('',(#584,#591,#592,#593,#594,#595));
#597=FACE_BOUND('',#596,.T.);
#598=ADVANCED_FACE('',(#597),#583,.F.);
#599=CARTESIAN_POINT('',(29.714754151,4.3259375,12.798842584));
#600=DIRECTION('',(1.,0.,0.));
#601=DIRECTION('',(0.,0.,-1.));
#602=AXIS2_PLACEMENT_3D('',#599,#600,#601);
#603=CYLINDRICAL_SURFACE('',#602,1.27);
#604=ORIENTED_EDGE('',*,*,#406,.T.);
#605=ORIENTED_EDGE('',*,*,#569,.T.);
#606=ORIENTED_EDGE('',*,*,#547,.T.);
#607=ORIENTED_EDGE('',*,*,#590,.F.);
#608=EDGE_LOOP('',(#604,#605,#606,#607));
#609=FACE_BOUND('',#608,.T.);
#610=ADVANCED_FACE('',(#609),#603,.F.);
#611=CLOSED_SHELL('',(#434,#465,#496,#527,#558,#578,#598,#610));
#612=MANIFOLD_SOLID_BREP('Body 02',#611);
#392=STYLED_ITEM('',(#391),#612);
#613=(NAMED_UNIT(*)PLANE_ANGLE_UNIT()SI_UNIT($,.RADIAN.));
#614=PLANE_ANGLE_MEASURE_WITH_UNIT(PLANE_ANGLE_MEASURE(0.0174532925),#613);
#615=(CONVERSION_BASED_UNIT('DEGREE',#614)NAMED_UNIT(#616)PLANE_ANGLE_UNIT());
#616=DIMENSIONAL_EXPONENTS(0.,0.,0.,0.,0.,0.,0.);
#617=(NAMED_UNIT(*)SI_UNIT($,.STERADIAN.)SOLID_ANGLE_UNIT());
#618=(LENGTH_UNIT()NAMED_UNIT(*)SI_UNIT(.MILLI.,.METRE.));
#619=UNCERTAINTY_MEASURE_WITH_UNIT(LENGTH_MEASURE(1.000000E-03),#618,'DISTANCE_ACCURACY_VALUE','Maximum Tolerance applied to model');
#620=(GEOMETRIC_REPRESENTATION_CONTEXT(3)GLOBAL_UNCERTAINTY_ASSIGNED_CONTEXT((#619))GLOBAL_UNIT_ASSIGNED_CONTEXT((#618,#615,#617))REPRESENTATION_CONTEXT('','knowco2-sensor-enclosure-version-14 (Imported)'));
#632=CARTESIAN_POINT('',(0.,0.,0.));
#633=DIRECTION('',(0.,0.,1.));
#634=DIRECTION('',(1.,0.,-0.));
#635=AXIS2_PLACEMENT_3D('',#632,#633,#634);
#636=ITEM_DEFINED_TRANSFORMATION('','',#635,#15);
#637=(REPRESENTATION_RELATIONSHIP('','',#622,#16)REPRESENTATION_RELATIONSHIP_WITH_TRANSFORMATION(#636)SHAPE_REPRESENTATION_RELATIONSHIP());
#638=NEXT_ASSEMBLY_USAGE_OCCURRENCE('knowco2-sensor-enclosure-version-14 (Imported)_1','knowco2-sensor-enclosure-version-14 (Imported)','knowco2-sensor-enclosure-version-14 (Imported)',#25,#631,$);
#639=PRODUCT_DEFINITION_SHAPE('','',#638);
#640=CONTEXT_DEPENDENT_SHAPE_REPRESENTATION(#637,#639);
#641=(NAMED_UNIT(*)PLANE_ANGLE_UNIT()SI_UNIT($,.RADIAN.));
#642=PLANE_ANGLE_MEASURE_WITH_UNIT(PLANE_ANGLE_MEASURE(0.0174532925),#641);
#643=(CONVERSION_BASED_UNIT('DEGREE',#642)NAMED_UNIT(#644)PLANE_ANGLE_UNIT());
#644=DIMENSIONAL_EXPONENTS(0.,0.,0.,0.,0.,0.,0.);
#645=(NAMED_UNIT(*)SI_UNIT($,.STERADIAN.)SOLID_ANGLE_UNIT());
#646=(LENGTH_UNIT()NAMED_UNIT(*)SI_UNIT(.MILLI.,.METRE.));
#647=UNCERTAINTY_MEASURE_WITH_UNIT(LENGTH_MEASURE(1.000000E-05),#646,'DISTANCE_ACCURACY_VALUE','Maximum Tolerance applied to model');
#648=(GEOMETRIC_REPRESENTATION_CONTEXT(3)GLOBAL_UNCERTAINTY_ASSIGNED_CONTEXT((#647))GLOBAL_UNIT_ASSIGNED_CONTEXT((#646,#643,#645))REPRESENTATION_CONTEXT('','knowco2-sensor-enclosure-version10 (Imported)'));
#660=CARTESIAN_POINT('',(0.,0.,0.));
#661=DIRECTION('',(0.,0.,1.));
#662=DIRECTION('',(1.,0.,-0.));
#663=AXIS2_PLACEMENT_3D('',#660,#661,#662);
#664=ITEM_DEFINED_TRANSFORMATION('','',#663,#15);
#665=(REPRESENTATION_RELATIONSHIP('','',#650,#622)REPRESENTATION_RELATIONSHIP_WITH_TRANSFORMATION(#664)SHAPE_REPRESENTATION_RELATIONSHIP());
#666=NEXT_ASSEMBLY_USAGE_OCCURRENCE('knowco2-sensor-enclosure-version10 (Imported)_2','knowco2-sensor-enclosure-version10 (Imported)','knowco2-sensor-enclosure-version10 (Imported)',#631,#659,$);
#667=PRODUCT_DEFINITION_SHAPE('','',#666);
#668=CONTEXT_DEPENDENT_SHAPE_REPRESENTATION(#665,#667);
#670=CARTESIAN_POINT('',(26.405808838,26.4239375,38.178620159));
#671=DIRECTION('',(0.,1.,0.));
#672=DIRECTION('',(0.,0.,1.));
#673=AXIS2_PLACEMENT_3D('',#670,#671,#672);
#674=PLANE('',#673);
#675=CARTESIAN_POINT('',(25.648046875,26.4239375,1.824905901));
#676=VERTEX_POINT('',#675);
#677=CARTESIAN_POINT('',(25.648046875,26.4239375,7.026554677));
#678=VERTEX_POINT('',#677);
#679=CARTESIAN_POINT('',(25.648046875,26.4239375,1.824905901));
#680=DIRECTION('',(0.,0.,1.));
#681=VECTOR('',#680,5.201648776);
#682=LINE('',#679,#681);
#683=EDGE_CURVE('',#676,#678,#682,.T.);
#684=ORIENTED_EDGE('',*,*,#683,.T.);
#685=CARTESIAN_POINT('',(24.627808838,26.4239375,7.026554677));
#686=VERTEX_POINT('',#685);
#687=CARTESIAN_POINT('',(25.648046875,26.4239375,7.026554677));
#688=DIRECTION('',(-1.,0.,0.));
#689=VECTOR('',#688,1.020238037);
#690=LINE('',#687,#689);
#691=EDGE_CURVE('',#678,#686,#690,.T.);
#692=ORIENTED_EDGE('',*,*,#691,.T.);
#693=CARTESIAN_POINT('',(24.627808838,26.4239375,10.129323427));
#694=VERTEX_POINT('',#693);
#695=CARTESIAN_POINT('',(24.627808838,26.4239375,7.026554677));
#696=DIRECTION('',(0.,0.,1.));
#697=VECTOR('',#696,3.10276875);
#698=LINE('',#695,#697);
#699=EDGE_CURVE('',#686,#694,#698,.T.);
#700=ORIENTED_EDGE('',*,*,#699,.T.);
#701=CARTESIAN_POINT('',(26.423860063,26.4239375,10.129323427));
#702=VERTEX_POINT('',#701);
#703=CARTESIAN_POINT('',(26.423860063,26.4239375,10.129323427));
#704=DIRECTION('',(-1.,0.,0.));
#705=VECTOR('',#704,1.796051225);
#706=LINE('',#703,#705);
#707=EDGE_CURVE('',#702,#694,#706,.T.);
#708=ORIENTED_EDGE('',*,*,#707,.F.);
#709=CARTESIAN_POINT('',(26.423860063,26.4239375,10.238620162));
#710=VERTEX_POINT('',#709);
#711=CARTESIAN_POINT('',(26.423860063,26.4239375,10.129323427));
#712=DIRECTION('',(0.,0.,1.));
#713=VECTOR('',#712,0.109296735);
#714=LINE('',#711,#713);
#715=EDGE_CURVE('',#702,#710,#714,.T.);
#716=ORIENTED_EDGE('',*,*,#715,.T.);
#717=CARTESIAN_POINT('',(35.531757614,26.4239375,10.238620162));
#718=VERTEX_POINT('',#717);
#719=CARTESIAN_POINT('',(26.423860063,26.4239375,10.238620162));
#720=DIRECTION('',(1.,0.,-0.));
#721=VECTOR('',#720,9.107897551);
#722=LINE('',#719,#721);
#723=EDGE_CURVE('',#710,#718,#722,.T.);
#724=ORIENTED_EDGE('',*,*,#723,.T.);
#725=CARTESIAN_POINT('',(35.531757614,26.4239375,7.648854677));
#726=VERTEX_POINT('',#725);
#727=CARTESIAN_POINT('',(35.531757614,26.4239375,10.238620162));
#728=DIRECTION('',(-0.,-0.,-1.));
#729=VECTOR('',#728,2.589765486);
#730=LINE('',#727,#729);
#731=EDGE_CURVE('',#718,#726,#730,.T.);
#732=ORIENTED_EDGE('',*,*,#731,.T.);
#733=CARTESIAN_POINT('',(35.531757614,26.4239375,1.824905901));
#734=VERTEX_POINT('',#733);
#735=CARTESIAN_POINT('',(35.531757614,26.4239375,7.648854677));
#736=DIRECTION('',(-0.,-0.,-1.));
#737=VECTOR('',#736,5.823948776);
#738=LINE('',#735,#737);
#739=EDGE_CURVE('',#726,#734,#738,.T.);
#740=ORIENTED_EDGE('',*,*,#739,.T.);
#741=CARTESIAN_POINT('',(35.531757614,26.4239375,1.824905901));
#742=DIRECTION('',(-1.,-0.,0.));
#743=VECTOR('',#742,9.883710739);
#744=LINE('',#741,#743);
#745=EDGE_CURVE('',#734,#676,#744,.T.);
#746=ORIENTED_EDGE('',*,*,#745,.T.);
#747=EDGE_LOOP('',(#684,#692,#700,#708,#716,#724,#732,#740,#746));
#748=FACE_BOUND('',#747,.T.);
#749=ADVANCED_FACE('',(#748),#674,.T.);
#750=CARTESIAN_POINT('',(23.952672334,24.627886276,1.824905901));
#751=DIRECTION('',(-1.,0.,0.));
#752=DIRECTION('',(0.,0.,1.));
#753=AXIS2_PLACEMENT_3D('',#750,#751,#752);
#754=CYLINDRICAL_SURFACE('',#753,1.796051224);
#755=CARTESIAN_POINT('',(25.648046875,24.627886276,0.028854677));
#756=VERTEX_POINT('',#755);
#757=CARTESIAN_POINT('',(35.531757614,24.627886276,0.028854677));
#758=VERTEX_POINT('',#757);
#759=CARTESIAN_POINT('',(25.648046875,24.627886276,0.028854677));
#760=DIRECTION('',(1.,0.,-0.));
#761=VECTOR('',#760,9.883710739);
#762=LINE('',#759,#761);
#763=EDGE_CURVE('',#756,#758,#762,.T.);
#764=ORIENTED_EDGE('',*,*,#763,.F.);
#765=CARTESIAN_POINT('',(25.648046875,24.627886276,1.824905901));
#766=DIRECTION('',(1.,-0.,-0.));
#767=DIRECTION('',(0.,0.,1.));
#768=AXIS2_PLACEMENT_3D('',#765,#766,#767);
#769=CIRCLE('',#768,1.796051224);
#770=EDGE_CURVE('',#756,#676,#769,.T.);
#771=ORIENTED_EDGE('',*,*,#770,.T.);
#772=ORIENTED_EDGE('',*,*,#745,.F.);
#773=CARTESIAN_POINT('',(35.531757614,24.627886276,1.824905901));
#774=DIRECTION('',(1.,-0.,-0.));
#775=DIRECTION('',(0.,0.,1.));
#776=AXIS2_PLACEMENT_3D('',#773,#774,#775);
#777=CIRCLE('',#776,1.796051224);
#778=EDGE_CURVE('',#758,#734,#777,.T.);
#779=ORIENTED_EDGE('',*,*,#778,.F.);
#780=EDGE_LOOP('',(#764,#771,#772,#779));
#781=FACE_BOUND('',#780,.T.);
#782=ADVANCED_FACE('',(#781),#754,.T.);
#783=CARTESIAN_POINT('',(24.627808838,25.525911888,0.028854677));
#784=DIRECTION('',(1.,0.,0.));
#785=DIRECTION('',(0.,0.,-1.));
#786=AXIS2_PLACEMENT_3D('',#783,#784,#785);
#787=PLANE('',#786);
#788=CARTESIAN_POINT('',(24.627808838,0.844430922,0.306667177));
#789=VERTEX_POINT('',#788);
#790=CARTESIAN_POINT('',(24.627808838,23.427385837,0.306667177));
#791=VERTEX_POINT('',#790);
#792=CARTESIAN_POINT('',(24.627808838,0.844430922,0.306667177));
#793=DIRECTION('',(0.,1.,0.));
#794=VECTOR('',#793,22.582954915);
#795=LINE('',#792,#794);
#796=EDGE_CURVE('',#789,#791,#795,.T.);
#797=ORIENTED_EDGE('',*,*,#796,.T.);
#798=CARTESIAN_POINT('',(24.627808838,23.427385837,0.028854677));
#799=VERTEX_POINT('',#798);
#800=CARTESIAN_POINT('',(24.627808838,23.427385837,0.306667177));
#801=DIRECTION('',(0.,0.,-1.));
#802=VECTOR('',#801,0.2778125);
#803=LINE('',#800,#802);
#804=EDGE_CURVE('',#791,#799,#803,.T.);
#805=ORIENTED_EDGE('',*,*,#804,.T.);
#806=CARTESIAN_POINT('',(24.627808838,1.803988724,0.028854677));
#807=VERTEX_POINT('',#806);
#808=CARTESIAN_POINT('',(24.627808838,23.427385837,0.028854677));
#809=DIRECTION('',(0.,-1.,0.));
#810=VECTOR('',#809,21.623397113);
#811=LINE('',#808,#810);
#812=EDGE_CURVE('',#799,#807,#811,.T.);
#813=ORIENTED_EDGE('',*,*,#812,.T.);
#814=CARTESIAN_POINT('',(24.627808838,1.803988724,1.824905901));
#815=DIRECTION('',(-1.,-0.,-0.));
#816=DIRECTION('',(0.,0.,-1.));
#817=AXIS2_PLACEMENT_3D('',#814,#815,#816);
#818=CIRCLE('',#817,1.796051224);
#819=EDGE_CURVE('',#807,#789,#818,.T.);
#820=ORIENTED_EDGE('',*,*,#819,.T.);
#821=EDGE_LOOP('',(#797,#805,#813,#820));
#822=FACE_BOUND('',#821,.T.);
#823=ADVANCED_FACE('',(#822),#787,.F.);
#824=CARTESIAN_POINT('',(23.952672334,0.,10.129323427));
#825=DIRECTION('',(0.,0.,-1.));
#826=DIRECTION('',(0.,1.,0.));
#827=AXIS2_PLACEMENT_3D('',#824,#825,#826);
#828=PLANE('',#827);
#829=CARTESIAN_POINT('',(24.627808839,24.627886276,10.129323427));
#830=VERTEX_POINT('',#829);
#831=CARTESIAN_POINT('',(26.423860063,24.627886276,10.129323427));
#832=DIRECTION('',(-0.,-0.,1.));
#833=DIRECTION('',(-1.,0.,0.));
#834=AXIS2_PLACEMENT_3D('',#831,#832,#833);
#835=CIRCLE('',#834,1.796051224);
#836=EDGE_CURVE('',#702,#830,#835,.T.);
#837=ORIENTED_EDGE('',*,*,#836,.F.);
#838=ORIENTED_EDGE('',*,*,#707,.T.);
#839=CARTESIAN_POINT('',(24.627808838,24.627886276,10.129323427));
#840=DIRECTION('',(0.,1.,0.));
#841=VECTOR('',#840,1.796051224);
#842=LINE('',#839,#841);
#843=EDGE_CURVE('',#830,#694,#842,.T.);
#844=ORIENTED_EDGE('',*,*,#843,.F.);
#845=EDGE_LOOP('',(#837,#838,#844));
#846=FACE_BOUND('',#845,.T.);
#847=ADVANCED_FACE('',(#846),#828,.F.);
#848=CARTESIAN_POINT('',(26.405808838,21.518121484,9.531269846));
#849=DIRECTION('',(1.,0.,0.));
#850=DIRECTION('',(0.,0.,-1.));
#851=AXIS2_PLACEMENT_3D('',#848,#849,#850);
#852=CYLINDRICAL_SURFACE('',#851,4.492183984);
#853=CARTESIAN_POINT('',(33.14583445,17.18584173,8.343385557));
#854=VERTEX_POINT('',#853);
#855=CARTESIAN_POINT('',(32.329152169,17.075181902,8.867941257));
#856=VERTEX_POINT('',#855);
#857=CARTESIAN_POINT('',(33.14583445,17.18584173,8.343385557));
#858=CARTESIAN_POINT('',(33.059046262,17.18584173,8.343385557));
#859=CARTESIAN_POINT('',(32.974462148,17.182408981,8.355707874));
#860=CARTESIAN_POINT('',(32.892005413,17.175966864,8.380005235));
#861=CARTESIAN_POINT('',(32.809548678,17.169524747,8.404302596));
#862=CARTESIAN_POINT('',(32.731192391,17.160167684,8.44030601));
#863=CARTESIAN_POINT('',(32.659614174,17.149143626,8.486401709));
#864=CARTESIAN_POINT('',(32.516457739,17.12709551,8.578593106));
#865=CARTESIAN_POINT('',(32.400644802,17.098522753,8.71160548));
#866=CARTESIAN_POINT('',(32.329152169,17.075181902,8.867941257));
#867=B_SPLINE_CURVE_WITH_KNOTS('',3,(#857,#858,#859,#860,#861,#862,#863,#864,#865,#866),.UNSPECIFIED.,.F.,.F.,(4,3,3,4),(0.,0.000256583,0.000513166,0.001026332),.UNSPECIFIED.);
#868=EDGE_CURVE('',#854,#856,#867,.T.);
#869=ORIENTED_EDGE('',*,*,#868,.T.);
#870=CARTESIAN_POINT('',(26.356773089,17.075181902,8.867941257));
#871=VERTEX_POINT('',#870);
#872=CARTESIAN_POINT('',(32.329152169,17.075181902,8.867941257));
#873=DIRECTION('',(-1.,-0.,0.));
#874=VECTOR('',#873,5.97237908);
#875=LINE('',#872,#874);
#876=EDGE_CURVE('',#856,#871,#875,.T.);
#877=ORIENTED_EDGE('',*,*,#876,.T.);
#878=CARTESIAN_POINT('',(26.405808838,17.157750228,8.4510479));
#879=VERTEX_POINT('',#878);
#880=CARTESIAN_POINT('',(26.405808838,17.157750228,8.4510479));
#881=CARTESIAN_POINT('',(26.405808838,17.123006125,8.591294252));
#882=CARTESIAN_POINT('',(26.389602175,17.095727909,8.730325172));
#883=CARTESIAN_POINT('',(26.356773089,17.075181902,8.867941257));
#884=B_SPLINE_CURVE_WITH_KNOTS('',3,(#880,#881,#882,#883),.UNSPECIFIED.,.F.,.F.,(4,4),(0.,0.000427416),.UNSPECIFIED.);
#885=EDGE_CURVE('',#879,#871,#884,.T.);
#886=ORIENTED_EDGE('',*,*,#885,.F.);
#887=CARTESIAN_POINT('',(26.405808838,17.185816757,8.343476641));
#888=VERTEX_POINT('',#887);
#889=CARTESIAN_POINT('',(26.405808838,21.518121484,9.531269847));
#890=DIRECTION('',(-1.,-0.,-0.));
#891=DIRECTION('',(0.,0.,-1.));
#892=AXIS2_PLACEMENT_3D('',#889,#890,#891);
#893=CIRCLE('',#892,4.492183984);
#894=EDGE_CURVE('',#888,#879,#893,.T.);
#895=ORIENTED_EDGE('',*,*,#894,.F.);
#896=CARTESIAN_POINT('',(26.423860062,17.18584173,8.343385557));
#897=VERTEX_POINT('',#896);
#898=CARTESIAN_POINT('',(26.405808838,17.185841629,8.343385927));
#899=DIRECTION('',(1.,0.,-0.));
#900=VECTOR('',#899,0.018051224);
#901=LINE('',#898,#900);
#902=EDGE_CURVE('',#888,#897,#901,.T.);
#903=ORIENTED_EDGE('',*,*,#902,.T.);
#904=CARTESIAN_POINT('',(33.14583445,17.18584173,8.343385557));
#905=DIRECTION('',(-1.,-0.,0.));
#906=VECTOR('',#905,6.721974388);
#907=LINE('',#904,#906);
#908=EDGE_CURVE('',#854,#897,#907,.T.);
#909=ORIENTED_EDGE('',*,*,#908,.F.);
#910=EDGE_LOOP('',(#869,#877,#886,#895,#903,#909));
#911=FACE_BOUND('',#910,.T.);
#912=ADVANCED_FACE('',(#911),#852,.T.);
#913=CARTESIAN_POINT('',(35.370222901,9.400677212,10.545774789));
#914=DIRECTION('',(0.,1.,0.));
#915=DIRECTION('',(0.,0.,1.));
#916=AXIS2_PLACEMENT_3D('',#913,#914,#915);
#917=PLANE('',#916);
#918=CARTESIAN_POINT('',(32.542488526,9.400677212,11.718159224));
#919=VERTEX_POINT('',#918);
#920=CARTESIAN_POINT('',(34.130212413,9.400677212,11.718159224));
#921=VERTEX_POINT('',#920);
#922=CARTESIAN_POINT('',(32.542488526,9.400677212,11.718159224));
#923=DIRECTION('',(1.,0.,-0.));
#924=VECTOR('',#923,1.587723888);
#925=LINE('',#922,#924);
#926=EDGE_CURVE('',#919,#921,#925,.T.);
#927=ORIENTED_EDGE('',*,*,#926,.F.);
#928=CARTESIAN_POINT('',(32.542488526,9.400677212,8.596355445));
#929=VERTEX_POINT('',#928);
#930=CARTESIAN_POINT('',(32.542488526,9.400677212,11.718159224));
#931=DIRECTION('',(0.,0.,-1.));
#932=VECTOR('',#931,3.121803779);
#933=LINE('',#930,#932);
#934=EDGE_CURVE('',#919,#929,#933,.T.);
#935=ORIENTED_EDGE('',*,*,#934,.T.);
#936=CARTESIAN_POINT('',(34.278816651,9.400677212,8.596355445));
#937=VERTEX_POINT('',#936);
#938=CARTESIAN_POINT('',(32.542488526,9.400677212,8.596355445));
#939=DIRECTION('',(1.,0.,-0.));
#940=VECTOR('',#939,1.736328125);
#941=LINE('',#938,#940);
#942=EDGE_CURVE('',#929,#937,#941,.T.);
#943=ORIENTED_EDGE('',*,*,#942,.T.);
#944=CARTESIAN_POINT('',(34.278816651,9.400677212,10.26000015));
#945=VERTEX_POINT('',#944);
#946=CARTESIAN_POINT('',(34.278816651,9.400677212,8.596355445));
#947=DIRECTION('',(0.,0.,1.));
#948=VECTOR('',#947,1.663644706);
#949=LINE('',#946,#948);
#950=EDGE_CURVE('',#937,#945,#949,.T.);
#951=ORIENTED_EDGE('',*,*,#950,.T.);
#952=CARTESIAN_POINT('',(35.565937669,9.400677212,10.26000015));
#953=VERTEX_POINT('',#952);
#954=CARTESIAN_POINT('',(35.565937669,9.400677212,10.26000015));
#955=DIRECTION('',(-1.,0.,0.));
#956=VECTOR('',#955,1.287121019);
#957=LINE('',#954,#956);
#958=EDGE_CURVE('',#953,#945,#957,.T.);
#959=ORIENTED_EDGE('',*,*,#958,.F.);
#960=CARTESIAN_POINT('',(35.565937669,9.400677212,10.26000015));
#961=DIRECTION('',(-0.701604104,0.,0.712566966));
#962=VECTOR('',#961,2.046346719);
#963=LINE('',#960,#962);
#964=EDGE_CURVE('',#953,#921,#963,.T.);
#965=ORIENTED_EDGE('',*,*,#964,.T.);
#966=EDGE_LOOP('',(#927,#935,#943,#951,#959,#965));
#967=FACE_BOUND('',#966,.T.);
#968=ADVANCED_FACE('',(#967),#917,.F.);
#969=CARTESIAN_POINT('',(33.040740083,1.749667025,12.831656649));
#970=DIRECTION('',(0.712566819,0.000642055,0.701603959));
#971=DIRECTION('',(0.,-0.999999581,0.000915124));
#972=AXIS2_PLACEMENT_3D('',#969,#970,#971);
#973=PLANE('',#972);
#974=CARTESIAN_POINT('',(33.954936754,9.405937429,11.896168827));
#975=VERTEX_POINT('',#974);
#976=CARTESIAN_POINT('',(34.130210043,9.4059375,11.718159224));
#977=VERTEX_POINT('',#976);
#978=CARTESIAN_POINT('',(33.954936753,9.4059375,11.896168826));
#979=DIRECTION('',(0.701604104,0.,-0.712566966));
#980=VECTOR('',#979,0.249816222);
#981=LINE('',#978,#980);
#982=EDGE_CURVE('',#975,#977,#981,.T.);
#983=ORIENTED_EDGE('',*,*,#982,.T.);
#984=CARTESIAN_POINT('',(34.130207674,9.405937498,11.718159224));
#985=DIRECTION('',(0.000901045,-0.999999594,0.));
#986=VECTOR('',#985,0.005260288);
#987=LINE('',#984,#986);
#988=EDGE_CURVE('',#977,#921,#987,.T.);
#989=ORIENTED_EDGE('',*,*,#988,.T.);
#990=ORIENTED_EDGE('',*,*,#964,.F.);
#991=CARTESIAN_POINT('',(35.571649999,9.400677212,10.254198563));
#992=VERTEX_POINT('',#991);
#993=CARTESIAN_POINT('',(35.571649999,9.400677212,10.254198563));
#994=DIRECTION('',(-0.701604104,0.,0.712566966));
#995=VECTOR('',#994,0.008141813);
#996=LINE('',#993,#995);
#997=EDGE_CURVE('',#992,#953,#996,.T.);
#998=ORIENTED_EDGE('',*,*,#997,.F.);
#999=CARTESIAN_POINT('',(35.571649998,16.877109375,10.247356698));
#1000=VERTEX_POINT('',#999);
#1001=CARTESIAN_POINT('',(35.571649999,9.400677212,10.254198563));
#1002=DIRECTION('',(-0.,0.999999581,-0.000915124));
#1003=VECTOR('',#1002,7.476435293);
#1004=LINE('',#1001,#1003);
#1005=EDGE_CURVE('',#992,#1000,#1004,.T.);
#1006=ORIENTED_EDGE('',*,*,#1005,.T.);
#1007=CARTESIAN_POINT('',(33.954936754,16.877109375,11.889331773));
#1008=VERTEX_POINT('',#1007);
#1009=CARTESIAN_POINT('',(35.571649998,16.877109375,10.247356698));
#1010=DIRECTION('',(-0.701604104,0.,0.712566966));
#1011=VECTOR('',#1010,2.304309844);
#1012=LINE('',#1009,#1011);
#1013=EDGE_CURVE('',#1000,#1008,#1012,.T.);
#1014=ORIENTED_EDGE('',*,*,#1013,.T.);
#1015=CARTESIAN_POINT('',(33.954936754,16.877109375,11.889331773));
#1016=DIRECTION('',(-0.,-0.999999581,0.000915124));
#1017=VECTOR('',#1016,7.471175074);
#1018=LINE('',#1015,#1017);
#1019=EDGE_CURVE('',#1008,#975,#1018,.T.);
#1020=ORIENTED_EDGE('',*,*,#1019,.T.);
#1021=EDGE_LOOP('',(#983,#989,#990,#998,#1006,#1014,#1020));
#1022=FACE_BOUND('',#1021,.T.);
#1023=ADVANCED_FACE('',(#1022),#973,.T.);
#1024=CARTESIAN_POINT('',(29.326808838,16.877109375,1.070807659));
#1025=DIRECTION('',(0.,-1.,0.));
#1026=DIRECTION('',(-1.,0.,0.));
#1027=AXIS2_PLACEMENT_3D('',#1024,#1025,#1026);
#1028=PLANE('',#1027);
#1029=CARTESIAN_POINT('',(32.247808838,16.877109375,11.889331773));
#1030=VERTEX_POINT('',#1029);
#1031=CARTESIAN_POINT('',(33.954936754,16.877109375,11.889331773));
#1032=DIRECTION('',(-1.,0.,0.));
#1033=VECTOR('',#1032,1.707127916);
#1034=LINE('',#1031,#1033);
#1035=EDGE_CURVE('',#1008,#1030,#1034,.T.);
#1036=ORIENTED_EDGE('',*,*,#1035,.F.);
#1037=ORIENTED_EDGE('',*,*,#1013,.F.);
#1038=CARTESIAN_POINT('',(37.327808838,16.877109375,10.247356698));
#1039=VERTEX_POINT('',#1038);
#1040=CARTESIAN_POINT('',(35.571649998,16.877109375,10.247356698));
#1041=DIRECTION('',(1.,0.,-0.));
#1042=VECTOR('',#1041,1.756158841);
#1043=LINE('',#1040,#1042);
#1044=EDGE_CURVE('',#1000,#1039,#1043,.T.);
#1045=ORIENTED_EDGE('',*,*,#1044,.T.);
#1046=CARTESIAN_POINT('',(37.327808838,16.877109375,10.244896086));
#1047=VERTEX_POINT('',#1046);
#1048=CARTESIAN_POINT('',(37.327808838,16.877109375,10.247356698));
#1049=DIRECTION('',(0.,0.,-1.));
#1050=VECTOR('',#1049,0.002460612);
#1051=LINE('',#1048,#1050);
#1052=EDGE_CURVE('',#1039,#1047,#1051,.T.);
#1053=ORIENTED_EDGE('',*,*,#1052,.T.);
#1054=CARTESIAN_POINT('',(34.932668213,16.877109375,10.244896086));
#1055=VERTEX_POINT('',#1054);
#1056=CARTESIAN_POINT('',(37.327808838,16.877109375,10.244896086));
#1057=DIRECTION('',(-1.,0.,0.));
#1058=VECTOR('',#1057,2.395140625);
#1059=LINE('',#1056,#1058);
#1060=EDGE_CURVE('',#1047,#1055,#1059,.T.);
#1061=ORIENTED_EDGE('',*,*,#1060,.T.);
#1062=CARTESIAN_POINT('',(34.932668213,16.877109375,9.531269846));
#1063=VERTEX_POINT('',#1062);
#1064=CARTESIAN_POINT('',(34.932668213,16.877109375,10.244896086));
#1065=DIRECTION('',(0.,0.,-1.));
#1066=VECTOR('',#1065,0.71362624);
#1067=LINE('',#1064,#1066);
#1068=EDGE_CURVE('',#1055,#1063,#1067,.T.);
#1069=ORIENTED_EDGE('',*,*,#1068,.T.);
#1070=CARTESIAN_POINT('',(32.247808838,16.877109375,9.531269846));
#1071=VERTEX_POINT('',#1070);
#1072=CARTESIAN_POINT('',(34.932668213,16.877109375,9.531269846));
#1073=DIRECTION('',(-1.,0.,0.));
#1074=VECTOR('',#1073,2.684859375);
#1075=LINE('',#1072,#1074);
#1076=EDGE_CURVE('',#1063,#1071,#1075,.T.);
#1077=ORIENTED_EDGE('',*,*,#1076,.T.);
#1078=CARTESIAN_POINT('',(32.247808838,16.877109375,11.546986674));
#1079=VERTEX_POINT('',#1078);
#1080=CARTESIAN_POINT('',(32.247808838,16.877109375,9.531269846));
#1081=DIRECTION('',(0.,0.,1.));
#1082=VECTOR('',#1081,2.015716828);
#1083=LINE('',#1080,#1082);
#1084=EDGE_CURVE('',#1071,#1079,#1083,.T.);
#1085=ORIENTED_EDGE('',*,*,#1084,.T.);
#1086=CARTESIAN_POINT('',(32.247808838,16.877109375,11.546986674));
#1087=DIRECTION('',(0.,0.,1.));
#1088=VECTOR('',#1087,0.342345099);
#1089=LINE('',#1086,#1088);
#1090=EDGE_CURVE('',#1079,#1030,#1089,.T.);
#1091=ORIENTED_EDGE('',*,*,#1090,.T.);
#1092=EDGE_LOOP('',(#1036,#1037,#1045,#1053,#1061,#1069,#1077,#1085,#1091));
#1093=FACE_BOUND('',#1092,.T.);
#1094=ADVANCED_FACE('',(#1093),#1028,.F.);
#1095=CARTESIAN_POINT('',(32.547748813,9.400677212,52.466120159));
#1096=DIRECTION('',(0.,0.,-1.));
#1097=DIRECTION('',(-1.,0.,0.));
#1098=AXIS2_PLACEMENT_3D('',#1095,#1096,#1097);
#1099=CYLINDRICAL_SURFACE('',#1098,0.005260288);
#1100=ORIENTED_EDGE('',*,*,#934,.F.);
#1101=CARTESIAN_POINT('',(32.547748813,9.4059375,11.718159224));
#1102=VERTEX_POINT('',#1101);
#1103=CARTESIAN_POINT('',(32.547748813,9.400677212,11.718159224));
#1104=DIRECTION('',(-0.,-0.,-1.));
#1105=DIRECTION('',(1.,0.,-0.));
#1106=AXIS2_PLACEMENT_3D('',#1103,#1104,#1105);
#1107=CIRCLE('',#1106,0.005260288);
#1108=EDGE_CURVE('',#919,#1102,#1107,.T.);
#1109=ORIENTED_EDGE('',*,*,#1108,.T.);
#1110=CARTESIAN_POINT('',(32.547748813,9.4059375,8.74787542));
#1111=VERTEX_POINT('',#1110);
#1112=CARTESIAN_POINT('',(32.547748813,9.4059375,11.718159224));
#1113=DIRECTION('',(-0.,-0.,-1.));
#1114=VECTOR('',#1113,2.970283804);
#1115=LINE('',#1112,#1114);
#1116=EDGE_CURVE('',#1102,#1111,#1115,.T.);
#1117=ORIENTED_EDGE('',*,*,#1116,.T.);
#1118=CARTESIAN_POINT('',(32.542661109,9.402013583,8.577648935));
#1119=VERTEX_POINT('',#1118);
#1120=CARTESIAN_POINT('',(32.542661109,9.402013583,8.577648935));
#1121=CARTESIAN_POINT('',(32.543348428,9.404630282,8.634377284));
#1122=CARTESIAN_POINT('',(32.545609382,9.4059375,8.691124175));
#1123=CARTESIAN_POINT('',(32.547748813,9.4059375,8.74787542));
#1124=B_SPLINE_CURVE_WITH_KNOTS('',3,(#1120,#1121,#1122,#1123),.UNSPECIFIED.,.F.,.F.,(4,4),(0.,0.000170378),.UNSPECIFIED.);
#1125=EDGE_CURVE('',#1119,#1111,#1124,.T.);
#1126=ORIENTED_EDGE('',*,*,#1125,.F.);
#1127=CARTESIAN_POINT('',(32.542661109,9.402013583,8.577648935));
#1128=CARTESIAN_POINT('',(32.54255266,9.401600707,8.583886156));
#1129=CARTESIAN_POINT('',(32.542488526,9.401155237,8.59012192));
#1130=CARTESIAN_POINT('',(32.542488526,9.400677212,8.596355445));
#1131=B_SPLINE_CURVE_WITH_KNOTS('',3,(#1127,#1128,#1129,#1130),.UNSPECIFIED.,.F.,.F.,(4,4),(0.,0.000018755),.UNSPECIFIED.);
#1132=EDGE_CURVE('',#1119,#929,#1131,.T.);
#1133=ORIENTED_EDGE('',*,*,#1132,.T.);
#1134=EDGE_LOOP('',(#1100,#1109,#1117,#1126,#1133));
#1135=FACE_BOUND('',#1134,.T.);
#1136=ADVANCED_FACE('',(#1135),#1099,.T.);
#1137=CARTESIAN_POINT('',(33.797605713,19.5659375,14.065355959));
#1138=DIRECTION('',(0.,1.,0.));
#1139=DIRECTION('',(1.,0.,0.));
#1140=AXIS2_PLACEMENT_3D('',#1137,#1138,#1139);
#1141=PLANE('',#1140);
#1142=CARTESIAN_POINT('',(35.295188721,19.5659375,10.244896086));
#1143=VERTEX_POINT('',#1142);
#1144=CARTESIAN_POINT('',(34.277824463,19.5659375,10.244896086));
#1145=VERTEX_POINT('',#1144);
#1146=CARTESIAN_POINT('',(35.295188721,19.5659375,10.244896086));
#1147=DIRECTION('',(-1.,0.,0.));
#1148=VECTOR('',#1147,1.017364258);
#1149=LINE('',#1146,#1148);
#1150=EDGE_CURVE('',#1143,#1145,#1149,.T.);
#1151=ORIENTED_EDGE('',*,*,#1150,.F.);
#1152=CARTESIAN_POINT('',(35.295188721,19.5659375,13.54279136));
#1153=VERTEX_POINT('',#1152);
#1154=CARTESIAN_POINT('',(35.295188721,19.5659375,13.54279136));
#1155=DIRECTION('',(0.,0.,-1.));
#1156=VECTOR('',#1155,3.297895274);
#1157=LINE('',#1154,#1156);
#1158=EDGE_CURVE('',#1153,#1143,#1157,.T.);
#1159=ORIENTED_EDGE('',*,*,#1158,.F.);
#1160=CARTESIAN_POINT('',(34.282785401,19.5659375,13.54279136));
#1161=VERTEX_POINT('',#1160);
#1162=CARTESIAN_POINT('',(35.295188721,19.5659375,13.54279136));
#1163=DIRECTION('',(-1.,-0.,0.));
#1164=VECTOR('',#1163,1.01240332);
#1165=LINE('',#1162,#1164);
#1166=EDGE_CURVE('',#1153,#1161,#1165,.T.);
#1167=ORIENTED_EDGE('',*,*,#1166,.T.);
#1168=CARTESIAN_POINT('',(34.282785401,19.5659375,11.544662258));
#1169=VERTEX_POINT('',#1168);
#1170=CARTESIAN_POINT('',(34.282785401,19.5659375,11.544662258));
#1171=DIRECTION('',(0.,0.,1.));
#1172=VECTOR('',#1171,1.998129101);
#1173=LINE('',#1170,#1172);
#1174=EDGE_CURVE('',#1169,#1161,#1173,.T.);
#1175=ORIENTED_EDGE('',*,*,#1174,.F.);
#1176=CARTESIAN_POINT('',(34.277824463,19.5659375,11.544662258));
#1177=VERTEX_POINT('',#1176);
#1178=CARTESIAN_POINT('',(34.282785401,19.5659375,11.544662258));
#1179=DIRECTION('',(-1.,0.,0.));
#1180=VECTOR('',#1179,0.004960937);
#1181=LINE('',#1178,#1180);
#1182=EDGE_CURVE('',#1169,#1177,#1181,.T.);
#1183=ORIENTED_EDGE('',*,*,#1182,.T.);
#1184=CARTESIAN_POINT('',(34.277824463,19.5659375,11.544662258));
#1185=DIRECTION('',(0.,0.,-1.));
#1186=VECTOR('',#1185,1.299766172);
#1187=LINE('',#1184,#1186);
#1188=EDGE_CURVE('',#1177,#1145,#1187,.T.);
#1189=ORIENTED_EDGE('',*,*,#1188,.T.);
#1190=EDGE_LOOP('',(#1151,#1159,#1167,#1175,#1183,#1189));
#1191=FACE_BOUND('',#1190,.T.);
#1192=ADVANCED_FACE('',(#1191),#1141,.F.);
#1193=CARTESIAN_POINT('',(33.040740083,1.749667025,12.831656649));
#1194=DIRECTION('',(0.712566819,0.000642055,0.701603959));
#1195=DIRECTION('',(0.,-0.999999581,0.000915124));
#1196=AXIS2_PLACEMENT_3D('',#1193,#1194,#1195);
#1197=PLANE('',#1196);
#1198=CARTESIAN_POINT('',(35.571649996,24.60686059,10.240283014));
#1199=VERTEX_POINT('',#1198);
#1200=CARTESIAN_POINT('',(35.567111982,24.602326796,10.244896086));
#1201=VERTEX_POINT('',#1200);
#1202=CARTESIAN_POINT('',(35.571649996,24.60686059,10.240283014));
#1203=DIRECTION('',(-0.574343398,-0.57380935,0.583842865));
#1204=VECTOR('',#1203,0.007901221);
#1205=LINE('',#1202,#1204);
#1206=EDGE_CURVE('',#1199,#1201,#1205,.T.);
#1207=ORIENTED_EDGE('',*,*,#1206,.T.);
#1208=CARTESIAN_POINT('',(35.571649998,19.5659375,10.244896086));
#1209=VERTEX_POINT('',#1208);
#1210=CARTESIAN_POINT('',(35.567111982,24.602326796,10.244896086));
#1211=DIRECTION('',(0.000901045,-0.999999594,0.));
#1212=VECTOR('',#1211,5.03639134);
#1213=LINE('',#1210,#1212);
#1214=EDGE_CURVE('',#1201,#1209,#1213,.T.);
#1215=ORIENTED_EDGE('',*,*,#1214,.T.);
#1216=CARTESIAN_POINT('',(35.571649997,19.5659375,10.244896086));
#1217=DIRECTION('',(-0.,0.999999581,-0.000915124));
#1218=VECTOR('',#1217,5.040925201);
#1219=LINE('',#1216,#1218);
#1220=EDGE_CURVE('',#1209,#1199,#1219,.T.);
#1221=ORIENTED_EDGE('',*,*,#1220,.T.);
#1222=EDGE_LOOP('',(#1207,#1215,#1221));
#1223=FACE_BOUND('',#1222,.T.);
#1224=ADVANCED_FACE('',(#1223),#1197,.T.);
#1225=CARTESIAN_POINT('',(27.447605713,22.108262979,12.782570603));
#1226=DIRECTION('',(0.,0.713208576,0.700951872));
#1227=DIRECTION('',(1.,0.,0.));
#1228=AXIS2_PLACEMENT_3D('',#1225,#1226,#1227);
#1229=PLANE('',#1228);
#1230=CARTESIAN_POINT('',(35.295188721,24.602326796,10.244896086));
#1231=VERTEX_POINT('',#1230);
#1232=CARTESIAN_POINT('',(35.295188721,24.228797659,10.624956679));
#1233=VERTEX_POINT('',#1232);
#1234=CARTESIAN_POINT('',(35.295188721,24.602326796,10.244896086));
#1235=DIRECTION('',(0.,-0.700951872,0.713208576));
#1236=VECTOR('',#1235,0.532888422);
#1237=LINE('',#1234,#1236);
#1238=EDGE_CURVE('',#1231,#1233,#1237,.T.);
#1239=ORIENTED_EDGE('',*,*,#1238,.F.);
#1240=CARTESIAN_POINT('',(35.295188721,24.602326796,10.244896086));
#1241=DIRECTION('',(1.,0.,-0.));
#1242=VECTOR('',#1241,0.271923261);
#1243=LINE('',#1240,#1242);
#1244=EDGE_CURVE('',#1231,#1201,#1243,.T.);
#1245=ORIENTED_EDGE('',*,*,#1244,.T.);
#1246=ORIENTED_EDGE('',*,*,#1206,.F.);
#1247=CARTESIAN_POINT('',(35.549808838,24.606860591,10.240283013));
#1248=VERTEX_POINT('',#1247);
#1249=CARTESIAN_POINT('',(35.571649996,24.60686059,10.240283014));
#1250=DIRECTION('',(-1.,0.,0.));
#1251=VECTOR('',#1250,0.021841158);
#1252=LINE('',#1249,#1251);
#1253=EDGE_CURVE('',#1199,#1248,#1252,.T.);
#1254=ORIENTED_EDGE('',*,*,#1253,.T.);
#1255=CARTESIAN_POINT('',(35.54980884,24.645901182,10.200559766));
#1256=VERTEX_POINT('',#1255);
#1257=CARTESIAN_POINT('',(35.549808838,24.645901182,10.200559766));
#1258=DIRECTION('',(0.,-0.700951872,0.713208576));
#1259=VECTOR('',#1258,0.055696535);
#1260=LINE('',#1257,#1259);
#1261=EDGE_CURVE('',#1256,#1248,#1260,.T.);
#1262=ORIENTED_EDGE('',*,*,#1261,.F.);
#1263=CARTESIAN_POINT('',(24.985239279,24.645901182,10.200559767));
#1264=VERTEX_POINT('',#1263);
#1265=CARTESIAN_POINT('',(24.985239279,24.645901182,10.200559768));
#1266=DIRECTION('',(1.,0.,-0.));
#1267=VECTOR('',#1266,10.564569561);
#1268=LINE('',#1265,#1267);
#1269=EDGE_CURVE('',#1264,#1256,#1268,.T.);
#1270=ORIENTED_EDGE('',*,*,#1269,.F.);
#1271=CARTESIAN_POINT('',(24.627899189,24.645901182,10.200559766));
#1272=VERTEX_POINT('',#1271);
#1273=CARTESIAN_POINT('',(24.627899189,24.645901182,10.200559768));
#1274=DIRECTION('',(1.,0.,-0.));
#1275=VECTOR('',#1274,0.35734009);
#1276=LINE('',#1273,#1275);
#1277=EDGE_CURVE('',#1272,#1264,#1276,.T.);
#1278=ORIENTED_EDGE('',*,*,#1277,.F.);
#1279=CARTESIAN_POINT('',(24.627808838,24.627886276,10.218889677));
#1280=VERTEX_POINT('',#1279);
#1281=CARTESIAN_POINT('',(26.423860063,24.627886276,10.218889677));
#1282=DIRECTION('',(0.,0.713208576,0.700951872));
#1283=DIRECTION('',(0.,-0.700951872,0.713208576));
#1284=AXIS2_PLACEMENT_3D('',#1281,#1282,#1283);
#1285=ELLIPSE('',#1284,2.562303199,1.796051224);
#1286=EDGE_CURVE('',#1272,#1280,#1285,.T.);
#1287=ORIENTED_EDGE('',*,*,#1286,.T.);
#1288=CARTESIAN_POINT('',(24.627808838,24.606949829,10.240192215));
#1289=VERTEX_POINT('',#1288);
#1290=CARTESIAN_POINT('',(24.627808838,24.627886276,10.218889677));
#1291=DIRECTION('',(0.,-0.700951872,0.713208576));
#1292=VECTOR('',#1291,0.029868594);
#1293=LINE('',#1290,#1292);
#1294=EDGE_CURVE('',#1280,#1289,#1293,.T.);
#1295=ORIENTED_EDGE('',*,*,#1294,.T.);
#1296=CARTESIAN_POINT('',(24.62607251,24.606933484,10.240208846));
#1297=VERTEX_POINT('',#1296);
#1298=CARTESIAN_POINT('',(24.609757614,26.373635906,8.442614219));
#1299=DIRECTION('',(0.,0.713208576,0.700951872));
#1300=DIRECTION('',(0.,-0.700951872,0.713208576));
#1301=AXIS2_PLACEMENT_3D('',#1298,#1299,#1300);
#1302=ELLIPSE('',#1301,2.520537267,1.796051224);
#1303=EDGE_CURVE('',#1297,#1289,#1302,.T.);
#1304=ORIENTED_EDGE('',*,*,#1303,.F.);
#1305=CARTESIAN_POINT('',(24.62607251,24.60686059,10.240283014));
#1306=VERTEX_POINT('',#1305);
#1307=CARTESIAN_POINT('',(24.62607251,24.60686059,10.240283014));
#1308=DIRECTION('',(0.,0.700951872,-0.713208576));
#1309=VECTOR('',#1308,0.000103993);
#1310=LINE('',#1307,#1309);
#1311=EDGE_CURVE('',#1306,#1297,#1310,.T.);
#1312=ORIENTED_EDGE('',*,*,#1311,.F.);
#1313=CARTESIAN_POINT('',(34.277824463,24.606860592,10.240283014));
#1314=VERTEX_POINT('',#1313);
#1315=CARTESIAN_POINT('',(34.277824463,24.606860592,10.240283014));
#1316=DIRECTION('',(-1.,-0.,0.));
#1317=VECTOR('',#1316,9.651751953);
#1318=LINE('',#1315,#1317);
#1319=EDGE_CURVE('',#1314,#1306,#1318,.T.);
#1320=ORIENTED_EDGE('',*,*,#1319,.F.);
#1321=CARTESIAN_POINT('',(34.277824463,22.99732798,11.877959589));
#1322=VERTEX_POINT('',#1321);
#1323=CARTESIAN_POINT('',(34.277824463,24.606860591,10.240283013));
#1324=DIRECTION('',(0.,-0.700951872,0.713208576));
#1325=VECTOR('',#1324,2.296209876);
#1326=LINE('',#1323,#1325);
#1327=EDGE_CURVE('',#1314,#1322,#1326,.T.);
#1328=ORIENTED_EDGE('',*,*,#1327,.T.);
#1329=CARTESIAN_POINT('',(34.282785401,22.99732798,11.877959589));
#1330=VERTEX_POINT('',#1329);
#1331=CARTESIAN_POINT('',(34.282785401,22.99732798,11.877959589));
#1332=DIRECTION('',(-1.,0.,0.));
#1333=VECTOR('',#1332,0.004960937);
#1334=LINE('',#1331,#1333);
#1335=EDGE_CURVE('',#1330,#1322,#1334,.T.);
#1336=ORIENTED_EDGE('',*,*,#1335,.F.);
#1337=CARTESIAN_POINT('',(34.282785401,24.228797659,10.624956679));
#1338=VERTEX_POINT('',#1337);
#1339=CARTESIAN_POINT('',(34.282785401,24.228797659,10.624956678));
#1340=DIRECTION('',(0.,-0.700951872,0.713208576));
#1341=VECTOR('',#1340,1.756853399);
#1342=LINE('',#1339,#1341);
#1343=EDGE_CURVE('',#1338,#1330,#1342,.T.);
#1344=ORIENTED_EDGE('',*,*,#1343,.F.);
#1345=CARTESIAN_POINT('',(35.295188721,24.228797659,10.624956679));
#1346=DIRECTION('',(-1.,-0.,0.));
#1347=VECTOR('',#1346,1.01240332);
#1348=LINE('',#1345,#1347);
#1349=EDGE_CURVE('',#1233,#1338,#1348,.T.);
#1350=ORIENTED_EDGE('',*,*,#1349,.F.);
#1351=EDGE_LOOP('',(#1239,#1245,#1246,#1254,#1262,#1270,#1278,#1287,#1295,#1304,#1312,#1320,#1328,#1336,#1344,#1350));
#1352=FACE_BOUND('',#1351,.T.);
#1353=ADVANCED_FACE('',(#1352),#1229,.T.);
#1354=CARTESIAN_POINT('',(34.277824463,1.7859375,52.466120159));
#1355=DIRECTION('',(-1.,0.,0.));
#1356=DIRECTION('',(0.,0.,1.));
#1357=AXIS2_PLACEMENT_3D('',#1354,#1355,#1356);
#1358=PLANE('',#1357);
#1359=ORIENTED_EDGE('',*,*,#1188,.F.);
#1360=CARTESIAN_POINT('',(34.277824463,21.831450591,11.542589032));
#1361=VERTEX_POINT('',#1360);
#1362=CARTESIAN_POINT('',(34.277824463,21.831450591,11.542589032));
#1363=DIRECTION('',(0.,-0.999999581,0.000915124));
#1364=VECTOR('',#1363,2.265514039);
#1365=LINE('',#1362,#1364);
#1366=EDGE_CURVE('',#1361,#1177,#1365,.T.);
#1367=ORIENTED_EDGE('',*,*,#1366,.F.);
#1368=CARTESIAN_POINT('',(34.277824463,22.1059375,12.782571668));
#1369=DIRECTION('',(-1.,0.,0.));
#1370=DIRECTION('',(0.,0.,1.));
#1371=AXIS2_PLACEMENT_3D('',#1368,#1369,#1370);
#1372=CIRCLE('',#1371,1.27);
#1373=EDGE_CURVE('',#1322,#1361,#1372,.T.);
#1374=ORIENTED_EDGE('',*,*,#1373,.F.);
#1375=ORIENTED_EDGE('',*,*,#1327,.F.);
#1376=CARTESIAN_POINT('',(34.277824463,19.5659375,10.244896086));
#1377=DIRECTION('',(0.,0.999999581,-0.000915124));
#1378=VECTOR('',#1377,5.040925203);
#1379=LINE('',#1376,#1378);
#1380=EDGE_CURVE('',#1145,#1314,#1379,.T.);
#1381=ORIENTED_EDGE('',*,*,#1380,.F.);
#1382=EDGE_LOOP('',(#1359,#1367,#1374,#1375,#1381));
#1383=FACE_BOUND('',#1382,.T.);
#1384=ADVANCED_FACE('',(#1383),#1358,.T.);
#1385=CARTESIAN_POINT('',(27.447605713,1.748504187,11.560967426));
#1386=DIRECTION('',(0.,0.000915124,0.999999581));
#1387=DIRECTION('',(0.,-0.999999581,0.000915124));
#1388=AXIS2_PLACEMENT_3D('',#1385,#1386,#1387);
#1389=PLANE('',#1388);
#1390=CARTESIAN_POINT('',(35.295188721,21.831450591,11.542589032));
#1391=VERTEX_POINT('',#1390);
#1392=CARTESIAN_POINT('',(35.295188721,20.416930547,11.543883494));
#1393=VERTEX_POINT('',#1392);
#1394=CARTESIAN_POINT('',(35.295188721,21.831450591,11.542589032));
#1395=DIRECTION('',(0.,-0.999999581,0.000915124));
#1396=VECTOR('',#1395,1.414520637);
#1397=LINE('',#1394,#1396);
#1398=EDGE_CURVE('',#1391,#1393,#1397,.T.);
#1399=ORIENTED_EDGE('',*,*,#1398,.F.);
#1400=CARTESIAN_POINT('',(34.277824463,21.831450591,11.542589032));
#1401=DIRECTION('',(1.,-0.,-0.));
#1402=VECTOR('',#1401,1.017364258);
#1403=LINE('',#1400,#1402);
#1404=EDGE_CURVE('',#1361,#1391,#1403,.T.);
#1405=ORIENTED_EDGE('',*,*,#1404,.F.);
#1406=ORIENTED_EDGE('',*,*,#1366,.T.);
#1407=ORIENTED_EDGE('',*,*,#1182,.F.);
#1408=CARTESIAN_POINT('',(34.282785401,20.416930547,11.543883494));
#1409=VERTEX_POINT('',#1408);
#1410=CARTESIAN_POINT('',(34.282785401,20.416930547,11.543883494));
#1411=DIRECTION('',(0.,-0.999999581,0.000915124));
#1412=VECTOR('',#1411,0.850993403);
#1413=LINE('',#1410,#1412);
#1414=EDGE_CURVE('',#1409,#1169,#1413,.T.);
#1415=ORIENTED_EDGE('',*,*,#1414,.F.);
#1416=CARTESIAN_POINT('',(35.295188721,20.416930547,11.543883494));
#1417=DIRECTION('',(-1.,0.,0.));
#1418=VECTOR('',#1417,1.01240332);
#1419=LINE('',#1416,#1418);
#1420=EDGE_CURVE('',#1393,#1409,#1419,.T.);
#1421=ORIENTED_EDGE('',*,*,#1420,.F.);
#1422=EDGE_LOOP('',(#1399,#1405,#1406,#1407,#1415,#1421));
#1423=FACE_BOUND('',#1422,.T.);
#1424=ADVANCED_FACE('',(#1423),#1389,.T.);
#1425=CARTESIAN_POINT('',(35.295188721,1.7859375,52.466120159));
#1426=DIRECTION('',(-1.,0.,0.));
#1427=DIRECTION('',(0.,0.,1.));
#1428=AXIS2_PLACEMENT_3D('',#1425,#1426,#1427);
#1429=PLANE('',#1428);
#1430=CARTESIAN_POINT('',(35.295188721,23.345152119,12.504637992));
#1431=VERTEX_POINT('',#1430);
#1432=CARTESIAN_POINT('',(35.295188721,22.1059375,12.782571668));
#1433=DIRECTION('',(-1.,0.,0.));
#1434=DIRECTION('',(0.,0.,1.));
#1435=AXIS2_PLACEMENT_3D('',#1432,#1433,#1434);
#1436=CIRCLE('',#1435,1.27);
#1437=EDGE_CURVE('',#1431,#1391,#1436,.T.);
#1438=ORIENTED_EDGE('',*,*,#1437,.T.);
#1439=ORIENTED_EDGE('',*,*,#1398,.T.);
#1440=CARTESIAN_POINT('',(35.295188721,21.825666902,11.543883494));
#1441=VERTEX_POINT('',#1440);
#1442=CARTESIAN_POINT('',(35.295188721,20.416930547,11.543883494));
#1443=DIRECTION('',(0.,1.,0.));
#1444=VECTOR('',#1443,1.408736356);
#1445=LINE('',#1442,#1444);
#1446=EDGE_CURVE('',#1393,#1441,#1445,.T.);
#1447=ORIENTED_EDGE('',*,*,#1446,.T.);
#1448=CARTESIAN_POINT('',(35.295188721,22.1059375,14.052571668));
#1449=VERTEX_POINT('',#1448);
#1450=CARTESIAN_POINT('',(35.295188721,22.1059375,12.782571668));
#1451=DIRECTION('',(-1.,0.,0.));
#1452=DIRECTION('',(0.,0.,1.));
#1453=AXIS2_PLACEMENT_3D('',#1450,#1451,#1452);
#1454=CIRCLE('',#1453,1.27);
#1455=EDGE_CURVE('',#1441,#1449,#1454,.T.);
#1456=ORIENTED_EDGE('',*,*,#1455,.T.);
#1457=CARTESIAN_POINT('',(35.295188721,23.349266626,13.041478376));
#1458=VERTEX_POINT('',#1457);
#1459=CARTESIAN_POINT('',(35.295188721,22.1059375,12.782571668));
#1460=DIRECTION('',(-1.,0.,0.));
#1461=DIRECTION('',(0.,0.,1.));
#1462=AXIS2_PLACEMENT_3D('',#1459,#1460,#1461);
#1463=CIRCLE('',#1462,1.27);
#1464=EDGE_CURVE('',#1449,#1458,#1463,.T.);
#1465=ORIENTED_EDGE('',*,*,#1464,.T.);
#1466=CARTESIAN_POINT('',(35.295188721,22.1059375,12.782571668));
#1467=DIRECTION('',(1.,-0.,-0.));
#1468=DIRECTION('',(0.,0.,1.));
#1469=AXIS2_PLACEMENT_3D('',#1466,#1467,#1468);
#1470=CIRCLE('',#1469,1.27);
#1471=EDGE_CURVE('',#1431,#1458,#1470,.T.);
#1472=ORIENTED_EDGE('',*,*,#1471,.F.);
#1473=EDGE_LOOP('',(#1438,#1439,#1447,#1456,#1465,#1472));
#1474=FACE_BOUND('',#1473,.T.);
#1475=CARTESIAN_POINT('',(35.295188721,24.251108179,13.535921958));
#1476=VERTEX_POINT('',#1475);
#1477=CARTESIAN_POINT('',(35.295188721,24.228797659,10.624956679));
#1478=DIRECTION('',(0.,0.007664078,0.999970631));
#1479=VECTOR('',#1478,2.911050775);
#1480=LINE('',#1477,#1479);
#1481=EDGE_CURVE('',#1233,#1476,#1480,.T.);
#1482=ORIENTED_EDGE('',*,*,#1481,.T.);
#1483=CARTESIAN_POINT('',(35.295188721,22.461952731,15.338842584));
#1484=VERTEX_POINT('',#1483);
#1485=CARTESIAN_POINT('',(35.295188721,22.461952731,13.549634588));
#1486=DIRECTION('',(1.,-0.,-0.));
#1487=DIRECTION('',(0.,0.,1.));
#1488=AXIS2_PLACEMENT_3D('',#1485,#1486,#1487);
#1489=CIRCLE('',#1488,1.789207996);
#1490=EDGE_CURVE('',#1476,#1484,#1489,.T.);
#1491=ORIENTED_EDGE('',*,*,#1490,.T.);
#1492=CARTESIAN_POINT('',(35.295188721,21.361988724,15.338842584));
#1493=VERTEX_POINT('',#1492);
#1494=CARTESIAN_POINT('',(35.295188721,22.461952731,15.338842584));
#1495=DIRECTION('',(0.,-1.,0.));
#1496=VECTOR('',#1495,1.099964007);
#1497=LINE('',#1494,#1496);
#1498=EDGE_CURVE('',#1484,#1493,#1497,.T.);
#1499=ORIENTED_EDGE('',*,*,#1498,.T.);
#1500=CARTESIAN_POINT('',(35.295188721,21.361988724,13.54279136));
#1501=DIRECTION('',(1.,-0.,-0.));
#1502=DIRECTION('',(0.,0.,1.));
#1503=AXIS2_PLACEMENT_3D('',#1500,#1501,#1502);
#1504=CIRCLE('',#1503,1.796051224);
#1505=EDGE_CURVE('',#1493,#1153,#1504,.T.);
#1506=ORIENTED_EDGE('',*,*,#1505,.T.);
#1507=ORIENTED_EDGE('',*,*,#1158,.T.);
#1508=CARTESIAN_POINT('',(35.295188721,24.602326796,10.244896086));
#1509=DIRECTION('',(0.,-1.,0.));
#1510=VECTOR('',#1509,5.036389296);
#1511=LINE('',#1508,#1510);
#1512=EDGE_CURVE('',#1231,#1143,#1511,.T.);
#1513=ORIENTED_EDGE('',*,*,#1512,.F.);
#1514=ORIENTED_EDGE('',*,*,#1238,.T.);
#1515=EDGE_LOOP('',(#1482,#1491,#1499,#1506,#1507,#1513,#1514));
#1516=FACE_BOUND('',#1515,.T.);
#1517=ADVANCED_FACE('',(#1474,#1516),#1429,.F.);
#1518=CARTESIAN_POINT('',(33.797605713,20.200954517,11.543883494));
#1519=DIRECTION('',(0.,0.,1.));
#1520=DIRECTION('',(1.,0.,0.));
#1521=AXIS2_PLACEMENT_3D('',#1518,#1519,#1520);
#1522=PLANE('',#1521);
#1523=ORIENTED_EDGE('',*,*,#1446,.F.);
#1524=ORIENTED_EDGE('',*,*,#1420,.T.);
#1525=CARTESIAN_POINT('',(34.282785401,21.825666902,11.543883494));
#1526=VERTEX_POINT('',#1525);
#1527=CARTESIAN_POINT('',(34.282785401,20.416930547,11.543883494));
#1528=DIRECTION('',(0.,1.,0.));
#1529=VECTOR('',#1528,1.408736356);
#1530=LINE('',#1527,#1529);
#1531=EDGE_CURVE('',#1409,#1526,#1530,.T.);
#1532=ORIENTED_EDGE('',*,*,#1531,.T.);
#1533=CARTESIAN_POINT('',(35.295188721,21.825666902,11.543883494));
#1534=DIRECTION('',(-1.,0.,0.));
#1535=VECTOR('',#1534,1.01240332);
#1536=LINE('',#1533,#1535);
#1537=EDGE_CURVE('',#1441,#1526,#1536,.T.);
#1538=ORIENTED_EDGE('',*,*,#1537,.F.);
#1539=EDGE_LOOP('',(#1523,#1524,#1532,#1538));
#1540=FACE_BOUND('',#1539,.T.);
#1541=ADVANCED_FACE('',(#1540),#1522,.F.);
#1542=CARTESIAN_POINT('',(24.609757614,13.21429389,8.454656654));
#1543=DIRECTION('',(0.,-0.999999581,0.000915124));
#1544=DIRECTION('',(0.,-0.000915124,-0.999999581));
#1545=AXIS2_PLACEMENT_3D('',#1542,#1543,#1544);
#1546=CYLINDRICAL_SURFACE('',#1545,1.796051224);
#1547=ORIENTED_EDGE('',*,*,#885,.T.);
#1548=CARTESIAN_POINT('',(24.627808838,18.804763329,10.24550194));
#1549=VERTEX_POINT('',#1548);
#1550=CARTESIAN_POINT('',(26.356773089,17.075181902,8.867941257));
#1551=CARTESIAN_POINT('',(26.328497695,17.103520506,8.986426562));
#1552=CARTESIAN_POINT('',(26.288977655,17.143102773,9.098499122));
#1553=CARTESIAN_POINT('',(26.240979922,17.191158833,9.202625108));
#1554=CARTESIAN_POINT('',(26.192982189,17.239214893,9.306751094));
#1555=CARTESIAN_POINT('',(26.135913053,17.296339011,9.403873256));
#1556=CARTESIAN_POINT('',(26.073893804,17.358407105,9.491107575));
#1557=CARTESIAN_POINT('',(26.011874555,17.420475199,9.578341894));
#1558=CARTESIAN_POINT('',(25.944341261,17.488051962,9.656979376));
#1559=CARTESIAN_POINT('',(25.872105659,17.560325713,9.728286155));
#1560=CARTESIAN_POINT('',(25.799870056,17.632599464,9.799592935));
#1561=CARTESIAN_POINT('',(25.723668068,17.708833793,9.862680468));
#1562=CARTESIAN_POINT('',(25.645636749,17.786891451,9.917699551));
#1563=CARTESIAN_POINT('',(25.48957411,17.943006767,10.027737716));
#1564=CARTESIAN_POINT('',(25.323622457,18.108988492,10.10811004));
#1565=CARTESIAN_POINT('',(25.151636309,18.280982145,10.162378008));
#1566=CARTESIAN_POINT('',(24.97965016,18.452975798,10.216645976));
#1567=CARTESIAN_POINT('',(24.80409533,18.62851117,10.243888447));
#1568=CARTESIAN_POINT('',(24.627808839,18.804763329,10.245501941));
#1569=B_SPLINE_CURVE_WITH_KNOTS('',3,(#1550,#1551,#1552,#1553,#1554,#1555,#1556,#1557,#1558,#1559,#1560,#1561,#1562,#1563,#1564,#1565,#1566,#1567,#1568),.UNSPECIFIED.,.F.,.F.,(4,3,3,3,3,3,4),(0.000436739,0.000807652,0.001178566,0.001549479,0.001920392,0.002662219,0.003404046),.UNSPECIFIED.);
#1570=EDGE_CURVE('',#871,#1549,#1569,.T.);
#1571=ORIENTED_EDGE('',*,*,#1570,.T.);
#1572=CARTESIAN_POINT('',(24.627808838,1.824925007,10.261040607));
#1573=VERTEX_POINT('',#1572);
#1574=CARTESIAN_POINT('',(24.627808838,1.824925007,10.261040607));
#1575=DIRECTION('',(0.,0.999999581,-0.000915124));
#1576=VECTOR('',#1575,16.979845432);
#1577=LINE('',#1574,#1576);
#1578=EDGE_CURVE('',#1573,#1549,#1577,.T.);
#1579=ORIENTED_EDGE('',*,*,#1578,.F.);
#1580=CARTESIAN_POINT('',(24.669480713,1.824035533,10.260138888));
#1581=VERTEX_POINT('',#1580);
#1582=CARTESIAN_POINT('',(24.609757614,0.05495187,8.466699088));
#1583=DIRECTION('',(-0.,0.711924466,-0.702256046));
#1584=DIRECTION('',(0.,-0.702256046,-0.711924466));
#1585=AXIS2_PLACEMENT_3D('',#1582,#1583,#1584);
#1586=ELLIPSE('',#1585,2.520537267,1.796051224);
#1587=EDGE_CURVE('',#1573,#1581,#1586,.T.);
#1588=ORIENTED_EDGE('',*,*,#1587,.T.);
#1589=CARTESIAN_POINT('',(24.669480713,7.67044416,10.254788697));
#1590=VERTEX_POINT('',#1589);
#1591=CARTESIAN_POINT('',(24.669480713,1.824035533,10.260138888));
#1592=DIRECTION('',(-0.,0.999999581,-0.000915124));
#1593=VECTOR('',#1592,5.846411074);
#1594=LINE('',#1591,#1593);
#1595=EDGE_CURVE('',#1581,#1590,#1594,.T.);
#1596=ORIENTED_EDGE('',*,*,#1595,.T.);
#1597=CARTESIAN_POINT('',(26.401828736,9.402013583,8.577648939));
#1598=VERTEX_POINT('',#1597);
#1599=CARTESIAN_POINT('',(26.401828737,9.402013583,8.577648935));
#1600=CARTESIAN_POINT('',(26.392782025,9.393032678,8.713321418));
#1601=CARTESIAN_POINT('',(26.368899746,9.369218735,8.842892752));
#1602=CARTESIAN_POINT('',(26.332181467,9.33256797,8.967184641));
#1603=CARTESIAN_POINT('',(26.313822327,9.314242587,9.029330585));
#1604=CARTESIAN_POINT('',(26.292052765,9.292506775,9.090421896));
#1605=CARTESIAN_POINT('',(26.267856454,9.268342843,9.14856374));
#1606=CARTESIAN_POINT('',(26.243660142,9.244178911,9.206705584));
#1607=CARTESIAN_POINT('',(26.216947416,9.217497424,9.262319226));
#1608=CARTESIAN_POINT('',(26.187981119,9.188561132,9.315668632));
#1609=CARTESIAN_POINT('',(26.130048524,9.130688549,9.422367446));
#1610=CARTESIAN_POINT('',(26.062559461,9.063254797,9.520492209));
#1611=CARTESIAN_POINT('',(25.990324436,8.991067709,9.60736274));
#1612=CARTESIAN_POINT('',(25.918089411,8.918880621,9.694233272));
#1613=CARTESIAN_POINT('',(25.840558655,8.841391139,9.771025734));
#1614=CARTESIAN_POINT('',(25.758566586,8.759433931,9.839327313));
#1615=CARTESIAN_POINT('',(25.676574518,8.677476723,9.907628892));
#1616=CARTESIAN_POINT('',(25.589775332,8.590705947,9.967433282));
#1617=CARTESIAN_POINT('',(25.50149965,8.502451586,10.018006155));
#1618=CARTESIAN_POINT('',(25.413223969,8.414197224,10.068579028));
#1619=CARTESIAN_POINT('',(25.32336971,8.324357392,10.110197971));
#1620=CARTESIAN_POINT('',(25.232134885,8.233130469,10.143984728));
#1621=CARTESIAN_POINT('',(25.140900059,8.141903547,10.177771486));
#1622=CARTESIAN_POINT('',(25.048281096,8.049285971,10.203705868));
#1623=CARTESIAN_POINT('',(24.954343053,7.955342657,10.222155686));
#1624=CARTESIAN_POINT('',(24.860405009,7.861399342,10.240605503));
#1625=CARTESIAN_POINT('',(24.764905944,7.765887715,10.251523896));
#1626=CARTESIAN_POINT('',(24.669480713,7.67044416,10.254788698));
#1627=B_SPLINE_CURVE_WITH_KNOTS('',3,(#1599,#1600,#1601,#1602,#1603,#1604,#1605,#1606,#1607,#1608,#1609,#1610,#1611,#1612,#1613,#1614,#1615,#1616,#1617,#1618,#1619,#1620,#1621,#1622,#1623,#1624,
#1625,#1626),.UNSPECIFIED.,.F.,.F.,(4,3,3,3,3,3,3,3,3,4),(-0.,0.000401505,0.000602257,0.000803009,0.001204514,0.001606018,0.002007523,0.002409027,0.002810532,0.003212036),.UNSPECIFIED.);
#1628=EDGE_CURVE('',#1598,#1590,#1627,.T.);
#1629=ORIENTED_EDGE('',*,*,#1628,.F.);
#1630=CARTESIAN_POINT('',(26.405808838,9.394559371,8.458152186));
#1631=VERTEX_POINT('',#1630);
#1632=CARTESIAN_POINT('',(26.405808838,9.394559371,8.458152186));
#1633=CARTESIAN_POINT('',(26.405808839,9.397682547,8.497853832));
#1634=CARTESIAN_POINT('',(26.404476512,9.40018215,8.537944642));
#1635=CARTESIAN_POINT('',(26.401828736,9.402013583,8.577648939));
#1636=B_SPLINE_CURVE_WITH_KNOTS('',3,(#1632,#1633,#1634,#1635),.UNSPECIFIED.,.F.,.F.,(4,4),(0.000514831,0.000633165),.UNSPECIFIED.);
#1637=EDGE_CURVE('',#1631,#1598,#1636,.T.);
#1638=ORIENTED_EDGE('',*,*,#1637,.F.);
#1639=CARTESIAN_POINT('',(26.405808838,17.157750228,8.4510479));
#1640=DIRECTION('',(0.,-0.999999581,0.000915124));
#1641=VECTOR('',#1640,7.763194108);
#1642=LINE('',#1639,#1641);
#1643=EDGE_CURVE('',#879,#1631,#1642,.T.);
#1644=ORIENTED_EDGE('',*,*,#1643,.F.);
#1645=EDGE_LOOP('',(#1547,#1571,#1579,#1588,#1596,#1629,#1638,#1644));
#1646=FACE_BOUND('',#1645,.T.);
#1647=ADVANCED_FACE('',(#1646),#1546,.T.);
#1648=CARTESIAN_POINT('',(24.609757614,13.21429389,8.454656654));
#1649=DIRECTION('',(0.,-0.999999581,0.000915124));
#1650=DIRECTION('',(0.,-0.000915124,-0.999999581));
#1651=AXIS2_PLACEMENT_3D('',#1648,#1649,#1650);
#1652=CYLINDRICAL_SURFACE('',#1651,1.796051224);
#1653=CARTESIAN_POINT('',(24.62607251,18.806499291,10.245516964));
#1654=VERTEX_POINT('',#1653);
#1655=CARTESIAN_POINT('',(24.62607251,24.606933484,10.240208846));
#1656=DIRECTION('',(0.,-0.999999581,0.000915124));
#1657=VECTOR('',#1656,5.800436622);
#1658=LINE('',#1655,#1657);
#1659=EDGE_CURVE('',#1297,#1654,#1658,.T.);
#1660=ORIENTED_EDGE('',*,*,#1659,.F.);
#1661=ORIENTED_EDGE('',*,*,#1303,.T.);
#1662=CARTESIAN_POINT('',(24.627808838,18.804763329,10.245501939));
#1663=DIRECTION('',(0.,0.999999581,-0.000915124));
#1664=VECTOR('',#1663,5.80218893);
#1665=LINE('',#1662,#1664);
#1666=EDGE_CURVE('',#1549,#1289,#1665,.T.);
#1667=ORIENTED_EDGE('',*,*,#1666,.F.);
#1668=CARTESIAN_POINT('',(24.627808839,18.804763329,10.245501941));
#1669=CARTESIAN_POINT('',(24.627230084,18.805341971,10.245507238));
#1670=CARTESIAN_POINT('',(24.626651297,18.805920616,10.245512228));
#1671=CARTESIAN_POINT('',(24.62607251,18.806499291,10.245516964));
#1672=B_SPLINE_CURVE_WITH_KNOTS('',3,(#1668,#1669,#1670,#1671),.UNSPECIFIED.,.F.,.F.,(4,4),(0.003404046,0.003406481),.UNSPECIFIED.);
#1673=EDGE_CURVE('',#1549,#1654,#1672,.T.);
#1674=ORIENTED_EDGE('',*,*,#1673,.T.);
#1675=EDGE_LOOP('',(#1660,#1661,#1667,#1674));
#1676=FACE_BOUND('',#1675,.T.);
#1677=ADVANCED_FACE('',(#1676),#1652,.F.);
#1678=CARTESIAN_POINT('',(30.977808838,24.648261916,12.780246187));
#1679=DIRECTION('',(0.,-0.999999581,0.000915124));
#1680=DIRECTION('',(0.,-0.000915124,-0.999999581));
#1681=AXIS2_PLACEMENT_3D('',#1678,#1679,#1680);
#1682=PLANE('',#1681);
#1683=CARTESIAN_POINT('',(24.627899549,24.645937417,10.240155626));
#1684=VERTEX_POINT('',#1683);
#1685=CARTESIAN_POINT('',(26.423860063,24.627886276,-9.485186107));
#1686=DIRECTION('',(-0.,0.999999581,-0.000915124));
#1687=DIRECTION('',(0.,0.000915124,0.999999581));
#1688=AXIS2_PLACEMENT_3D('',#1685,#1686,#1687);
#1689=ELLIPSE('',#1688,1962.631537921,1.796051224);
#1690=EDGE_CURVE('',#1272,#1684,#1689,.T.);
#1691=ORIENTED_EDGE('',*,*,#1690,.F.);
#1692=ORIENTED_EDGE('',*,*,#1277,.T.);
#1693=CARTESIAN_POINT('',(24.609757614,24.644293891,8.444196782));
#1694=DIRECTION('',(-0.,0.999999581,-0.000915124));
#1695=DIRECTION('',(0.,-0.000915124,-0.999999581));
#1696=AXIS2_PLACEMENT_3D('',#1693,#1694,#1695);
#1697=CIRCLE('',#1696,1.796051224);
#1698=EDGE_CURVE('',#1684,#1264,#1697,.T.);
#1699=ORIENTED_EDGE('',*,*,#1698,.F.);
#1700=EDGE_LOOP('',(#1691,#1692,#1699));
#1701=FACE_BOUND('',#1700,.T.);
#1702=ADVANCED_FACE('',(#1701),#1682,.T.);
#1703=CARTESIAN_POINT('',(24.609757614,13.21429389,8.454656654));
#1704=DIRECTION('',(0.,-0.999999581,0.000915124));
#1705=DIRECTION('',(0.,-0.000915124,-0.999999581));
#1706=AXIS2_PLACEMENT_3D('',#1703,#1704,#1705);
#1707=CYLINDRICAL_SURFACE('',#1706,1.796051224);
#1708=CARTESIAN_POINT('',(26.107929368,24.6459375,9.434792177));
#1709=VERTEX_POINT('',#1708);
#1710=CARTESIAN_POINT('',(24.609757614,24.6459375,8.444195278));
#1711=DIRECTION('',(0.,1.,0.));
#1712=DIRECTION('',(0.,-0.,1.));
#1713=AXIS2_PLACEMENT_3D('',#1710,#1711,#1712);
#1714=ELLIPSE('',#1713,1.796051976,1.796051224);
#1715=EDGE_CURVE('',#1684,#1709,#1714,.T.);
#1716=ORIENTED_EDGE('',*,*,#1715,.F.);
#1717=ORIENTED_EDGE('',*,*,#1698,.T.);
#1718=CARTESIAN_POINT('',(26.107929814,24.645200409,9.434792177));
#1719=VERTEX_POINT('',#1718);
#1720=CARTESIAN_POINT('',(24.609757614,24.644293891,8.444196782));
#1721=DIRECTION('',(-0.,0.999999581,-0.000915124));
#1722=DIRECTION('',(0.,-0.000915124,-0.999999581));
#1723=AXIS2_PLACEMENT_3D('',#1720,#1721,#1722);
#1724=CIRCLE('',#1723,1.796051224);
#1725=EDGE_CURVE('',#1264,#1719,#1724,.T.);
#1726=ORIENTED_EDGE('',*,*,#1725,.T.);
#1727=CARTESIAN_POINT('',(24.609757614,-1057.826474717,9.434792177));
#1728=DIRECTION('',(0.,0.,-1.));
#1729=DIRECTION('',(0.,-1.,0.));
#1730=AXIS2_PLACEMENT_3D('',#1727,#1728,#1729);
#1731=ELLIPSE('',#1730,1962.631537921,1.796051224);
#1732=EDGE_CURVE('',#1709,#1719,#1731,.T.);
#1733=ORIENTED_EDGE('',*,*,#1732,.F.);
#1734=EDGE_LOOP('',(#1716,#1717,#1726,#1733));
#1735=FACE_BOUND('',#1734,.T.);
#1736=ADVANCED_FACE('',(#1735),#1707,.T.);
#1737=CARTESIAN_POINT('',(29.326808838,7.609063906,8.458963768));
#1738=DIRECTION('',(1.,0.,0.));
#1739=DIRECTION('',(0.,-1.,0.));
#1740=AXIS2_PLACEMENT_3D('',#1737,#1738,#1739);
#1741=CYLINDRICAL_SURFACE('',#1740,1.796873594);
#1742=CARTESIAN_POINT('',(32.540963217,9.402013583,8.577648937));
#1743=VERTEX_POINT('',#1742);
#1744=CARTESIAN_POINT('',(26.401828736,9.402013583,8.577648935));
#1745=DIRECTION('',(1.,0.,-0.));
#1746=VECTOR('',#1745,6.139134481);
#1747=LINE('',#1744,#1746);
#1748=EDGE_CURVE('',#1598,#1743,#1747,.T.);
#1749=ORIENTED_EDGE('',*,*,#1748,.F.);
#1750=ORIENTED_EDGE('',*,*,#1628,.T.);
#1751=CARTESIAN_POINT('',(24.669480713,7.610708269,10.255836608));
#1752=VERTEX_POINT('',#1751);
#1753=CARTESIAN_POINT('',(24.669480713,7.609063906,8.458963768));
#1754=DIRECTION('',(-1.,-0.,-0.));
#1755=DIRECTION('',(0.,0.,-1.));
#1756=AXIS2_PLACEMENT_3D('',#1753,#1754,#1755);
#1757=CIRCLE('',#1756,1.796873594);
#1758=EDGE_CURVE('',#1752,#1590,#1757,.T.);
#1759=ORIENTED_EDGE('',*,*,#1758,.F.);
#1760=CARTESIAN_POINT('',(34.278816651,7.610708269,10.255836608));
#1761=VERTEX_POINT('',#1760);
#1762=CARTESIAN_POINT('',(34.278816651,7.610708269,10.255836608));
#1763=DIRECTION('',(-1.,-0.,0.));
#1764=VECTOR('',#1763,9.609335938);
#1765=LINE('',#1762,#1764);
#1766=EDGE_CURVE('',#1761,#1752,#1765,.T.);
#1767=ORIENTED_EDGE('',*,*,#1766,.F.);
#1768=CARTESIAN_POINT('',(34.278816651,7.609063906,8.458963768));
#1769=DIRECTION('',(1.,-0.,-0.));
#1770=DIRECTION('',(0.,0.,1.));
#1771=AXIS2_PLACEMENT_3D('',#1768,#1769,#1770);
#1772=CIRCLE('',#1771,1.796873594);
#1773=EDGE_CURVE('',#937,#1761,#1772,.T.);
#1774=ORIENTED_EDGE('',*,*,#1773,.F.);
#1775=ORIENTED_EDGE('',*,*,#942,.F.);
#1776=ORIENTED_EDGE('',*,*,#1132,.F.);
#1777=CARTESIAN_POINT('',(32.540963217,9.402013583,8.577648935));
#1778=DIRECTION('',(1.,0.,-0.));
#1779=VECTOR('',#1778,0.001697891);
#1780=LINE('',#1777,#1779);
#1781=EDGE_CURVE('',#1743,#1119,#1780,.T.);
#1782=ORIENTED_EDGE('',*,*,#1781,.F.);
#1783=EDGE_LOOP('',(#1749,#1750,#1759,#1767,#1774,#1775,#1776,#1782));
#1784=FACE_BOUND('',#1783,.T.);
#1785=ADVANCED_FACE('',(#1784),#1741,.T.);
#1786=CARTESIAN_POINT('',(24.669480713,13.218261916,12.790706062));
#1787=DIRECTION('',(1.,0.,0.));
#1788=DIRECTION('',(0.,0.,-1.));
#1789=AXIS2_PLACEMENT_3D('',#1786,#1787,#1788);
#1790=PLANE('',#1789);
#1791=ORIENTED_EDGE('',*,*,#1595,.F.);
#1792=CARTESIAN_POINT('',(24.669480713,1.825014406,10.261131237));
#1793=VERTEX_POINT('',#1792);
#1794=CARTESIAN_POINT('',(24.669480713,1.824035533,10.260138888));
#1795=DIRECTION('',(0.,0.702256046,0.711924466));
#1796=VECTOR('',#1795,0.001393896);
#1797=LINE('',#1794,#1796);
#1798=EDGE_CURVE('',#1581,#1793,#1797,.T.);
#1799=ORIENTED_EDGE('',*,*,#1798,.T.);
#1800=CARTESIAN_POINT('',(24.669480713,1.825014406,10.261131237));
#1801=DIRECTION('',(0.,0.999999581,-0.000915124));
#1802=VECTOR('',#1801,5.785696286);
#1803=LINE('',#1800,#1802);
#1804=EDGE_CURVE('',#1793,#1752,#1803,.T.);
#1805=ORIENTED_EDGE('',*,*,#1804,.T.);
#1806=ORIENTED_EDGE('',*,*,#1758,.T.);
#1807=EDGE_LOOP('',(#1791,#1799,#1805,#1806));
#1808=FACE_BOUND('',#1807,.T.);
#1809=ADVANCED_FACE('',(#1808),#1790,.F.);
#1810=CARTESIAN_POINT('',(35.370222901,9.400677212,10.545774789));
#1811=DIRECTION('',(0.,1.,0.));
#1812=DIRECTION('',(0.,0.,1.));
#1813=AXIS2_PLACEMENT_3D('',#1810,#1811,#1812);
#1814=PLANE('',#1813);
#1815=ORIENTED_EDGE('',*,*,#997,.T.);
#1816=CARTESIAN_POINT('',(37.327808838,9.400677212,10.26000015));
#1817=VERTEX_POINT('',#1816);
#1818=CARTESIAN_POINT('',(37.327808838,9.400677212,10.26000015));
#1819=DIRECTION('',(-1.,0.,0.));
#1820=VECTOR('',#1819,1.761871169);
#1821=LINE('',#1818,#1820);
#1822=EDGE_CURVE('',#1817,#953,#1821,.T.);
#1823=ORIENTED_EDGE('',*,*,#1822,.F.);
#1824=CARTESIAN_POINT('',(37.327808838,9.400677212,10.254198564));
#1825=VERTEX_POINT('',#1824);
#1826=CARTESIAN_POINT('',(37.327808838,9.400677212,10.254198564));
#1827=DIRECTION('',(0.,0.,1.));
#1828=VECTOR('',#1827,0.005801587);
#1829=LINE('',#1826,#1828);
#1830=EDGE_CURVE('',#1825,#1817,#1829,.T.);
#1831=ORIENTED_EDGE('',*,*,#1830,.F.);
#1832=CARTESIAN_POINT('',(37.327808838,9.400677212,10.254198563));
#1833=DIRECTION('',(-1.,0.,0.));
#1834=VECTOR('',#1833,1.756158839);
#1835=LINE('',#1832,#1834);
#1836=EDGE_CURVE('',#1825,#992,#1835,.T.);
#1837=ORIENTED_EDGE('',*,*,#1836,.T.);
#1838=EDGE_LOOP('',(#1815,#1823,#1831,#1837));
#1839=FACE_BOUND('',#1838,.T.);
#1840=ADVANCED_FACE('',(#1839),#1814,.T.);
#1841=CARTESIAN_POINT('',(22.444996338,13.2159375,10.250707126));
#1842=DIRECTION('',(0.,0.000915124,0.999999581));
#1843=DIRECTION('',(0.,-0.999999581,0.000915124));
#1844=AXIS2_PLACEMENT_3D('',#1841,#1842,#1843);
#1845=PLANE('',#1844);
#1846=CARTESIAN_POINT('',(37.327808838,3.06100665,10.260000152));
#1847=VERTEX_POINT('',#1846);
#1848=CARTESIAN_POINT('',(37.327808838,1.803988724,10.261150479));
#1849=VERTEX_POINT('',#1848);
#1850=CARTESIAN_POINT('',(37.327808838,3.06100665,10.260000152));
#1851=DIRECTION('',(0.,-0.999999581,0.000915124));
#1852=VECTOR('',#1851,1.257018452);
#1853=LINE('',#1850,#1852);
#1854=EDGE_CURVE('',#1847,#1849,#1853,.T.);
#1855=ORIENTED_EDGE('',*,*,#1854,.F.);
#1856=CARTESIAN_POINT('',(35.549808838,3.06100665,10.26000015));
#1857=VERTEX_POINT('',#1856);
#1858=CARTESIAN_POINT('',(37.327808838,3.06100665,10.26000015));
#1859=DIRECTION('',(-1.,0.,0.));
#1860=VECTOR('',#1859,1.778);
#1861=LINE('',#1858,#1860);
#1862=EDGE_CURVE('',#1847,#1857,#1861,.T.);
#1863=ORIENTED_EDGE('',*,*,#1862,.T.);
#1864=CARTESIAN_POINT('',(35.549808838,1.7859375,10.261166998));
#1865=VERTEX_POINT('',#1864);
#1866=CARTESIAN_POINT('',(35.549808838,1.7859375,10.261166999));
#1867=DIRECTION('',(0.,0.999999581,-0.000915124));
#1868=VECTOR('',#1867,1.275069684);
#1869=LINE('',#1866,#1868);
#1870=EDGE_CURVE('',#1865,#1857,#1869,.T.);
#1871=ORIENTED_EDGE('',*,*,#1870,.F.);
#1872=CARTESIAN_POINT('',(24.627899553,1.7859375,10.261166997));
#1873=VERTEX_POINT('',#1872);
#1874=CARTESIAN_POINT('',(35.549808838,1.7859375,10.261166997));
#1875=DIRECTION('',(-1.,-0.,0.));
#1876=VECTOR('',#1875,10.921909285);
#1877=LINE('',#1874,#1876);
#1878=EDGE_CURVE('',#1865,#1873,#1877,.T.);
#1879=ORIENTED_EDGE('',*,*,#1878,.T.);
#1880=CARTESIAN_POINT('',(26.423860063,0.0079375,10.262794088));
#1881=VERTEX_POINT('',#1880);
#1882=CARTESIAN_POINT('',(26.423860063,1.803988724,10.261150478));
#1883=DIRECTION('',(-0.,-0.000915124,-0.999999581));
#1884=DIRECTION('',(0.,0.999999581,-0.000915124));
#1885=AXIS2_PLACEMENT_3D('',#1882,#1883,#1884);
#1886=ELLIPSE('',#1885,1.796051976,1.796051224);
#1887=EDGE_CURVE('',#1881,#1873,#1886,.T.);
#1888=ORIENTED_EDGE('',*,*,#1887,.F.);
#1889=CARTESIAN_POINT('',(35.531757614,0.0079375,10.262794088));
#1890=VERTEX_POINT('',#1889);
#1891=CARTESIAN_POINT('',(26.423860063,0.0079375,10.262794088));
#1892=DIRECTION('',(1.,0.,-0.));
#1893=VECTOR('',#1892,9.107897551);
#1894=LINE('',#1891,#1893);
#1895=EDGE_CURVE('',#1881,#1890,#1894,.T.);
#1896=ORIENTED_EDGE('',*,*,#1895,.T.);
#1897=CARTESIAN_POINT('',(35.531757614,1.803988724,10.261150478));
#1898=DIRECTION('',(-0.,-0.000915124,-0.999999581));
#1899=DIRECTION('',(0.,0.999999581,-0.000915124));
#1900=AXIS2_PLACEMENT_3D('',#1897,#1898,#1899);
#1901=ELLIPSE('',#1900,1.796051976,1.796051224);
#1902=EDGE_CURVE('',#1849,#1890,#1901,.T.);
#1903=ORIENTED_EDGE('',*,*,#1902,.F.);
#1904=EDGE_LOOP('',(#1855,#1863,#1871,#1879,#1888,#1896,#1903));
#1905=FACE_BOUND('',#1904,.T.);
#1906=ADVANCED_FACE('',(#1905),#1845,.T.);
#1907=CARTESIAN_POINT('',(35.549808838,13.2159375,39.36924516));
#1908=DIRECTION('',(-1.,0.,0.));
#1909=DIRECTION('',(0.,1.,0.));
#1910=AXIS2_PLACEMENT_3D('',#1907,#1908,#1909);
#1911=PLANE('',#1910);
#1912=ORIENTED_EDGE('',*,*,#1261,.T.);
#1913=CARTESIAN_POINT('',(35.549808838,24.6459375,10.240247253));
#1914=VERTEX_POINT('',#1913);
#1915=CARTESIAN_POINT('',(35.549808838,24.606860591,10.240283013));
#1916=DIRECTION('',(0.,0.999999581,-0.000915124));
#1917=VECTOR('',#1916,0.039076925);
#1918=LINE('',#1915,#1917);
#1919=EDGE_CURVE('',#1248,#1914,#1918,.T.);
#1920=ORIENTED_EDGE('',*,*,#1919,.T.);
#1921=CARTESIAN_POINT('',(35.549808838,24.6459375,9.434792177));
#1922=VERTEX_POINT('',#1921);
#1923=CARTESIAN_POINT('',(35.549808838,24.6459375,10.240247253));
#1924=DIRECTION('',(0.,0.,-1.));
#1925=VECTOR('',#1924,0.805455077);
#1926=LINE('',#1923,#1925);
#1927=EDGE_CURVE('',#1914,#1922,#1926,.T.);
#1928=ORIENTED_EDGE('',*,*,#1927,.T.);
#1929=CARTESIAN_POINT('',(35.54980884,24.645200409,9.434792177));
#1930=VERTEX_POINT('',#1929);
#1931=CARTESIAN_POINT('',(35.549808838,24.6459375,9.434792177));
#1932=DIRECTION('',(0.,-1.,0.));
#1933=VECTOR('',#1932,0.000737091);
#1934=LINE('',#1931,#1933);
#1935=EDGE_CURVE('',#1922,#1930,#1934,.T.);
#1936=ORIENTED_EDGE('',*,*,#1935,.T.);
#1937=CARTESIAN_POINT('',(35.54980884,24.645901182,10.200559766));
#1938=DIRECTION('',(0.,-0.000915124,-0.999999581));
#1939=VECTOR('',#1938,0.76576791);
#1940=LINE('',#1937,#1939);
#1941=EDGE_CURVE('',#1256,#1930,#1940,.T.);
#1942=ORIENTED_EDGE('',*,*,#1941,.F.);
#1943=EDGE_LOOP('',(#1912,#1920,#1928,#1936,#1942));
#1944=FACE_BOUND('',#1943,.T.);
#1945=ADVANCED_FACE('',(#1944),#1911,.T.);
#1946=CARTESIAN_POINT('',(32.247808838,11.3109375,1.070807659));
#1947=DIRECTION('',(-1.,0.,0.));
#1948=DIRECTION('',(0.,0.,1.));
#1949=AXIS2_PLACEMENT_3D('',#1946,#1947,#1948);
#1950=PLANE('',#1949);
#1951=ORIENTED_EDGE('',*,*,#1090,.F.);
#1952=ORIENTED_EDGE('',*,*,#1084,.F.);
#1953=CARTESIAN_POINT('',(32.247808838,16.886169891,9.241411539));
#1954=VERTEX_POINT('',#1953);
#1955=CARTESIAN_POINT('',(32.247808838,21.518121484,9.531269846));
#1956=DIRECTION('',(1.,-0.,-0.));
#1957=DIRECTION('',(0.,0.,1.));
#1958=AXIS2_PLACEMENT_3D('',#1955,#1956,#1957);
#1959=CIRCLE('',#1958,4.641012109);
#1960=EDGE_CURVE('',#1071,#1954,#1959,.T.);
#1961=ORIENTED_EDGE('',*,*,#1960,.T.);
#1962=CARTESIAN_POINT('',(32.247808838,9.405937482,9.241411539));
#1963=VERTEX_POINT('',#1962);
#1964=CARTESIAN_POINT('',(32.247808838,16.886169891,9.241411539));
#1965=DIRECTION('',(-0.,-1.,-0.));
#1966=VECTOR('',#1965,7.480232409);
#1967=LINE('',#1964,#1966);
#1968=EDGE_CURVE('',#1954,#1963,#1967,.T.);
#1969=ORIENTED_EDGE('',*,*,#1968,.T.);
#1970=CARTESIAN_POINT('',(32.247808838,9.405937429,11.896168827));
#1971=VERTEX_POINT('',#1970);
#1972=CARTESIAN_POINT('',(32.247808838,9.4059375,9.241411539));
#1973=DIRECTION('',(0.,0.,1.));
#1974=VECTOR('',#1973,2.654757288);
#1975=LINE('',#1972,#1974);
#1976=EDGE_CURVE('',#1963,#1971,#1975,.T.);
#1977=ORIENTED_EDGE('',*,*,#1976,.T.);
#1978=CARTESIAN_POINT('',(32.247808838,9.405937429,11.896168827));
#1979=DIRECTION('',(0.,0.999999581,-0.000915124));
#1980=VECTOR('',#1979,7.471175074);
#1981=LINE('',#1978,#1980);
#1982=EDGE_CURVE('',#1971,#1030,#1981,.T.);
#1983=ORIENTED_EDGE('',*,*,#1982,.T.);
#1984=EDGE_LOOP('',(#1951,#1952,#1961,#1969,#1977,#1983));
#1985=FACE_BOUND('',#1984,.T.);
#1986=ADVANCED_FACE('',(#1985),#1950,.T.);
#1987=CARTESIAN_POINT('',(39.750730713,4.3259375,12.798842584));
#1988=DIRECTION('',(-1.,0.,0.));
#1989=DIRECTION('',(0.,0.,1.));
#1990=AXIS2_PLACEMENT_3D('',#1987,#1988,#1989);
#1991=CYLINDRICAL_SURFACE('',#1990,1.27);
#1992=CARTESIAN_POINT('',(34.283777588,4.3259375,14.068842584));
#1993=VERTEX_POINT('',#1992);
#1994=CARTESIAN_POINT('',(35.295808838,4.3259375,14.068842584));
#1995=VERTEX_POINT('',#1994);
#1996=CARTESIAN_POINT('',(34.283777588,4.3259375,14.068842584));
#1997=DIRECTION('',(1.,-0.,-0.));
#1998=VECTOR('',#1997,1.01203125);
#1999=LINE('',#1996,#1998);
#2000=EDGE_CURVE('',#1993,#1995,#1999,.T.);
#2001=ORIENTED_EDGE('',*,*,#2000,.F.);
#2002=CARTESIAN_POINT('',(34.283777588,5.560290604,12.500057687));
#2003=VERTEX_POINT('',#2002);
#2004=CARTESIAN_POINT('',(34.283777588,4.3259375,12.798842584));
#2005=DIRECTION('',(-1.,0.,0.));
#2006=DIRECTION('',(0.,0.,1.));
#2007=AXIS2_PLACEMENT_3D('',#2004,#2005,#2006);
#2008=CIRCLE('',#2007,1.27);
#2009=EDGE_CURVE('',#1993,#2003,#2008,.T.);
#2010=ORIENTED_EDGE('',*,*,#2009,.T.);
#2011=CARTESIAN_POINT('',(34.280165772,5.560290604,12.500057687));
#2012=VERTEX_POINT('',#2011);
#2013=CARTESIAN_POINT('',(34.280165772,5.560290604,12.500057687));
#2014=DIRECTION('',(1.,-0.,-0.));
#2015=VECTOR('',#2014,0.003611816);
#2016=LINE('',#2013,#2015);
#2017=EDGE_CURVE('',#2012,#2003,#2016,.T.);
#2018=ORIENTED_EDGE('',*,*,#2017,.F.);
#2019=CARTESIAN_POINT('',(34.278816651,5.559963331,12.498708865));
#2020=VERTEX_POINT('',#2019);
#2021=CARTESIAN_POINT('',(34.280165772,5.560290604,12.500057687));
#2022=CARTESIAN_POINT('',(34.279442713,5.560290604,12.500057687));
#2023=CARTESIAN_POINT('',(34.278816651,5.560134076,12.499410901));
#2024=CARTESIAN_POINT('',(34.278816651,5.559963331,12.498708865));
#2025=B_SPLINE_CURVE_WITH_KNOTS('',3,(#2021,#2022,#2023,#2024),.UNSPECIFIED.,.F.,.F.,(4,4),(0.,0.000002138),.UNSPECIFIED.);
#2026=EDGE_CURVE('',#2012,#2020,#2025,.T.);
#2027=ORIENTED_EDGE('',*,*,#2026,.T.);
#2028=CARTESIAN_POINT('',(34.278816651,3.435251169,11.893537188));
#2029=VERTEX_POINT('',#2028);
#2030=CARTESIAN_POINT('',(34.278816651,4.3259375,12.798842584));
#2031=DIRECTION('',(-1.,0.,0.));
#2032=DIRECTION('',(0.,0.,1.));
#2033=AXIS2_PLACEMENT_3D('',#2030,#2031,#2032);
#2034=CIRCLE('',#2033,1.27);
#2035=EDGE_CURVE('',#2020,#2029,#2034,.T.);
#2036=ORIENTED_EDGE('',*,*,#2035,.T.);
#2037=CARTESIAN_POINT('',(34.283777588,3.435251169,11.893537188));
#2038=VERTEX_POINT('',#2037);
#2039=CARTESIAN_POINT('',(34.278816651,3.435251169,11.893537188));
#2040=DIRECTION('',(1.,-0.,-0.));
#2041=VECTOR('',#2040,0.004960937);
#2042=LINE('',#2039,#2041);
#2043=EDGE_CURVE('',#2029,#2038,#2042,.T.);
#2044=ORIENTED_EDGE('',*,*,#2043,.T.);
#2045=CARTESIAN_POINT('',(34.283777588,3.064944014,12.647861037));
#2046=VERTEX_POINT('',#2045);
#2047=CARTESIAN_POINT('',(34.283777588,4.3259375,12.798842584));
#2048=DIRECTION('',(-1.,0.,0.));
#2049=DIRECTION('',(0.,0.,1.));
#2050=AXIS2_PLACEMENT_3D('',#2047,#2048,#2049);
#2051=CIRCLE('',#2050,1.27);
#2052=EDGE_CURVE('',#2038,#2046,#2051,.T.);
#2053=ORIENTED_EDGE('',*,*,#2052,.T.);
#2054=CARTESIAN_POINT('',(34.283777588,3.064946157,12.949842031));
#2055=VERTEX_POINT('',#2054);
#2056=CARTESIAN_POINT('',(34.283777588,4.3259375,12.798842584));
#2057=DIRECTION('',(-1.,0.,0.));
#2058=DIRECTION('',(0.,0.,1.));
#2059=AXIS2_PLACEMENT_3D('',#2056,#2057,#2058);
#2060=CIRCLE('',#2059,1.27);
#2061=EDGE_CURVE('',#2046,#2055,#2060,.T.);
#2062=ORIENTED_EDGE('',*,*,#2061,.T.);
#2063=CARTESIAN_POINT('',(34.283777588,4.3259375,12.798842584));
#2064=DIRECTION('',(-1.,0.,0.));
#2065=DIRECTION('',(0.,0.,1.));
#2066=AXIS2_PLACEMENT_3D('',#2063,#2064,#2065);
#2067=CIRCLE('',#2066,1.27);
#2068=EDGE_CURVE('',#2055,#1993,#2067,.T.);
#2069=ORIENTED_EDGE('',*,*,#2068,.T.);
#2070=ORIENTED_EDGE('',*,*,#2000,.T.);
#2071=CARTESIAN_POINT('',(35.295808838,3.064946157,12.94984203));
#2072=VERTEX_POINT('',#2071);
#2073=CARTESIAN_POINT('',(35.295808838,4.3259375,12.798842584));
#2074=DIRECTION('',(-1.,0.,0.));
#2075=DIRECTION('',(0.,0.,1.));
#2076=AXIS2_PLACEMENT_3D('',#2073,#2074,#2075);
#2077=CIRCLE('',#2076,1.27);
#2078=EDGE_CURVE('',#2072,#1995,#2077,.T.);
#2079=ORIENTED_EDGE('',*,*,#2078,.F.);
#2080=CARTESIAN_POINT('',(35.295808838,3.064944014,12.647861036));
#2081=VERTEX_POINT('',#2080);
#2082=CARTESIAN_POINT('',(35.295808838,4.3259375,12.798842584));
#2083=DIRECTION('',(1.,-0.,-0.));
#2084=DIRECTION('',(0.,0.,1.));
#2085=AXIS2_PLACEMENT_3D('',#2082,#2083,#2084);
#2086=CIRCLE('',#2085,1.27);
#2087=EDGE_CURVE('',#2072,#2081,#2086,.T.);
#2088=ORIENTED_EDGE('',*,*,#2087,.T.);
#2089=CARTESIAN_POINT('',(35.295808838,4.3259375,12.798842584));
#2090=DIRECTION('',(-1.,0.,0.));
#2091=DIRECTION('',(0.,0.,1.));
#2092=AXIS2_PLACEMENT_3D('',#2089,#2090,#2091);
#2093=CIRCLE('',#2092,1.27);
#2094=EDGE_CURVE('',#1995,#2081,#2093,.T.);
#2095=ORIENTED_EDGE('',*,*,#2094,.F.);
#2096=EDGE_LOOP('',(#2001,#2010,#2018,#2027,#2036,#2044,#2053,#2062,#2069,#2070,#2079,#2088,#2095));
#2097=FACE_BOUND('',#2096,.T.);
#2098=ADVANCED_FACE('',(#2097),#1991,.F.);
#2099=CARTESIAN_POINT('',(34.280165772,1.749365539,12.502196036));
#2100=DIRECTION('',(0.,0.999999581,-0.000915124));
#2101=DIRECTION('',(0.,0.000915124,0.999999581));
#2102=AXIS2_PLACEMENT_3D('',#2099,#2100,#2101);
#2103=CYLINDRICAL_SURFACE('',#2102,0.001349121);
#2104=CARTESIAN_POINT('',(34.280165772,6.8659375,12.498862858));
#2105=VERTEX_POINT('',#2104);
#2106=CARTESIAN_POINT('',(34.280165772,6.8659375,12.498862858));
#2107=DIRECTION('',(-0.,-0.999999581,0.000915124));
#2108=VECTOR('',#2107,1.305647443);
#2109=LINE('',#2106,#2108);
#2110=EDGE_CURVE('',#2105,#2012,#2109,.T.);
#2111=ORIENTED_EDGE('',*,*,#2110,.F.);
#2112=CARTESIAN_POINT('',(34.278816651,6.8659375,12.497513736));
#2113=VERTEX_POINT('',#2112);
#2114=CARTESIAN_POINT('',(34.280165772,6.8659375,12.497513736));
#2115=DIRECTION('',(-0.,-1.,-0.));
#2116=DIRECTION('',(0.,-0.,1.));
#2117=AXIS2_PLACEMENT_3D('',#2114,#2115,#2116);
#2118=CIRCLE('',#2117,0.001349121);
#2119=EDGE_CURVE('',#2105,#2113,#2118,.T.);
#2120=ORIENTED_EDGE('',*,*,#2119,.T.);
#2121=CARTESIAN_POINT('',(34.278816651,5.559963331,12.498708865));
#2122=DIRECTION('',(0.,0.999999581,-0.000915124));
#2123=VECTOR('',#2122,1.305974716);
#2124=LINE('',#2121,#2123);
#2125=EDGE_CURVE('',#2020,#2113,#2124,.T.);
#2126=ORIENTED_EDGE('',*,*,#2125,.F.);
#2127=ORIENTED_EDGE('',*,*,#2026,.F.);
#2128=EDGE_LOOP('',(#2111,#2120,#2126,#2127));
#2129=FACE_BOUND('',#2128,.T.);
#2130=ADVANCED_FACE('',(#2129),#2103,.T.);
#2131=CARTESIAN_POINT('',(27.844480713,1.749366763,12.503545156));
#2132=DIRECTION('',(0.,0.000915124,0.999999581));
#2133=DIRECTION('',(0.,-0.999999581,0.000915124));
#2134=AXIS2_PLACEMENT_3D('',#2131,#2132,#2133);
#2135=PLANE('',#2134);
#2136=CARTESIAN_POINT('',(34.283777588,6.8659375,12.498862858));
#2137=VERTEX_POINT('',#2136);
#2138=CARTESIAN_POINT('',(34.283777588,6.8659375,12.498862858));
#2139=DIRECTION('',(0.,-0.999999581,0.000915124));
#2140=VECTOR('',#2139,1.305647443);
#2141=LINE('',#2138,#2140);
#2142=EDGE_CURVE('',#2137,#2003,#2141,.T.);
#2143=ORIENTED_EDGE('',*,*,#2142,.F.);
#2144=CARTESIAN_POINT('',(34.283777588,6.8659375,12.498862858));
#2145=DIRECTION('',(-1.,0.,0.));
#2146=VECTOR('',#2145,0.003611816);
#2147=LINE('',#2144,#2146);
#2148=EDGE_CURVE('',#2137,#2105,#2147,.T.);
#2149=ORIENTED_EDGE('',*,*,#2148,.T.);
#2150=ORIENTED_EDGE('',*,*,#2110,.T.);
#2151=ORIENTED_EDGE('',*,*,#2017,.T.);
#2152=EDGE_LOOP('',(#2143,#2149,#2150,#2151));
#2153=FACE_BOUND('',#2152,.T.);
#2154=ADVANCED_FACE('',(#2153),#2135,.T.);
#2155=CARTESIAN_POINT('',(34.283777588,1.7859375,52.466120159));
#2156=DIRECTION('',(-1.,0.,0.));
#2157=DIRECTION('',(0.,0.,1.));
#2158=AXIS2_PLACEMENT_3D('',#2155,#2156,#2157);
#2159=PLANE('',#2158);
#2160=CARTESIAN_POINT('',(34.283777588,6.8659375,13.54279136));
#2161=VERTEX_POINT('',#2160);
#2162=CARTESIAN_POINT('',(34.283777588,6.8659375,12.498862858));
#2163=DIRECTION('',(0.,0.,1.));
#2164=VECTOR('',#2163,1.043928502);
#2165=LINE('',#2162,#2164);
#2166=EDGE_CURVE('',#2137,#2161,#2165,.T.);
#2167=ORIENTED_EDGE('',*,*,#2166,.F.);
#2168=ORIENTED_EDGE('',*,*,#2142,.T.);
#2169=ORIENTED_EDGE('',*,*,#2009,.F.);
#2170=ORIENTED_EDGE('',*,*,#2068,.F.);
#2171=ORIENTED_EDGE('',*,*,#2061,.F.);
#2172=ORIENTED_EDGE('',*,*,#2052,.F.);
#2173=CARTESIAN_POINT('',(34.283777588,2.166903923,10.607727772));
#2174=VERTEX_POINT('',#2173);
#2175=CARTESIAN_POINT('',(34.283777588,2.166903923,10.607727772));
#2176=DIRECTION('',(0.,0.702256046,0.711924466));
#2177=VECTOR('',#2176,1.806103704);
#2178=LINE('',#2175,#2177);
#2179=EDGE_CURVE('',#2174,#2038,#2178,.T.);
#2180=ORIENTED_EDGE('',*,*,#2179,.F.);
#2181=CARTESIAN_POINT('',(34.283777588,2.166924752,13.542797732));
#2182=VERTEX_POINT('',#2181);
#2183=CARTESIAN_POINT('',(34.283777588,2.166903922,10.607727772));
#2184=DIRECTION('',(0.,0.000007097,1.));
#2185=VECTOR('',#2184,2.93506996);
#2186=LINE('',#2183,#2185);
#2187=EDGE_CURVE('',#2174,#2182,#2186,.T.);
#2188=ORIENTED_EDGE('',*,*,#2187,.T.);
#2189=CARTESIAN_POINT('',(34.283777588,3.96298235,15.338842584));
#2190=VERTEX_POINT('',#2189);
#2191=CARTESIAN_POINT('',(34.283777588,3.96298235,13.542784986));
#2192=DIRECTION('',(-1.,0.,0.));
#2193=DIRECTION('',(0.,0.,1.));
#2194=AXIS2_PLACEMENT_3D('',#2191,#2192,#2193);
#2195=CIRCLE('',#2194,1.796057598);
#2196=EDGE_CURVE('',#2182,#2190,#2195,.T.);
#2197=ORIENTED_EDGE('',*,*,#2196,.T.);
#2198=CARTESIAN_POINT('',(34.283777588,5.069886276,15.338842584));
#2199=VERTEX_POINT('',#2198);
#2200=CARTESIAN_POINT('',(34.283777588,3.96298235,15.338842584));
#2201=DIRECTION('',(0.,1.,0.));
#2202=VECTOR('',#2201,1.106903926);
#2203=LINE('',#2200,#2202);
#2204=EDGE_CURVE('',#2190,#2199,#2203,.T.);
#2205=ORIENTED_EDGE('',*,*,#2204,.T.);
#2206=CARTESIAN_POINT('',(34.283777588,5.069886276,13.54279136));
#2207=DIRECTION('',(-1.,0.,0.));
#2208=DIRECTION('',(0.,0.,1.));
#2209=AXIS2_PLACEMENT_3D('',#2206,#2207,#2208);
#2210=CIRCLE('',#2209,1.796051224);
#2211=EDGE_CURVE('',#2199,#2161,#2210,.T.);
#2212=ORIENTED_EDGE('',*,*,#2211,.T.);
#2213=EDGE_LOOP('',(#2167,#2168,#2169,#2170,#2171,#2172,#2180,#2188,#2197,#2205,#2212));
#2214=FACE_BOUND('',#2213,.T.);
#2215=ADVANCED_FACE('',(#2214),#2159,.T.);
#2216=CARTESIAN_POINT('',(29.326808838,5.711612543,8.74787542));
#2217=DIRECTION('',(1.,0.,0.));
#2218=DIRECTION('',(0.,0.,-1.));
#2219=AXIS2_PLACEMENT_3D('',#2216,#2217,#2218);
#2220=CYLINDRICAL_SURFACE('',#2219,3.694324957);
#2221=CARTESIAN_POINT('',(32.395586425,9.4059375,8.74787542));
#2222=VERTEX_POINT('',#2221);
#2223=CARTESIAN_POINT('',(32.395586425,9.4059375,8.74787542));
#2224=DIRECTION('',(1.,0.,-0.));
#2225=VECTOR('',#2224,0.152162388);
#2226=LINE('',#2223,#2225);
#2227=EDGE_CURVE('',#2222,#1111,#2226,.T.);
#2228=ORIENTED_EDGE('',*,*,#2227,.F.);
#2229=CARTESIAN_POINT('',(32.395586425,9.4059375,8.74787542));
#2230=CARTESIAN_POINT('',(32.436497948,9.4059375,8.685683846));
#2231=CARTESIAN_POINT('',(32.485634319,9.404339292,8.628068841));
#2232=CARTESIAN_POINT('',(32.540963217,9.402013583,8.577648937));
#2233=B_SPLINE_CURVE_WITH_KNOTS('',3,(#2229,#2230,#2231,#2232),.UNSPECIFIED.,.F.,.F.,(4,4),(0.000717967,0.000941272),.UNSPECIFIED.);
#2234=EDGE_CURVE('',#2222,#1743,#2233,.T.);
#2235=ORIENTED_EDGE('',*,*,#2234,.T.);
#2236=ORIENTED_EDGE('',*,*,#1781,.T.);
#2237=ORIENTED_EDGE('',*,*,#1125,.T.);
#2238=EDGE_LOOP('',(#2228,#2235,#2236,#2237));
#2239=FACE_BOUND('',#2238,.T.);
#2240=ADVANCED_FACE('',(#2239),#2220,.F.);
#2241=CARTESIAN_POINT('',(26.405808838,21.518121484,9.531269846));
#2242=DIRECTION('',(1.,0.,0.));
#2243=DIRECTION('',(0.,0.,-1.));
#2244=AXIS2_PLACEMENT_3D('',#2241,#2242,#2243);
#2245=CYLINDRICAL_SURFACE('',#2244,4.641012109);
#2246=CARTESIAN_POINT('',(34.932668213,17.028426799,8.355840123));
#2247=VERTEX_POINT('',#2246);
#2248=CARTESIAN_POINT('',(32.996793287,17.028426799,8.355840123));
#2249=VERTEX_POINT('',#2248);
#2250=CARTESIAN_POINT('',(34.932668213,17.028426799,8.355840123));
#2251=DIRECTION('',(-1.,0.,0.));
#2252=VECTOR('',#2251,1.935874926);
#2253=LINE('',#2250,#2252);
#2254=EDGE_CURVE('',#2247,#2249,#2253,.T.);
#2255=ORIENTED_EDGE('',*,*,#2254,.T.);
#2256=CARTESIAN_POINT('',(32.996793287,17.028426799,8.355840123));
#2257=CARTESIAN_POINT('',(32.786371535,17.019155232,8.391253984));
#2258=CARTESIAN_POINT('',(32.595631437,16.989910635,8.501229169));
#2259=CARTESIAN_POINT('',(32.459998629,16.95930354,8.661688134));
#2260=CARTESIAN_POINT('',(32.32436582,16.928696446,8.822147099));
#2261=CARTESIAN_POINT('',(32.247808838,16.899507359,9.028278073));
#2262=CARTESIAN_POINT('',(32.247808838,16.886169891,9.241411539));
#2263=B_SPLINE_CURVE_WITH_KNOTS('',3,(#2256,#2257,#2258,#2259,#2260,#2261,#2262),.UNSPECIFIED.,.F.,.F.,(4,3,4),(0.,0.0006314,0.0012628),.UNSPECIFIED.);
#2264=EDGE_CURVE('',#2249,#1954,#2263,.T.);
#2265=ORIENTED_EDGE('',*,*,#2264,.T.);
#2266=ORIENTED_EDGE('',*,*,#1960,.F.);
#2267=ORIENTED_EDGE('',*,*,#1076,.F.);
#2268=CARTESIAN_POINT('',(34.932668213,21.518121484,9.531269846));
#2269=DIRECTION('',(1.,0.,-0.));
#2270=DIRECTION('',(0.,0.,1.));
#2271=AXIS2_PLACEMENT_3D('',#2268,#2269,#2270);
#2272=CIRCLE('',#2271,4.641012109);
#2273=EDGE_CURVE('',#1063,#2247,#2272,.T.);
#2274=ORIENTED_EDGE('',*,*,#2273,.T.);
#2275=EDGE_LOOP('',(#2255,#2265,#2266,#2267,#2274));
#2276=FACE_BOUND('',#2275,.T.);
#2277=ADVANCED_FACE('',(#2276),#2245,.F.);
#2278=CARTESIAN_POINT('',(27.421808838,1.7859375,39.36924516));
#2279=DIRECTION('',(0.,-1.,0.));
#2280=DIRECTION('',(-1.,0.,0.));
#2281=AXIS2_PLACEMENT_3D('',#2278,#2279,#2280);
#2282=PLANE('',#2281);
#2283=CARTESIAN_POINT('',(35.549808838,1.7859375,10.221516334));
#2284=VERTEX_POINT('',#2283);
#2285=CARTESIAN_POINT('',(24.627899553,1.7859375,10.221516334));
#2286=VERTEX_POINT('',#2285);
#2287=CARTESIAN_POINT('',(35.549808838,1.7859375,10.221516337));
#2288=DIRECTION('',(-1.,0.,0.));
#2289=VECTOR('',#2288,10.921909285);
#2290=LINE('',#2287,#2289);
#2291=EDGE_CURVE('',#2284,#2286,#2290,.T.);
#2292=ORIENTED_EDGE('',*,*,#2291,.T.);
#2293=CARTESIAN_POINT('',(24.627899553,1.7859375,10.261166997));
#2294=DIRECTION('',(0.,0.,-1.));
#2295=VECTOR('',#2294,0.039650663);
#2296=LINE('',#2293,#2295);
#2297=EDGE_CURVE('',#1873,#2286,#2296,.T.);
#2298=ORIENTED_EDGE('',*,*,#2297,.F.);
#2299=ORIENTED_EDGE('',*,*,#1878,.F.);
#2300=CARTESIAN_POINT('',(35.549808838,1.7859375,10.261166998));
#2301=DIRECTION('',(0.,0.,-1.));
#2302=VECTOR('',#2301,0.039650664);
#2303=LINE('',#2300,#2302);
#2304=EDGE_CURVE('',#1865,#2284,#2303,.T.);
#2305=ORIENTED_EDGE('',*,*,#2304,.T.);
#2306=EDGE_LOOP('',(#2292,#2298,#2299,#2305));
#2307=FACE_BOUND('',#2306,.T.);
#2308=ADVANCED_FACE('',(#2307),#2282,.F.);
#2309=CARTESIAN_POINT('',(27.421808838,24.6459375,39.36924516));
#2310=DIRECTION('',(0.,1.,0.));
#2311=DIRECTION('',(1.,0.,0.));
#2312=AXIS2_PLACEMENT_3D('',#2309,#2310,#2311);
#2313=PLANE('',#2312);
#2314=ORIENTED_EDGE('',*,*,#1715,.T.);
#2315=CARTESIAN_POINT('',(35.549808838,24.6459375,9.434792177));
#2316=DIRECTION('',(-1.,0.,0.));
#2317=VECTOR('',#2316,9.44187947);
#2318=LINE('',#2315,#2317);
#2319=EDGE_CURVE('',#1922,#1709,#2318,.T.);
#2320=ORIENTED_EDGE('',*,*,#2319,.F.);
#2321=ORIENTED_EDGE('',*,*,#1927,.F.);
#2322=CARTESIAN_POINT('',(24.627899553,24.6459375,10.240247254));
#2323=VERTEX_POINT('',#2322);
#2324=CARTESIAN_POINT('',(24.627899553,24.6459375,10.240247254));
#2325=DIRECTION('',(1.,0.,-0.));
#2326=VECTOR('',#2325,10.921909285);
#2327=LINE('',#2324,#2326);
#2328=EDGE_CURVE('',#2323,#1914,#2327,.T.);
#2329=ORIENTED_EDGE('',*,*,#2328,.F.);
#2330=CARTESIAN_POINT('',(24.627899553,24.6459375,10.240155626));
#2331=DIRECTION('',(0.,0.,1.));
#2332=VECTOR('',#2331,0.000091628);
#2333=LINE('',#2330,#2332);
#2334=EDGE_CURVE('',#1684,#2323,#2333,.T.);
#2335=ORIENTED_EDGE('',*,*,#2334,.F.);
#2336=EDGE_LOOP('',(#2314,#2320,#2321,#2329,#2335));
#2337=FACE_BOUND('',#2336,.T.);
#2338=ADVANCED_FACE('',(#2337),#2313,.F.);
#2339=CARTESIAN_POINT('',(30.977808838,24.648261916,12.780246187));
#2340=DIRECTION('',(0.,-0.999999581,0.000915124));
#2341=DIRECTION('',(0.,-0.000915124,-0.999999581));
#2342=AXIS2_PLACEMENT_3D('',#2339,#2340,#2341);
#2343=PLANE('',#2342);
#2344=CARTESIAN_POINT('',(26.107929814,24.645200409,9.434792177));
#2345=DIRECTION('',(1.,0.,0.));
#2346=VECTOR('',#2345,9.441879025);
#2347=LINE('',#2344,#2346);
#2348=EDGE_CURVE('',#1719,#1930,#2347,.T.);
#2349=ORIENTED_EDGE('',*,*,#2348,.F.);
#2350=ORIENTED_EDGE('',*,*,#1725,.F.);
#2351=ORIENTED_EDGE('',*,*,#1269,.T.);
#2352=ORIENTED_EDGE('',*,*,#1941,.T.);
#2353=EDGE_LOOP('',(#2349,#2350,#2351,#2352));
#2354=FACE_BOUND('',#2353,.T.);
#2355=ADVANCED_FACE('',(#2354),#2343,.F.);
#2356=CARTESIAN_POINT('',(35.549808838,13.2159375,39.36924516));
#2357=DIRECTION('',(-1.,0.,0.));
#2358=DIRECTION('',(0.,1.,0.));
#2359=AXIS2_PLACEMENT_3D('',#2356,#2357,#2358);
#2360=PLANE('',#2359);
#2361=ORIENTED_EDGE('',*,*,#1870,.T.);
#2362=CARTESIAN_POINT('',(35.549808838,1.82389868,10.26000015));
#2363=VERTEX_POINT('',#2362);
#2364=CARTESIAN_POINT('',(35.549808838,1.82389868,10.26000015));
#2365=DIRECTION('',(-0.,1.,-0.));
#2366=VECTOR('',#2365,1.23710797);
#2367=LINE('',#2364,#2366);
#2368=EDGE_CURVE('',#2363,#1857,#2367,.T.);
#2369=ORIENTED_EDGE('',*,*,#2368,.F.);
#2370=CARTESIAN_POINT('',(35.549808838,1.7859375,10.221516334));
#2371=DIRECTION('',(0.,0.702256046,0.711924466));
#2372=VECTOR('',#2371,0.054056039);
#2373=LINE('',#2370,#2372);
#2374=EDGE_CURVE('',#2284,#2363,#2373,.T.);
#2375=ORIENTED_EDGE('',*,*,#2374,.F.);
#2376=ORIENTED_EDGE('',*,*,#2304,.F.);
#2377=EDGE_LOOP('',(#2361,#2369,#2375,#2376));
#2378=FACE_BOUND('',#2377,.T.);
#2379=ADVANCED_FACE('',(#2378),#2360,.T.);
#2380=CARTESIAN_POINT('',(33.797605713,22.1059375,12.782571668));
#2381=DIRECTION('',(-1.,0.,0.));
#2382=DIRECTION('',(0.,0.,1.));
#2383=AXIS2_PLACEMENT_3D('',#2380,#2381,#2382);
#2384=CYLINDRICAL_SURFACE('',#2383,1.27);
#2385=CARTESIAN_POINT('',(34.282785401,22.1059375,14.052571668));
#2386=VERTEX_POINT('',#2385);
#2387=CARTESIAN_POINT('',(34.282785401,22.1059375,14.052571668));
#2388=DIRECTION('',(1.,-0.,-0.));
#2389=VECTOR('',#2388,1.01240332);
#2390=LINE('',#2387,#2389);
#2391=EDGE_CURVE('',#2386,#1449,#2390,.T.);
#2392=ORIENTED_EDGE('',*,*,#2391,.F.);
#2393=CARTESIAN_POINT('',(34.282785401,23.349266626,13.041478376));
#2394=VERTEX_POINT('',#2393);
#2395=CARTESIAN_POINT('',(34.282785401,22.1059375,12.782571668));
#2396=DIRECTION('',(-1.,0.,0.));
#2397=DIRECTION('',(0.,0.,1.));
#2398=AXIS2_PLACEMENT_3D('',#2395,#2396,#2397);
#2399=CIRCLE('',#2398,1.27);
#2400=EDGE_CURVE('',#2386,#2394,#2399,.T.);
#2401=ORIENTED_EDGE('',*,*,#2400,.T.);
#2402=CARTESIAN_POINT('',(34.282785401,23.345152119,12.504637992));
#2403=VERTEX_POINT('',#2402);
#2404=CARTESIAN_POINT('',(34.282785401,22.1059375,12.782571668));
#2405=DIRECTION('',(-1.,0.,0.));
#2406=DIRECTION('',(0.,0.,1.));
#2407=AXIS2_PLACEMENT_3D('',#2404,#2405,#2406);
#2408=CIRCLE('',#2407,1.27);
#2409=EDGE_CURVE('',#2394,#2403,#2408,.T.);
#2410=ORIENTED_EDGE('',*,*,#2409,.T.);
#2411=CARTESIAN_POINT('',(34.282785401,22.1059375,12.782571668));
#2412=DIRECTION('',(-1.,0.,0.));
#2413=DIRECTION('',(0.,0.,1.));
#2414=AXIS2_PLACEMENT_3D('',#2411,#2412,#2413);
#2415=CIRCLE('',#2414,1.27);
#2416=EDGE_CURVE('',#2403,#1330,#2415,.T.);
#2417=ORIENTED_EDGE('',*,*,#2416,.T.);
#2418=ORIENTED_EDGE('',*,*,#1335,.T.);
#2419=ORIENTED_EDGE('',*,*,#1373,.T.);
#2420=ORIENTED_EDGE('',*,*,#1404,.T.);
#2421=ORIENTED_EDGE('',*,*,#1437,.F.);
#2422=ORIENTED_EDGE('',*,*,#1471,.T.);
#2423=ORIENTED_EDGE('',*,*,#1464,.F.);
#2424=EDGE_LOOP('',(#2392,#2401,#2410,#2417,#2418,#2419,#2420,#2421,#2422,#2423));
#2425=FACE_BOUND('',#2424,.T.);
#2426=ADVANCED_FACE('',(#2425),#2384,.F.);
#2427=CARTESIAN_POINT('',(33.797605713,20.8359375,15.338842584));
#2428=DIRECTION('',(0.,0.,-1.));
#2429=DIRECTION('',(-1.,0.,0.));
#2430=AXIS2_PLACEMENT_3D('',#2427,#2428,#2429);
#2431=PLANE('',#2430);
#2432=CARTESIAN_POINT('',(34.282785401,22.461952731,15.338842584));
#2433=VERTEX_POINT('',#2432);
#2434=CARTESIAN_POINT('',(35.295188721,22.461952731,15.338842584));
#2435=DIRECTION('',(-1.,-0.,0.));
#2436=VECTOR('',#2435,1.01240332);
#2437=LINE('',#2434,#2436);
#2438=EDGE_CURVE('',#1484,#2433,#2437,.T.);
#2439=ORIENTED_EDGE('',*,*,#2438,.T.);
#2440=CARTESIAN_POINT('',(34.282785401,21.361988724,15.338842584));
#2441=VERTEX_POINT('',#2440);
#2442=CARTESIAN_POINT('',(34.282785401,21.361988724,15.338842584));
#2443=DIRECTION('',(0.,1.,0.));
#2444=VECTOR('',#2443,1.099964007);
#2445=LINE('',#2442,#2444);
#2446=EDGE_CURVE('',#2441,#2433,#2445,.T.);
#2447=ORIENTED_EDGE('',*,*,#2446,.F.);
#2448=CARTESIAN_POINT('',(34.282785401,21.361988724,15.338842584));
#2449=DIRECTION('',(1.,-0.,-0.));
#2450=VECTOR('',#2449,1.01240332);
#2451=LINE('',#2448,#2450);
#2452=EDGE_CURVE('',#2441,#1493,#2451,.T.);
#2453=ORIENTED_EDGE('',*,*,#2452,.T.);
#2454=ORIENTED_EDGE('',*,*,#1498,.F.);
#2455=EDGE_LOOP('',(#2439,#2447,#2453,#2454));
#2456=FACE_BOUND('',#2455,.T.);
#2457=ADVANCED_FACE('',(#2456),#2431,.F.);
#2458=CARTESIAN_POINT('',(33.797605713,24.245410236,12.792482811));
#2459=DIRECTION('',(0.,0.999970631,-0.007664078));
#2460=DIRECTION('',(0.,0.007664078,0.999970631));
#2461=AXIS2_PLACEMENT_3D('',#2458,#2459,#2460);
#2462=PLANE('',#2461);
#2463=CARTESIAN_POINT('',(34.282785401,24.251108179,13.535921958));
#2464=VERTEX_POINT('',#2463);
#2465=CARTESIAN_POINT('',(34.282785401,24.251108179,13.535921958));
#2466=DIRECTION('',(1.,0.,-0.));
#2467=VECTOR('',#2466,1.01240332);
#2468=LINE('',#2465,#2467);
#2469=EDGE_CURVE('',#2464,#1476,#2468,.T.);
#2470=ORIENTED_EDGE('',*,*,#2469,.T.);
#2471=ORIENTED_EDGE('',*,*,#1481,.F.);
#2472=ORIENTED_EDGE('',*,*,#1349,.T.);
#2473=CARTESIAN_POINT('',(34.282785401,24.251108179,13.535921958));
#2474=DIRECTION('',(0.,-0.007664078,-0.999970631));
#2475=VECTOR('',#2474,2.911050775);
#2476=LINE('',#2473,#2475);
#2477=EDGE_CURVE('',#2464,#1338,#2476,.T.);
#2478=ORIENTED_EDGE('',*,*,#2477,.F.);
#2479=EDGE_LOOP('',(#2470,#2471,#2472,#2478));
#2480=FACE_BOUND('',#2479,.T.);
#2481=ADVANCED_FACE('',(#2480),#2462,.T.);
#2482=CARTESIAN_POINT('',(34.282785401,1.7859375,52.466120159));
#2483=DIRECTION('',(-1.,0.,0.));
#2484=DIRECTION('',(0.,0.,1.));
#2485=AXIS2_PLACEMENT_3D('',#2482,#2483,#2484);
#2486=PLANE('',#2485);
#2487=ORIENTED_EDGE('',*,*,#1531,.F.);
#2488=ORIENTED_EDGE('',*,*,#1414,.T.);
#2489=ORIENTED_EDGE('',*,*,#1174,.T.);
#2490=CARTESIAN_POINT('',(34.282785401,21.361988724,13.54279136));
#2491=DIRECTION('',(-1.,0.,0.));
#2492=DIRECTION('',(0.,0.,1.));
#2493=AXIS2_PLACEMENT_3D('',#2490,#2491,#2492);
#2494=CIRCLE('',#2493,1.796051224);
#2495=EDGE_CURVE('',#1161,#2441,#2494,.T.);
#2496=ORIENTED_EDGE('',*,*,#2495,.T.);
#2497=ORIENTED_EDGE('',*,*,#2446,.T.);
#2498=CARTESIAN_POINT('',(34.282785401,22.461952731,13.549634588));
#2499=DIRECTION('',(-1.,0.,0.));
#2500=DIRECTION('',(0.,0.,1.));
#2501=AXIS2_PLACEMENT_3D('',#2498,#2499,#2500);
#2502=CIRCLE('',#2501,1.789207996);
#2503=EDGE_CURVE('',#2433,#2464,#2502,.T.);
#2504=ORIENTED_EDGE('',*,*,#2503,.T.);
#2505=ORIENTED_EDGE('',*,*,#2477,.T.);
#2506=ORIENTED_EDGE('',*,*,#1343,.T.);
#2507=ORIENTED_EDGE('',*,*,#2416,.F.);
#2508=ORIENTED_EDGE('',*,*,#2409,.F.);
#2509=ORIENTED_EDGE('',*,*,#2400,.F.);
#2510=CARTESIAN_POINT('',(34.282785401,22.1059375,12.782571668));
#2511=DIRECTION('',(-1.,0.,0.));
#2512=DIRECTION('',(0.,0.,1.));
#2513=AXIS2_PLACEMENT_3D('',#2510,#2511,#2512);
#2514=CIRCLE('',#2513,1.27);
#2515=EDGE_CURVE('',#1526,#2386,#2514,.T.);
#2516=ORIENTED_EDGE('',*,*,#2515,.F.);
#2517=EDGE_LOOP('',(#2487,#2488,#2489,#2496,#2497,#2504,#2505,#2506,#2507,#2508,#2509,#2516));
#2518=FACE_BOUND('',#2517,.T.);
#2519=ADVANCED_FACE('',(#2518),#2486,.T.);
#2520=CARTESIAN_POINT('',(33.797605713,22.461952731,13.549634588));
#2521=DIRECTION('',(-1.,0.,0.));
#2522=DIRECTION('',(0.,0.,1.));
#2523=AXIS2_PLACEMENT_3D('',#2520,#2521,#2522);
#2524=CYLINDRICAL_SURFACE('',#2523,1.789207996);
#2525=ORIENTED_EDGE('',*,*,#2469,.F.);
#2526=ORIENTED_EDGE('',*,*,#2503,.F.);
#2527=ORIENTED_EDGE('',*,*,#2438,.F.);
#2528=ORIENTED_EDGE('',*,*,#1490,.F.);
#2529=EDGE_LOOP('',(#2525,#2526,#2527,#2528));
#2530=FACE_BOUND('',#2529,.T.);
#2531=ADVANCED_FACE('',(#2530),#2524,.T.);
#2532=CARTESIAN_POINT('',(33.797605713,21.361988724,13.54279136));
#2533=DIRECTION('',(-1.,0.,0.));
#2534=DIRECTION('',(0.,0.,1.));
#2535=AXIS2_PLACEMENT_3D('',#2532,#2533,#2534);
#2536=CYLINDRICAL_SURFACE('',#2535,1.796051224);
#2537=ORIENTED_EDGE('',*,*,#2452,.F.);
#2538=ORIENTED_EDGE('',*,*,#2495,.F.);
#2539=ORIENTED_EDGE('',*,*,#1166,.F.);
#2540=ORIENTED_EDGE('',*,*,#1505,.F.);
#2541=EDGE_LOOP('',(#2537,#2538,#2539,#2540));
#2542=FACE_BOUND('',#2541,.T.);
#2543=ADVANCED_FACE('',(#2542),#2536,.T.);
#2544=CARTESIAN_POINT('',(26.405808838,13.2159375,39.36924516));
#2545=DIRECTION('',(-1.,0.,0.));
#2546=DIRECTION('',(0.,0.,1.));
#2547=AXIS2_PLACEMENT_3D('',#2544,#2545,#2546);
#2548=PLANE('',#2547);
#2549=CARTESIAN_POINT('',(26.405808838,9.383737066,8.343476641));
#2550=VERTEX_POINT('',#2549);
#2551=CARTESIAN_POINT('',(26.405808838,9.383737066,8.343385927));
#2552=DIRECTION('',(0.,1.,0.));
#2553=VECTOR('',#2552,7.802079691);
#2554=LINE('',#2551,#2553);
#2555=EDGE_CURVE('',#2550,#888,#2554,.T.);
#2556=ORIENTED_EDGE('',*,*,#2555,.T.);
#2557=ORIENTED_EDGE('',*,*,#894,.T.);
#2558=ORIENTED_EDGE('',*,*,#1643,.T.);
#2559=CARTESIAN_POINT('',(26.405808838,5.711612543,8.74787542));
#2560=DIRECTION('',(-1.,0.,0.));
#2561=DIRECTION('',(0.,0.,1.));
#2562=AXIS2_PLACEMENT_3D('',#2559,#2560,#2561);
#2563=CIRCLE('',#2562,3.694324957);
#2564=EDGE_CURVE('',#1631,#2550,#2563,.T.);
#2565=ORIENTED_EDGE('',*,*,#2564,.T.);
#2566=EDGE_LOOP('',(#2556,#2557,#2558,#2565));
#2567=FACE_BOUND('',#2566,.T.);
#2568=ADVANCED_FACE('',(#2567),#2548,.F.);
#2569=CARTESIAN_POINT('',(35.531757614,1.803988724,38.178620159));
#2570=DIRECTION('',(0.,0.,-1.));
#2571=DIRECTION('',(-1.,0.,0.));
#2572=AXIS2_PLACEMENT_3D('',#2569,#2570,#2571);
#2573=CYLINDRICAL_SURFACE('',#2572,1.796051224);
#2574=CARTESIAN_POINT('',(35.531757609,0.007941678,1.824905905));
#2575=VERTEX_POINT('',#2574);
#2576=CARTESIAN_POINT('',(35.531757614,0.0079375,1.824905905));
#2577=DIRECTION('',(-0.,-0.,1.));
#2578=VECTOR('',#2577,8.437888184);
#2579=LINE('',#2576,#2578);
#2580=EDGE_CURVE('',#2575,#1890,#2579,.T.);
#2581=ORIENTED_EDGE('',*,*,#2580,.F.);
#2582=CARTESIAN_POINT('',(37.327815214,1.803988721,1.824905896));
#2583=VERTEX_POINT('',#2582);
#2584=CARTESIAN_POINT('',(35.531757614,1.803988724,1.824905901));
#2585=DIRECTION('',(0.,0.,-1.));
#2586=DIRECTION('',(-1.,0.,0.));
#2587=AXIS2_PLACEMENT_3D('',#2584,#2585,#2586);
#2588=CIRCLE('',#2587,1.796051224);
#2589=EDGE_CURVE('',#2583,#2575,#2588,.T.);
#2590=ORIENTED_EDGE('',*,*,#2589,.F.);
#2591=CARTESIAN_POINT('',(37.327808838,1.803988724,10.261150479));
#2592=DIRECTION('',(-0.,-0.,-1.));
#2593=VECTOR('',#2592,8.436244583);
#2594=LINE('',#2591,#2593);
#2595=EDGE_CURVE('',#1849,#2583,#2594,.T.);
#2596=ORIENTED_EDGE('',*,*,#2595,.F.);
#2597=ORIENTED_EDGE('',*,*,#1902,.T.);
#2598=EDGE_LOOP('',(#2581,#2590,#2596,#2597));
#2599=FACE_BOUND('',#2598,.T.);
#2600=ADVANCED_FACE('',(#2599),#2573,.T.);
#2601=CARTESIAN_POINT('',(35.531757614,24.627886276,38.178620159));
#2602=DIRECTION('',(0.,0.,1.));
#2603=DIRECTION('',(1.,0.,-0.));
#2604=AXIS2_PLACEMENT_3D('',#2601,#2602,#2603);
#2605=CYLINDRICAL_SURFACE('',#2604,1.796051224);
#2606=CARTESIAN_POINT('',(37.327808838,24.627886276,7.648854677));
#2607=VERTEX_POINT('',#2606);
#2608=CARTESIAN_POINT('',(37.327808838,24.627886276,10.240263772));
#2609=VERTEX_POINT('',#2608);
#2610=CARTESIAN_POINT('',(37.327808838,24.627886276,7.648854677));
#2611=DIRECTION('',(0.,0.,1.));
#2612=VECTOR('',#2611,2.591409096);
#2613=LINE('',#2610,#2612);
#2614=EDGE_CURVE('',#2607,#2609,#2613,.T.);
#2615=ORIENTED_EDGE('',*,*,#2614,.F.);
#2616=CARTESIAN_POINT('',(35.531757614,24.627886276,7.648854677));
#2617=DIRECTION('',(0.,0.,-1.));
#2618=DIRECTION('',(-1.,0.,0.));
#2619=AXIS2_PLACEMENT_3D('',#2616,#2617,#2618);
#2620=CIRCLE('',#2619,1.796051224);
#2621=EDGE_CURVE('',#726,#2607,#2620,.T.);
#2622=ORIENTED_EDGE('',*,*,#2621,.F.);
#2623=ORIENTED_EDGE('',*,*,#731,.F.);
#2624=CARTESIAN_POINT('',(35.531757614,24.627886276,10.240263773));
#2625=DIRECTION('',(-0.,-0.000915124,-0.999999581));
#2626=DIRECTION('',(0.,-0.999999581,0.000915124));
#2627=AXIS2_PLACEMENT_3D('',#2624,#2625,#2626);
#2628=ELLIPSE('',#2627,1.796051976,1.796051224);
#2629=EDGE_CURVE('',#718,#2609,#2628,.T.);
#2630=ORIENTED_EDGE('',*,*,#2629,.T.);
#2631=EDGE_LOOP('',(#2615,#2622,#2623,#2630));
#2632=FACE_BOUND('',#2631,.T.);
#2633=ADVANCED_FACE('',(#2632),#2605,.T.);
#2634=CARTESIAN_POINT('',(26.423860063,24.627886276,38.178620159));
#2635=DIRECTION('',(0.,0.,1.));
#2636=DIRECTION('',(1.,0.,-0.));
#2637=AXIS2_PLACEMENT_3D('',#2634,#2635,#2636);
#2638=CYLINDRICAL_SURFACE('',#2637,1.796051224);
#2639=ORIENTED_EDGE('',*,*,#715,.F.);
#2640=ORIENTED_EDGE('',*,*,#836,.T.);
#2641=CARTESIAN_POINT('',(24.627808838,24.627886276,10.218889677));
#2642=DIRECTION('',(0.,0.,-1.));
#2643=VECTOR('',#2642,0.089566251);
#2644=LINE('',#2641,#2643);
#2645=EDGE_CURVE('',#1280,#830,#2644,.T.);
#2646=ORIENTED_EDGE('',*,*,#2645,.F.);
#2647=ORIENTED_EDGE('',*,*,#1286,.F.);
#2648=ORIENTED_EDGE('',*,*,#1690,.T.);
#2649=ORIENTED_EDGE('',*,*,#2334,.T.);
#2650=CARTESIAN_POINT('',(26.423860063,24.627886276,10.240263773));
#2651=DIRECTION('',(-0.,-0.000915124,-0.999999581));
#2652=DIRECTION('',(0.,-0.999999581,0.000915124));
#2653=AXIS2_PLACEMENT_3D('',#2650,#2651,#2652);
#2654=ELLIPSE('',#2653,1.796051976,1.796051224);
#2655=EDGE_CURVE('',#2323,#710,#2654,.T.);
#2656=ORIENTED_EDGE('',*,*,#2655,.T.);
#2657=EDGE_LOOP('',(#2639,#2640,#2646,#2647,#2648,#2649,#2656));
#2658=FACE_BOUND('',#2657,.T.);
#2659=ADVANCED_FACE('',(#2658),#2638,.T.);
#2660=CARTESIAN_POINT('',(26.423860063,1.803988724,38.178620159));
#2661=DIRECTION('',(0.,0.,-1.));
#2662=DIRECTION('',(-1.,0.,0.));
#2663=AXIS2_PLACEMENT_3D('',#2660,#2661,#2662);
#2664=CYLINDRICAL_SURFACE('',#2663,1.796051224);
#2665=CARTESIAN_POINT('',(26.423860063,0.0079375,10.129323427));
#2666=VERTEX_POINT('',#2665);
#2667=CARTESIAN_POINT('',(24.627808839,1.803988724,10.129323427));
#2668=VERTEX_POINT('',#2667);
#2669=CARTESIAN_POINT('',(26.423860063,1.803988724,10.129323427));
#2670=DIRECTION('',(0.,0.,-1.));
#2671=DIRECTION('',(-1.,0.,0.));
#2672=AXIS2_PLACEMENT_3D('',#2669,#2670,#2671);
#2673=CIRCLE('',#2672,1.796051224);
#2674=EDGE_CURVE('',#2666,#2668,#2673,.T.);
#2675=ORIENTED_EDGE('',*,*,#2674,.F.);
#2676=CARTESIAN_POINT('',(26.423860063,0.0079375,10.262794088));
#2677=DIRECTION('',(0.,0.,-1.));
#2678=VECTOR('',#2677,0.133470662);
#2679=LINE('',#2676,#2678);
#2680=EDGE_CURVE('',#1881,#2666,#2679,.T.);
#2681=ORIENTED_EDGE('',*,*,#2680,.F.);
#2682=ORIENTED_EDGE('',*,*,#1887,.T.);
#2683=ORIENTED_EDGE('',*,*,#2297,.T.);
#2684=CARTESIAN_POINT('',(24.627808838,1.803988724,10.239816081));
#2685=VERTEX_POINT('',#2684);
#2686=CARTESIAN_POINT('',(26.423860063,1.803988724,10.239816081));
#2687=DIRECTION('',(-0.,0.711924466,-0.702256046));
#2688=DIRECTION('',(0.,-0.702256046,-0.711924466));
#2689=AXIS2_PLACEMENT_3D('',#2686,#2687,#2688);
#2690=ELLIPSE('',#2689,2.557544693,1.796051224);
#2691=EDGE_CURVE('',#2286,#2685,#2690,.T.);
#2692=ORIENTED_EDGE('',*,*,#2691,.T.);
#2693=CARTESIAN_POINT('',(24.627808838,1.803988724,10.129323427));
#2694=DIRECTION('',(-0.,-0.,1.));
#2695=VECTOR('',#2694,0.110492654);
#2696=LINE('',#2693,#2695);
#2697=EDGE_CURVE('',#2668,#2685,#2696,.T.);
#2698=ORIENTED_EDGE('',*,*,#2697,.F.);
#2699=EDGE_LOOP('',(#2675,#2681,#2682,#2683,#2692,#2698));
#2700=FACE_BOUND('',#2699,.T.);
#2701=ADVANCED_FACE('',(#2700),#2664,.T.);
#2702=CARTESIAN_POINT('',(26.405808838,0.0079375,38.178620159));
#2703=DIRECTION('',(0.,-1.,0.));
#2704=DIRECTION('',(0.,0.,-1.));
#2705=AXIS2_PLACEMENT_3D('',#2702,#2703,#2704);
#2706=PLANE('',#2705);
#2707=ORIENTED_EDGE('',*,*,#2680,.T.);
#2708=CARTESIAN_POINT('',(24.627808838,0.0079375,10.129323427));
#2709=VERTEX_POINT('',#2708);
#2710=CARTESIAN_POINT('',(24.627808838,0.0079375,10.129323427));
#2711=DIRECTION('',(1.,0.,0.));
#2712=VECTOR('',#2711,1.796051225);
#2713=LINE('',#2710,#2712);
#2714=EDGE_CURVE('',#2709,#2666,#2713,.T.);
#2715=ORIENTED_EDGE('',*,*,#2714,.F.);
#2716=CARTESIAN_POINT('',(24.627808838,0.0079375,1.824905901));
#2717=VERTEX_POINT('',#2716);
#2718=CARTESIAN_POINT('',(24.627808838,0.0079375,1.824905901));
#2719=DIRECTION('',(0.,0.,1.));
#2720=VECTOR('',#2719,8.304417526);
#2721=LINE('',#2718,#2720);
#2722=EDGE_CURVE('',#2717,#2709,#2721,.T.);
#2723=ORIENTED_EDGE('',*,*,#2722,.F.);
#2724=CARTESIAN_POINT('',(24.627808838,0.0079375,1.824905901));
#2725=DIRECTION('',(1.,0.,0.));
#2726=VECTOR('',#2725,10.90394877);
#2727=LINE('',#2724,#2726);
#2728=EDGE_CURVE('',#2717,#2575,#2727,.T.);
#2729=ORIENTED_EDGE('',*,*,#2728,.T.);
#2730=ORIENTED_EDGE('',*,*,#2580,.T.);
#2731=ORIENTED_EDGE('',*,*,#1895,.F.);
#2732=EDGE_LOOP('',(#2707,#2715,#2723,#2729,#2730,#2731));
#2733=FACE_BOUND('',#2732,.T.);
#2734=ADVANCED_FACE('',(#2733),#2706,.T.);
#2735=CARTESIAN_POINT('',(37.327808838,1.7859375,38.178620159));
#2736=DIRECTION('',(1.,0.,0.));
#2737=DIRECTION('',(0.,1.,0.));
#2738=AXIS2_PLACEMENT_3D('',#2735,#2736,#2737);
#2739=PLANE('',#2738);
#2740=ORIENTED_EDGE('',*,*,#2595,.T.);
#2741=CARTESIAN_POINT('',(37.327808838,24.627886276,1.824905901));
#2742=VERTEX_POINT('',#2741);
#2743=CARTESIAN_POINT('',(37.327808838,1.803988721,1.824905901));
#2744=DIRECTION('',(0.,1.,0.));
#2745=VECTOR('',#2744,22.823897555);
#2746=LINE('',#2743,#2745);
#2747=EDGE_CURVE('',#2583,#2742,#2746,.T.);
#2748=ORIENTED_EDGE('',*,*,#2747,.T.);
#2749=CARTESIAN_POINT('',(37.327808838,24.627886276,1.824905901));
#2750=DIRECTION('',(0.,0.,1.));
#2751=VECTOR('',#2750,5.823948776);
#2752=LINE('',#2749,#2751);
#2753=EDGE_CURVE('',#2742,#2607,#2752,.T.);
#2754=ORIENTED_EDGE('',*,*,#2753,.T.);
#2755=ORIENTED_EDGE('',*,*,#2614,.T.);
#2756=CARTESIAN_POINT('',(37.327808838,18.822810341,10.24557614));
#2757=VERTEX_POINT('',#2756);
#2758=CARTESIAN_POINT('',(37.327808838,24.627886276,10.240263772));
#2759=DIRECTION('',(0.,-0.999999581,0.000915124));
#2760=VECTOR('',#2759,5.805078366);
#2761=LINE('',#2758,#2760);
#2762=EDGE_CURVE('',#2609,#2757,#2761,.T.);
#2763=ORIENTED_EDGE('',*,*,#2762,.T.);
#2764=CARTESIAN_POINT('',(37.327808838,18.771731308,10.244896086));
#2765=VERTEX_POINT('',#2764);
#2766=CARTESIAN_POINT('',(37.327808838,18.821167483,8.450346907));
#2767=DIRECTION('',(-1.,-0.,-0.));
#2768=DIRECTION('',(0.,0.,-1.));
#2769=AXIS2_PLACEMENT_3D('',#2766,#2767,#2768);
#2770=CIRCLE('',#2769,1.795229983);
#2771=EDGE_CURVE('',#2765,#2757,#2770,.T.);
#2772=ORIENTED_EDGE('',*,*,#2771,.F.);
#2773=CARTESIAN_POINT('',(37.327808838,16.877109375,10.244896086));
#2774=DIRECTION('',(0.,1.,0.));
#2775=VECTOR('',#2774,1.894621933);
#2776=LINE('',#2773,#2775);
#2777=EDGE_CURVE('',#1047,#2765,#2776,.T.);
#2778=ORIENTED_EDGE('',*,*,#2777,.F.);
#2779=ORIENTED_EDGE('',*,*,#1052,.F.);
#2780=CARTESIAN_POINT('',(37.327808838,16.877109375,10.247356698));
#2781=DIRECTION('',(0.,-0.999999581,0.000915124));
#2782=VECTOR('',#2781,7.476435293);
#2783=LINE('',#2780,#2782);
#2784=EDGE_CURVE('',#1039,#1825,#2783,.T.);
#2785=ORIENTED_EDGE('',*,*,#2784,.T.);
#2786=ORIENTED_EDGE('',*,*,#1830,.T.);
#2787=CARTESIAN_POINT('',(37.327808838,3.06100665,10.26000015));
#2788=DIRECTION('',(0.,1.,0.));
#2789=VECTOR('',#2788,6.339670563);
#2790=LINE('',#2787,#2789);
#2791=EDGE_CURVE('',#1847,#1817,#2790,.T.);
#2792=ORIENTED_EDGE('',*,*,#2791,.F.);
#2793=ORIENTED_EDGE('',*,*,#1854,.T.);
#2794=EDGE_LOOP('',(#2740,#2748,#2754,#2755,#2763,#2772,#2778,#2779,#2785,#2786,#2792,#2793));
#2795=FACE_BOUND('',#2794,.T.);
#2796=ADVANCED_FACE('',(#2795),#2739,.T.);
#2797=CARTESIAN_POINT('',(22.444996338,13.2159375,10.250707126));
#2798=DIRECTION('',(0.,0.000915124,0.999999581));
#2799=DIRECTION('',(0.,-0.999999581,0.000915124));
#2800=AXIS2_PLACEMENT_3D('',#2797,#2798,#2799);
#2801=PLANE('',#2800);
#2802=ORIENTED_EDGE('',*,*,#1044,.F.);
#2803=ORIENTED_EDGE('',*,*,#1005,.F.);
#2804=ORIENTED_EDGE('',*,*,#1836,.F.);
#2805=ORIENTED_EDGE('',*,*,#2784,.F.);
#2806=EDGE_LOOP('',(#2802,#2803,#2804,#2805));
#2807=FACE_BOUND('',#2806,.T.);
#2808=ADVANCED_FACE('',(#2807),#2801,.T.);
#2809=CARTESIAN_POINT('',(27.844480713,4.328260852,12.798841521));
#2810=DIRECTION('',(0.,-0.711924466,0.702256046));
#2811=DIRECTION('',(-1.,0.,0.));
#2812=AXIS2_PLACEMENT_3D('',#2809,#2810,#2811);
#2813=PLANE('',#2812);
#2814=ORIENTED_EDGE('',*,*,#1798,.F.);
#2815=ORIENTED_EDGE('',*,*,#1587,.F.);
#2816=CARTESIAN_POINT('',(24.627808838,1.803988724,10.239816081));
#2817=DIRECTION('',(0.,0.702256046,0.711924466));
#2818=VECTOR('',#2817,0.029812891);
#2819=LINE('',#2816,#2818);
#2820=EDGE_CURVE('',#2685,#1573,#2819,.T.);
#2821=ORIENTED_EDGE('',*,*,#2820,.F.);
#2822=ORIENTED_EDGE('',*,*,#2691,.F.);
#2823=ORIENTED_EDGE('',*,*,#2291,.F.);
#2824=ORIENTED_EDGE('',*,*,#2374,.T.);
#2825=CARTESIAN_POINT('',(35.295808838,1.82389868,10.26000015));
#2826=VERTEX_POINT('',#2825);
#2827=CARTESIAN_POINT('',(35.549808838,1.82389868,10.26000015));
#2828=DIRECTION('',(-1.,0.,0.));
#2829=VECTOR('',#2828,0.254);
#2830=LINE('',#2827,#2829);
#2831=EDGE_CURVE('',#2363,#2826,#2830,.T.);
#2832=ORIENTED_EDGE('',*,*,#2831,.T.);
#2833=CARTESIAN_POINT('',(35.295808838,2.166903923,10.607727772));
#2834=VERTEX_POINT('',#2833);
#2835=CARTESIAN_POINT('',(35.295808838,1.82389868,10.26000015));
#2836=DIRECTION('',(0.,0.702256046,0.711924466));
#2837=VECTOR('',#2836,0.488433307);
#2838=LINE('',#2835,#2837);
#2839=EDGE_CURVE('',#2826,#2834,#2838,.T.);
#2840=ORIENTED_EDGE('',*,*,#2839,.T.);
#2841=CARTESIAN_POINT('',(35.295808838,2.166903923,10.607727772));
#2842=DIRECTION('',(-1.,0.,0.));
#2843=VECTOR('',#2842,1.01203125);
#2844=LINE('',#2841,#2843);
#2845=EDGE_CURVE('',#2834,#2174,#2844,.T.);
#2846=ORIENTED_EDGE('',*,*,#2845,.T.);
#2847=ORIENTED_EDGE('',*,*,#2179,.T.);
#2848=ORIENTED_EDGE('',*,*,#2043,.F.);
#2849=CARTESIAN_POINT('',(34.278816651,3.242679767,11.698314529));
#2850=VERTEX_POINT('',#2849);
#2851=CARTESIAN_POINT('',(34.278816651,3.242679767,11.698314529));
#2852=DIRECTION('',(0.,0.702256046,0.711924466));
#2853=VECTOR('',#2852,0.274218219);
#2854=LINE('',#2851,#2853);
#2855=EDGE_CURVE('',#2850,#2029,#2854,.T.);
#2856=ORIENTED_EDGE('',*,*,#2855,.F.);
#2857=CARTESIAN_POINT('',(34.278816651,1.825014407,10.261131239));
#2858=VERTEX_POINT('',#2857);
#2859=CARTESIAN_POINT('',(34.278816651,3.242679767,11.698314529));
#2860=DIRECTION('',(0.,-0.702256046,-0.711924466));
#2861=VECTOR('',#2860,2.018730017);
#2862=LINE('',#2859,#2861);
#2863=EDGE_CURVE('',#2850,#2858,#2862,.T.);
#2864=ORIENTED_EDGE('',*,*,#2863,.T.);
#2865=CARTESIAN_POINT('',(34.278816651,1.825014407,10.261131239));
#2866=DIRECTION('',(-1.,0.,0.));
#2867=VECTOR('',#2866,9.609335938);
#2868=LINE('',#2865,#2867);
#2869=EDGE_CURVE('',#2858,#1793,#2868,.T.);
#2870=ORIENTED_EDGE('',*,*,#2869,.T.);
#2871=EDGE_LOOP('',(#2814,#2815,#2821,#2822,#2823,#2824,#2832,#2840,#2846,#2847,#2848,#2856,#2864,#2870));
#2872=FACE_BOUND('',#2871,.T.);
#2873=ADVANCED_FACE('',(#2872),#2813,.T.);
#2874=CARTESIAN_POINT('',(24.62607251,13.218261916,12.790706062));
#2875=DIRECTION('',(1.,0.,0.));
#2876=DIRECTION('',(0.,0.,-1.));
#2877=AXIS2_PLACEMENT_3D('',#2874,#2875,#2876);
#2878=PLANE('',#2877);
#2879=ORIENTED_EDGE('',*,*,#1311,.T.);
#2880=ORIENTED_EDGE('',*,*,#1659,.T.);
#2881=CARTESIAN_POINT('',(24.62607251,18.822810341,10.24557614));
#2882=VERTEX_POINT('',#2881);
#2883=CARTESIAN_POINT('',(24.62607251,18.821167483,8.450346907));
#2884=DIRECTION('',(-1.,-0.,-0.));
#2885=DIRECTION('',(0.,0.,-1.));
#2886=AXIS2_PLACEMENT_3D('',#2883,#2884,#2885);
#2887=CIRCLE('',#2886,1.795229983);
#2888=EDGE_CURVE('',#1654,#2882,#2887,.T.);
#2889=ORIENTED_EDGE('',*,*,#2888,.T.);
#2890=CARTESIAN_POINT('',(24.62607251,18.822810341,10.24557614));
#2891=DIRECTION('',(0.,0.999999581,-0.000915124));
#2892=VECTOR('',#2891,5.784052671);
#2893=LINE('',#2890,#2892);
#2894=EDGE_CURVE('',#2882,#1306,#2893,.T.);
#2895=ORIENTED_EDGE('',*,*,#2894,.T.);
#2896=EDGE_LOOP('',(#2879,#2880,#2889,#2895));
#2897=FACE_BOUND('',#2896,.T.);
#2898=ADVANCED_FACE('',(#2897),#2878,.F.);
#2899=CARTESIAN_POINT('',(29.326808838,9.4059375,1.070807659));
#2900=DIRECTION('',(0.,1.,0.));
#2901=DIRECTION('',(1.,0.,0.));
#2902=AXIS2_PLACEMENT_3D('',#2899,#2900,#2901);
#2903=PLANE('',#2902);
#2904=CARTESIAN_POINT('',(33.14583445,9.4059375,9.241411539));
#2905=DIRECTION('',(0.,1.,0.));
#2906=DIRECTION('',(0.,-0.,1.));
#2907=AXIS2_PLACEMENT_3D('',#2904,#2905,#2906);
#2908=CIRCLE('',#2907,0.898025612);
#2909=EDGE_CURVE('',#2222,#1963,#2908,.T.);
#2910=ORIENTED_EDGE('',*,*,#2909,.F.);
#2911=ORIENTED_EDGE('',*,*,#2227,.T.);
#2912=ORIENTED_EDGE('',*,*,#1116,.F.);
#2913=CARTESIAN_POINT('',(34.130210043,9.4059375,11.718159224));
#2914=DIRECTION('',(-1.,0.,0.));
#2915=VECTOR('',#2914,1.58246123);
#2916=LINE('',#2913,#2915);
#2917=EDGE_CURVE('',#977,#1102,#2916,.T.);
#2918=ORIENTED_EDGE('',*,*,#2917,.F.);
#2919=ORIENTED_EDGE('',*,*,#982,.F.);
#2920=CARTESIAN_POINT('',(33.954936754,9.405937429,11.896168827));
#2921=DIRECTION('',(-1.,0.,0.));
#2922=VECTOR('',#2921,1.707127915);
#2923=LINE('',#2920,#2922);
#2924=EDGE_CURVE('',#975,#1971,#2923,.T.);
#2925=ORIENTED_EDGE('',*,*,#2924,.T.);
#2926=ORIENTED_EDGE('',*,*,#1976,.F.);
#2927=EDGE_LOOP('',(#2910,#2911,#2912,#2918,#2919,#2925,#2926));
#2928=FACE_BOUND('',#2927,.T.);
#2929=ADVANCED_FACE('',(#2928),#2903,.F.);
#2930=CARTESIAN_POINT('',(29.326808838,5.711612543,8.74787542));
#2931=DIRECTION('',(1.,0.,0.));
#2932=DIRECTION('',(0.,0.,-1.));
#2933=AXIS2_PLACEMENT_3D('',#2930,#2931,#2932);
#2934=CYLINDRICAL_SURFACE('',#2933,3.694324957);
#2935=ORIENTED_EDGE('',*,*,#1748,.T.);
#2936=CARTESIAN_POINT('',(33.14583445,9.383727028,8.343385494));
#2937=VERTEX_POINT('',#2936);
#2938=CARTESIAN_POINT('',(32.540963217,9.402013583,8.577648937));
#2939=CARTESIAN_POINT('',(32.622591039,9.39858242,8.503263461));
#2940=CARTESIAN_POINT('',(32.718802508,9.39361659,8.443770855));
#2941=CARTESIAN_POINT('',(32.821535409,9.389897134,8.403986836));
#2942=CARTESIAN_POINT('',(32.87290186,9.388037405,8.384094827));
#2943=CARTESIAN_POINT('',(32.926875629,9.386444343,8.368728701));
#2944=CARTESIAN_POINT('',(32.981330507,9.385369111,8.358581741));
#2945=CARTESIAN_POINT('',(33.035785384,9.384293879,8.34843478));
#2946=CARTESIAN_POINT('',(33.090621103,9.383727074,8.343385918));
#2947=CARTESIAN_POINT('',(33.145834483,9.383727075,8.343385927));
#2948=B_SPLINE_CURVE_WITH_KNOTS('',3,(#2938,#2939,#2940,#2941,#2942,#2943,#2944,#2945,#2946,#2947),.UNSPECIFIED.,.F.,.F.,(4,3,3,4),(0.001666006,0.001996228,0.002161338,0.002326449),.UNSPECIFIED.);
#2949=EDGE_CURVE('',#1743,#2937,#2948,.T.);
#2950=ORIENTED_EDGE('',*,*,#2949,.T.);
#2951=CARTESIAN_POINT('',(26.423860062,9.383727028,8.343385494));
#2952=VERTEX_POINT('',#2951);
#2953=CARTESIAN_POINT('',(26.423860062,9.383727028,8.343385494));
#2954=DIRECTION('',(1.,0.,-0.));
#2955=VECTOR('',#2954,6.721974388);
#2956=LINE('',#2953,#2955);
#2957=EDGE_CURVE('',#2952,#2937,#2956,.T.);
#2958=ORIENTED_EDGE('',*,*,#2957,.F.);
#2959=CARTESIAN_POINT('',(26.405808838,9.383727075,8.343385927));
#2960=DIRECTION('',(1.,0.,-0.));
#2961=VECTOR('',#2960,0.018051224);
#2962=LINE('',#2959,#2961);
#2963=EDGE_CURVE('',#2550,#2952,#2962,.T.);
#2964=ORIENTED_EDGE('',*,*,#2963,.F.);
#2965=ORIENTED_EDGE('',*,*,#2564,.F.);
#2966=ORIENTED_EDGE('',*,*,#1637,.T.);
#2967=EDGE_LOOP('',(#2935,#2950,#2958,#2964,#2965,#2966));
#2968=FACE_BOUND('',#2967,.T.);
#2969=ADVANCED_FACE('',(#2968),#2934,.T.);
#2970=CARTESIAN_POINT('',(28.945808838,13.2159375,10.250707126));
#2971=DIRECTION('',(0.,0.000915124,0.999999581));
#2972=DIRECTION('',(0.,-0.999999581,0.000915124));
#2973=AXIS2_PLACEMENT_3D('',#2970,#2971,#2972);
#2974=PLANE('',#2973);
#2975=CARTESIAN_POINT('',(24.62607251,18.822810341,10.24557614));
#2976=DIRECTION('',(1.,0.,-0.));
#2977=VECTOR('',#2976,12.701736328);
#2978=LINE('',#2975,#2977);
#2979=EDGE_CURVE('',#2882,#2757,#2978,.T.);
#2980=ORIENTED_EDGE('',*,*,#2979,.T.);
#2981=ORIENTED_EDGE('',*,*,#2762,.F.);
#2982=ORIENTED_EDGE('',*,*,#2629,.F.);
#2983=ORIENTED_EDGE('',*,*,#723,.F.);
#2984=ORIENTED_EDGE('',*,*,#2655,.F.);
#2985=ORIENTED_EDGE('',*,*,#2328,.T.);
#2986=ORIENTED_EDGE('',*,*,#1919,.F.);
#2987=ORIENTED_EDGE('',*,*,#1253,.F.);
#2988=ORIENTED_EDGE('',*,*,#1220,.F.);
#2989=CARTESIAN_POINT('',(35.571649998,19.5659375,10.244896086));
#2990=DIRECTION('',(-1.,0.,0.));
#2991=VECTOR('',#2990,0.276461277);
#2992=LINE('',#2989,#2991);
#2993=EDGE_CURVE('',#1209,#1143,#2992,.T.);
#2994=ORIENTED_EDGE('',*,*,#2993,.T.);
#2995=ORIENTED_EDGE('',*,*,#1150,.T.);
#2996=ORIENTED_EDGE('',*,*,#1380,.T.);
#2997=ORIENTED_EDGE('',*,*,#1319,.T.);
#2998=ORIENTED_EDGE('',*,*,#2894,.F.);
#2999=EDGE_LOOP('',(#2980,#2981,#2982,#2983,#2984,#2985,#2986,#2987,#2988,#2994,#2995,#2996,#2997,#2998));
#3000=FACE_BOUND('',#2999,.T.);
#3001=ADVANCED_FACE('',(#3000),#2974,.T.);
#3002=CARTESIAN_POINT('',(28.945808838,13.2159375,10.250707126));
#3003=DIRECTION('',(0.,0.000915124,0.999999581));
#3004=DIRECTION('',(0.,-0.999999581,0.000915124));
#3005=AXIS2_PLACEMENT_3D('',#3002,#3003,#3004);
#3006=PLANE('',#3005);
#3007=ORIENTED_EDGE('',*,*,#1804,.F.);
#3008=ORIENTED_EDGE('',*,*,#2869,.F.);
#3009=CARTESIAN_POINT('',(34.278816651,1.825014407,10.261131237));
#3010=DIRECTION('',(0.,0.999999581,-0.000915124));
#3011=VECTOR('',#3010,5.785696285);
#3012=LINE('',#3009,#3011);
#3013=EDGE_CURVE('',#2858,#1761,#3012,.T.);
#3014=ORIENTED_EDGE('',*,*,#3013,.T.);
#3015=ORIENTED_EDGE('',*,*,#1766,.T.);
#3016=EDGE_LOOP('',(#3007,#3008,#3014,#3015));
#3017=FACE_BOUND('',#3016,.T.);
#3018=ADVANCED_FACE('',(#3017),#3006,.T.);
#3019=CARTESIAN_POINT('',(34.278816651,1.7859375,52.466120159));
#3020=DIRECTION('',(-1.,0.,0.));
#3021=DIRECTION('',(0.,0.,1.));
#3022=AXIS2_PLACEMENT_3D('',#3019,#3020,#3021);
#3023=PLANE('',#3022);
#3024=ORIENTED_EDGE('',*,*,#950,.F.);
#3025=ORIENTED_EDGE('',*,*,#1773,.T.);
#3026=ORIENTED_EDGE('',*,*,#3013,.F.);
#3027=ORIENTED_EDGE('',*,*,#2863,.F.);
#3028=ORIENTED_EDGE('',*,*,#2855,.T.);
#3029=ORIENTED_EDGE('',*,*,#2035,.F.);
#3030=ORIENTED_EDGE('',*,*,#2125,.T.);
#3031=CARTESIAN_POINT('',(34.278816651,6.8659375,10.259998447));
#3032=VERTEX_POINT('',#3031);
#3033=CARTESIAN_POINT('',(34.278816651,6.8659375,12.497513736));
#3034=DIRECTION('',(0.,0.,-1.));
#3035=VECTOR('',#3034,2.237515289);
#3036=LINE('',#3033,#3035);
#3037=EDGE_CURVE('',#2113,#3032,#3036,.T.);
#3038=ORIENTED_EDGE('',*,*,#3037,.T.);
#3039=CARTESIAN_POINT('',(34.278816651,6.8659375,10.26000015));
#3040=DIRECTION('',(0.,1.,0.));
#3041=VECTOR('',#3040,2.534739712);
#3042=LINE('',#3039,#3041);
#3043=EDGE_CURVE('',#3032,#945,#3042,.T.);
#3044=ORIENTED_EDGE('',*,*,#3043,.T.);
#3045=EDGE_LOOP('',(#3024,#3025,#3026,#3027,#3028,#3029,#3030,#3038,#3044));
#3046=FACE_BOUND('',#3045,.T.);
#3047=ADVANCED_FACE('',(#3046),#3023,.T.);
#3048=CARTESIAN_POINT('',(29.326808838,18.821167483,8.450346907));
#3049=DIRECTION('',(-1.,0.,0.));
#3050=DIRECTION('',(0.,0.,1.));
#3051=AXIS2_PLACEMENT_3D('',#3048,#3049,#3050);
#3052=CYLINDRICAL_SURFACE('',#3051,1.795229983);
#3053=ORIENTED_EDGE('',*,*,#1570,.F.);
#3054=ORIENTED_EDGE('',*,*,#876,.F.);
#3055=CARTESIAN_POINT('',(32.329152169,17.075181902,8.867941257));
#3056=CARTESIAN_POINT('',(32.359217161,17.059457572,8.802196946));
#3057=CARTESIAN_POINT('',(32.396841232,17.048631314,8.74065271));
#3058=CARTESIAN_POINT('',(32.442063607,17.041154872,8.683597412));
#3059=CARTESIAN_POINT('',(32.487285981,17.033678431,8.626542114));
#3060=CARTESIAN_POINT('',(32.540243134,17.029668725,8.574307158));
#3061=CARTESIAN_POINT('',(32.598034971,17.027697361,8.529817743));
#3062=CARTESIAN_POINT('',(32.655826807,17.025725997,8.485328328));
#3063=CARTESIAN_POINT('',(32.720044572,17.025702517,8.447376284));
#3064=CARTESIAN_POINT('',(32.787027065,17.026225675,8.418181765));
#3065=CARTESIAN_POINT('',(32.854009559,17.026748833,8.388987246));
#3066=CARTESIAN_POINT('',(32.92389486,17.027780034,8.368108887));
#3067=CARTESIAN_POINT('',(32.996793287,17.028426799,8.355840123));
#3068=B_SPLINE_CURVE_WITH_KNOTS('',3,(#3055,#3056,#3057,#3058,#3059,#3060,#3061,#3062,#3063,#3064,#3065,#3066,#3067),.UNSPECIFIED.,.F.,.F.,(4,3,3,3,4),(0.,0.000218657,0.000437315,0.000655972,0.000874629),.UNSPECIFIED.);
#3069=EDGE_CURVE('',#856,#2249,#3068,.T.);
#3070=ORIENTED_EDGE('',*,*,#3069,.T.);
#3071=ORIENTED_EDGE('',*,*,#2254,.F.);
#3072=CARTESIAN_POINT('',(34.932668213,18.771731308,10.244896086));
#3073=VERTEX_POINT('',#3072);
#3074=CARTESIAN_POINT('',(34.932668213,18.821167483,8.450346907));
#3075=DIRECTION('',(1.,0.,-0.));
#3076=DIRECTION('',(0.,0.,1.));
#3077=AXIS2_PLACEMENT_3D('',#3074,#3075,#3076);
#3078=CIRCLE('',#3077,1.795229983);
#3079=EDGE_CURVE('',#3073,#2247,#3078,.T.);
#3080=ORIENTED_EDGE('',*,*,#3079,.F.);
#3081=CARTESIAN_POINT('',(37.327808838,18.771731308,10.244896086));
#3082=DIRECTION('',(-1.,0.,0.));
#3083=VECTOR('',#3082,2.395140625);
#3084=LINE('',#3081,#3083);
#3085=EDGE_CURVE('',#2765,#3073,#3084,.T.);
#3086=ORIENTED_EDGE('',*,*,#3085,.F.);
#3087=ORIENTED_EDGE('',*,*,#2771,.T.);
#3088=ORIENTED_EDGE('',*,*,#2979,.F.);
#3089=ORIENTED_EDGE('',*,*,#2888,.F.);
#3090=ORIENTED_EDGE('',*,*,#1673,.F.);
#3091=EDGE_LOOP('',(#3053,#3054,#3070,#3071,#3080,#3086,#3087,#3088,#3089,#3090));
#3092=FACE_BOUND('',#3091,.T.);
#3093=ADVANCED_FACE('',(#3092),#3052,.T.);
#3094=CARTESIAN_POINT('',(34.194480713,5.5959375,15.338842584));
#3095=DIRECTION('',(0.,0.,-1.));
#3096=DIRECTION('',(-1.,0.,0.));
#3097=AXIS2_PLACEMENT_3D('',#3094,#3095,#3096);
#3098=PLANE('',#3097);
#3099=CARTESIAN_POINT('',(35.295808838,5.069886276,15.338842584));
#3100=VERTEX_POINT('',#3099);
#3101=CARTESIAN_POINT('',(35.295808838,5.069886276,15.338842584));
#3102=DIRECTION('',(-1.,0.,0.));
#3103=VECTOR('',#3102,1.01203125);
#3104=LINE('',#3101,#3103);
#3105=EDGE_CURVE('',#3100,#2199,#3104,.T.);
#3106=ORIENTED_EDGE('',*,*,#3105,.T.);
#3107=ORIENTED_EDGE('',*,*,#2204,.F.);
#3108=CARTESIAN_POINT('',(35.295808838,3.96298235,15.338842584));
#3109=VERTEX_POINT('',#3108);
#3110=CARTESIAN_POINT('',(34.283777588,3.96298235,15.338842584));
#3111=DIRECTION('',(1.,0.,-0.));
#3112=VECTOR('',#3111,1.01203125);
#3113=LINE('',#3110,#3112);
#3114=EDGE_CURVE('',#2190,#3109,#3113,.T.);
#3115=ORIENTED_EDGE('',*,*,#3114,.T.);
#3116=CARTESIAN_POINT('',(35.295808838,5.069886276,15.338842584));
#3117=DIRECTION('',(0.,-1.,0.));
#3118=VECTOR('',#3117,1.106903926);
#3119=LINE('',#3116,#3118);
#3120=EDGE_CURVE('',#3100,#3109,#3119,.T.);
#3121=ORIENTED_EDGE('',*,*,#3120,.F.);
#3122=EDGE_LOOP('',(#3106,#3107,#3115,#3121));
#3123=FACE_BOUND('',#3122,.T.);
#3124=ADVANCED_FACE('',(#3123),#3098,.F.);
#3125=CARTESIAN_POINT('',(34.194480713,6.8659375,14.703842584));
#3126=DIRECTION('',(0.,-1.,0.));
#3127=DIRECTION('',(-1.,0.,0.));
#3128=AXIS2_PLACEMENT_3D('',#3125,#3126,#3127);
#3129=PLANE('',#3128);
#3130=CARTESIAN_POINT('',(35.295808838,6.8659375,10.259998447));
#3131=VERTEX_POINT('',#3130);
#3132=CARTESIAN_POINT('',(35.295808838,6.8659375,13.54279136));
#3133=VERTEX_POINT('',#3132);
#3134=CARTESIAN_POINT('',(35.295808838,6.8659375,10.259998447));
#3135=DIRECTION('',(0.,0.,1.));
#3136=VECTOR('',#3135,3.282792912);
#3137=LINE('',#3134,#3136);
#3138=EDGE_CURVE('',#3131,#3133,#3137,.T.);
#3139=ORIENTED_EDGE('',*,*,#3138,.F.);
#3140=CARTESIAN_POINT('',(35.295808838,6.8659375,10.259998447));
#3141=DIRECTION('',(-1.,0.,0.));
#3142=VECTOR('',#3141,1.016992188);
#3143=LINE('',#3140,#3142);
#3144=EDGE_CURVE('',#3131,#3032,#3143,.T.);
#3145=ORIENTED_EDGE('',*,*,#3144,.T.);
#3146=ORIENTED_EDGE('',*,*,#3037,.F.);
#3147=ORIENTED_EDGE('',*,*,#2119,.F.);
#3148=ORIENTED_EDGE('',*,*,#2148,.F.);
#3149=ORIENTED_EDGE('',*,*,#2166,.T.);
#3150=CARTESIAN_POINT('',(34.283777588,6.8659375,13.54279136));
#3151=DIRECTION('',(1.,-0.,-0.));
#3152=VECTOR('',#3151,1.01203125);
#3153=LINE('',#3150,#3152);
#3154=EDGE_CURVE('',#2161,#3133,#3153,.T.);
#3155=ORIENTED_EDGE('',*,*,#3154,.T.);
#3156=EDGE_LOOP('',(#3139,#3145,#3146,#3147,#3148,#3149,#3155));
#3157=FACE_BOUND('',#3156,.T.);
#3158=ADVANCED_FACE('',(#3157),#3129,.F.);
#3159=CARTESIAN_POINT('',(34.194480713,2.16691934,12.780158346));
#3160=DIRECTION('',(0.,-1.,0.000007097));
#3161=DIRECTION('',(0.,-0.000007097,-1.));
#3162=AXIS2_PLACEMENT_3D('',#3159,#3160,#3161);
#3163=PLANE('',#3162);
#3164=CARTESIAN_POINT('',(35.295808838,2.166924752,13.542797732));
#3165=VERTEX_POINT('',#3164);
#3166=CARTESIAN_POINT('',(35.295808838,2.166924752,13.542797732));
#3167=DIRECTION('',(-1.,-0.,0.));
#3168=VECTOR('',#3167,1.01203125);
#3169=LINE('',#3166,#3168);
#3170=EDGE_CURVE('',#3165,#2182,#3169,.T.);
#3171=ORIENTED_EDGE('',*,*,#3170,.T.);
#3172=ORIENTED_EDGE('',*,*,#2187,.F.);
#3173=ORIENTED_EDGE('',*,*,#2845,.F.);
#3174=CARTESIAN_POINT('',(35.295808838,2.166924752,13.542797732));
#3175=DIRECTION('',(0.,-0.000007097,-1.));
#3176=VECTOR('',#3175,2.93506996);
#3177=LINE('',#3174,#3176);
#3178=EDGE_CURVE('',#3165,#2834,#3177,.T.);
#3179=ORIENTED_EDGE('',*,*,#3178,.F.);
#3180=EDGE_LOOP('',(#3171,#3172,#3173,#3179));
#3181=FACE_BOUND('',#3180,.T.);
#3182=ADVANCED_FACE('',(#3181),#3163,.T.);
#3183=CARTESIAN_POINT('',(35.295808838,1.7859375,52.466120159));
#3184=DIRECTION('',(-1.,0.,0.));
#3185=DIRECTION('',(0.,0.,1.));
#3186=AXIS2_PLACEMENT_3D('',#3183,#3184,#3185);
#3187=PLANE('',#3186);
#3188=ORIENTED_EDGE('',*,*,#2078,.T.);
#3189=ORIENTED_EDGE('',*,*,#2094,.T.);
#3190=ORIENTED_EDGE('',*,*,#2087,.F.);
#3191=EDGE_LOOP('',(#3188,#3189,#3190));
#3192=FACE_BOUND('',#3191,.T.);
#3193=ORIENTED_EDGE('',*,*,#3178,.T.);
#3194=ORIENTED_EDGE('',*,*,#2839,.F.);
#3195=CARTESIAN_POINT('',(35.295808838,1.82389868,10.26000015));
#3196=DIRECTION('',(0.,1.,0.));
#3197=VECTOR('',#3196,5.04203882);
#3198=LINE('',#3195,#3197);
#3199=EDGE_CURVE('',#2826,#3131,#3198,.T.);
#3200=ORIENTED_EDGE('',*,*,#3199,.T.);
#3201=ORIENTED_EDGE('',*,*,#3138,.T.);
#3202=CARTESIAN_POINT('',(35.295808838,5.069886276,13.54279136));
#3203=DIRECTION('',(1.,-0.,-0.));
#3204=DIRECTION('',(0.,0.,1.));
#3205=AXIS2_PLACEMENT_3D('',#3202,#3203,#3204);
#3206=CIRCLE('',#3205,1.796051224);
#3207=EDGE_CURVE('',#3133,#3100,#3206,.T.);
#3208=ORIENTED_EDGE('',*,*,#3207,.T.);
#3209=ORIENTED_EDGE('',*,*,#3120,.T.);
#3210=CARTESIAN_POINT('',(35.295808838,3.96298235,13.542784986));
#3211=DIRECTION('',(1.,-0.,-0.));
#3212=DIRECTION('',(0.,0.,1.));
#3213=AXIS2_PLACEMENT_3D('',#3210,#3211,#3212);
#3214=CIRCLE('',#3213,1.796057598);
#3215=EDGE_CURVE('',#3109,#3165,#3214,.T.);
#3216=ORIENTED_EDGE('',*,*,#3215,.T.);
#3217=EDGE_LOOP('',(#3193,#3194,#3200,#3201,#3208,#3209,#3216));
#3218=FACE_BOUND('',#3217,.T.);
#3219=ADVANCED_FACE('',(#3192,#3218),#3187,.F.);
#3220=CARTESIAN_POINT('',(34.194480713,3.96298235,13.542784986));
#3221=DIRECTION('',(-1.,0.,0.));
#3222=DIRECTION('',(0.,0.,1.));
#3223=AXIS2_PLACEMENT_3D('',#3220,#3221,#3222);
#3224=CYLINDRICAL_SURFACE('',#3223,1.796057598);
#3225=ORIENTED_EDGE('',*,*,#3114,.F.);
#3226=ORIENTED_EDGE('',*,*,#2196,.F.);
#3227=ORIENTED_EDGE('',*,*,#3170,.F.);
#3228=ORIENTED_EDGE('',*,*,#3215,.F.);
#3229=EDGE_LOOP('',(#3225,#3226,#3227,#3228));
#3230=FACE_BOUND('',#3229,.T.);
#3231=ADVANCED_FACE('',(#3230),#3224,.T.);
#3232=CARTESIAN_POINT('',(34.194480713,5.069886276,13.54279136));
#3233=DIRECTION('',(-1.,0.,0.));
#3234=DIRECTION('',(0.,0.,1.));
#3235=AXIS2_PLACEMENT_3D('',#3232,#3233,#3234);
#3236=CYLINDRICAL_SURFACE('',#3235,1.796051224);
#3237=ORIENTED_EDGE('',*,*,#3154,.F.);
#3238=ORIENTED_EDGE('',*,*,#2211,.F.);
#3239=ORIENTED_EDGE('',*,*,#3105,.F.);
#3240=ORIENTED_EDGE('',*,*,#3207,.F.);
#3241=EDGE_LOOP('',(#3237,#3238,#3239,#3240));
#3242=FACE_BOUND('',#3241,.T.);
#3243=ADVANCED_FACE('',(#3242),#3236,.T.);
#3244=CARTESIAN_POINT('',(43.677808838,13.951560482,8.343385927));
#3245=DIRECTION('',(0.,0.,1.));
#3246=DIRECTION('',(1.,0.,0.));
#3247=AXIS2_PLACEMENT_3D('',#3244,#3245,#3246);
#3248=PLANE('',#3247);
#3249=ORIENTED_EDGE('',*,*,#2963,.T.);
#3250=ORIENTED_EDGE('',*,*,#2957,.T.);
#3251=CARTESIAN_POINT('',(33.14583445,9.383727028,8.343385927));
#3252=DIRECTION('',(-0.,1.,-0.));
#3253=VECTOR('',#3252,7.802114703);
#3254=LINE('',#3251,#3253);
#3255=EDGE_CURVE('',#2937,#854,#3254,.T.);
#3256=ORIENTED_EDGE('',*,*,#3255,.T.);
#3257=ORIENTED_EDGE('',*,*,#908,.T.);
#3258=ORIENTED_EDGE('',*,*,#902,.F.);
#3259=ORIENTED_EDGE('',*,*,#2555,.F.);
#3260=EDGE_LOOP('',(#3249,#3250,#3256,#3257,#3258,#3259));
#3261=FACE_BOUND('',#3260,.T.);
#3262=CARTESIAN_POINT('',(35.531757614,1.803988724,8.343385927));
#3263=VERTEX_POINT('',#3262);
#3264=CARTESIAN_POINT('',(25.619996338,1.803988724,8.343385927));
#3265=VERTEX_POINT('',#3264);
#3266=CARTESIAN_POINT('',(35.531757614,1.803988724,8.343385927));
#3267=DIRECTION('',(-1.,-0.,0.));
#3268=VECTOR('',#3267,9.911761276);
#3269=LINE('',#3266,#3268);
#3270=EDGE_CURVE('',#3263,#3265,#3269,.T.);
#3271=ORIENTED_EDGE('',*,*,#3270,.T.);
#3272=CARTESIAN_POINT('',(25.619996338,24.627886276,8.343385927));
#3273=VERTEX_POINT('',#3272);
#3274=CARTESIAN_POINT('',(25.619996338,1.803988724,8.343385927));
#3275=DIRECTION('',(0.,1.,0.));
#3276=VECTOR('',#3275,22.823897552);
#3277=LINE('',#3274,#3276);
#3278=EDGE_CURVE('',#3265,#3273,#3277,.T.);
#3279=ORIENTED_EDGE('',*,*,#3278,.T.);
#3280=CARTESIAN_POINT('',(35.531757614,24.627886276,8.343385927));
#3281=VERTEX_POINT('',#3280);
#3282=CARTESIAN_POINT('',(25.619996338,24.627886276,8.343385927));
#3283=DIRECTION('',(1.,0.,-0.));
#3284=VECTOR('',#3283,9.911761276);
#3285=LINE('',#3282,#3284);
#3286=EDGE_CURVE('',#3273,#3281,#3285,.T.);
#3287=ORIENTED_EDGE('',*,*,#3286,.T.);
#3288=CARTESIAN_POINT('',(35.531757614,24.627886276,8.343385927));
#3289=DIRECTION('',(0.,-1.,0.));
#3290=VECTOR('',#3289,22.823897552);
#3291=LINE('',#3288,#3290);
#3292=EDGE_CURVE('',#3281,#3263,#3291,.T.);
#3293=ORIENTED_EDGE('',*,*,#3292,.T.);
#3294=EDGE_LOOP('',(#3271,#3279,#3287,#3293));
#3295=FACE_BOUND('',#3294,.T.);
#3296=ADVANCED_FACE('',(#3261,#3295),#3248,.F.);
#3297=CARTESIAN_POINT('',(33.14583445,11.3109375,9.241411539));
#3298=DIRECTION('',(0.,1.,0.));
#3299=DIRECTION('',(0.,-0.,1.));
#3300=AXIS2_PLACEMENT_3D('',#3297,#3298,#3299);
#3301=CYLINDRICAL_SURFACE('',#3300,0.898025612);
#3302=ORIENTED_EDGE('',*,*,#2234,.F.);
#3303=ORIENTED_EDGE('',*,*,#2909,.T.);
#3304=ORIENTED_EDGE('',*,*,#1968,.F.);
#3305=ORIENTED_EDGE('',*,*,#2264,.F.);
#3306=ORIENTED_EDGE('',*,*,#3069,.F.);
#3307=ORIENTED_EDGE('',*,*,#868,.F.);
#3308=ORIENTED_EDGE('',*,*,#3255,.F.);
#3309=ORIENTED_EDGE('',*,*,#2949,.F.);
#3310=EDGE_LOOP('',(#3302,#3303,#3304,#3305,#3306,#3307,#3308,#3309));
#3311=FACE_BOUND('',#3310,.T.);
#3312=ADVANCED_FACE('',(#3311),#3301,.T.);
#3313=CARTESIAN_POINT('',(23.952672334,0.,9.434792177));
#3314=DIRECTION('',(0.,0.,-1.));
#3315=DIRECTION('',(0.,1.,0.));
#3316=AXIS2_PLACEMENT_3D('',#3313,#3314,#3315);
#3317=PLANE('',#3316);
#3318=ORIENTED_EDGE('',*,*,#2319,.T.);
#3319=ORIENTED_EDGE('',*,*,#1732,.T.);
#3320=ORIENTED_EDGE('',*,*,#2348,.T.);
#3321=ORIENTED_EDGE('',*,*,#1935,.F.);
#3322=EDGE_LOOP('',(#3318,#3319,#3320,#3321));
#3323=FACE_BOUND('',#3322,.T.);
#3324=ADVANCED_FACE('',(#3323),#3317,.F.);
#3325=COLOUR_RGB('',0.525490224,0.552941203,0.576470613);
#3326=FILL_AREA_STYLE_COLOUR('',#3325);
#3327=FILL_AREA_STYLE('',(#3326));
#3328=SURFACE_STYLE_FILL_AREA(#3327);
#3329=SURFACE_SIDE_STYLE('',(#3328));
#3330=SURFACE_STYLE_USAGE(.BOTH.,#3329);
#3331=PRESENTATION_STYLE_ASSIGNMENT((#3330));
#3332=OVER_RIDING_STYLED_ITEM('',(#3331),#3324,#669);
#3333=CARTESIAN_POINT('',(25.525834451,1.803988724,0.028854677));
#3334=DIRECTION('',(0.,-1.,0.));
#3335=DIRECTION('',(-1.,-0.,-0.));
#3336=AXIS2_PLACEMENT_3D('',#3333,#3334,#3335);
#3337=PLANE('',#3336);
#3338=CARTESIAN_POINT('',(25.619996338,1.803988724,1.298854677));
#3339=VERTEX_POINT('',#3338);
#3340=CARTESIAN_POINT('',(35.531757614,1.803988724,1.298854677));
#3341=VERTEX_POINT('',#3340);
#3342=CARTESIAN_POINT('',(25.619996338,1.803988724,1.298854677));
#3343=DIRECTION('',(1.,0.,0.));
#3344=VECTOR('',#3343,9.911761276);
#3345=LINE('',#3342,#3344);
#3346=EDGE_CURVE('',#3339,#3341,#3345,.T.);
#3347=ORIENTED_EDGE('',*,*,#3346,.F.);
#3348=CARTESIAN_POINT('',(25.619996338,1.803988724,1.298854677));
#3349=DIRECTION('',(0.,0.,1.));
#3350=VECTOR('',#3349,7.04453125);
#3351=LINE('',#3348,#3350);
#3352=EDGE_CURVE('',#3339,#3265,#3351,.T.);
#3353=ORIENTED_EDGE('',*,*,#3352,.T.);
#3354=ORIENTED_EDGE('',*,*,#3270,.F.);
#3355=CARTESIAN_POINT('',(35.531757614,1.803988724,1.298854677));
#3356=DIRECTION('',(0.,0.,1.));
#3357=VECTOR('',#3356,7.04453125);
#3358=LINE('',#3355,#3357);
#3359=EDGE_CURVE('',#3341,#3263,#3358,.T.);
#3360=ORIENTED_EDGE('',*,*,#3359,.F.);
#3361=EDGE_LOOP('',(#3347,#3353,#3354,#3360));
#3362=FACE_BOUND('',#3361,.T.);
#3363=ADVANCED_FACE('',(#3362),#3337,.F.);
#3364=CARTESIAN_POINT('',(30.079783226,24.627886276,0.028854677));
#3365=DIRECTION('',(0.,1.,0.));
#3366=DIRECTION('',(1.,0.,0.));
#3367=AXIS2_PLACEMENT_3D('',#3364,#3365,#3366);
#3368=PLANE('',#3367);
#3369=CARTESIAN_POINT('',(25.619996338,24.627886276,7.026554677));
#3370=VERTEX_POINT('',#3369);
#3371=CARTESIAN_POINT('',(25.619996338,24.627886276,8.343385927));
#3372=DIRECTION('',(0.,0.,-1.));
#3373=VECTOR('',#3372,1.31683125);
#3374=LINE('',#3371,#3373);
#3375=EDGE_CURVE('',#3273,#3370,#3374,.T.);
#3376=ORIENTED_EDGE('',*,*,#3375,.T.);
#3377=CARTESIAN_POINT('',(25.648046875,24.627886276,7.026554677));
#3378=VERTEX_POINT('',#3377);
#3379=CARTESIAN_POINT('',(25.619996338,24.627886276,7.026554677));
#3380=DIRECTION('',(1.,0.,-0.));
#3381=VECTOR('',#3380,0.028050537);
#3382=LINE('',#3379,#3381);
#3383=EDGE_CURVE('',#3370,#3378,#3382,.T.);
#3384=ORIENTED_EDGE('',*,*,#3383,.T.);
#3385=CARTESIAN_POINT('',(25.648046875,24.627886276,1.298854677));
#3386=VERTEX_POINT('',#3385);
#3387=CARTESIAN_POINT('',(25.648046875,24.627886276,1.298854677));
#3388=DIRECTION('',(0.,0.,1.));
#3389=VECTOR('',#3388,5.7277);
#3390=LINE('',#3387,#3389);
#3391=EDGE_CURVE('',#3386,#3378,#3390,.T.);
#3392=ORIENTED_EDGE('',*,*,#3391,.F.);
#3393=CARTESIAN_POINT('',(35.531757614,24.627886276,1.298854677));
#3394=VERTEX_POINT('',#3393);
#3395=CARTESIAN_POINT('',(25.648046875,24.627886276,1.298854677));
#3396=DIRECTION('',(1.,0.,0.));
#3397=VECTOR('',#3396,9.883710739);
#3398=LINE('',#3395,#3397);
#3399=EDGE_CURVE('',#3386,#3394,#3398,.T.);
#3400=ORIENTED_EDGE('',*,*,#3399,.T.);
#3401=CARTESIAN_POINT('',(35.531757614,24.627886276,1.298854677));
#3402=DIRECTION('',(0.,0.,1.));
#3403=VECTOR('',#3402,7.04453125);
#3404=LINE('',#3401,#3403);
#3405=EDGE_CURVE('',#3394,#3281,#3404,.T.);
#3406=ORIENTED_EDGE('',*,*,#3405,.T.);
#3407=ORIENTED_EDGE('',*,*,#3286,.F.);
#3408=EDGE_LOOP('',(#3376,#3384,#3392,#3400,#3406,#3407));
#3409=FACE_BOUND('',#3408,.T.);
#3410=ADVANCED_FACE('',(#3409),#3368,.F.);
#3411=CARTESIAN_POINT('',(23.952672334,0.,10.129323427));
#3412=DIRECTION('',(0.,0.,-1.));
#3413=DIRECTION('',(0.,1.,0.));
#3414=AXIS2_PLACEMENT_3D('',#3411,#3412,#3413);
#3415=PLANE('',#3414);
#3416=ORIENTED_EDGE('',*,*,#2714,.T.);
#3417=ORIENTED_EDGE('',*,*,#2674,.T.);
#3418=CARTESIAN_POINT('',(24.627808838,1.803988724,10.129323427));
#3419=DIRECTION('',(0.,-1.,0.));
#3420=VECTOR('',#3419,1.796051224);
#3421=LINE('',#3418,#3420);
#3422=EDGE_CURVE('',#2668,#2709,#3421,.T.);
#3423=ORIENTED_EDGE('',*,*,#3422,.T.);
#3424=EDGE_LOOP('',(#3416,#3417,#3423));
#3425=FACE_BOUND('',#3424,.T.);
#3426=ADVANCED_FACE('',(#3425),#3415,.F.);
#3427=CARTESIAN_POINT('',(35.531757614,13.2159375,0.028854677));
#3428=DIRECTION('',(1.,0.,0.));
#3429=DIRECTION('',(0.,0.,-1.));
#3430=AXIS2_PLACEMENT_3D('',#3427,#3428,#3429);
#3431=PLANE('',#3430);
#3432=ORIENTED_EDGE('',*,*,#3359,.T.);
#3433=ORIENTED_EDGE('',*,*,#3292,.F.);
#3434=ORIENTED_EDGE('',*,*,#3405,.F.);
#3435=CARTESIAN_POINT('',(35.531757614,24.627886276,1.298854677));
#3436=DIRECTION('',(0.,-1.,0.));
#3437=VECTOR('',#3436,22.823897552);
#3438=LINE('',#3435,#3437);
#3439=EDGE_CURVE('',#3394,#3341,#3438,.T.);
#3440=ORIENTED_EDGE('',*,*,#3439,.T.);
#3441=EDGE_LOOP('',(#3432,#3433,#3434,#3440));
#3442=FACE_BOUND('',#3441,.T.);
#3443=ADVANCED_FACE('',(#3442),#3431,.F.);
#3444=CARTESIAN_POINT('',(24.627808838,25.525911888,0.028854677));
#3445=DIRECTION('',(1.,0.,0.));
#3446=DIRECTION('',(0.,0.,-1.));
#3447=AXIS2_PLACEMENT_3D('',#3444,#3445,#3446);
#3448=PLANE('',#3447);
#3449=ORIENTED_EDGE('',*,*,#699,.F.);
#3450=CARTESIAN_POINT('',(24.627808838,25.620073776,7.026554677));
#3451=VERTEX_POINT('',#3450);
#3452=CARTESIAN_POINT('',(24.627808838,26.4239375,7.026554677));
#3453=DIRECTION('',(0.,-1.,0.));
#3454=VECTOR('',#3453,0.803863724);
#3455=LINE('',#3452,#3454);
#3456=EDGE_CURVE('',#686,#3451,#3455,.T.);
#3457=ORIENTED_EDGE('',*,*,#3456,.T.);
#3458=CARTESIAN_POINT('',(24.627808838,25.620073776,9.335573427));
#3459=VERTEX_POINT('',#3458);
#3460=CARTESIAN_POINT('',(24.627808838,25.620073776,7.026554677));
#3461=DIRECTION('',(0.,0.,1.));
#3462=VECTOR('',#3461,2.30901875);
#3463=LINE('',#3460,#3462);
#3464=EDGE_CURVE('',#3451,#3459,#3463,.T.);
#3465=ORIENTED_EDGE('',*,*,#3464,.T.);
#3466=CARTESIAN_POINT('',(24.627808838,0.811801224,9.335573427));
#3467=VERTEX_POINT('',#3466);
#3468=CARTESIAN_POINT('',(24.627808838,25.620073776,9.335573427));
#3469=DIRECTION('',(0.,-1.,0.));
#3470=VECTOR('',#3469,24.808272552);
#3471=LINE('',#3468,#3470);
#3472=EDGE_CURVE('',#3459,#3467,#3471,.T.);
#3473=ORIENTED_EDGE('',*,*,#3472,.T.);
#3474=CARTESIAN_POINT('',(24.627808838,0.811801224,0.327787347));
#3475=VERTEX_POINT('',#3474);
#3476=CARTESIAN_POINT('',(24.627808838,0.811801224,9.335573427));
#3477=DIRECTION('',(0.,0.,-1.));
#3478=VECTOR('',#3477,9.00778608);
#3479=LINE('',#3476,#3478);
#3480=EDGE_CURVE('',#3467,#3475,#3479,.T.);
#3481=ORIENTED_EDGE('',*,*,#3480,.T.);
#3482=CARTESIAN_POINT('',(24.627808838,1.803988724,1.824905901));
#3483=DIRECTION('',(-1.,-0.,-0.));
#3484=DIRECTION('',(0.,0.,-1.));
#3485=AXIS2_PLACEMENT_3D('',#3482,#3483,#3484);
#3486=CIRCLE('',#3485,1.796051224);
#3487=EDGE_CURVE('',#3475,#2717,#3486,.T.);
#3488=ORIENTED_EDGE('',*,*,#3487,.T.);
#3489=ORIENTED_EDGE('',*,*,#2722,.T.);
#3490=ORIENTED_EDGE('',*,*,#3422,.F.);
#3491=ORIENTED_EDGE('',*,*,#2697,.T.);
#3492=ORIENTED_EDGE('',*,*,#2820,.T.);
#3493=ORIENTED_EDGE('',*,*,#1578,.T.);
#3494=ORIENTED_EDGE('',*,*,#1666,.T.);
#3495=ORIENTED_EDGE('',*,*,#1294,.F.);
#3496=ORIENTED_EDGE('',*,*,#2645,.T.);
#3497=ORIENTED_EDGE('',*,*,#843,.T.);
#3498=EDGE_LOOP('',(#3449,#3457,#3465,#3473,#3481,#3488,#3489,#3490,#3491,#3492,#3493,#3494,#3495,#3496,#3497));
#3499=FACE_BOUND('',#3498,.T.);
#3500=ADVANCED_FACE('',(#3499),#3448,.F.);
#3501=CARTESIAN_POINT('',(23.952672334,0.,0.028854677));
#3502=DIRECTION('',(0.,0.,-1.));
#3503=DIRECTION('',(0.,1.,0.));
#3504=AXIS2_PLACEMENT_3D('',#3501,#3502,#3503);
#3505=PLANE('',#3504);
#3506=CARTESIAN_POINT('',(25.648046875,23.427385837,0.028854677));
#3507=VERTEX_POINT('',#3506);
#3508=CARTESIAN_POINT('',(25.648046875,24.627886276,0.028854677));
#3509=DIRECTION('',(0.,-1.,0.));
#3510=VECTOR('',#3509,1.200500439);
#3511=LINE('',#3508,#3510);
#3512=EDGE_CURVE('',#756,#3507,#3511,.T.);
#3513=ORIENTED_EDGE('',*,*,#3512,.F.);
#3514=ORIENTED_EDGE('',*,*,#763,.T.);
#3515=CARTESIAN_POINT('',(35.531757614,1.803988724,0.028854677));
#3516=VERTEX_POINT('',#3515);
#3517=CARTESIAN_POINT('',(35.531757614,24.627886276,0.028854677));
#3518=DIRECTION('',(-0.,-1.,-0.));
#3519=VECTOR('',#3518,22.823897552);
#3520=LINE('',#3517,#3519);
#3521=EDGE_CURVE('',#758,#3516,#3520,.T.);
#3522=ORIENTED_EDGE('',*,*,#3521,.T.);
#3523=CARTESIAN_POINT('',(35.531757614,1.803988724,0.028854677));
#3524=DIRECTION('',(-1.,-0.,-0.));
#3525=VECTOR('',#3524,10.903948776);
#3526=LINE('',#3523,#3525);
#3527=EDGE_CURVE('',#3516,#807,#3526,.T.);
#3528=ORIENTED_EDGE('',*,*,#3527,.T.);
#3529=ORIENTED_EDGE('',*,*,#812,.F.);
#3530=CARTESIAN_POINT('',(25.648046875,23.427385837,0.028854677));
#3531=DIRECTION('',(-1.,0.,0.));
#3532=VECTOR('',#3531,1.020238037);
#3533=LINE('',#3530,#3532);
#3534=EDGE_CURVE('',#3507,#799,#3533,.T.);
#3535=ORIENTED_EDGE('',*,*,#3534,.F.);
#3536=EDGE_LOOP('',(#3513,#3514,#3522,#3528,#3529,#3535));
#3537=FACE_BOUND('',#3536,.T.);
#3538=ADVANCED_FACE('',(#3537),#3505,.T.);
#3539=CARTESIAN_POINT('',(35.531757614,24.627886276,0.028854677));
#3540=DIRECTION('',(0.,0.,-1.));
#3541=DIRECTION('',(-1.,0.,0.));
#3542=AXIS2_PLACEMENT_3D('',#3539,#3540,#3541);
#3543=CYLINDRICAL_SURFACE('',#3542,1.796051224);
#3544=ORIENTED_EDGE('',*,*,#2621,.T.);
#3545=ORIENTED_EDGE('',*,*,#2753,.F.);
#3546=CARTESIAN_POINT('',(35.531757614,24.627886276,1.824905901));
#3547=DIRECTION('',(0.,0.,-1.));
#3548=DIRECTION('',(-1.,0.,0.));
#3549=AXIS2_PLACEMENT_3D('',#3546,#3547,#3548);
#3550=CIRCLE('',#3549,1.796051224);
#3551=EDGE_CURVE('',#734,#2742,#3550,.T.);
#3552=ORIENTED_EDGE('',*,*,#3551,.F.);
#3553=ORIENTED_EDGE('',*,*,#739,.F.);
#3554=EDGE_LOOP('',(#3544,#3545,#3552,#3553));
#3555=FACE_BOUND('',#3554,.T.);
#3556=ADVANCED_FACE('',(#3555),#3543,.T.);
#3557=CARTESIAN_POINT('',(30.079783226,24.629886276,1.298854677));
#3558=DIRECTION('',(0.,0.,-1.));
#3559=DIRECTION('',(-1.,0.,-0.));
#3560=AXIS2_PLACEMENT_3D('',#3557,#3558,#3559);
#3561=PLANE('',#3560);
#3562=CARTESIAN_POINT('',(25.648046875,23.427385837,1.298854677));
#3563=VERTEX_POINT('',#3562);
#3564=CARTESIAN_POINT('',(25.648046875,23.427385837,1.298854677));
#3565=DIRECTION('',(0.,1.,0.));
#3566=VECTOR('',#3565,1.200500439);
#3567=LINE('',#3564,#3566);
#3568=EDGE_CURVE('',#3563,#3386,#3567,.T.);
#3569=ORIENTED_EDGE('',*,*,#3568,.F.);
#3570=CARTESIAN_POINT('',(25.619996338,23.427385837,1.298854677));
#3571=VERTEX_POINT('',#3570);
#3572=CARTESIAN_POINT('',(25.648046875,23.427385837,1.298854677));
#3573=DIRECTION('',(-1.,0.,-0.));
#3574=VECTOR('',#3573,0.028050537);
#3575=LINE('',#3572,#3574);
#3576=EDGE_CURVE('',#3563,#3571,#3575,.T.);
#3577=ORIENTED_EDGE('',*,*,#3576,.T.);
#3578=CARTESIAN_POINT('',(25.619996338,23.427385837,1.298854677));
#3579=DIRECTION('',(0.,-1.,-0.));
#3580=VECTOR('',#3579,21.623397113);
#3581=LINE('',#3578,#3580);
#3582=EDGE_CURVE('',#3571,#3339,#3581,.T.);
#3583=ORIENTED_EDGE('',*,*,#3582,.T.);
#3584=ORIENTED_EDGE('',*,*,#3346,.T.);
#3585=ORIENTED_EDGE('',*,*,#3439,.F.);
#3586=ORIENTED_EDGE('',*,*,#3399,.F.);
#3587=EDGE_LOOP('',(#3569,#3577,#3583,#3584,#3585,#3586));
#3588=FACE_BOUND('',#3587,.T.);
#3589=ADVANCED_FACE('',(#3588),#3561,.F.);
#3590=CARTESIAN_POINT('',(35.531757614,25.525911888,1.824905901));
#3591=DIRECTION('',(-0.,1.,0.));
#3592=DIRECTION('',(1.,0.,0.));
#3593=AXIS2_PLACEMENT_3D('',#3590,#3591,#3592);
#3594=CYLINDRICAL_SURFACE('',#3593,1.796051224);
#3595=CARTESIAN_POINT('',(35.531757614,24.627886276,1.824905901));
#3596=DIRECTION('',(0.,-1.,-0.));
#3597=DIRECTION('',(1.,0.,0.));
#3598=AXIS2_PLACEMENT_3D('',#3595,#3596,#3597);
#3599=CIRCLE('',#3598,1.796051224);
#3600=EDGE_CURVE('',#758,#2742,#3599,.T.);
#3601=ORIENTED_EDGE('',*,*,#3600,.T.);
#3602=ORIENTED_EDGE('',*,*,#2747,.F.);
#3603=CARTESIAN_POINT('',(35.531757614,1.803988724,1.824905901));
#3604=DIRECTION('',(0.,-1.,-0.));
#3605=DIRECTION('',(1.,0.,0.));
#3606=AXIS2_PLACEMENT_3D('',#3603,#3604,#3605);
#3607=CIRCLE('',#3606,1.796051224);
#3608=EDGE_CURVE('',#3516,#2583,#3607,.T.);
#3609=ORIENTED_EDGE('',*,*,#3608,.F.);
#3610=ORIENTED_EDGE('',*,*,#3521,.F.);
#3611=EDGE_LOOP('',(#3601,#3602,#3609,#3610));
#3612=FACE_BOUND('',#3611,.T.);
#3613=ADVANCED_FACE('',(#3612),#3594,.T.);
#3614=CARTESIAN_POINT('',(25.525834451,1.803988724,1.824905901));
#3615=DIRECTION('',(1.,0.,0.));
#3616=DIRECTION('',(0.,-1.,0.));
#3617=AXIS2_PLACEMENT_3D('',#3614,#3615,#3616);
#3618=CYLINDRICAL_SURFACE('',#3617,1.796051224);
#3619=CARTESIAN_POINT('',(24.640557654,0.82455004,0.319415993));
#3620=VERTEX_POINT('',#3619);
#3621=CARTESIAN_POINT('',(25.619996338,1.803988724,1.824905901));
#3622=DIRECTION('',(0.707106781,-0.707106781,0.));
#3623=DIRECTION('',(0.707106781,0.707106781,0.));
#3624=AXIS2_PLACEMENT_3D('',#3621,#3622,#3623);
#3625=ELLIPSE('',#3624,2.54,1.796051224);
#3626=EDGE_CURVE('',#3475,#3620,#3625,.T.);
#3627=ORIENTED_EDGE('',*,*,#3626,.T.);
#3628=CARTESIAN_POINT('',(26.146047562,1.803988724,1.824905901));
#3629=DIRECTION('',(0.707106781,0.,-0.707106781));
#3630=DIRECTION('',(0.707106781,0.,0.707106781));
#3631=AXIS2_PLACEMENT_3D('',#3628,#3629,#3630);
#3632=ELLIPSE('',#3631,2.54,1.796051224);
#3633=EDGE_CURVE('',#3620,#789,#3632,.T.);
#3634=ORIENTED_EDGE('',*,*,#3633,.T.);
#3635=ORIENTED_EDGE('',*,*,#819,.F.);
#3636=ORIENTED_EDGE('',*,*,#3527,.F.);
#3637=CARTESIAN_POINT('',(35.531757614,1.803988724,1.824905901));
#3638=DIRECTION('',(-1.,-0.,-0.));
#3639=DIRECTION('',(0.,-1.,0.));
#3640=AXIS2_PLACEMENT_3D('',#3637,#3638,#3639);
#3641=CIRCLE('',#3640,1.796051224);
#3642=EDGE_CURVE('',#3516,#2575,#3641,.T.);
#3643=ORIENTED_EDGE('',*,*,#3642,.T.);
#3644=ORIENTED_EDGE('',*,*,#2728,.F.);
#3645=ORIENTED_EDGE('',*,*,#3487,.F.);
#3646=EDGE_LOOP('',(#3627,#3634,#3635,#3636,#3643,#3644,#3645));
#3647=FACE_BOUND('',#3646,.T.);
#3648=ADVANCED_FACE('',(#3647),#3618,.T.);
#3649=CARTESIAN_POINT('',(35.259088174,24.688046435,0.03875471));
#3650=CARTESIAN_POINT('',(35.294981889,24.802386014,0.04108481));
#3651=CARTESIAN_POINT('',(35.365943678,25.028606217,0.066471392));
#3652=CARTESIAN_POINT('',(35.454302461,25.345047229,0.167309213));
#3653=CARTESIAN_POINT('',(35.515352599,25.642128211,0.329544642));
#3654=CARTESIAN_POINT('',(35.547153377,25.995237106,0.621486516));
#3655=CARTESIAN_POINT('',(35.469056123,26.317975059,1.099177001));
#3656=CARTESIAN_POINT('',(35.336057411,26.405708521,1.531445906));
#3657=CARTESIAN_POINT('',(35.261712888,26.412605218,1.764579671));
#3658=CARTESIAN_POINT('',(35.313422732,24.675769867,0.036203599));
#3659=CARTESIAN_POINT('',(35.349304334,24.790198436,0.037724497));
#3660=CARTESIAN_POINT('',(35.42108084,25.016907042,0.062383141));
#3661=CARTESIAN_POINT('',(35.511478676,25.336639706,0.162624434));
#3662=CARTESIAN_POINT('',(35.574238,25.638193463,0.326458663));
#3663=CARTESIAN_POINT('',(35.606855638,25.997215563,0.622353192));
#3664=CARTESIAN_POINT('',(35.526597076,26.322321354,1.107500309));
#3665=CARTESIAN_POINT('',(35.390331646,26.412555699,1.54315633));
#3666=CARTESIAN_POINT('',(35.31595107,26.414816678,1.777467765));
#3667=CARTESIAN_POINT('',(35.423091259,24.650691219,0.03009338));
#3668=CARTESIAN_POINT('',(35.459939036,24.764897407,0.02977067));
#3669=CARTESIAN_POINT('',(35.533172721,24.991322358,0.052103851));
#3670=CARTESIAN_POINT('',(35.627967673,25.319169047,0.153487418));
#3671=CARTESIAN_POINT('',(35.692392021,25.62949452,0.321121707));
#3672=CARTESIAN_POINT('',(35.725187367,26.000987361,0.625808673));
#3673=CARTESIAN_POINT('',(35.644025937,26.329790379,1.124321823));
#3674=CARTESIAN_POINT('',(35.500977194,26.424502741,1.571571141));
#3675=CARTESIAN_POINT('',(35.425894976,26.422863612,1.802226549));
#3676=CARTESIAN_POINT('',(35.640963615,24.604938629,0.025901197));
#3677=CARTESIAN_POINT('',(35.676893314,24.717180966,0.026367088));
#3678=CARTESIAN_POINT('',(35.75385917,24.944499033,0.049946592));
#3679=CARTESIAN_POINT('',(35.853808475,25.282167306,0.161783165));
#3680=CARTESIAN_POINT('',(35.922220407,25.599504667,0.336669002));
#3681=CARTESIAN_POINT('',(35.954881345,25.979664609,0.650712099));
#3682=CARTESIAN_POINT('',(35.873352226,26.326173668,1.161378106));
#3683=CARTESIAN_POINT('',(35.715965601,26.424977745,1.62180463));
#3684=CARTESIAN_POINT('',(35.643177663,26.42674646,1.8488983));
#3685=CARTESIAN_POINT('',(35.918623415,24.546411162,0.061807023));
#3686=CARTESIAN_POINT('',(35.948246887,24.665036359,0.066184701));
#3687=CARTESIAN_POINT('',(36.018337161,24.895833155,0.080356046));
#3688=CARTESIAN_POINT('',(36.128266901,25.226131898,0.208337066));
#3689=CARTESIAN_POINT('',(36.198584815,25.541934018,0.390949565));
#3690=CARTESIAN_POINT('',(36.232114493,25.916743958,0.709107624));
#3691=CARTESIAN_POINT('',(36.148637179,26.298487844,1.216173495));
#3692=CARTESIAN_POINT('',(35.979866187,26.385641001,1.670239773));
#3693=CARTESIAN_POINT('',(35.921528912,26.39021593,1.906137274));
#3694=CARTESIAN_POINT('',(36.220144239,24.446961597,0.156979426));
#3695=CARTESIAN_POINT('',(36.256671556,24.564127396,0.172693644));
#3696=CARTESIAN_POINT('',(36.330308183,24.803175789,0.193778408));
#3697=CARTESIAN_POINT('',(36.436996642,25.126819468,0.319406803));
#3698=CARTESIAN_POINT('',(36.509142548,25.433572888,0.504421114));
#3699=CARTESIAN_POINT('',(36.545410586,25.798777822,0.826306244));
#3700=CARTESIAN_POINT('',(36.4526358,26.191446984,1.302481039));
#3701=CARTESIAN_POINT('',(36.293567449,26.273734459,1.767829257));
#3702=CARTESIAN_POINT('',(36.223361211,26.290430027,2.006799355));
#3703=CARTESIAN_POINT('',(36.475895566,24.319471773,0.292952995));
#3704=CARTESIAN_POINT('',(36.515752336,24.432043583,0.317653078));
#3705=CARTESIAN_POINT('',(36.599191217,24.663230622,0.359205474));
#3706=CARTESIAN_POINT('',(36.713845638,24.989415354,0.471555353));
#3707=CARTESIAN_POINT('',(36.787990303,25.282522255,0.668410591));
#3708=CARTESIAN_POINT('',(36.824873338,25.637986754,0.979283727));
#3709=CARTESIAN_POINT('',(36.732637025,26.020376629,1.445950506));
#3710=CARTESIAN_POINT('',(36.558679827,26.114392769,1.902947943));
#3711=CARTESIAN_POINT('',(36.478774764,26.153020451,2.135133682));
#3712=CARTESIAN_POINT('',(36.68567814,24.163930516,0.451235759));
#3713=CARTESIAN_POINT('',(36.725056317,24.272271644,0.486662559));
#3714=CARTESIAN_POINT('',(36.811715626,24.491674885,0.551220307));
#3715=CARTESIAN_POINT('',(36.934846051,24.808283994,0.677780946));
#3716=CARTESIAN_POINT('',(37.023560292,25.096141209,0.866476365));
#3717=CARTESIAN_POINT('',(37.068877983,25.437899108,1.173684956));
#3718=CARTESIAN_POINT('',(36.953910566,25.802909695,1.628474067));
#3719=CARTESIAN_POINT('',(36.769381646,25.93086425,2.069470877));
#3720=CARTESIAN_POINT('',(36.682001326,26.000068875,2.286603611));
#3721=CARTESIAN_POINT('',(36.857691112,23.985296897,0.624568109));
#3722=CARTESIAN_POINT('',(36.896573836,24.089320052,0.666743678));
#3723=CARTESIAN_POINT('',(36.970369697,24.295154421,0.75274122));
#3724=CARTESIAN_POINT('',(37.094330357,24.59991769,0.906658769));
#3725=CARTESIAN_POINT('',(37.187362333,24.876229172,1.10209382));
#3726=CARTESIAN_POINT('',(37.237816686,25.201651231,1.396830427));
#3727=CARTESIAN_POINT('',(37.113360503,25.565255503,1.838462847));
#3728=CARTESIAN_POINT('',(36.925279244,25.740310117,2.260085551));
#3729=CARTESIAN_POINT('',(36.852357741,25.826489834,2.468873401));
#3730=CARTESIAN_POINT('',(36.983999984,23.781881472,0.818271915));
#3731=CARTESIAN_POINT('',(37.018690545,23.881666024,0.86710187));
#3732=CARTESIAN_POINT('',(37.084623095,24.081185563,0.965155192));
#3733=CARTESIAN_POINT('',(37.190371607,24.370536366,1.127099186));
#3734=CARTESIAN_POINT('',(37.280099074,24.63660448,1.342927505));
#3735=CARTESIAN_POINT('',(37.331669912,24.952304409,1.650442396));
#3736=CARTESIAN_POINT('',(37.205563422,25.34192511,2.065424345));
#3737=CARTESIAN_POINT('',(37.039117155,25.533181219,2.472287883));
#3738=CARTESIAN_POINT('',(36.97890791,25.630597482,2.674139161));
#3739=CARTESIAN_POINT('',(37.051696584,23.637548641,0.956396301));
#3740=CARTESIAN_POINT('',(37.08400964,23.736369608,1.006075832));
#3741=CARTESIAN_POINT('',(37.153047532,23.934155916,1.107313854));
#3742=CARTESIAN_POINT('',(37.232602166,24.216036184,1.27315812));
#3743=CARTESIAN_POINT('',(37.303002889,24.474966711,1.500132778));
#3744=CARTESIAN_POINT('',(37.351844795,24.78345547,1.823653963));
#3745=CARTESIAN_POINT('',(37.234135035,25.193891249,2.204625743));
#3746=CARTESIAN_POINT('',(37.126281106,25.389834038,2.619397572));
#3747=CARTESIAN_POINT('',(37.052586638,25.490615827,2.818003139));
#3748=CARTESIAN_POINT('',(37.085200486,23.565010018,1.025919041));
#3749=CARTESIAN_POINT('',(37.118370597,23.663676435,1.076049517));
#3750=CARTESIAN_POINT('',(37.181553529,23.860437259,1.177666333));
#3751=CARTESIAN_POINT('',(37.260243278,24.13858838,1.348587338));
#3752=CARTESIAN_POINT('',(37.307058912,24.395327213,1.580327802));
#3753=CARTESIAN_POINT('',(37.348244843,24.699025659,1.907004332));
#3754=CARTESIAN_POINT('',(37.247795749,25.118653474,2.276946973));
#3755=CARTESIAN_POINT('',(37.1662305,25.318747489,2.692297579));
#3756=CARTESIAN_POINT('',(37.089483799,25.419930873,2.89009507));
#3757=B_SPLINE_SURFACE_WITH_KNOTS('',3,3,((#3649,#3650,#3651,#3652,#3653,#3654,#3655,#3656,#3657),(#3658,#3659,#3660,#3661,#3662,#3663,#3664,#3665,#3666),(#3667,#3668,#3669,#3670,#3671,#3672,#3673,#3674,#3675),(#3676,#3677,#3678,#3679,#3680,#3681,#3682,#3683,#3684),(#3685,#3686,#3687,#3688,#3689,#3690,#3691,#3692,#3693),(#3694,#3695,#3696,#3697,#3698,#3699,#3700,#3701,#3702),(#3703,#3704,#3705,#3706,#3707,#3708,#3709,#3710,#3711),(#3712,#3713,#3714,#3715,#3716,#3717,#3718,#3719,#3720),(#3721,#3722,#3723,#3724,#3725,#3726,#3727,#3728,#3729),(#3730,#3731,#3732,#3733,#3734,#3735,#3736,#3737,#3738),(#3739,#3740,#3741,#3742,#3743,#3744,#3745,#3746,#3747),(#3748,#3749,#3750,#3751,#3752,#3753,#3754,#3755,#3756)),.UNSPECIFIED.,.F.,.F.,.U.,(4,1,1,1,1,1,1,1,1,4),(4,1,1,1,1,1,4),(-0.001033669,-0.00088116,-0.0007246,-0.00041148,-0.00009836,0.000214759,0.000527879,0.000840999,0.001154119,0.001467233),(-0.001271518,-0.00095384,-0.000636147,-0.000318455,-0.000000763,0.000634621,0.001269989),.UNSPECIFIED.);
#3758=ORIENTED_EDGE('',*,*,#778,.T.);
#3759=ORIENTED_EDGE('',*,*,#3551,.T.);
#3760=ORIENTED_EDGE('',*,*,#3600,.F.);
#3761=EDGE_LOOP('',(#3758,#3759,#3760));
#3762=FACE_BOUND('',#3761,.T.);
#3763=ADVANCED_FACE('',(#3762),#3757,.F.);
#3764=CARTESIAN_POINT('',(35.259088174,0.017837534,1.764745742));
#3765=CARTESIAN_POINT('',(35.294981889,0.020167633,1.650406162));
#3766=CARTESIAN_POINT('',(35.365943678,0.045554215,1.42418596));
#3767=CARTESIAN_POINT('',(35.454302461,0.146392036,1.107744947));
#3768=CARTESIAN_POINT('',(35.515352599,0.308627466,0.810663965));
#3769=CARTESIAN_POINT('',(35.547153377,0.60056934,0.457555071));
#3770=CARTESIAN_POINT('',(35.469056123,1.078259825,0.134817117));
#3771=CARTESIAN_POINT('',(35.336057411,1.51052873,0.047083656));
#3772=CARTESIAN_POINT('',(35.261712888,1.743662494,0.040186958));
#3773=CARTESIAN_POINT('',(35.313422732,0.015286423,1.77702231));
#3774=CARTESIAN_POINT('',(35.349304334,0.016807321,1.662593741));
#3775=CARTESIAN_POINT('',(35.42108084,0.041465964,1.435885134));
#3776=CARTESIAN_POINT('',(35.511478676,0.141707258,1.116152471));
#3777=CARTESIAN_POINT('',(35.574238,0.305541486,0.814598714));
#3778=CARTESIAN_POINT('',(35.606855638,0.601436016,0.455576613));
#3779=CARTESIAN_POINT('',(35.526597076,1.086583133,0.130470823));
#3780=CARTESIAN_POINT('',(35.390331646,1.522239153,0.040236478));
#3781=CARTESIAN_POINT('',(35.31595107,1.756550588,0.037975499));
#3782=CARTESIAN_POINT('',(35.423091259,0.009176203,1.802100957));
#3783=CARTESIAN_POINT('',(35.459939036,0.008853494,1.687894769));
#3784=CARTESIAN_POINT('',(35.533172721,0.031186675,1.461469819));
#3785=CARTESIAN_POINT('',(35.627967673,0.132570242,1.133623129));
#3786=CARTESIAN_POINT('',(35.692392021,0.30020453,0.823297656));
#3787=CARTESIAN_POINT('',(35.725187367,0.604891496,0.451804816));
#3788=CARTESIAN_POINT('',(35.644025937,1.103404646,0.123001798));
#3789=CARTESIAN_POINT('',(35.500977194,1.550653964,0.028289436));
#3790=CARTESIAN_POINT('',(35.425894976,1.781309372,0.029928564));
#3791=CARTESIAN_POINT('',(35.640963615,0.00498402,1.847853547));
#3792=CARTESIAN_POINT('',(35.676893314,0.005449911,1.73561121));
#3793=CARTESIAN_POINT('',(35.75385917,0.029029415,1.508293143));
#3794=CARTESIAN_POINT('',(35.853808475,0.140865988,1.17062487));
#3795=CARTESIAN_POINT('',(35.922220407,0.315751826,0.85328751));
#3796=CARTESIAN_POINT('',(35.954881345,0.629794923,0.473127568));
#3797=CARTESIAN_POINT('',(35.873352226,1.14046093,0.126618509));
#3798=CARTESIAN_POINT('',(35.715965601,1.600887454,0.027814431));
#3799=CARTESIAN_POINT('',(35.643177663,1.827981124,0.026045717));
#3800=CARTESIAN_POINT('',(35.918623415,0.040889846,1.906381015));
#3801=CARTESIAN_POINT('',(35.948246887,0.045267524,1.787755818));
#3802=CARTESIAN_POINT('',(36.018337161,0.05943887,1.556959021));
#3803=CARTESIAN_POINT('',(36.128266901,0.18741989,1.226660279));
#3804=CARTESIAN_POINT('',(36.198584815,0.370032389,0.910858159));
#3805=CARTESIAN_POINT('',(36.232114493,0.688190448,0.536048219));
#3806=CARTESIAN_POINT('',(36.148637179,1.195256318,0.154304332));
#3807=CARTESIAN_POINT('',(35.979866187,1.649322596,0.067151176));
#3808=CARTESIAN_POINT('',(35.921528912,1.885220098,0.062576247));
#3809=CARTESIAN_POINT('',(36.220144239,0.136062249,2.005830579));
#3810=CARTESIAN_POINT('',(36.256671556,0.151776468,1.888664781));
#3811=CARTESIAN_POINT('',(36.330308183,0.172861231,1.649616388));
#3812=CARTESIAN_POINT('',(36.436996642,0.298489626,1.325972708));
#3813=CARTESIAN_POINT('',(36.509142548,0.483503937,1.019219289));
#3814=CARTESIAN_POINT('',(36.545410586,0.805389068,0.654014354));
#3815=CARTESIAN_POINT('',(36.4526358,1.281563862,0.261345192));
#3816=CARTESIAN_POINT('',(36.293567449,1.74691208,0.179057718));
#3817=CARTESIAN_POINT('',(36.223361211,1.985882178,0.162362149));
#3818=CARTESIAN_POINT('',(36.475895566,0.272035819,2.133320404));
#3819=CARTESIAN_POINT('',(36.515752336,0.296735901,2.020748594));
#3820=CARTESIAN_POINT('',(36.599191217,0.338288298,1.789561554));
#3821=CARTESIAN_POINT('',(36.713845638,0.450638176,1.463376823));
#3822=CARTESIAN_POINT('',(36.787990303,0.647493414,1.170269921));
#3823=CARTESIAN_POINT('',(36.824873338,0.95836655,0.814805423));
#3824=CARTESIAN_POINT('',(36.732637025,1.425033329,0.432415548));
#3825=CARTESIAN_POINT('',(36.558679827,1.882030767,0.338399407));
#3826=CARTESIAN_POINT('',(36.478774764,2.114216506,0.299771725));
#3827=CARTESIAN_POINT('',(36.68567814,0.430318583,2.288861661));
#3828=CARTESIAN_POINT('',(36.725056317,0.465745382,2.180520533));
#3829=CARTESIAN_POINT('',(36.811715626,0.53030313,1.961117292));
#3830=CARTESIAN_POINT('',(36.934846051,0.656863769,1.644508182));
#3831=CARTESIAN_POINT('',(37.023560292,0.845559188,1.356650968));
#3832=CARTESIAN_POINT('',(37.068877983,1.15276778,1.014893069));
#3833=CARTESIAN_POINT('',(36.953910566,1.60755689,0.649882481));
#3834=CARTESIAN_POINT('',(36.769381646,2.0485537,0.521927926));
#3835=CARTESIAN_POINT('',(36.682001326,2.265686435,0.452723301));
#3836=CARTESIAN_POINT('',(36.857691112,0.603650932,2.46749528));
#3837=CARTESIAN_POINT('',(36.896573836,0.645826501,2.363472124));
#3838=CARTESIAN_POINT('',(36.970369697,0.731824044,2.157637756));
#3839=CARTESIAN_POINT('',(37.094330357,0.885741592,1.852874486));
#3840=CARTESIAN_POINT('',(37.187362333,1.081176644,1.576563005));
#3841=CARTESIAN_POINT('',(37.237816686,1.37591325,1.251140946));
#3842=CARTESIAN_POINT('',(37.113360503,1.81754567,0.887536674));
#3843=CARTESIAN_POINT('',(36.925279244,2.239168374,0.71248206));
#3844=CARTESIAN_POINT('',(36.852357741,2.447956224,0.626302343));
#3845=CARTESIAN_POINT('',(36.983999984,0.797354739,2.670910705));
#3846=CARTESIAN_POINT('',(37.018690545,0.846184693,2.571126152));
#3847=CARTESIAN_POINT('',(37.084623095,0.944238015,2.371606614));
#3848=CARTESIAN_POINT('',(37.190371607,1.106182009,2.082255811));
#3849=CARTESIAN_POINT('',(37.280099074,1.322010328,1.816187697));
#3850=CARTESIAN_POINT('',(37.331669912,1.62952522,1.500487767));
#3851=CARTESIAN_POINT('',(37.205563422,2.044507168,1.110867067));
#3852=CARTESIAN_POINT('',(37.039117155,2.451370706,0.919610957));
#3853=CARTESIAN_POINT('',(36.97890791,2.653221984,0.822194695));
#3854=CARTESIAN_POINT('',(37.051696584,0.935479124,2.815243536));
#3855=CARTESIAN_POINT('',(37.08400964,0.985158655,2.716422568));
#3856=CARTESIAN_POINT('',(37.153047532,1.086396678,2.518636261));
#3857=CARTESIAN_POINT('',(37.232602166,1.252240943,2.236755993));
#3858=CARTESIAN_POINT('',(37.303002889,1.479215601,1.977825465));
#3859=CARTESIAN_POINT('',(37.351844795,1.802736786,1.669336707));
#3860=CARTESIAN_POINT('',(37.234135035,2.183708567,1.258900927));
#3861=CARTESIAN_POINT('',(37.126281106,2.598480396,1.062958139));
#3862=CARTESIAN_POINT('',(37.052586638,2.797085962,0.962176349));
#3863=CARTESIAN_POINT('',(37.085200486,1.005001865,2.887782158));
#3864=CARTESIAN_POINT('',(37.118370597,1.05513234,2.789115742));
#3865=CARTESIAN_POINT('',(37.181553529,1.156749156,2.592354917));
#3866=CARTESIAN_POINT('',(37.260243278,1.327670161,2.314203796));
#3867=CARTESIAN_POINT('',(37.307058912,1.559410625,2.057464963));
#3868=CARTESIAN_POINT('',(37.348244843,1.886087155,1.753766518));
#3869=CARTESIAN_POINT('',(37.247795749,2.256029797,1.334138703));
#3870=CARTESIAN_POINT('',(37.1662305,2.671380402,1.134044688));
#3871=CARTESIAN_POINT('',(37.089483799,2.869177894,1.032861304));
#3872=B_SPLINE_SURFACE_WITH_KNOTS('',3,3,((#3764,#3765,#3766,#3767,#3768,#3769,#3770,#3771,#3772),(#3773,#3774,#3775,#3776,#3777,#3778,#3779,#3780,#3781),(#3782,#3783,#3784,#3785,#3786,#3787,#3788,#3789,#3790),(#3791,#3792,#3793,#3794,#3795,#3796,#3797,#3798,#3799),(#3800,#3801,#3802,#3803,#3804,#3805,#3806,#3807,#3808),(#3809,#3810,#3811,#3812,#3813,#3814,#3815,#3816,#3817),(#3818,#3819,#3820,#3821,#3822,#3823,#3824,#3825,#3826),(#3827,#3828,#3829,#3830,#3831,#3832,#3833,#3834,#3835),(#3836,#3837,#3838,#3839,#3840,#3841,#3842,#3843,#3844),(#3845,#3846,#3847,#3848,#3849,#3850,#3851,#3852,#3853),(#3854,#3855,#3856,#3857,#3858,#3859,#3860,#3861,#3862),(#3863,#3864,#3865,#3866,#3867,#3868,#3869,#3870,#3871)),.UNSPECIFIED.,.F.,.F.,.U.,(4,1,1,1,1,1,1,1,1,4),(4,1,1,1,1,1,4),(-0.001033669,-0.00088116,-0.0007246,-0.00041148,-0.00009836,0.000214759,0.000527879,0.000840999,0.001154119,0.001467233),(-0.001271518,-0.00095384,-0.000636147,-0.000318455,-0.000000763,0.000634621,0.001269989),.UNSPECIFIED.);
#3873=ORIENTED_EDGE('',*,*,#3608,.T.);
#3874=ORIENTED_EDGE('',*,*,#2589,.T.);
#3875=ORIENTED_EDGE('',*,*,#3642,.F.);
#3876=EDGE_LOOP('',(#3873,#3874,#3875));
#3877=FACE_BOUND('',#3876,.T.);
#3878=ADVANCED_FACE('',(#3877),#3872,.F.);
#3879=CARTESIAN_POINT('',(33.374631864,4.38546875,10.26000015));
#3880=DIRECTION('',(0.,0.,-1.));
#3881=DIRECTION('',(-1.,0.,0.));
#3882=AXIS2_PLACEMENT_3D('',#3879,#3880,#3881);
#3883=PLANE('',#3882);
#3884=ORIENTED_EDGE('',*,*,#2791,.T.);
#3885=ORIENTED_EDGE('',*,*,#1822,.T.);
#3886=ORIENTED_EDGE('',*,*,#958,.T.);
#3887=ORIENTED_EDGE('',*,*,#3043,.F.);
#3888=ORIENTED_EDGE('',*,*,#3144,.F.);
#3889=ORIENTED_EDGE('',*,*,#3199,.F.);
#3890=ORIENTED_EDGE('',*,*,#2831,.F.);
#3891=ORIENTED_EDGE('',*,*,#2368,.T.);
#3892=ORIENTED_EDGE('',*,*,#1862,.F.);
#3893=EDGE_LOOP('',(#3884,#3885,#3886,#3887,#3888,#3889,#3890,#3891,#3892));
#3894=FACE_BOUND('',#3893,.T.);
#3895=ADVANCED_FACE('',(#3894),#3883,.F.);
#3896=CARTESIAN_POINT('',(38.742668213,18.221523437,10.244896086));
#3897=DIRECTION('',(0.,0.,-1.));
#3898=DIRECTION('',(-1.,0.,0.));
#3899=AXIS2_PLACEMENT_3D('',#3896,#3897,#3898);
#3900=PLANE('',#3899);
#3901=ORIENTED_EDGE('',*,*,#2777,.T.);
#3902=ORIENTED_EDGE('',*,*,#3085,.T.);
#3903=CARTESIAN_POINT('',(34.932668213,18.771731308,10.244896086));
#3904=DIRECTION('',(0.,-1.,0.));
#3905=VECTOR('',#3904,1.894621933);
#3906=LINE('',#3903,#3905);
#3907=EDGE_CURVE('',#3073,#1055,#3906,.T.);
#3908=ORIENTED_EDGE('',*,*,#3907,.T.);
#3909=ORIENTED_EDGE('',*,*,#1060,.F.);
#3910=EDGE_LOOP('',(#3901,#3902,#3908,#3909));
#3911=FACE_BOUND('',#3910,.T.);
#3912=ADVANCED_FACE('',(#3911),#3900,.F.);
#3913=CARTESIAN_POINT('',(33.982159105,26.660078125,10.244896086));
#3914=DIRECTION('',(0.,0.,1.));
#3915=DIRECTION('',(1.,0.,0.));
#3916=AXIS2_PLACEMENT_3D('',#3913,#3914,#3915);
#3917=PLANE('',#3916);
#3918=ORIENTED_EDGE('',*,*,#1244,.F.);
#3919=ORIENTED_EDGE('',*,*,#1512,.T.);
#3920=ORIENTED_EDGE('',*,*,#2993,.F.);
#3921=ORIENTED_EDGE('',*,*,#1214,.F.);
#3922=EDGE_LOOP('',(#3918,#3919,#3920,#3921));
#3923=FACE_BOUND('',#3922,.T.);
#3924=ADVANCED_FACE('',(#3923),#3917,.T.);
#3925=CARTESIAN_POINT('',(34.331402588,12.62953367,11.718159224));
#3926=DIRECTION('',(0.,0.,1.));
#3927=DIRECTION('',(1.,0.,0.));
#3928=AXIS2_PLACEMENT_3D('',#3925,#3926,#3927);
#3929=PLANE('',#3928);
#3930=ORIENTED_EDGE('',*,*,#2917,.T.);
#3931=ORIENTED_EDGE('',*,*,#1108,.F.);
#3932=ORIENTED_EDGE('',*,*,#926,.T.);
#3933=ORIENTED_EDGE('',*,*,#988,.F.);
#3934=EDGE_LOOP('',(#3930,#3931,#3932,#3933));
#3935=FACE_BOUND('',#3934,.T.);
#3936=ADVANCED_FACE('',(#3935),#3929,.T.);
#3937=CARTESIAN_POINT('',(34.331402588,13.141523402,11.8927503));
#3938=DIRECTION('',(0.,0.000915124,0.999999581));
#3939=DIRECTION('',(0.,-0.999999581,0.000915124));
#3940=AXIS2_PLACEMENT_3D('',#3937,#3938,#3939);
#3941=PLANE('',#3940);
#3942=ORIENTED_EDGE('',*,*,#1035,.T.);
#3943=ORIENTED_EDGE('',*,*,#1982,.F.);
#3944=ORIENTED_EDGE('',*,*,#2924,.F.);
#3945=ORIENTED_EDGE('',*,*,#1019,.F.);
#3946=EDGE_LOOP('',(#3942,#3943,#3944,#3945));
#3947=FACE_BOUND('',#3946,.T.);
#3948=ADVANCED_FACE('',(#3947),#3941,.T.);
#3949=CARTESIAN_POINT('',(34.932668213,0.,0.));
#3950=DIRECTION('',(-1.,0.,0.));
#3951=DIRECTION('',(0.,-1.,0.));
#3952=AXIS2_PLACEMENT_3D('',#3949,#3950,#3951);
#3953=PLANE('',#3952);
#3954=ORIENTED_EDGE('',*,*,#1068,.F.);
#3955=ORIENTED_EDGE('',*,*,#3907,.F.);
#3956=ORIENTED_EDGE('',*,*,#3079,.T.);
#3957=ORIENTED_EDGE('',*,*,#2273,.F.);
#3958=EDGE_LOOP('',(#3954,#3955,#3956,#3957));
#3959=FACE_BOUND('',#3958,.T.);
#3960=ADVANCED_FACE('',(#3959),#3953,.T.);
#3961=CARTESIAN_POINT('',(25.619996338,13.951560482,8.343385927));
#3962=DIRECTION('',(0.707106781,0.,0.707106781));
#3963=DIRECTION('',(0.,1.,0.));
#3964=AXIS2_PLACEMENT_3D('',#3961,#3962,#3963);
#3965=PLANE('',#3964);
#3966=CARTESIAN_POINT('',(24.627808838,0.811801224,9.335573427));
#3967=DIRECTION('',(0.577350269,0.577350269,-0.577350269));
#3968=VECTOR('',#3967,1.718519161);
#3969=LINE('',#3966,#3968);
#3970=EDGE_CURVE('',#3467,#3265,#3969,.T.);
#3971=ORIENTED_EDGE('',*,*,#3970,.F.);
#3972=ORIENTED_EDGE('',*,*,#3472,.F.);
#3973=CARTESIAN_POINT('',(25.619996338,24.627886276,8.343385927));
#3974=DIRECTION('',(-0.577350269,0.577350269,0.577350269));
#3975=VECTOR('',#3974,1.718519161);
#3976=LINE('',#3973,#3975);
#3977=EDGE_CURVE('',#3273,#3459,#3976,.T.);
#3978=ORIENTED_EDGE('',*,*,#3977,.F.);
#3979=ORIENTED_EDGE('',*,*,#3278,.F.);
#3980=EDGE_LOOP('',(#3971,#3972,#3978,#3979));
#3981=FACE_BOUND('',#3980,.T.);
#3982=ADVANCED_FACE('',(#3981),#3965,.F.);
#3983=CARTESIAN_POINT('',(24.627808838,25.620073776,0.028854677));
#3984=DIRECTION('',(0.707106781,0.707106781,0.));
#3985=DIRECTION('',(0.,0.,1.));
#3986=AXIS2_PLACEMENT_3D('',#3983,#3984,#3985);
#3987=PLANE('',#3986);
#3988=CARTESIAN_POINT('',(25.619996338,24.627886276,7.026554677));
#3989=DIRECTION('',(-0.707106781,0.707106781,-0.));
#3990=VECTOR('',#3989,1.403165019);
#3991=LINE('',#3988,#3990);
#3992=EDGE_CURVE('',#3370,#3451,#3991,.T.);
#3993=ORIENTED_EDGE('',*,*,#3992,.F.);
#3994=ORIENTED_EDGE('',*,*,#3375,.F.);
#3995=ORIENTED_EDGE('',*,*,#3977,.T.);
#3996=ORIENTED_EDGE('',*,*,#3464,.F.);
#3997=EDGE_LOOP('',(#3993,#3994,#3995,#3996));
#3998=FACE_BOUND('',#3997,.T.);
#3999=ADVANCED_FACE('',(#3998),#3987,.F.);
#4000=CARTESIAN_POINT('',(25.619996338,1.803988724,0.028854677));
#4001=DIRECTION('',(0.707106781,-0.707106781,0.));
#4002=DIRECTION('',(0.,0.,1.));
#4003=AXIS2_PLACEMENT_3D('',#4000,#4001,#4002);
#4004=PLANE('',#4003);
#4005=ORIENTED_EDGE('',*,*,#3970,.T.);
#4006=ORIENTED_EDGE('',*,*,#3352,.F.);
#4007=CARTESIAN_POINT('',(24.640557654,0.82455004,0.319415993));
#4008=DIRECTION('',(0.577350269,0.577350269,0.577350269));
#4009=VECTOR('',#4008,1.696437564);
#4010=LINE('',#4007,#4009);
#4011=EDGE_CURVE('',#3620,#3339,#4010,.T.);
#4012=ORIENTED_EDGE('',*,*,#4011,.F.);
#4013=ORIENTED_EDGE('',*,*,#3626,.F.);
#4014=ORIENTED_EDGE('',*,*,#3480,.F.);
#4015=EDGE_LOOP('',(#4005,#4006,#4012,#4013,#4014));
#4016=FACE_BOUND('',#4015,.T.);
#4017=ADVANCED_FACE('',(#4016),#4004,.F.);
#4018=CARTESIAN_POINT('',(25.619996338,24.629886276,1.298854677));
#4019=DIRECTION('',(0.707106781,0.,-0.707106781));
#4020=DIRECTION('',(0.,-1.,-0.));
#4021=AXIS2_PLACEMENT_3D('',#4018,#4019,#4020);
#4022=PLANE('',#4021);
#4023=CARTESIAN_POINT('',(24.627808838,23.427385837,0.306667177));
#4024=DIRECTION('',(0.707106781,-0.,0.707106781));
#4025=VECTOR('',#4024,1.403165019);
#4026=LINE('',#4023,#4025);
#4027=EDGE_CURVE('',#791,#3571,#4026,.T.);
#4028=ORIENTED_EDGE('',*,*,#4027,.F.);
#4029=ORIENTED_EDGE('',*,*,#796,.F.);
#4030=ORIENTED_EDGE('',*,*,#3633,.F.);
#4031=ORIENTED_EDGE('',*,*,#4011,.T.);
#4032=ORIENTED_EDGE('',*,*,#3582,.F.);
#4033=EDGE_LOOP('',(#4028,#4029,#4030,#4031,#4032));
#4034=FACE_BOUND('',#4033,.T.);
#4035=ADVANCED_FACE('',(#4034),#4022,.F.);
#4036=CARTESIAN_POINT('',(25.648046875,0.,0.));
#4037=DIRECTION('',(-1.,0.,0.));
#4038=DIRECTION('',(0.,-1.,0.));
#4039=AXIS2_PLACEMENT_3D('',#4036,#4037,#4038);
#4040=PLANE('',#4039);
#4041=ORIENTED_EDGE('',*,*,#3391,.T.);
#4042=CARTESIAN_POINT('',(25.648046875,24.627886276,7.026554677));
#4043=DIRECTION('',(0.,1.,0.));
#4044=VECTOR('',#4043,1.796051224);
#4045=LINE('',#4042,#4044);
#4046=EDGE_CURVE('',#3378,#678,#4045,.T.);
#4047=ORIENTED_EDGE('',*,*,#4046,.T.);
#4048=ORIENTED_EDGE('',*,*,#683,.F.);
#4049=ORIENTED_EDGE('',*,*,#770,.F.);
#4050=ORIENTED_EDGE('',*,*,#3512,.T.);
#4051=CARTESIAN_POINT('',(25.648046875,23.427385837,0.028854677));
#4052=DIRECTION('',(0.,0.,1.));
#4053=VECTOR('',#4052,1.27);
#4054=LINE('',#4051,#4053);
#4055=EDGE_CURVE('',#3507,#3563,#4054,.T.);
#4056=ORIENTED_EDGE('',*,*,#4055,.T.);
#4057=ORIENTED_EDGE('',*,*,#3568,.T.);
#4058=EDGE_LOOP('',(#4041,#4047,#4048,#4049,#4050,#4056,#4057));
#4059=FACE_BOUND('',#4058,.T.);
#4060=ADVANCED_FACE('',(#4059),#4040,.T.);
#4061=CARTESIAN_POINT('',(25.648046875,24.925661668,7.026554677));
#4062=DIRECTION('',(0.,0.,1.));
#4063=DIRECTION('',(1.,0.,0.));
#4064=AXIS2_PLACEMENT_3D('',#4061,#4062,#4063);
#4065=PLANE('',#4064);
#4066=ORIENTED_EDGE('',*,*,#3992,.T.);
#4067=ORIENTED_EDGE('',*,*,#3456,.F.);
#4068=ORIENTED_EDGE('',*,*,#691,.F.);
#4069=ORIENTED_EDGE('',*,*,#4046,.F.);
#4070=ORIENTED_EDGE('',*,*,#3383,.F.);
#4071=EDGE_LOOP('',(#4066,#4067,#4068,#4069,#4070));
#4072=FACE_BOUND('',#4071,.T.);
#4073=ADVANCED_FACE('',(#4072),#4065,.F.);
#4074=CARTESIAN_POINT('',(25.648046875,23.427385837,3.527704677));
#4075=DIRECTION('',(0.,-1.,0.));
#4076=DIRECTION('',(0.,0.,-1.));
#4077=AXIS2_PLACEMENT_3D('',#4074,#4075,#4076);
#4078=PLANE('',#4077);
#4079=ORIENTED_EDGE('',*,*,#4027,.T.);
#4080=ORIENTED_EDGE('',*,*,#3576,.F.);
#4081=ORIENTED_EDGE('',*,*,#4055,.F.);
#4082=ORIENTED_EDGE('',*,*,#3534,.T.);
#4083=ORIENTED_EDGE('',*,*,#804,.F.);
#4084=EDGE_LOOP('',(#4079,#4080,#4081,#4082,#4083));
#4085=FACE_BOUND('',#4084,.T.);
#4086=ADVANCED_FACE('',(#4085),#4078,.F.);
#4087=CARTESIAN_POINT('',(33.797605713,22.1059375,12.782571668));
#4088=DIRECTION('',(-1.,0.,0.));
#4089=DIRECTION('',(0.,0.,1.));
#4090=AXIS2_PLACEMENT_3D('',#4087,#4088,#4089);
#4091=CYLINDRICAL_SURFACE('',#4090,1.27);
#4092=ORIENTED_EDGE('',*,*,#2391,.T.);
#4093=ORIENTED_EDGE('',*,*,#1455,.F.);
#4094=ORIENTED_EDGE('',*,*,#1537,.T.);
#4095=ORIENTED_EDGE('',*,*,#2515,.T.);
#4096=EDGE_LOOP('',(#4092,#4093,#4094,#4095));
#4097=FACE_BOUND('',#4096,.T.);
#4098=ADVANCED_FACE('',(#4097),#4091,.F.);
#4099=CLOSED_SHELL('',(#749,#782,#823,#847,#912,#968,#1023,#1094,#1136,#1192,#1224,#1353,#1384,#1424,#1517,#1541,#1647,#1677,#1702,#1736,#1785,#1809,#1840,#1906,#1945,#1986,
#2098,#2130,#2154,#2215,#2240,#2277,#2308,#2338,#2355,#2379,#2426,#2457,#2481,#2519,#2531,#2543,#2568,#2600,#2633,#2659,#2701,#2734,#2796,#2808,#2873,
#2898,#2929,#2969,#3001,#3018,#3047,#3093,#3124,#3158,#3182,#3219,#3231,#3243,#3296,#3312,#3324,#3363,#3410,#3426,#3443,#3500,#3538,#3556,#3589,#3613,
#3648,#3763,#3878,#3895,#3912,#3924,#3936,#3948,#3960,#3982,#3999,#4017,#4035,#4060,#4073,#4086,#4098));
#4100=MANIFOLD_SOLID_BREP('Body 03',#4099);
#669=STYLED_ITEM('',(#391),#4100);
#4101=(NAMED_UNIT(*)PLANE_ANGLE_UNIT()SI_UNIT($,.RADIAN.));
#4102=PLANE_ANGLE_MEASURE_WITH_UNIT(PLANE_ANGLE_MEASURE(0.0174532925),#4101);
#4103=(CONVERSION_BASED_UNIT('DEGREE',#4102)NAMED_UNIT(#4104)PLANE_ANGLE_UNIT());
#4104=DIMENSIONAL_EXPONENTS(0.,0.,0.,0.,0.,0.,0.);
#4105=(NAMED_UNIT(*)SI_UNIT($,.STERADIAN.)SOLID_ANGLE_UNIT());
#4106=(LENGTH_UNIT()NAMED_UNIT(*)SI_UNIT(.MILLI.,.METRE.));
#4107=UNCERTAINTY_MEASURE_WITH_UNIT(LENGTH_MEASURE(1.000000E-03),#4106,'DISTANCE_ACCURACY_VALUE','Maximum Tolerance applied to model');
#4108=(GEOMETRIC_REPRESENTATION_CONTEXT(3)GLOBAL_UNCERTAINTY_ASSIGNED_CONTEXT((#4107))GLOBAL_UNIT_ASSIGNED_CONTEXT((#4106,#4103,#4105))REPRESENTATION_CONTEXT('','version8-sensor-enclosure (Imported)'));
#4120=CARTESIAN_POINT('',(0.,0.,0.));
#4121=DIRECTION('',(0.,0.,1.));
#4122=DIRECTION('',(1.,0.,-0.));
#4123=AXIS2_PLACEMENT_3D('',#4120,#4121,#4122);
#4124=ITEM_DEFINED_TRANSFORMATION('','',#4123,#15);
#4125=(REPRESENTATION_RELATIONSHIP('','',#4110,#650)REPRESENTATION_RELATIONSHIP_WITH_TRANSFORMATION(#4124)SHAPE_REPRESENTATION_RELATIONSHIP());
#4126=NEXT_ASSEMBLY_USAGE_OCCURRENCE('version8-sensor-enclosure (Imported)_3','version8-sensor-enclosure (Imported)','version8-sensor-enclosure (Imported)',#659,#4119,$);
#4127=PRODUCT_DEFINITION_SHAPE('','',#4126);
#4128=CONTEXT_DEPENDENT_SHAPE_REPRESENTATION(#4125,#4127);
#4129=(NAMED_UNIT(*)PLANE_ANGLE_UNIT()SI_UNIT($,.RADIAN.));
#4130=PLANE_ANGLE_MEASURE_WITH_UNIT(PLANE_ANGLE_MEASURE(0.0174532925),#4129);
#4131=(CONVERSION_BASED_UNIT('DEGREE',#4130)NAMED_UNIT(#4132)PLANE_ANGLE_UNIT());
#4132=DIMENSIONAL_EXPONENTS(0.,0.,0.,0.,0.,0.,0.);
#4133=(NAMED_UNIT(*)SI_UNIT($,.STERADIAN.)SOLID_ANGLE_UNIT());
#4134=(LENGTH_UNIT()NAMED_UNIT(*)SI_UNIT(.MILLI.,.METRE.));
#4135=UNCERTAINTY_MEASURE_WITH_UNIT(LENGTH_MEASURE(1.000000E-03),#4134,'DISTANCE_ACCURACY_VALUE','Maximum Tolerance applied to model');
#4136=(GEOMETRIC_REPRESENTATION_CONTEXT(3)GLOBAL_UNCERTAINTY_ASSIGNED_CONTEXT((#4135))GLOBAL_UNIT_ASSIGNED_CONTEXT((#4134,#4131,#4133))REPRESENTATION_CONTEXT('','version8-sensor-enclosure.step'));
#4148=CARTESIAN_POINT('',(0.,0.,0.));
#4149=DIRECTION('',(0.,0.,1.));
#4150=DIRECTION('',(1.,0.,-0.));
#4151=AXIS2_PLACEMENT_3D('',#4148,#4149,#4150);
#4152=ITEM_DEFINED_TRANSFORMATION('','',#4151,#15);
#4153=(REPRESENTATION_RELATIONSHIP('','',#4138,#4110)REPRESENTATION_RELATIONSHIP_WITH_TRANSFORMATION(#4152)SHAPE_REPRESENTATION_RELATIONSHIP());
#4154=NEXT_ASSEMBLY_USAGE_OCCURRENCE('version8-sensor-enclosure.step_4','version8-sensor-enclosure.step','version8-sensor-enclosure.step',#4119,#4147,$);
#4155=PRODUCT_DEFINITION_SHAPE('','',#4154);
#4156=CONTEXT_DEPENDENT_SHAPE_REPRESENTATION(#4153,#4155);
#4157=(NAMED_UNIT(*)PLANE_ANGLE_UNIT()SI_UNIT($,.RADIAN.));
#4158=PLANE_ANGLE_MEASURE_WITH_UNIT(PLANE_ANGLE_MEASURE(0.0174532925),#4157);
#4159=(CONVERSION_BASED_UNIT('DEGREE',#4158)NAMED_UNIT(#4160)PLANE_ANGLE_UNIT());
#4160=DIMENSIONAL_EXPONENTS(0.,0.,0.,0.,0.,0.,0.);
#4161=(NAMED_UNIT(*)SI_UNIT($,.STERADIAN.)SOLID_ANGLE_UNIT());
#4162=(LENGTH_UNIT()NAMED_UNIT(*)SI_UNIT(.MILLI.,.METRE.));
#4163=UNCERTAINTY_MEASURE_WITH_UNIT(LENGTH_MEASURE(1.000000E-03),#4162,'DISTANCE_ACCURACY_VALUE','Maximum Tolerance applied to model');
#4164=(GEOMETRIC_REPRESENTATION_CONTEXT(3)GLOBAL_UNCERTAINTY_ASSIGNED_CONTEXT((#4163))GLOBAL_UNIT_ASSIGNED_CONTEXT((#4162,#4159,#4161))REPRESENTATION_CONTEXT('','knowco2-version6-sensor-enclosure (Imported)'));
#4176=CARTESIAN_POINT('',(0.,0.,0.));
#4177=DIRECTION('',(0.,0.,1.));
#4178=DIRECTION('',(1.,0.,-0.));
#4179=AXIS2_PLACEMENT_3D('',#4176,#4177,#4178);
#4180=ITEM_DEFINED_TRANSFORMATION('','',#4179,#15);
#4181=(REPRESENTATION_RELATIONSHIP('','',#4166,#4138)REPRESENTATION_RELATIONSHIP_WITH_TRANSFORMATION(#4180)SHAPE_REPRESENTATION_RELATIONSHIP());
#4182=NEXT_ASSEMBLY_USAGE_OCCURRENCE('knowco2-version6-sensor-enclosure (Imported)_5','knowco2-version6-sensor-enclosure (Imported)','knowco2-version6-sensor-enclosure (Imported)',#4147,#4175,$);
#4183=PRODUCT_DEFINITION_SHAPE('','',#4182);
#4184=CONTEXT_DEPENDENT_SHAPE_REPRESENTATION(#4181,#4183);
#4185=(NAMED_UNIT(*)PLANE_ANGLE_UNIT()SI_UNIT($,.RADIAN.));
#4186=PLANE_ANGLE_MEASURE_WITH_UNIT(PLANE_ANGLE_MEASURE(0.0174532925),#4185);
#4187=(CONVERSION_BASED_UNIT('DEGREE',#4186)NAMED_UNIT(#4188)PLANE_ANGLE_UNIT());
#4188=DIMENSIONAL_EXPONENTS(0.,0.,0.,0.,0.,0.,0.);
#4189=(NAMED_UNIT(*)SI_UNIT($,.STERADIAN.)SOLID_ANGLE_UNIT());
#4190=(LENGTH_UNIT()NAMED_UNIT(*)SI_UNIT(.MILLI.,.METRE.));
#4191=UNCERTAINTY_MEASURE_WITH_UNIT(LENGTH_MEASURE(1.000000E-03),#4190,'DISTANCE_ACCURACY_VALUE','Maximum Tolerance applied to model');
#4192=(GEOMETRIC_REPRESENTATION_CONTEXT(3)GLOBAL_UNCERTAINTY_ASSIGNED_CONTEXT((#4191))GLOBAL_UNIT_ASSIGNED_CONTEXT((#4190,#4187,#4189))REPRESENTATION_CONTEXT('','knowco2-version6-sensor.step'));
#4204=CARTESIAN_POINT('',(0.,0.,0.));
#4205=DIRECTION('',(0.,0.,1.));
#4206=DIRECTION('',(1.,0.,-0.));
#4207=AXIS2_PLACEMENT_3D('',#4204,#4205,#4206);
#4208=ITEM_DEFINED_TRANSFORMATION('','',#4207,#15);
#4209=(REPRESENTATION_RELATIONSHIP('','',#4194,#4166)REPRESENTATION_RELATIONSHIP_WITH_TRANSFORMATION(#4208)SHAPE_REPRESENTATION_RELATIONSHIP());
#4210=NEXT_ASSEMBLY_USAGE_OCCURRENCE('knowco2-version6-sensor.step_6','knowco2-version6-sensor.step','knowco2-version6-sensor.step',#4175,#4203,$);
#4211=PRODUCT_DEFINITION_SHAPE('','',#4210);
#4212=CONTEXT_DEPENDENT_SHAPE_REPRESENTATION(#4209,#4211);
#4213=(NAMED_UNIT(*)PLANE_ANGLE_UNIT()SI_UNIT($,.RADIAN.));
#4214=PLANE_ANGLE_MEASURE_WITH_UNIT(PLANE_ANGLE_MEASURE(0.0174532925),#4213);
#4215=(CONVERSION_BASED_UNIT('DEGREE',#4214)NAMED_UNIT(#4216)PLANE_ANGLE_UNIT());
#4216=DIMENSIONAL_EXPONENTS(0.,0.,0.,0.,0.,0.,0.);
#4217=(NAMED_UNIT(*)SI_UNIT($,.STERADIAN.)SOLID_ANGLE_UNIT());
#4218=(LENGTH_UNIT()NAMED_UNIT(*)SI_UNIT(.MILLI.,.METRE.));
#4219=UNCERTAINTY_MEASURE_WITH_UNIT(LENGTH_MEASURE(1.000000E-03),#4218,'DISTANCE_ACCURACY_VALUE','Maximum Tolerance applied to model');
#4220=(GEOMETRIC_REPRESENTATION_CONTEXT(3)GLOBAL_UNCERTAINTY_ASSIGNED_CONTEXT((#4219))GLOBAL_UNIT_ASSIGNED_CONTEXT((#4218,#4215,#4217))REPRESENTATION_CONTEXT('','knowco2-version2-sensor (Imported)'));
#4232=CARTESIAN_POINT('',(0.,0.,0.));
#4233=DIRECTION('',(0.,0.,1.));
#4234=DIRECTION('',(1.,0.,-0.));
#4235=AXIS2_PLACEMENT_3D('',#4232,#4233,#4234);
#4236=ITEM_DEFINED_TRANSFORMATION('','',#4235,#15);
#4237=(REPRESENTATION_RELATIONSHIP('','',#4222,#4194)REPRESENTATION_RELATIONSHIP_WITH_TRANSFORMATION(#4236)SHAPE_REPRESENTATION_RELATIONSHIP());
#4238=NEXT_ASSEMBLY_USAGE_OCCURRENCE('knowco2-version2-sensor (Imported)_7','knowco2-version2-sensor (Imported)','knowco2-version2-sensor (Imported)',#4203,#4231,$);
#4239=PRODUCT_DEFINITION_SHAPE('','',#4238);
#4240=CONTEXT_DEPENDENT_SHAPE_REPRESENTATION(#4237,#4239);
#4241=(NAMED_UNIT(*)PLANE_ANGLE_UNIT()SI_UNIT($,.RADIAN.));
#4242=PLANE_ANGLE_MEASURE_WITH_UNIT(PLANE_ANGLE_MEASURE(0.0174532925),#4241);
#4243=(CONVERSION_BASED_UNIT('DEGREE',#4242)NAMED_UNIT(#4244)PLANE_ANGLE_UNIT());
#4244=DIMENSIONAL_EXPONENTS(0.,0.,0.,0.,0.,0.,0.);
#4245=(NAMED_UNIT(*)SI_UNIT($,.STERADIAN.)SOLID_ANGLE_UNIT());
#4246=(LENGTH_UNIT()NAMED_UNIT(*)SI_UNIT(.MILLI.,.METRE.));
#4247=UNCERTAINTY_MEASURE_WITH_UNIT(LENGTH_MEASURE(1.000000E-03),#4246,'DISTANCE_ACCURACY_VALUE','Maximum Tolerance applied to model');
#4248=(GEOMETRIC_REPRESENTATION_CONTEXT(3)GLOBAL_UNCERTAINTY_ASSIGNED_CONTEXT((#4247))GLOBAL_UNIT_ASSIGNED_CONTEXT((#4246,#4243,#4245))REPRESENTATION_CONTEXT('','knowco2-version1-sensor (Imported)'));
#4260=CARTESIAN_POINT('',(0.,0.,0.));
#4261=DIRECTION('',(0.,0.,1.));
#4262=DIRECTION('',(1.,0.,-0.));
#4263=AXIS2_PLACEMENT_3D('',#4260,#4261,#4262);
#4264=ITEM_DEFINED_TRANSFORMATION('','',#4263,#15);
#4265=(REPRESENTATION_RELATIONSHIP('','',#4250,#4222)REPRESENTATION_RELATIONSHIP_WITH_TRANSFORMATION(#4264)SHAPE_REPRESENTATION_RELATIONSHIP());
#4266=NEXT_ASSEMBLY_USAGE_OCCURRENCE('knowco2-version1-sensor (Imported)_8','knowco2-version1-sensor (Imported)','knowco2-version1-sensor (Imported)',#4231,#4259,$);
#4267=PRODUCT_DEFINITION_SHAPE('','',#4266);
#4268=CONTEXT_DEPENDENT_SHAPE_REPRESENTATION(#4265,#4267);
#4250=SHAPE_REPRESENTATION('knowco2-version1-sensor (Imported)',(#15),#4248);
#4269=CARTESIAN_POINT('',(0.,0.,0.));
#4270=DIRECTION('',(0.,0.,1.));
#4271=DIRECTION('',(1.,0.,0.));
#4272=AXIS2_PLACEMENT_3D('',#4269,#4270,#4271);
#4274=MAPPED_ITEM('',#4273,#4272);
#4273=REPRESENTATION_MAP(#4272,#4250);
#4275=APPLICATION_CONTEXT('Managed model based 3d engineering');
#4276=APPLICATION_PROTOCOL_DEFINITION('international standard','ap242_managed_model_based_3d_engineering',2014,#4275);
#4277=PRODUCT_CONTEXT('',#4275,'mechanical');
#4278=PRODUCT_DEFINITION_CONTEXT('part definition',#4275,'design');
#4258=PRODUCT('knowco2-version1-sensor (Imported)','knowco2-version1-sensor (Imported)','',(#4277));
#4279=PRODUCT_RELATED_PRODUCT_CATEGORY('part','',(#4258));
#4280=PRODUCT_DEFINITION_FORMATION_WITH_SPECIFIED_SOURCE('','',#4258,.NOT_KNOWN.);
#4259=PRODUCT_DEFINITION('design','',#4280,#4278);
#4257=PRODUCT_DEFINITION_SHAPE('','',#4259);
#4281=SHAPE_DEFINITION_REPRESENTATION(#4257,#4250);
#4249=DRAUGHTING_MODEL('',(#4274),#4248);
#4222=SHAPE_REPRESENTATION('knowco2-version2-sensor (Imported)',(#15,#4263),#4220);
#4282=CARTESIAN_POINT('',(0.,0.,0.));
#4283=DIRECTION('',(0.,0.,1.));
#4284=DIRECTION('',(1.,0.,0.));
#4285=AXIS2_PLACEMENT_3D('',#4282,#4283,#4284);
#4287=MAPPED_ITEM('',#4286,#4285);
#4286=REPRESENTATION_MAP(#4285,#4222);
#4230=PRODUCT('knowco2-version2-sensor (Imported)','knowco2-version2-sensor (Imported)','',(#4277));
#4288=PRODUCT_RELATED_PRODUCT_CATEGORY('part','',(#4230));
#4289=PRODUCT_DEFINITION_FORMATION_WITH_SPECIFIED_SOURCE('','',#4230,.NOT_KNOWN.);
#4231=PRODUCT_DEFINITION('design','',#4289,#4278);
#4229=PRODUCT_DEFINITION_SHAPE('','',#4231);
#4290=SHAPE_DEFINITION_REPRESENTATION(#4229,#4222);
#4221=DRAUGHTING_MODEL('',(#4287),#4220);
#4194=SHAPE_REPRESENTATION('knowco2-version6-sensor.step',(#15,#4235),#4192);
#4291=CARTESIAN_POINT('',(0.,0.,0.));
#4292=DIRECTION('',(0.,0.,1.));
#4293=DIRECTION('',(1.,0.,0.));
#4294=AXIS2_PLACEMENT_3D('',#4291,#4292,#4293);
#4296=MAPPED_ITEM('',#4295,#4294);
#4295=REPRESENTATION_MAP(#4294,#4194);
#4202=PRODUCT('knowco2-version6-sensor.step','knowco2-version6-sensor.step','',(#4277));
#4297=PRODUCT_RELATED_PRODUCT_CATEGORY('part','',(#4202));
#4298=PRODUCT_DEFINITION_FORMATION_WITH_SPECIFIED_SOURCE('','',#4202,.NOT_KNOWN.);
#4203=PRODUCT_DEFINITION('design','',#4298,#4278);
#4201=PRODUCT_DEFINITION_SHAPE('','',#4203);
#4299=SHAPE_DEFINITION_REPRESENTATION(#4201,#4194);
#4193=DRAUGHTING_MODEL('',(#4296),#4192);
#4166=SHAPE_REPRESENTATION('knowco2-version6-sensor-enclosure (Imported)',(#15,#4207),#4164);
#4300=CARTESIAN_POINT('',(0.,0.,0.));
#4301=DIRECTION('',(0.,0.,1.));
#4302=DIRECTION('',(1.,0.,0.));
#4303=AXIS2_PLACEMENT_3D('',#4300,#4301,#4302);
#4305=MAPPED_ITEM('',#4304,#4303);
#4304=REPRESENTATION_MAP(#4303,#4166);
#4174=PRODUCT('knowco2-version6-sensor-enclosure (Imported)','knowco2-version6-sensor-enclosure (Imported)','',(#4277));
#4306=PRODUCT_RELATED_PRODUCT_CATEGORY('part','',(#4174));
#4307=PRODUCT_DEFINITION_FORMATION_WITH_SPECIFIED_SOURCE('','',#4174,.NOT_KNOWN.);
#4175=PRODUCT_DEFINITION('design','',#4307,#4278);
#4173=PRODUCT_DEFINITION_SHAPE('','',#4175);
#4308=SHAPE_DEFINITION_REPRESENTATION(#4173,#4166);
#4165=DRAUGHTING_MODEL('',(#4305),#4164);
#4138=SHAPE_REPRESENTATION('version8-sensor-enclosure.step',(#15,#4179),#4136);
#4309=CARTESIAN_POINT('',(0.,0.,0.));
#4310=DIRECTION('',(0.,0.,1.));
#4311=DIRECTION('',(1.,0.,0.));
#4312=AXIS2_PLACEMENT_3D('',#4309,#4310,#4311);
#4314=MAPPED_ITEM('',#4313,#4312);
#4313=REPRESENTATION_MAP(#4312,#4138);
#4146=PRODUCT('version8-sensor-enclosure.step','version8-sensor-enclosure.step','',(#4277));
#4315=PRODUCT_RELATED_PRODUCT_CATEGORY('part','',(#4146));
#4316=PRODUCT_DEFINITION_FORMATION_WITH_SPECIFIED_SOURCE('','',#4146,.NOT_KNOWN.);
#4147=PRODUCT_DEFINITION('design','',#4316,#4278);
#4145=PRODUCT_DEFINITION_SHAPE('','',#4147);
#4317=SHAPE_DEFINITION_REPRESENTATION(#4145,#4138);
#4137=DRAUGHTING_MODEL('',(#4314),#4136);
#4110=SHAPE_REPRESENTATION('version8-sensor-enclosure (Imported)',(#15,#4151),#4108);
#4318=CARTESIAN_POINT('',(0.,0.,0.));
#4319=DIRECTION('',(0.,0.,1.));
#4320=DIRECTION('',(1.,0.,0.));
#4321=AXIS2_PLACEMENT_3D('',#4318,#4319,#4320);
#4323=MAPPED_ITEM('',#4322,#4321);
#4322=REPRESENTATION_MAP(#4321,#4110);
#4118=PRODUCT('version8-sensor-enclosure (Imported)','version8-sensor-enclosure (Imported)','',(#4277));
#4324=PRODUCT_RELATED_PRODUCT_CATEGORY('part','',(#4118));
#4325=PRODUCT_DEFINITION_FORMATION_WITH_SPECIFIED_SOURCE('','',#4118,.NOT_KNOWN.);
#4119=PRODUCT_DEFINITION('design','',#4325,#4278);
#4117=PRODUCT_DEFINITION_SHAPE('','',#4119);
#4326=SHAPE_DEFINITION_REPRESENTATION(#4117,#4110);
#4109=DRAUGHTING_MODEL('',(#4323),#4108);
#650=SHAPE_REPRESENTATION('knowco2-sensor-enclosure-version10 (Imported)',(#15,#4123),#648);
#651=ADVANCED_BREP_SHAPE_REPRESENTATION('knowco2-sensor-enclosure-version10 (Imported)',(#4100),#648);
#4334=SHAPE_REPRESENTATION_RELATIONSHIP('','',#650,#651);
#4335=CARTESIAN_POINT('',(0.,0.,0.));
#4336=DIRECTION('',(0.,0.,1.));
#4337=DIRECTION('',(1.,0.,0.));
#4338=AXIS2_PLACEMENT_3D('',#4335,#4336,#4337);
#4340=MAPPED_ITEM('',#4339,#4338);
#4339=REPRESENTATION_MAP(#4338,#650);
#658=PRODUCT('knowco2-sensor-enclosure-version10 (Imported)','knowco2-sensor-enclosure-version10 (Imported)','',(#4277));
#4341=PRODUCT_RELATED_PRODUCT_CATEGORY('part','',(#658));
#4342=PRODUCT_DEFINITION_FORMATION_WITH_SPECIFIED_SOURCE('','',#658,.NOT_KNOWN.);
#659=PRODUCT_DEFINITION('design','',#4342,#4278);
#657=PRODUCT_DEFINITION_SHAPE('','',#659);
#4343=SHAPE_DEFINITION_REPRESENTATION(#657,#650);
#649=DRAUGHTING_MODEL('',(#4340),#648);
#622=SHAPE_REPRESENTATION('knowco2-sensor-enclosure-version-14 (Imported)',(#15,#663),#620);
#4344=CARTESIAN_POINT('',(0.,0.,0.));
#4345=DIRECTION('',(0.,0.,1.));
#4346=DIRECTION('',(1.,0.,0.));
#4347=AXIS2_PLACEMENT_3D('',#4344,#4345,#4346);
#4349=MAPPED_ITEM('',#4348,#4347);
#4348=REPRESENTATION_MAP(#4347,#622);
#630=PRODUCT('knowco2-sensor-enclosure-version-14 (Imported)','knowco2-sensor-enclosure-version-14 (Imported)','',(#4277));
#4350=PRODUCT_RELATED_PRODUCT_CATEGORY('part','',(#630));
#4351=PRODUCT_DEFINITION_FORMATION_WITH_SPECIFIED_SOURCE('','',#630,.NOT_KNOWN.);
#631=PRODUCT_DEFINITION('design','',#4351,#4278);
#629=PRODUCT_DEFINITION_SHAPE('','',#631);
#4352=SHAPE_DEFINITION_REPRESENTATION(#629,#622);
#621=DRAUGHTING_MODEL('',(#4349),#620);
#16=SHAPE_REPRESENTATION('root',(#15,#635),#10);
#17=ADVANCED_BREP_SHAPE_REPRESENTATION('root',(#384,#612),#10);
#4360=SHAPE_REPRESENTATION_RELATIONSHIP('','',#16,#17);
#4361=CARTESIAN_POINT('',(0.,0.,0.));
#4362=DIRECTION('',(0.,0.,1.));
#4363=DIRECTION('',(1.,0.,0.));
#4364=AXIS2_PLACEMENT_3D('',#4361,#4362,#4363);
#4366=MAPPED_ITEM('',#4365,#4364);
#4365=REPRESENTATION_MAP(#4364,#16);
#24=PRODUCT('root','root','',(#4277));
#4367=PRODUCT_RELATED_PRODUCT_CATEGORY('part','',(#24));
#4368=PRODUCT_DEFINITION_FORMATION_WITH_SPECIFIED_SOURCE('','',#24,.NOT_KNOWN.);
#25=PRODUCT_DEFINITION('design','',#4368,#4278);
#23=PRODUCT_DEFINITION_SHAPE('','',#25);
#4369=SHAPE_DEFINITION_REPRESENTATION(#23,#16);
#11=DRAUGHTING_MODEL('',(#4366),#10);
#4370=DESCRIPTIVE_REPRESENTATION_ITEM('KEY','/Users/mike/Library/Containers/com.shapr3d.shapr/Data/tmp/22B6ABEF-D641-48AF-875B-1249B8C2A0A7.tmp');
#4371=PROPERTY_DEFINITION('KEY','',#25);
#4372=REPRESENTATION('',(#4370),#10);
#4373=PROPERTY_DEFINITION_REPRESENTATION(#4371,#4372);
#4374=GENERAL_PROPERTY('','KEY','');
#4375=GENERAL_PROPERTY_ASSOCIATION('','',#4374,#4371);
#1=MECHANICAL_DESIGN_GEOMETRIC_PRESENTATION_REPRESENTATION('',(#26,#392,#3332,#669),#10);
ENDSEC;
END-ISO-10303-21;
