ISO-10303-21;
HEADER;

/* File generated by Shapr3D Version 26.91.0.11012 */

FILE_DESCRIPTION(('HOOPS Exchange Step'),'2;1');

FILE_NAME('/Users/mike/Library/Containers/com.shapr3d.shapr/Data/tmp/export/temp_export',
'2026-06-09T09:51:21-04:00',
('mike'),
('Shapr3D Limited'),
'HOOPS Exchange 2026.3',
'Shapr3D',
'Authorized');

FILE_SCHEMA( ('AP242_MANAGED_MODEL_BASED_3D_ENGINEERING_MIM_LF {1 0 10303 442 1 1 4}') );

ENDSEC;

DATA;
#3=(NAMED_UNIT(*)PLANE_ANGLE_UNIT()SI_UNIT($,.RADIAN.));
#4=PLANE_ANGLE_MEASURE_WITH_UNIT(PLANE_ANGLE_MEASURE(0.0174532925),#3);
#5=(CONVERSION_BASED_UNIT('DEGREE',#4)NAMED_UNIT(#6)PLANE_ANGLE_UNIT());
#6=DIMENSIONAL_EXPONENTS(0.,0.,0.,0.,0.,0.,0.);
#7=(NAMED_UNIT(*)SI_UNIT($,.STERADIAN.)SOLID_ANGLE_UNIT());
#8=(LENGTH_UNIT()NAMED_UNIT(*)SI_UNIT(.MILLI.,.METRE.));
#9=UNCERTAINTY_MEASURE_WITH_UNIT(LENGTH_MEASURE(1.000000E-05),#8,'DISTANCE_ACCURACY_VALUE','Maximum Tolerance applied to model');
#10=(GEOMETRIC_REPRESENTATION_CONTEXT(3)GLOBAL_UNCERTAINTY_ASSIGNED_CONTEXT((#9))GLOBAL_UNIT_ASSIGNED_CONTEXT((#8,#5,#7))REPRESENTATION_CONTEXT('','root'));
#12=CARTESIAN_POINT('',(0.,0.,0.));
#13=DIRECTION('',(0.,0.,1.));
#14=DIRECTION('',(1.,0.,0.));
#15=AXIS2_PLACEMENT_3D('TS3D_PRODUCT_CSYS',#12,#13,#14);
#27=CARTESIAN_POINT('',(2.221099387,18.856320748,2.548372198));
#28=DIRECTION('',(1.,0.,0.));
#29=DIRECTION('',(0.,0.,-1.));
#30=AXIS2_PLACEMENT_3D('',#27,#28,#29);
#31=PLANE('',#30);
#32=CARTESIAN_POINT('',(2.221099387,13.756827956,8.898372198));
#33=VERTEX_POINT('',#32);
#34=CARTESIAN_POINT('',(2.221099387,24.494628906,8.898372198));
#35=VERTEX_POINT('',#34);
#36=CARTESIAN_POINT('',(2.221099387,13.756827956,8.898372198));
#37=DIRECTION('',(0.,1.,0.));
#38=VECTOR('',#37,10.73780095);
#39=LINE('',#36,#38);
#40=EDGE_CURVE('',#33,#35,#39,.T.);
#41=ORIENTED_EDGE('',*,*,#40,.F.);
#42=CARTESIAN_POINT('',(2.221099387,13.756827956,3.355192084));
#43=VERTEX_POINT('',#42);
#44=CARTESIAN_POINT('',(2.221099387,13.756827956,8.898372198));
#45=DIRECTION('',(-0.,-0.,-1.));
#46=VECTOR('',#45,5.543180114);
#47=LINE('',#44,#46);
#48=EDGE_CURVE('',#33,#43,#47,.T.);
#49=ORIENTED_EDGE('',*,*,#48,.T.);
#50=CARTESIAN_POINT('',(2.221099387,24.494628906,3.355192084));
#51=VERTEX_POINT('',#50);
#52=CARTESIAN_POINT('',(2.221099387,13.756827956,3.355192084));
#53=DIRECTION('',(0.,1.,0.));
#54=VECTOR('',#53,10.73780095);
#55=LINE('',#52,#54);
#56=EDGE_CURVE('',#43,#51,#55,.T.);
#57=ORIENTED_EDGE('',*,*,#56,.T.);
#58=CARTESIAN_POINT('',(2.221099387,24.494628906,3.355192084));
#59=DIRECTION('',(0.,0.,1.));
#60=VECTOR('',#59,5.543180114);
#61=LINE('',#58,#60);
#62=EDGE_CURVE('',#51,#35,#61,.T.);
#63=ORIENTED_EDGE('',*,*,#62,.T.);
#64=EDGE_LOOP('',(#41,#49,#57,#63));
#65=FACE_BOUND('',#64,.T.);
#66=ADVANCED_FACE('',(#65),#31,.T.);
#67=CARTESIAN_POINT('',(2.004293282,24.494628906,2.548372198));
#68=DIRECTION('',(0.,-1.,0.));
#69=DIRECTION('',(0.,0.,-1.));
#70=AXIS2_PLACEMENT_3D('',#67,#68,#69);
#71=PLANE('',#70);
#72=ORIENTED_EDGE('',*,*,#62,.F.);
#73=CARTESIAN_POINT('',(1.787487177,24.494628906,2.639877916));
#74=VERTEX_POINT('',#73);
#75=CARTESIAN_POINT('',(1.414279501,24.494628906,3.355192084));
#76=DIRECTION('',(-0.,1.,-0.));
#77=DIRECTION('',(0.,0.,-1.));
#78=AXIS2_PLACEMENT_3D('',#75,#76,#77);
#79=CIRCLE('',#78,0.806819886);
#80=EDGE_CURVE('',#51,#74,#79,.T.);
#81=ORIENTED_EDGE('',*,*,#80,.T.);
#82=CARTESIAN_POINT('',(1.787487177,24.494628906,8.898372198));
#83=VERTEX_POINT('',#82);
#84=CARTESIAN_POINT('',(1.787487177,24.494628906,2.639877916));
#85=DIRECTION('',(0.,0.,1.));
#86=VECTOR('',#85,6.258494282);
#87=LINE('',#84,#86);
#88=EDGE_CURVE('',#74,#83,#87,.T.);
#89=ORIENTED_EDGE('',*,*,#88,.T.);
#90=CARTESIAN_POINT('',(1.787487177,24.494628906,8.898372198));
#91=DIRECTION('',(1.,0.,-0.));
#92=VECTOR('',#91,0.43361221);
#93=LINE('',#90,#92);
#94=EDGE_CURVE('',#83,#35,#93,.T.);
#95=ORIENTED_EDGE('',*,*,#94,.T.);
#96=EDGE_LOOP('',(#72,#81,#89,#95));
#97=FACE_BOUND('',#96,.T.);
#98=ADVANCED_FACE('',(#97),#71,.F.);
#99=CARTESIAN_POINT('',(1.787487177,19.080827151,2.548372198));
#100=DIRECTION('',(1.,0.,0.));
#101=DIRECTION('',(0.,0.,-1.));
#102=AXIS2_PLACEMENT_3D('',#99,#100,#101);
#103=PLANE('',#102);
#104=CARTESIAN_POINT('',(1.787487177,13.756827956,2.639877916));
#105=VERTEX_POINT('',#104);
#106=CARTESIAN_POINT('',(1.787487177,13.228382788,3.355192084));
#107=VERTEX_POINT('',#106);
#108=CARTESIAN_POINT('',(1.787487177,13.756827956,2.639877916));
#109=CARTESIAN_POINT('',(1.787487177,13.71469085,2.639877916));
#110=CARTESIAN_POINT('',(1.787487177,13.673498738,2.645364211));
#111=CARTESIAN_POINT('',(1.787487177,13.633215556,2.656127431));
#112=CARTESIAN_POINT('',(1.787487177,13.592932374,2.666890652));
#113=CARTESIAN_POINT('',(1.787487177,13.553720679,2.683095618));
#114=CARTESIAN_POINT('',(1.787487177,13.517636868,2.703697732));
#115=CARTESIAN_POINT('',(1.787487177,13.445469248,2.74490196));
#116=CARTESIAN_POINT('',(1.787487177,13.3839536,2.804831277));
#117=CARTESIAN_POINT('',(1.787487177,13.338625192,2.875526891));
#118=CARTESIAN_POINT('',(1.787487177,13.293296785,2.946222505));
#119=CARTESIAN_POINT('',(1.787487177,13.264837709,3.026260599));
#120=CARTESIAN_POINT('',(1.787487177,13.248908766,3.107654325));
#121=CARTESIAN_POINT('',(1.787487177,13.232979822,3.189048052));
#122=CARTESIAN_POINT('',(1.787487177,13.228382788,3.271837056));
#123=CARTESIAN_POINT('',(1.787487177,13.228382788,3.355192084));
#124=B_SPLINE_CURVE_WITH_KNOTS('',3,(#108,#109,#110,#111,#112,#113,#114,#115,#116,#117,#118,#119,#120,#121,#122,#123),.UNSPECIFIED.,.F.,.F.,(4,3,3,3,3,4),(0.,0.000124577,0.000249154,0.000498307,0.000747461,0.000996614),.UNSPECIFIED.);
#125=EDGE_CURVE('',#105,#107,#124,.T.);
#126=ORIENTED_EDGE('',*,*,#125,.T.);
#127=CARTESIAN_POINT('',(1.787487177,13.228382788,8.898372198));
#128=VERTEX_POINT('',#127);
#129=CARTESIAN_POINT('',(1.787487177,13.228382788,3.355192084));
#130=DIRECTION('',(0.,0.,1.));
#131=VECTOR('',#130,5.543180114);
#132=LINE('',#129,#131);
#133=EDGE_CURVE('',#107,#128,#132,.T.);
#134=ORIENTED_EDGE('',*,*,#133,.T.);
#135=CARTESIAN_POINT('',(1.787487177,13.228382788,8.898372198));
#136=DIRECTION('',(0.,1.,0.));
#137=VECTOR('',#136,11.266246118);
#138=LINE('',#135,#137);
#139=EDGE_CURVE('',#128,#83,#138,.T.);
#140=ORIENTED_EDGE('',*,*,#139,.T.);
#141=ORIENTED_EDGE('',*,*,#88,.F.);
#142=CARTESIAN_POINT('',(1.787487177,24.494628906,2.639877916));
#143=DIRECTION('',(0.,-1.,0.));
#144=VECTOR('',#143,10.73780095);
#145=LINE('',#142,#144);
#146=EDGE_CURVE('',#74,#105,#145,.T.);
#147=ORIENTED_EDGE('',*,*,#146,.T.);
#148=EDGE_LOOP('',(#126,#134,#140,#141,#147));
#149=FACE_BOUND('',#148,.T.);
#150=ADVANCED_FACE('',(#149),#103,.F.);
#151=CARTESIAN_POINT('',(0.,0.,8.898372198));
#152=DIRECTION('',(0.,0.,1.));
#153=DIRECTION('',(0.,-1.,0.));
#154=AXIS2_PLACEMENT_3D('',#151,#152,#153);
#155=PLANE('',#154);
#156=ORIENTED_EDGE('',*,*,#139,.F.);
#157=CARTESIAN_POINT('',(1.682284019,13.756827956,8.898372198));
#158=DIRECTION('',(0.,0.,1.));
#159=DIRECTION('',(1.,0.,-0.));
#160=AXIS2_PLACEMENT_3D('',#157,#158,#159);
#161=CIRCLE('',#160,0.538815367);
#162=EDGE_CURVE('',#128,#33,#161,.T.);
#163=ORIENTED_EDGE('',*,*,#162,.T.);
#164=ORIENTED_EDGE('',*,*,#40,.T.);
#165=ORIENTED_EDGE('',*,*,#94,.F.);
#166=EDGE_LOOP('',(#156,#163,#164,#165));
#167=FACE_BOUND('',#166,.T.);
#168=ADVANCED_FACE('',(#167),#155,.T.);
#169=CARTESIAN_POINT('',(1.414279501,18.856320748,3.355192084));
#170=DIRECTION('',(0.,-1.,0.));
#171=DIRECTION('',(0.,0.,-1.));
#172=AXIS2_PLACEMENT_3D('',#169,#170,#171);
#173=CYLINDRICAL_SURFACE('',#172,0.806819886);
#174=ORIENTED_EDGE('',*,*,#56,.F.);
#175=CARTESIAN_POINT('',(1.414279501,13.756827956,3.355192084));
#176=DIRECTION('',(-0.,1.,-0.));
#177=DIRECTION('',(0.,0.,-1.));
#178=AXIS2_PLACEMENT_3D('',#175,#176,#177);
#179=CIRCLE('',#178,0.806819886);
#180=EDGE_CURVE('',#43,#105,#179,.T.);
#181=ORIENTED_EDGE('',*,*,#180,.T.);
#182=ORIENTED_EDGE('',*,*,#146,.F.);
#183=ORIENTED_EDGE('',*,*,#80,.F.);
#184=EDGE_LOOP('',(#174,#181,#182,#183));
#185=FACE_BOUND('',#184,.T.);
#186=ADVANCED_FACE('',(#185),#173,.T.);
#187=CARTESIAN_POINT('',(1.414279501,13.756827956,3.355192084));
#188=DIRECTION('',(0.,-1.,0.));
#189=DIRECTION('',(0.,0.,-1.));
#190=AXIS2_PLACEMENT_3D('',#187,#188,#189);
#191=DEGENERATE_TOROIDAL_SURFACE('',#190,0.268004519,0.538815367,.T.);
#192=ORIENTED_EDGE('',*,*,#125,.F.);
#193=ORIENTED_EDGE('',*,*,#180,.F.);
#194=CARTESIAN_POINT('',(1.682284019,13.756827956,3.355192084));
#195=DIRECTION('',(0.,0.,1.));
#196=DIRECTION('',(1.,0.,-0.));
#197=AXIS2_PLACEMENT_3D('',#194,#195,#196);
#198=CIRCLE('',#197,0.538815367);
#199=EDGE_CURVE('',#107,#43,#198,.T.);
#200=ORIENTED_EDGE('',*,*,#199,.F.);
#201=EDGE_LOOP('',(#192,#193,#200));
#202=FACE_BOUND('',#201,.T.);
#203=ADVANCED_FACE('',(#202),#191,.T.);
#204=CARTESIAN_POINT('',(1.682284019,13.756827956,2.548372198));
#205=DIRECTION('',(0.,0.,1.));
#206=DIRECTION('',(1.,0.,-0.));
#207=AXIS2_PLACEMENT_3D('',#204,#205,#206);
#208=CYLINDRICAL_SURFACE('',#207,0.538815367);
#209=ORIENTED_EDGE('',*,*,#199,.T.);
#210=ORIENTED_EDGE('',*,*,#48,.F.);
#211=ORIENTED_EDGE('',*,*,#162,.F.);
#212=ORIENTED_EDGE('',*,*,#133,.F.);
#213=EDGE_LOOP('',(#209,#210,#211,#212));
#214=FACE_BOUND('',#213,.T.);
#215=ADVANCED_FACE('',(#214),#208,.T.);
#216=CLOSED_SHELL('',(#66,#98,#150,#168,#186,#203,#215));
#217=MANIFOLD_SOLID_BREP('Body 02',#216);
#218=COLOUR_RGB('',0.525490224,0.552941203,0.576470613);
#219=FILL_AREA_STYLE_COLOUR('',#218);
#220=FILL_AREA_STYLE('',(#219));
#221=SURFACE_STYLE_FILL_AREA(#220);
#222=SURFACE_SIDE_STYLE('',(#221));
#223=SURFACE_STYLE_USAGE(.BOTH.,#222);
#224=PRESENTATION_STYLE_ASSIGNMENT((#223));
#26=STYLED_ITEM('',(#224),#217);
#225=(NAMED_UNIT(*)PLANE_ANGLE_UNIT()SI_UNIT($,.RADIAN.));
#226=PLANE_ANGLE_MEASURE_WITH_UNIT(PLANE_ANGLE_MEASURE(0.0174532925),#225);
#227=(CONVERSION_BASED_UNIT('DEGREE',#226)NAMED_UNIT(#228)PLANE_ANGLE_UNIT());
#228=DIMENSIONAL_EXPONENTS(0.,0.,0.,0.,0.,0.,0.);
#229=(NAMED_UNIT(*)SI_UNIT($,.STERADIAN.)SOLID_ANGLE_UNIT());
#230=(LENGTH_UNIT()NAMED_UNIT(*)SI_UNIT(.MILLI.,.METRE.));
#231=UNCERTAINTY_MEASURE_WITH_UNIT(LENGTH_MEASURE(1.000000E-03),#230,'DISTANCE_ACCURACY_VALUE','Maximum Tolerance applied to model');
#232=(GEOMETRIC_REPRESENTATION_CONTEXT(3)GLOBAL_UNCERTAINTY_ASSIGNED_CONTEXT((#231))GLOBAL_UNIT_ASSIGNED_CONTEXT((#230,#227,#229))REPRESENTATION_CONTEXT('','main-enclosure-knowco2-version10 (Imported)'));
#244=CARTESIAN_POINT('',(0.,0.,0.));
#245=DIRECTION('',(0.,0.,1.));
#246=DIRECTION('',(1.,0.,-0.));
#247=AXIS2_PLACEMENT_3D('',#244,#245,#246);
#248=ITEM_DEFINED_TRANSFORMATION('','',#247,#15);
#249=(REPRESENTATION_RELATIONSHIP('','',#234,#16)REPRESENTATION_RELATIONSHIP_WITH_TRANSFORMATION(#248)SHAPE_REPRESENTATION_RELATIONSHIP());
#250=NEXT_ASSEMBLY_USAGE_OCCURRENCE('main-enclosure-knowco2-version10 (Imported)_1','main-enclosure-knowco2-version10 (Imported)','main-enclosure-knowco2-version10 (Imported)',#25,#243,$);
#251=PRODUCT_DEFINITION_SHAPE('','',#250);
#252=CONTEXT_DEPENDENT_SHAPE_REPRESENTATION(#249,#251);
#253=(NAMED_UNIT(*)PLANE_ANGLE_UNIT()SI_UNIT($,.RADIAN.));
#254=PLANE_ANGLE_MEASURE_WITH_UNIT(PLANE_ANGLE_MEASURE(0.0174532925),#253);
#255=(CONVERSION_BASED_UNIT('DEGREE',#254)NAMED_UNIT(#256)PLANE_ANGLE_UNIT());
#256=DIMENSIONAL_EXPONENTS(0.,0.,0.,0.,0.,0.,0.);
#257=(NAMED_UNIT(*)SI_UNIT($,.STERADIAN.)SOLID_ANGLE_UNIT());
#258=(LENGTH_UNIT()NAMED_UNIT(*)SI_UNIT(.MILLI.,.METRE.));
#259=UNCERTAINTY_MEASURE_WITH_UNIT(LENGTH_MEASURE(1.000000E-03),#258,'DISTANCE_ACCURACY_VALUE','Maximum Tolerance applied to model');
#260=(GEOMETRIC_REPRESENTATION_CONTEXT(3)GLOBAL_UNCERTAINTY_ASSIGNED_CONTEXT((#259))GLOBAL_UNIT_ASSIGNED_CONTEXT((#258,#255,#257))REPRESENTATION_CONTEXT('','knowco2-main-enclosure-version7 (Imported)'));
#272=CARTESIAN_POINT('',(0.,0.,0.));
#273=DIRECTION('',(0.,0.,1.));
#274=DIRECTION('',(1.,0.,-0.));
#275=AXIS2_PLACEMENT_3D('',#272,#273,#274);
#276=ITEM_DEFINED_TRANSFORMATION('','',#275,#15);
#277=(REPRESENTATION_RELATIONSHIP('','',#262,#234)REPRESENTATION_RELATIONSHIP_WITH_TRANSFORMATION(#276)SHAPE_REPRESENTATION_RELATIONSHIP());
#278=NEXT_ASSEMBLY_USAGE_OCCURRENCE('knowco2-main-enclosure-version7 (Imported)_2','knowco2-main-enclosure-version7 (Imported)','knowco2-main-enclosure-version7 (Imported)',#243,#271,$);
#279=PRODUCT_DEFINITION_SHAPE('','',#278);
#280=CONTEXT_DEPENDENT_SHAPE_REPRESENTATION(#277,#279);
#281=(NAMED_UNIT(*)PLANE_ANGLE_UNIT()SI_UNIT($,.RADIAN.));
#282=PLANE_ANGLE_MEASURE_WITH_UNIT(PLANE_ANGLE_MEASURE(0.0174532925),#281);
#283=(CONVERSION_BASED_UNIT('DEGREE',#282)NAMED_UNIT(#284)PLANE_ANGLE_UNIT());
#284=DIMENSIONAL_EXPONENTS(0.,0.,0.,0.,0.,0.,0.);
#285=(NAMED_UNIT(*)SI_UNIT($,.STERADIAN.)SOLID_ANGLE_UNIT());
#286=(LENGTH_UNIT()NAMED_UNIT(*)SI_UNIT(.MILLI.,.METRE.));
#287=UNCERTAINTY_MEASURE_WITH_UNIT(LENGTH_MEASURE(1.000000E-03),#286,'DISTANCE_ACCURACY_VALUE','Maximum Tolerance applied to model');
#288=(GEOMETRIC_REPRESENTATION_CONTEXT(3)GLOBAL_UNCERTAINTY_ASSIGNED_CONTEXT((#287))GLOBAL_UNIT_ASSIGNED_CONTEXT((#286,#283,#285))REPRESENTATION_CONTEXT('','knowco2-version6-enclosure (Imported)'));
#300=CARTESIAN_POINT('',(0.,0.,0.));
#301=DIRECTION('',(0.,0.,1.));
#302=DIRECTION('',(1.,0.,-0.));
#303=AXIS2_PLACEMENT_3D('',#300,#301,#302);
#304=ITEM_DEFINED_TRANSFORMATION('','',#303,#15);
#305=(REPRESENTATION_RELATIONSHIP('','',#290,#262)REPRESENTATION_RELATIONSHIP_WITH_TRANSFORMATION(#304)SHAPE_REPRESENTATION_RELATIONSHIP());
#306=NEXT_ASSEMBLY_USAGE_OCCURRENCE('knowco2-version6-enclosure (Imported)_3','knowco2-version6-enclosure (Imported)','knowco2-version6-enclosure (Imported)',#271,#299,$);
#307=PRODUCT_DEFINITION_SHAPE('','',#306);
#308=CONTEXT_DEPENDENT_SHAPE_REPRESENTATION(#305,#307);
#309=(NAMED_UNIT(*)PLANE_ANGLE_UNIT()SI_UNIT($,.RADIAN.));
#310=PLANE_ANGLE_MEASURE_WITH_UNIT(PLANE_ANGLE_MEASURE(0.0174532925),#309);
#311=(CONVERSION_BASED_UNIT('DEGREE',#310)NAMED_UNIT(#312)PLANE_ANGLE_UNIT());
#312=DIMENSIONAL_EXPONENTS(0.,0.,0.,0.,0.,0.,0.);
#313=(NAMED_UNIT(*)SI_UNIT($,.STERADIAN.)SOLID_ANGLE_UNIT());
#314=(LENGTH_UNIT()NAMED_UNIT(*)SI_UNIT(.MILLI.,.METRE.));
#315=UNCERTAINTY_MEASURE_WITH_UNIT(LENGTH_MEASURE(1.000000E-03),#314,'DISTANCE_ACCURACY_VALUE','Maximum Tolerance applied to model');
#316=(GEOMETRIC_REPRESENTATION_CONTEXT(3)GLOBAL_UNCERTAINTY_ASSIGNED_CONTEXT((#315))GLOBAL_UNIT_ASSIGNED_CONTEXT((#314,#311,#313))REPRESENTATION_CONTEXT('','knowco2-version6-xometry.step'));
#328=CARTESIAN_POINT('',(0.,0.,0.));
#329=DIRECTION('',(0.,0.,1.));
#330=DIRECTION('',(1.,0.,-0.));
#331=AXIS2_PLACEMENT_3D('',#328,#329,#330);
#332=ITEM_DEFINED_TRANSFORMATION('','',#331,#15);
#333=(REPRESENTATION_RELATIONSHIP('','',#318,#290)REPRESENTATION_RELATIONSHIP_WITH_TRANSFORMATION(#332)SHAPE_REPRESENTATION_RELATIONSHIP());
#334=NEXT_ASSEMBLY_USAGE_OCCURRENCE('knowco2-version6-xometry.step_4','knowco2-version6-xometry.step','knowco2-version6-xometry.step',#299,#327,$);
#335=PRODUCT_DEFINITION_SHAPE('','',#334);
#336=CONTEXT_DEPENDENT_SHAPE_REPRESENTATION(#333,#335);
#337=(NAMED_UNIT(*)PLANE_ANGLE_UNIT()SI_UNIT($,.RADIAN.));
#338=PLANE_ANGLE_MEASURE_WITH_UNIT(PLANE_ANGLE_MEASURE(0.0174532925),#337);
#339=(CONVERSION_BASED_UNIT('DEGREE',#338)NAMED_UNIT(#340)PLANE_ANGLE_UNIT());
#340=DIMENSIONAL_EXPONENTS(0.,0.,0.,0.,0.,0.,0.);
#341=(NAMED_UNIT(*)SI_UNIT($,.STERADIAN.)SOLID_ANGLE_UNIT());
#342=(LENGTH_UNIT()NAMED_UNIT(*)SI_UNIT(.MILLI.,.METRE.));
#343=UNCERTAINTY_MEASURE_WITH_UNIT(LENGTH_MEASURE(1.000000E-05),#342,'DISTANCE_ACCURACY_VALUE','Maximum Tolerance applied to model');
#344=(GEOMETRIC_REPRESENTATION_CONTEXT(3)GLOBAL_UNCERTAINTY_ASSIGNED_CONTEXT((#343))GLOBAL_UNIT_ASSIGNED_CONTEXT((#342,#339,#341))REPRESENTATION_CONTEXT('','knowco2-version3 w/enclosure (Imported)'));
#356=CARTESIAN_POINT('',(0.,0.,0.));
#357=DIRECTION('',(0.,0.,1.));
#358=DIRECTION('',(1.,0.,-0.));
#359=AXIS2_PLACEMENT_3D('',#356,#357,#358);
#360=ITEM_DEFINED_TRANSFORMATION('','',#359,#15);
#361=(REPRESENTATION_RELATIONSHIP('','',#346,#318)REPRESENTATION_RELATIONSHIP_WITH_TRANSFORMATION(#360)SHAPE_REPRESENTATION_RELATIONSHIP());
#362=NEXT_ASSEMBLY_USAGE_OCCURRENCE('knowco2-version3 w/enclosure (Imported)_5','knowco2-version3 w/enclosure (Imported)','knowco2-version3 w/enclosure (Imported)',#327,#355,$);
#363=PRODUCT_DEFINITION_SHAPE('','',#362);
#364=CONTEXT_DEPENDENT_SHAPE_REPRESENTATION(#361,#363);
#366=CARTESIAN_POINT('',(1.787487177,13.2159375,5.008997198));
#367=DIRECTION('',(-1.,0.,0.));
#368=DIRECTION('',(0.,0.,1.));
#369=AXIS2_PLACEMENT_3D('',#366,#367,#368);
#370=PLANE('',#369);
#371=CARTESIAN_POINT('',(1.787487177,8.13152799,2.548372198));
#372=VERTEX_POINT('',#371);
#373=CARTESIAN_POINT('',(1.787487177,7.074998337,0.559807828));
#374=VERTEX_POINT('',#373);
#375=CARTESIAN_POINT('',(1.787487177,5.441860664,2.702449035));
#376=DIRECTION('',(-1.,0.,0.));
#377=DIRECTION('',(0.,0.,1.));
#378=AXIS2_PLACEMENT_3D('',#375,#376,#377);
#379=CIRCLE('',#378,2.694076836);
#380=EDGE_CURVE('',#372,#374,#379,.T.);
#381=ORIENTED_EDGE('',*,*,#380,.T.);
#382=CARTESIAN_POINT('',(1.787487177,19.356876663,0.559807828));
#383=VERTEX_POINT('',#382);
#384=CARTESIAN_POINT('',(1.787487177,7.074998337,0.559807828));
#385=DIRECTION('',(-0.,1.,-0.));
#386=VECTOR('',#385,12.281878326);
#387=LINE('',#384,#386);
#388=EDGE_CURVE('',#374,#383,#387,.T.);
#389=ORIENTED_EDGE('',*,*,#388,.T.);
#390=CARTESIAN_POINT('',(1.787487177,18.30034701,2.548372198));
#391=VERTEX_POINT('',#390);
#392=CARTESIAN_POINT('',(1.787487177,20.990014336,2.702449035));
#393=DIRECTION('',(-1.,0.,0.));
#394=DIRECTION('',(0.,0.,1.));
#395=AXIS2_PLACEMENT_3D('',#392,#393,#394);
#396=CIRCLE('',#395,2.694076836);
#397=EDGE_CURVE('',#383,#391,#396,.T.);
#398=ORIENTED_EDGE('',*,*,#397,.T.);
#399=CARTESIAN_POINT('',(1.787487177,19.329988724,2.548372198));
#400=VERTEX_POINT('',#399);
#401=CARTESIAN_POINT('',(1.787487177,19.329988724,2.548372198));
#402=DIRECTION('',(-0.,-1.,0.));
#403=VECTOR('',#402,1.029641714);
#404=LINE('',#401,#403);
#405=EDGE_CURVE('',#400,#391,#404,.T.);
#406=ORIENTED_EDGE('',*,*,#405,.F.);
#407=CARTESIAN_POINT('',(1.787487177,19.329988724,8.898372198));
#408=VERTEX_POINT('',#407);
#409=CARTESIAN_POINT('',(1.787487177,19.329988724,8.898372198));
#410=DIRECTION('',(0.,0.,-1.));
#411=VECTOR('',#410,6.35);
#412=LINE('',#409,#411);
#413=EDGE_CURVE('',#408,#400,#412,.T.);
#414=ORIENTED_EDGE('',*,*,#413,.F.);
#415=CARTESIAN_POINT('',(1.787487177,13.218012589,8.898372198));
#416=VERTEX_POINT('',#415);
#417=CARTESIAN_POINT('',(1.787487177,19.329988724,8.898372198));
#418=DIRECTION('',(-0.,-1.,0.));
#419=VECTOR('',#418,6.111976135);
#420=LINE('',#417,#419);
#421=EDGE_CURVE('',#408,#416,#420,.T.);
#422=ORIENTED_EDGE('',*,*,#421,.T.);
#423=CARTESIAN_POINT('',(1.787487177,13.218012589,2.548372198));
#424=VERTEX_POINT('',#423);
#425=CARTESIAN_POINT('',(1.787487177,13.218012589,8.898372198));
#426=DIRECTION('',(0.,0.,-1.));
#427=VECTOR('',#426,6.35);
#428=LINE('',#425,#427);
#429=EDGE_CURVE('',#416,#424,#428,.T.);
#430=ORIENTED_EDGE('',*,*,#429,.T.);
#431=CARTESIAN_POINT('',(1.787487177,8.13152799,2.548372198));
#432=DIRECTION('',(0.,1.,0.));
#433=VECTOR('',#432,5.086484599);
#434=LINE('',#431,#433);
#435=EDGE_CURVE('',#372,#424,#434,.T.);
#436=ORIENTED_EDGE('',*,*,#435,.F.);
#437=EDGE_LOOP('',(#381,#389,#398,#406,#414,#422,#430,#436));
#438=FACE_BOUND('',#437,.T.);
#439=ADVANCED_FACE('',(#438),#370,.F.);
#440=CARTESIAN_POINT('',(0.,13.218012589,0.));
#441=DIRECTION('',(0.,-1.,0.));
#442=DIRECTION('',(0.,0.,-1.));
#443=AXIS2_PLACEMENT_3D('',#440,#441,#442);
#444=PLANE('',#443);
#445=CARTESIAN_POINT('',(1.456344599,13.218012589,2.548372198));
#446=VERTEX_POINT('',#445);
#447=CARTESIAN_POINT('',(1.456344599,13.218012589,8.898372198));
#448=VERTEX_POINT('',#447);
#449=CARTESIAN_POINT('',(1.456344599,13.218012589,2.548372198));
#450=DIRECTION('',(0.,0.,1.));
#451=VECTOR('',#450,6.35);
#452=LINE('',#449,#451);
#453=EDGE_CURVE('',#446,#448,#452,.T.);
#454=ORIENTED_EDGE('',*,*,#453,.F.);
#455=CARTESIAN_POINT('',(1.456344599,13.218012589,2.548372198));
#456=DIRECTION('',(1.,0.,-0.));
#457=VECTOR('',#456,0.331142578);
#458=LINE('',#455,#457);
#459=EDGE_CURVE('',#446,#424,#458,.T.);
#460=ORIENTED_EDGE('',*,*,#459,.T.);
#461=ORIENTED_EDGE('',*,*,#429,.F.);
#462=CARTESIAN_POINT('',(1.787487177,13.218012589,8.898372198));
#463=DIRECTION('',(-1.,0.,0.));
#464=VECTOR('',#463,0.331142578);
#465=LINE('',#462,#464);
#466=EDGE_CURVE('',#416,#448,#465,.T.);
#467=ORIENTED_EDGE('',*,*,#466,.T.);
#468=EDGE_LOOP('',(#454,#460,#461,#467));
#469=FACE_BOUND('',#468,.T.);
#470=ADVANCED_FACE('',(#469),#444,.T.);
#471=CARTESIAN_POINT('',(15.090737177,6.611960179,2.548372198));
#472=DIRECTION('',(0.,0.,-1.));
#473=DIRECTION('',(-1.,0.,0.));
#474=AXIS2_PLACEMENT_3D('',#471,#472,#473);
#475=PLANE('',#474);
#476=CARTESIAN_POINT('',(1.456344599,17.534028214,2.548372198));
#477=VERTEX_POINT('',#476);
#478=CARTESIAN_POINT('',(1.456344599,13.218012589,2.548372198));
#479=DIRECTION('',(0.,1.,0.));
#480=VECTOR('',#479,4.316015625);
#481=LINE('',#478,#480);
#482=EDGE_CURVE('',#446,#477,#481,.T.);
#483=ORIENTED_EDGE('',*,*,#482,.T.);
#484=CARTESIAN_POINT('',(0.009487177,17.534028214,2.548372198));
#485=VERTEX_POINT('',#484);
#486=CARTESIAN_POINT('',(0.009487177,17.534028214,2.548372198));
#487=DIRECTION('',(1.,0.,-0.));
#488=VECTOR('',#487,1.446857422);
#489=LINE('',#486,#488);
#490=EDGE_CURVE('',#485,#477,#489,.T.);
#491=ORIENTED_EDGE('',*,*,#490,.F.);
#492=CARTESIAN_POINT('',(0.009487177,1.803988724,2.548372198));
#493=VERTEX_POINT('',#492);
#494=CARTESIAN_POINT('',(0.009487177,17.534028214,2.548372198));
#495=DIRECTION('',(-0.,-1.,-0.));
#496=VECTOR('',#495,15.73003949);
#497=LINE('',#494,#496);
#498=EDGE_CURVE('',#485,#493,#497,.T.);
#499=ORIENTED_EDGE('',*,*,#498,.T.);
#500=CARTESIAN_POINT('',(1.805538401,0.0079375,2.548372198));
#501=VERTEX_POINT('',#500);
#502=CARTESIAN_POINT('',(1.805538401,1.803988724,2.548372198));
#503=DIRECTION('',(0.,0.,1.));
#504=DIRECTION('',(1.,0.,-0.));
#505=AXIS2_PLACEMENT_3D('',#502,#503,#504);
#506=CIRCLE('',#505,1.796051224);
#507=EDGE_CURVE('',#493,#501,#506,.T.);
#508=ORIENTED_EDGE('',*,*,#507,.T.);
#509=CARTESIAN_POINT('',(10.151435953,0.0079375,2.548372198));
#510=VERTEX_POINT('',#509);
#511=CARTESIAN_POINT('',(10.151435953,0.0079375,2.548372198));
#512=DIRECTION('',(-1.,-0.,0.));
#513=VECTOR('',#512,8.345897552);
#514=LINE('',#511,#513);
#515=EDGE_CURVE('',#510,#501,#514,.T.);
#516=ORIENTED_EDGE('',*,*,#515,.F.);
#517=CARTESIAN_POINT('',(11.947487177,1.803988724,2.548372198));
#518=VERTEX_POINT('',#517);
#519=CARTESIAN_POINT('',(10.151435953,1.803988724,2.548372198));
#520=DIRECTION('',(0.,0.,1.));
#521=DIRECTION('',(1.,0.,-0.));
#522=AXIS2_PLACEMENT_3D('',#519,#520,#521);
#523=CIRCLE('',#522,1.796051224);
#524=EDGE_CURVE('',#510,#518,#523,.T.);
#525=ORIENTED_EDGE('',*,*,#524,.T.);
#526=CARTESIAN_POINT('',(11.947487177,24.627886276,2.548372198));
#527=VERTEX_POINT('',#526);
#528=CARTESIAN_POINT('',(11.947487177,1.803988724,2.548372198));
#529=DIRECTION('',(0.,1.,0.));
#530=VECTOR('',#529,22.823897552);
#531=LINE('',#528,#530);
#532=EDGE_CURVE('',#518,#527,#531,.T.);
#533=ORIENTED_EDGE('',*,*,#532,.T.);
#534=CARTESIAN_POINT('',(10.151435953,26.4239375,2.548372198));
#535=VERTEX_POINT('',#534);
#536=CARTESIAN_POINT('',(10.151435953,24.627886276,2.548372198));
#537=DIRECTION('',(-0.,-0.,1.));
#538=DIRECTION('',(-1.,0.,0.));
#539=AXIS2_PLACEMENT_3D('',#536,#537,#538);
#540=CIRCLE('',#539,1.796051224);
#541=EDGE_CURVE('',#527,#535,#540,.T.);
#542=ORIENTED_EDGE('',*,*,#541,.T.);
#543=CARTESIAN_POINT('',(5.978487177,26.4239375,2.548372198));
#544=VERTEX_POINT('',#543);
#545=CARTESIAN_POINT('',(10.151435953,26.4239375,2.548372198));
#546=DIRECTION('',(-1.,0.,0.));
#547=VECTOR('',#546,4.172948776);
#548=LINE('',#545,#547);
#549=EDGE_CURVE('',#535,#544,#548,.T.);
#550=ORIENTED_EDGE('',*,*,#549,.T.);
#551=CARTESIAN_POINT('',(5.978487177,26.402301224,2.548372198));
#552=VERTEX_POINT('',#551);
#553=CARTESIAN_POINT('',(5.978487177,26.4239375,2.548372198));
#554=DIRECTION('',(-0.,-1.,-0.));
#555=VECTOR('',#554,0.021636276);
#556=LINE('',#553,#555);
#557=EDGE_CURVE('',#544,#552,#556,.T.);
#558=ORIENTED_EDGE('',*,*,#557,.T.);
#559=CARTESIAN_POINT('',(5.597487177,25.29621351,2.548372198));
#560=VERTEX_POINT('',#559);
#561=CARTESIAN_POINT('',(4.182435953,26.402301224,2.548372198));
#562=DIRECTION('',(-0.,-0.,-1.));
#563=DIRECTION('',(1.,0.,-0.));
#564=AXIS2_PLACEMENT_3D('',#561,#562,#563);
#565=CIRCLE('',#564,1.796051224);
#566=EDGE_CURVE('',#552,#560,#565,.T.);
#567=ORIENTED_EDGE('',*,*,#566,.T.);
#568=CARTESIAN_POINT('',(5.597487177,24.494628906,2.548372198));
#569=VERTEX_POINT('',#568);
#570=CARTESIAN_POINT('',(5.597487177,25.29621351,2.548372198));
#571=DIRECTION('',(-0.,-1.,-0.));
#572=VECTOR('',#571,0.801584603);
#573=LINE('',#570,#572);
#574=EDGE_CURVE('',#560,#569,#573,.T.);
#575=ORIENTED_EDGE('',*,*,#574,.T.);
#576=CARTESIAN_POINT('',(4.453521262,24.494628906,2.548372198));
#577=VERTEX_POINT('',#576);
#578=CARTESIAN_POINT('',(4.453521262,24.494628906,2.548372198));
#579=DIRECTION('',(1.,0.,-0.));
#580=VECTOR('',#579,1.143965915);
#581=LINE('',#578,#580);
#582=EDGE_CURVE('',#577,#569,#581,.T.);
#583=ORIENTED_EDGE('',*,*,#582,.F.);
#584=CARTESIAN_POINT('',(4.453521262,18.589440215,2.548372198));
#585=VERTEX_POINT('',#584);
#586=CARTESIAN_POINT('',(4.453521262,24.494628906,2.548372198));
#587=DIRECTION('',(0.,-1.,0.));
#588=VECTOR('',#587,5.905188691);
#589=LINE('',#586,#588);
#590=EDGE_CURVE('',#577,#585,#589,.T.);
#591=ORIENTED_EDGE('',*,*,#590,.T.);
#592=CARTESIAN_POINT('',(3.352423147,18.300347009,2.548372198));
#593=VERTEX_POINT('',#592);
#594=CARTESIAN_POINT('',(4.453521262,18.589440215,2.548372198));
#595=CARTESIAN_POINT('',(4.287037098,18.495551805,2.548372198));
#596=CARTESIAN_POINT('',(4.105495943,18.422002837,2.548372198));
#597=CARTESIAN_POINT('',(3.920544212,18.373541791,2.548372198));
#598=CARTESIAN_POINT('',(3.735592481,18.325080745,2.548372198));
#599=CARTESIAN_POINT('',(3.546280442,18.30034701,2.548372198));
#600=CARTESIAN_POINT('',(3.352423147,18.30034701,2.548372198));
#601=B_SPLINE_CURVE_WITH_KNOTS('',3,(#594,#595,#596,#597,#598,#599,#600),.UNSPECIFIED.,.F.,.F.,(4,3,4),(0.002405678,0.002984401,0.003563124),.UNSPECIFIED.);
#602=EDGE_CURVE('',#585,#593,#601,.T.);
#603=ORIENTED_EDGE('',*,*,#602,.T.);
#604=CARTESIAN_POINT('',(7.121487177,18.300347009,2.548372198));
#605=VERTEX_POINT('',#604);
#606=CARTESIAN_POINT('',(3.352423147,18.300347009,2.548372198));
#607=DIRECTION('',(1.,-0.,-0.));
#608=VECTOR('',#607,3.76906403);
#609=LINE('',#606,#608);
#610=EDGE_CURVE('',#593,#605,#609,.T.);
#611=ORIENTED_EDGE('',*,*,#610,.T.);
#612=CARTESIAN_POINT('',(7.121487177,8.13152799,2.548372198));
#613=VERTEX_POINT('',#612);
#614=CARTESIAN_POINT('',(7.121487177,8.13152799,2.548372198));
#615=DIRECTION('',(0.,1.,0.));
#616=VECTOR('',#615,10.168819019);
#617=LINE('',#614,#616);
#618=EDGE_CURVE('',#613,#605,#617,.T.);
#619=ORIENTED_EDGE('',*,*,#618,.F.);
#620=CARTESIAN_POINT('',(2.221099387,8.13152799,2.548372198));
#621=VERTEX_POINT('',#620);
#622=CARTESIAN_POINT('',(7.121487177,8.13152799,2.548372198));
#623=DIRECTION('',(-1.,0.,0.));
#624=VECTOR('',#623,4.90038779);
#625=LINE('',#622,#624);
#626=EDGE_CURVE('',#613,#621,#625,.T.);
#627=ORIENTED_EDGE('',*,*,#626,.T.);
#628=CARTESIAN_POINT('',(2.221099387,1.7859375,2.548372198));
#629=VERTEX_POINT('',#628);
#630=CARTESIAN_POINT('',(2.221099387,8.13152799,2.548372198));
#631=DIRECTION('',(0.,-1.,0.));
#632=VECTOR('',#631,6.34559049);
#633=LINE('',#630,#632);
#634=EDGE_CURVE('',#621,#629,#633,.T.);
#635=ORIENTED_EDGE('',*,*,#634,.T.);
#636=CARTESIAN_POINT('',(1.205099387,1.7859375,2.548372198));
#637=VERTEX_POINT('',#636);
#638=CARTESIAN_POINT('',(2.221099387,1.7859375,2.548372198));
#639=DIRECTION('',(-1.,0.,0.));
#640=VECTOR('',#639,1.016);
#641=LINE('',#638,#640);
#642=EDGE_CURVE('',#629,#637,#641,.T.);
#643=ORIENTED_EDGE('',*,*,#642,.T.);
#644=CARTESIAN_POINT('',(1.205099387,8.13152799,2.548372198));
#645=VERTEX_POINT('',#644);
#646=CARTESIAN_POINT('',(1.205099387,8.13152799,2.548372198));
#647=DIRECTION('',(0.,-1.,0.));
#648=VECTOR('',#647,6.34559049);
#649=LINE('',#646,#648);
#650=EDGE_CURVE('',#645,#637,#649,.T.);
#651=ORIENTED_EDGE('',*,*,#650,.F.);
#652=CARTESIAN_POINT('',(1.205099387,8.13152799,2.548372198));
#653=DIRECTION('',(1.,-0.,-0.));
#654=VECTOR('',#653,0.58238779);
#655=LINE('',#652,#654);
#656=EDGE_CURVE('',#645,#372,#655,.T.);
#657=ORIENTED_EDGE('',*,*,#656,.T.);
#658=ORIENTED_EDGE('',*,*,#435,.T.);
#659=ORIENTED_EDGE('',*,*,#459,.F.);
#660=EDGE_LOOP('',(#483,#491,#499,#508,#516,#525,#533,#542,#550,#558,#567,#575,#583,#591,#603,#611,#619,#627,#635,#643,#651,#657,#658,#659));
#661=FACE_BOUND('',#660,.T.);
#662=CARTESIAN_POINT('',(9.153487177,7.878841296,2.548372198));
#663=VERTEX_POINT('',#662);
#664=CARTESIAN_POINT('',(9.153487177,18.770096051,2.548372198));
#665=VERTEX_POINT('',#664);
#666=CARTESIAN_POINT('',(9.153487177,7.878841296,2.548372198));
#667=DIRECTION('',(0.,1.,0.));
#668=VECTOR('',#667,10.891254754);
#669=LINE('',#666,#668);
#670=EDGE_CURVE('',#663,#665,#669,.T.);
#671=ORIENTED_EDGE('',*,*,#670,.T.);
#672=CARTESIAN_POINT('',(10.677487177,18.767001556,2.548372198));
#673=VERTEX_POINT('',#672);
#674=CARTESIAN_POINT('',(9.153487177,18.770096051,2.548372198));
#675=DIRECTION('',(0.999997939,-0.002030504,0.));
#676=VECTOR('',#675,1.524003142);
#677=LINE('',#674,#676);
#678=EDGE_CURVE('',#665,#673,#677,.T.);
#679=ORIENTED_EDGE('',*,*,#678,.T.);
#680=CARTESIAN_POINT('',(10.677487177,7.878841296,2.548372198));
#681=VERTEX_POINT('',#680);
#682=CARTESIAN_POINT('',(10.677487177,18.767001556,2.548372198));
#683=DIRECTION('',(-0.,-1.,-0.));
#684=VECTOR('',#683,10.888160259);
#685=LINE('',#682,#684);
#686=EDGE_CURVE('',#673,#681,#685,.T.);
#687=ORIENTED_EDGE('',*,*,#686,.T.);
#688=CARTESIAN_POINT('',(10.677487177,7.878841296,2.548372198));
#689=DIRECTION('',(-1.,0.,0.));
#690=VECTOR('',#689,1.524);
#691=LINE('',#688,#690);
#692=EDGE_CURVE('',#681,#663,#691,.T.);
#693=ORIENTED_EDGE('',*,*,#692,.T.);
#694=EDGE_LOOP('',(#671,#679,#687,#693));
#695=FACE_BOUND('',#694,.T.);
#696=ADVANCED_FACE('',(#661,#695),#475,.F.);
#697=CARTESIAN_POINT('',(-0.008564047,19.329988724,5.008997198));
#698=DIRECTION('',(0.,0.,-1.));
#699=DIRECTION('',(-1.,0.,0.));
#700=AXIS2_PLACEMENT_3D('',#697,#698,#699);
#701=CYLINDRICAL_SURFACE('',#700,1.796051224);
#702=CARTESIAN_POINT('',(1.787487177,19.337734375,4.924373487));
#703=VERTEX_POINT('',#702);
#704=CARTESIAN_POINT('',(1.787487177,19.329991141,8.898372203));
#705=CARTESIAN_POINT('',(1.787487177,19.337734339,4.924373487));
#706=B_SPLINE_CURVE_WITH_KNOTS('',1,(#704,#705),.UNSPECIFIED.,.F.,.F.,(2,2),(0.000311989,1.),.UNSPECIFIED.);
#707=EDGE_CURVE('',#408,#703,#706,.T.);
#708=ORIENTED_EDGE('',*,*,#707,.F.);
#709=ORIENTED_EDGE('',*,*,#413,.T.);
#710=CARTESIAN_POINT('',(1.787487177,19.344933974,2.548372198));
#711=VERTEX_POINT('',#710);
#712=CARTESIAN_POINT('',(-0.008564047,19.329988724,2.548372198));
#713=DIRECTION('',(0.,0.,-1.));
#714=DIRECTION('',(-1.,0.,0.));
#715=AXIS2_PLACEMENT_3D('',#712,#713,#714);
#716=CIRCLE('',#715,1.796051224);
#717=EDGE_CURVE('',#711,#400,#716,.T.);
#718=ORIENTED_EDGE('',*,*,#717,.F.);
#719=CARTESIAN_POINT('',(1.787470475,19.337734375,2.702449035));
#720=VERTEX_POINT('',#719);
#721=CARTESIAN_POINT('',(1.787470475,19.337734375,2.702449035));
#722=CARTESIAN_POINT('',(1.787470475,19.337734375,2.650977962));
#723=CARTESIAN_POINT('',(1.787464935,19.34013424,2.599619029));
#724=CARTESIAN_POINT('',(1.787424995,19.344933969,2.548372246));
#725=B_SPLINE_CURVE_WITH_KNOTS('',3,(#721,#722,#723,#724),.UNSPECIFIED.,.F.,.F.,(4,4),(0.,0.000154245),.UNSPECIFIED.);
#726=EDGE_CURVE('',#720,#711,#725,.T.);
#727=ORIENTED_EDGE('',*,*,#726,.F.);
#728=CARTESIAN_POINT('',(1.787470475,19.337734375,4.924373487));
#729=DIRECTION('',(0.,0.,-1.));
#730=VECTOR('',#729,2.221924452);
#731=LINE('',#728,#730);
#732=EDGE_CURVE('',#703,#720,#731,.T.);
#733=ORIENTED_EDGE('',*,*,#732,.F.);
#734=EDGE_LOOP('',(#708,#709,#718,#727,#733));
#735=FACE_BOUND('',#734,.T.);
#736=ADVANCED_FACE('',(#735),#701,.T.);
#737=CARTESIAN_POINT('',(3.352423147,20.990014336,2.702449035));
#738=DIRECTION('',(1.,0.,0.));
#739=DIRECTION('',(0.,0.,-1.));
#740=AXIS2_PLACEMENT_3D('',#737,#738,#739);
#741=DEGENERATE_TOROIDAL_SURFACE('',#740,0.449012806,2.24506403,.T.);
#742=CARTESIAN_POINT('',(4.453521262,18.589360934,2.549612432));
#743=VERTEX_POINT('',#742);
#744=CARTESIAN_POINT('',(4.453521262,20.990014336,2.702449035));
#745=DIRECTION('',(-1.,-0.,0.));
#746=DIRECTION('',(-0.,0.,-1.));
#747=AXIS2_PLACEMENT_3D('',#744,#745,#746);
#748=CIRCLE('',#747,2.405513621);
#749=EDGE_CURVE('',#585,#743,#748,.T.);
#750=ORIENTED_EDGE('',*,*,#749,.T.);
#751=CARTESIAN_POINT('',(3.352423147,18.30027625,2.549612432));
#752=VERTEX_POINT('',#751);
#753=CARTESIAN_POINT('',(3.352423147,18.30027625,2.549612432));
#754=CARTESIAN_POINT('',(3.544036848,18.300276253,2.549612432));
#755=CARTESIAN_POINT('',(3.734990606,18.324720208,2.549612432));
#756=CARTESIAN_POINT('',(3.921975806,18.373844653,2.549612432));
#757=CARTESIAN_POINT('',(4.108961006,18.422969097,2.549612432));
#758=CARTESIAN_POINT('',(4.286086063,18.494939373,2.549612432));
#759=CARTESIAN_POINT('',(4.453521262,18.589360934,2.549612432));
#760=B_SPLINE_CURVE_WITH_KNOTS('',3,(#753,#754,#755,#756,#757,#758,#759),.UNSPECIFIED.,.F.,.F.,(4,3,4),(0.006204434,0.006753071,0.007301708),.UNSPECIFIED.);
#761=EDGE_CURVE('',#752,#743,#760,.T.);
#762=ORIENTED_EDGE('',*,*,#761,.F.);
#763=CARTESIAN_POINT('',(3.352423147,20.990014336,2.702449035));
#764=DIRECTION('',(-1.,0.,0.));
#765=DIRECTION('',(0.,0.,1.));
#766=AXIS2_PLACEMENT_3D('',#763,#764,#765);
#767=CIRCLE('',#766,2.694076836);
#768=EDGE_CURVE('',#593,#752,#767,.T.);
#769=ORIENTED_EDGE('',*,*,#768,.F.);
#770=ORIENTED_EDGE('',*,*,#602,.F.);
#771=EDGE_LOOP('',(#750,#762,#769,#770));
#772=FACE_BOUND('',#771,.T.);
#773=ADVANCED_FACE('',(#772),#741,.T.);
#774=CARTESIAN_POINT('',(2.476065302,8.1359375,5.008997198));
#775=DIRECTION('',(0.,1.,0.));
#776=DIRECTION('',(1.,0.,0.));
#777=AXIS2_PLACEMENT_3D('',#774,#775,#776);
#778=PLANE('',#777);
#779=CARTESIAN_POINT('',(1.205050821,8.1359375,2.884244138));
#780=VERTEX_POINT('',#779);
#781=CARTESIAN_POINT('',(2.221099387,8.1359375,2.884244138));
#782=VERTEX_POINT('',#781);
#783=CARTESIAN_POINT('',(1.205050821,8.1359375,2.884244138));
#784=DIRECTION('',(1.,-0.,-0.));
#785=VECTOR('',#784,1.016048566);
#786=LINE('',#783,#785);
#787=EDGE_CURVE('',#780,#782,#786,.T.);
#788=ORIENTED_EDGE('',*,*,#787,.T.);
#789=CARTESIAN_POINT('',(2.221099387,8.1359375,2.702449035));
#790=VERTEX_POINT('',#789);
#791=CARTESIAN_POINT('',(2.221099387,8.1359375,2.884244138));
#792=DIRECTION('',(-0.,0.,-1.));
#793=VECTOR('',#792,0.181795103);
#794=LINE('',#791,#793);
#795=EDGE_CURVE('',#782,#790,#794,.T.);
#796=ORIENTED_EDGE('',*,*,#795,.T.);
#797=CARTESIAN_POINT('',(1.205077108,8.1359375,2.702449035));
#798=VERTEX_POINT('',#797);
#799=CARTESIAN_POINT('',(2.221099387,8.1359375,2.702449035));
#800=DIRECTION('',(-1.,-0.,0.));
#801=VECTOR('',#800,1.016022279);
#802=LINE('',#799,#801);
#803=EDGE_CURVE('',#790,#798,#802,.T.);
#804=ORIENTED_EDGE('',*,*,#803,.T.);
#805=CARTESIAN_POINT('',(1.205050821,8.1359375,2.884244138));
#806=DIRECTION('',(0.000144597,0.,-0.99999999));
#807=VECTOR('',#806,0.181795105);
#808=LINE('',#805,#807);
#809=EDGE_CURVE('',#780,#798,#808,.T.);
#810=ORIENTED_EDGE('',*,*,#809,.F.);
#811=EDGE_LOOP('',(#788,#796,#804,#810));
#812=FACE_BOUND('',#811,.T.);
#813=ADVANCED_FACE('',(#812),#778,.T.);
#814=CARTESIAN_POINT('',(12.907924677,4.0719375,4.834372198));
#815=DIRECTION('',(-1.,0.,0.));
#816=DIRECTION('',(0.,0.,1.));
#817=AXIS2_PLACEMENT_3D('',#814,#815,#816);
#818=CYLINDRICAL_SURFACE('',#817,1.27);
#819=CARTESIAN_POINT('',(1.204585201,4.0719375,6.104372198));
#820=VERTEX_POINT('',#819);
#821=CARTESIAN_POINT('',(2.221099387,4.0719375,6.104372198));
#822=VERTEX_POINT('',#821);
#823=CARTESIAN_POINT('',(1.204585201,4.0719375,6.104372198));
#824=DIRECTION('',(1.,-0.,-0.));
#825=VECTOR('',#824,1.016514186);
#826=LINE('',#823,#825);
#827=EDGE_CURVE('',#820,#822,#826,.T.);
#828=ORIENTED_EDGE('',*,*,#827,.F.);
#829=CARTESIAN_POINT('',(1.204768838,4.0719375,4.834372198));
#830=DIRECTION('',(-0.99999999,-0.,-0.000144597));
#831=DIRECTION('',(-0.000144597,0.,0.99999999));
#832=AXIS2_PLACEMENT_3D('',#829,#830,#831);
#833=ELLIPSE('',#832,1.270000013,1.27);
#834=EDGE_CURVE('',#820,#820,#833,.T.);
#835=ORIENTED_EDGE('',*,*,#834,.T.);
#836=ORIENTED_EDGE('',*,*,#827,.T.);
#837=CARTESIAN_POINT('',(2.221099387,4.0719375,3.564372198));
#838=VERTEX_POINT('',#837);
#839=CARTESIAN_POINT('',(2.221099387,4.0719375,4.834372198));
#840=DIRECTION('',(-1.,-0.,0.));
#841=DIRECTION('',(-0.,0.,-1.));
#842=AXIS2_PLACEMENT_3D('',#839,#840,#841);
#843=CIRCLE('',#842,1.27);
#844=EDGE_CURVE('',#838,#822,#843,.T.);
#845=ORIENTED_EDGE('',*,*,#844,.F.);
#846=CARTESIAN_POINT('',(2.221099387,4.0719375,4.834372198));
#847=DIRECTION('',(-1.,-0.,0.));
#848=DIRECTION('',(-0.,0.,-1.));
#849=AXIS2_PLACEMENT_3D('',#846,#847,#848);
#850=CIRCLE('',#849,1.27);
#851=EDGE_CURVE('',#822,#838,#850,.T.);
#852=ORIENTED_EDGE('',*,*,#851,.F.);
#853=EDGE_LOOP('',(#828,#835,#836,#845,#852));
#854=FACE_BOUND('',#853,.T.);
#855=ADVANCED_FACE('',(#854),#818,.F.);
#856=CARTESIAN_POINT('',(4.708487177,3.645809439,2.884244138));
#857=DIRECTION('',(-1.,0.,0.));
#858=DIRECTION('',(0.,0.,1.));
#859=AXIS2_PLACEMENT_3D('',#856,#857,#858);
#860=CYLINDRICAL_SURFACE('',#859,4.490128061);
#861=CARTESIAN_POINT('',(1.204440336,5.174248427,7.106225221));
#862=VERTEX_POINT('',#861);
#863=CARTESIAN_POINT('',(2.221099387,5.174248277,7.106225275));
#864=VERTEX_POINT('',#863);
#865=CARTESIAN_POINT('',(1.204440336,5.174248427,7.106225221));
#866=DIRECTION('',(1.,-0.,-0.));
#867=VECTOR('',#866,1.016659051);
#868=LINE('',#865,#867);
#869=EDGE_CURVE('',#862,#864,#868,.T.);
#870=ORIENTED_EDGE('',*,*,#869,.T.);
#871=CARTESIAN_POINT('',(2.221099387,3.645809439,2.884244138));
#872=DIRECTION('',(-1.,-0.,0.));
#873=DIRECTION('',(-0.,0.,-1.));
#874=AXIS2_PLACEMENT_3D('',#871,#872,#873);
#875=CIRCLE('',#874,4.490128061);
#876=EDGE_CURVE('',#864,#782,#875,.T.);
#877=ORIENTED_EDGE('',*,*,#876,.T.);
#878=ORIENTED_EDGE('',*,*,#787,.F.);
#879=CARTESIAN_POINT('',(1.205050821,3.645809439,2.884244138));
#880=DIRECTION('',(-0.99999999,-0.,-0.000144597));
#881=DIRECTION('',(-0.000144597,0.,0.99999999));
#882=AXIS2_PLACEMENT_3D('',#879,#880,#881);
#883=ELLIPSE('',#882,4.490128108,4.490128061);
#884=EDGE_CURVE('',#862,#780,#883,.T.);
#885=ORIENTED_EDGE('',*,*,#884,.F.);
#886=EDGE_LOOP('',(#870,#877,#878,#885));
#887=FACE_BOUND('',#886,.T.);
#888=ADVANCED_FACE('',(#887),#860,.T.);
#889=CARTESIAN_POINT('',(2.476065302,5.441860664,2.702449035));
#890=DIRECTION('',(-1.,0.,0.));
#891=DIRECTION('',(0.,0.,1.));
#892=AXIS2_PLACEMENT_3D('',#889,#890,#891);
#893=CYLINDRICAL_SURFACE('',#892,2.694076836);
#894=ORIENTED_EDGE('',*,*,#803,.F.);
#895=CARTESIAN_POINT('',(2.221099387,5.441860664,2.702449035));
#896=DIRECTION('',(-1.,-0.,0.));
#897=DIRECTION('',(-0.,0.,-1.));
#898=AXIS2_PLACEMENT_3D('',#895,#896,#897);
#899=CIRCLE('',#898,2.694076836);
#900=EDGE_CURVE('',#790,#621,#899,.T.);
#901=ORIENTED_EDGE('',*,*,#900,.T.);
#902=ORIENTED_EDGE('',*,*,#626,.F.);
#903=CARTESIAN_POINT('',(7.121487177,7.058306764,0.547187565));
#904=VERTEX_POINT('',#903);
#905=CARTESIAN_POINT('',(7.121487177,5.441860664,2.702449035));
#906=DIRECTION('',(1.,-0.,-0.));
#907=DIRECTION('',(0.,0.,1.));
#908=AXIS2_PLACEMENT_3D('',#905,#906,#907);
#909=CIRCLE('',#908,2.694076836);
#910=EDGE_CURVE('',#904,#613,#909,.T.);
#911=ORIENTED_EDGE('',*,*,#910,.F.);
#912=CARTESIAN_POINT('',(7.660302544,5.441860664,0.008372198));
#913=VERTEX_POINT('',#912);
#914=CARTESIAN_POINT('',(7.121487177,7.058306764,0.547187565));
#915=CARTESIAN_POINT('',(7.121487177,6.935042629,0.454739464));
#916=CARTESIAN_POINT('',(7.143977174,6.807379988,0.375288782));
#917=CARTESIAN_POINT('',(7.177981936,6.674697328,0.307002572));
#918=CARTESIAN_POINT('',(7.211986698,6.542014667,0.238716362));
#919=CARTESIAN_POINT('',(7.257396069,6.407108265,0.183189244));
#920=CARTESIAN_POINT('',(7.308241453,6.271499083,0.139296661));
#921=CARTESIAN_POINT('',(7.409932221,6.000280718,0.051511495));
#922=CARTESIAN_POINT('',(7.535368175,5.721207028,0.008372198));
#923=CARTESIAN_POINT('',(7.660302544,5.441860664,0.008372198));
#924=B_SPLINE_CURVE_WITH_KNOTS('',3,(#914,#915,#916,#917,#918,#919,#920,#921,#922,#923),.UNSPECIFIED.,.F.,.F.,(4,3,3,4),(0.,0.000456067,0.000912134,0.001824267),.UNSPECIFIED.);
#925=EDGE_CURVE('',#904,#913,#924,.T.);
#926=ORIENTED_EDGE('',*,*,#925,.T.);
#927=CARTESIAN_POINT('',(1.805538401,5.441860664,0.008372198));
#928=VERTEX_POINT('',#927);
#929=CARTESIAN_POINT('',(1.805538401,5.441860664,0.008372198));
#930=DIRECTION('',(1.,0.,-0.));
#931=VECTOR('',#930,5.854764143);
#932=LINE('',#929,#931);
#933=EDGE_CURVE('',#928,#913,#932,.T.);
#934=ORIENTED_EDGE('',*,*,#933,.F.);
#935=CARTESIAN_POINT('',(1.159150371,6.238081738,0.128719834));
#936=VERTEX_POINT('',#935);
#937=CARTESIAN_POINT('',(1.159150371,6.238081738,0.128719834));
#938=CARTESIAN_POINT('',(1.251530665,6.122894431,0.093084942));
#939=CARTESIAN_POINT('',(1.358316944,5.990777833,0.060582544));
#940=CARTESIAN_POINT('',(1.479509209,5.841720307,0.038211383));
#941=CARTESIAN_POINT('',(1.481402838,5.839391283,0.037861834));
#942=CARTESIAN_POINT('',(1.481772076,5.838937318,0.037794807));
#943=CARTESIAN_POINT('',(1.482916895,5.837529612,0.037585796));
#944=CARTESIAN_POINT('',(1.484061714,5.836121905,0.037376785));
#945=CARTESIAN_POINT('',(1.485215456,5.834703389,0.037167309));
#946=CARTESIAN_POINT('',(1.486378122,5.833274056,0.036957419));
#947=CARTESIAN_POINT('',(1.488703453,5.830415392,0.036537639));
#948=CARTESIAN_POINT('',(1.491064477,5.827513464,0.036116203));
#949=CARTESIAN_POINT('',(1.493461196,5.824568229,0.035693531));
#950=CARTESIAN_POINT('',(1.498254632,5.818677758,0.034848186));
#951=CARTESIAN_POINT('',(1.503190843,5.812614053,0.033997883));
#952=CARTESIAN_POINT('',(1.508269827,5.806376767,0.033146128));
#953=CARTESIAN_POINT('',(1.518427797,5.793902195,0.031442619));
#954=CARTESIAN_POINT('',(1.529156863,5.780733267,0.029733103));
#955=CARTESIAN_POINT('',(1.540457026,5.766867512,0.028048065));
#956=CARTESIAN_POINT('',(1.563057351,5.739136002,0.024677991));
#957=CARTESIAN_POINT('',(1.587942064,5.708616263,0.021402592));
#958=CARTESIAN_POINT('',(1.615111163,5.675296844,0.018504634));
#959=CARTESIAN_POINT('',(1.669449362,5.608658006,0.012708718));
#960=CARTESIAN_POINT('',(1.732925108,5.530789766,0.008372199));
#961=CARTESIAN_POINT('',(1.805538401,5.441860664,0.008372199));
#962=B_SPLINE_CURVE_WITH_KNOTS('',3,(#937,#938,#939,#940,#941,#942,#943,#944,#945,#946,#947,#948,#949,#950,#951,#952,#953,#954,#955,#956,#957,#958,#959,#960,#961),.UNSPECIFIED.,.F.,.F.,(4,3,3,3,3,3,3,3,4),(0.,0.5,0.5078125,0.515625,0.53125,0.5625,0.625,0.75,1.),.UNSPECIFIED.);
#963=EDGE_CURVE('',#936,#928,#962,.T.);
#964=ORIENTED_EDGE('',*,*,#963,.F.);
#965=CARTESIAN_POINT('',(1.159150371,6.238081738,0.128719834));
#966=CARTESIAN_POINT('',(1.177351368,6.215387246,0.121698958));
#967=CARTESIAN_POINT('',(1.196921358,6.193899822,0.115391402));
#968=CARTESIAN_POINT('',(1.219419986,6.175147595,0.110087124));
#969=CARTESIAN_POINT('',(1.241918613,6.156395368,0.104782847));
#970=CARTESIAN_POINT('',(1.268271775,6.139987328,0.100388938));
#971=CARTESIAN_POINT('',(1.297287772,6.133317836,0.098617824));
#972=CARTESIAN_POINT('',(1.32630377,6.126648345,0.096846709));
#973=CARTESIAN_POINT('',(1.357775569,6.131489928,0.098099223));
#974=CARTESIAN_POINT('',(1.384604172,6.144315471,0.101563178));
#975=CARTESIAN_POINT('',(1.411432775,6.157141014,0.105027132));
#976=CARTESIAN_POINT('',(1.434602675,6.176319581,0.110330562));
#977=CARTESIAN_POINT('',(1.455125377,6.196879115,0.116332809));
#978=CARTESIAN_POINT('',(1.496170781,6.237998183,0.128337302));
#979=CARTESIAN_POINT('',(1.528880576,6.286184498,0.143580346));
#980=CARTESIAN_POINT('',(1.558106862,6.334684168,0.160615801));
#981=CARTESIAN_POINT('',(1.587333149,6.383183839,0.177651257));
#982=CARTESIAN_POINT('',(1.612753723,6.432712868,0.196618785));
#983=CARTESIAN_POINT('',(1.635792422,6.482589686,0.217507768));
#984=CARTESIAN_POINT('',(1.68186982,6.582343324,0.259285734));
#985=CARTESIAN_POINT('',(1.718773664,6.684551594,0.309355425));
#986=CARTESIAN_POINT('',(1.745075017,6.783902086,0.366432165));
#987=CARTESIAN_POINT('',(1.771376371,6.883252579,0.423508904));
#988=CARTESIAN_POINT('',(1.787487177,6.980033273,0.487424723));
#989=CARTESIAN_POINT('',(1.787487177,7.074998337,0.559807828));
#990=B_SPLINE_CURVE_WITH_KNOTS('',3,(#965,#966,#967,#968,#969,#970,#971,#972,#973,#974,#975,#976,#977,#978,#979,#980,#981,#982,#983,#984,#985,#986,#987,#988,#989),.UNSPECIFIED.,.F.,.F.,(4,3,3,3,3,3,3,3,4),(0.,0.000089041,0.000178082,0.000267123,0.000356164,0.000534246,0.000712327,0.001068491,0.001424655),.UNSPECIFIED.);
#991=EDGE_CURVE('',#936,#374,#990,.T.);
#992=ORIENTED_EDGE('',*,*,#991,.T.);
#993=ORIENTED_EDGE('',*,*,#380,.F.);
#994=ORIENTED_EDGE('',*,*,#656,.F.);
#995=CARTESIAN_POINT('',(1.205077108,5.441860664,2.702449035));
#996=DIRECTION('',(-0.99999999,-0.,-0.000144597));
#997=DIRECTION('',(-0.000144597,0.,0.99999999));
#998=AXIS2_PLACEMENT_3D('',#995,#996,#997);
#999=ELLIPSE('',#998,2.694076864,2.694076836);
#1000=EDGE_CURVE('',#798,#645,#999,.T.);
#1001=ORIENTED_EDGE('',*,*,#1000,.F.);
#1002=EDGE_LOOP('',(#894,#901,#902,#911,#926,#934,#964,#992,#993,#994,#1001));
#1003=FACE_BOUND('',#1002,.T.);
#1004=ADVANCED_FACE('',(#1003),#893,.T.);
#1005=CARTESIAN_POINT('',(4.708487177,5.378039948,3.78226975));
#1006=DIRECTION('',(-1.,0.,0.));
#1007=DIRECTION('',(0.,0.,1.));
#1008=AXIS2_PLACEMENT_3D('',#1005,#1006,#1007);
#1009=CYLINDRICAL_SURFACE('',#1008,3.592102448);
#1010=CARTESIAN_POINT('',(2.221099387,1.7859375,3.78226975));
#1011=VERTEX_POINT('',#1010);
#1012=CARTESIAN_POINT('',(1.204920969,1.7859375,3.78226975));
#1013=VERTEX_POINT('',#1012);
#1014=CARTESIAN_POINT('',(2.221099387,1.7859375,3.78226975));
#1015=DIRECTION('',(-1.,-0.,0.));
#1016=VECTOR('',#1015,1.016178418);
#1017=LINE('',#1014,#1016);
#1018=EDGE_CURVE('',#1011,#1013,#1017,.T.);
#1019=ORIENTED_EDGE('',*,*,#1018,.F.);
#1020=CARTESIAN_POINT('',(2.221099387,3.905144925,7.058514589));
#1021=VERTEX_POINT('',#1020);
#1022=CARTESIAN_POINT('',(2.221099387,5.378039948,3.78226975));
#1023=DIRECTION('',(-1.,-0.,0.));
#1024=DIRECTION('',(-0.,0.,-1.));
#1025=AXIS2_PLACEMENT_3D('',#1022,#1023,#1024);
#1026=CIRCLE('',#1025,3.592102448);
#1027=EDGE_CURVE('',#1011,#1021,#1026,.T.);
#1028=ORIENTED_EDGE('',*,*,#1027,.T.);
#1029=CARTESIAN_POINT('',(1.204447235,3.905144927,7.05851459));
#1030=VERTEX_POINT('',#1029);
#1031=CARTESIAN_POINT('',(2.221099387,3.905144925,7.058514589));
#1032=DIRECTION('',(-1.,0.,0.));
#1033=VECTOR('',#1032,1.016652152);
#1034=LINE('',#1031,#1033);
#1035=EDGE_CURVE('',#1021,#1030,#1034,.T.);
#1036=ORIENTED_EDGE('',*,*,#1035,.T.);
#1037=CARTESIAN_POINT('',(1.204920969,5.378039948,3.78226975));
#1038=DIRECTION('',(-0.99999999,-0.,-0.000144597));
#1039=DIRECTION('',(-0.000144597,0.,0.99999999));
#1040=AXIS2_PLACEMENT_3D('',#1037,#1038,#1039);
#1041=ELLIPSE('',#1040,3.592102486,3.592102448);
#1042=EDGE_CURVE('',#1013,#1030,#1041,.T.);
#1043=ORIENTED_EDGE('',*,*,#1042,.F.);
#1044=EDGE_LOOP('',(#1019,#1028,#1036,#1043));
#1045=FACE_BOUND('',#1044,.T.);
#1046=ADVANCED_FACE('',(#1045),#1009,.T.);
#1047=CARTESIAN_POINT('',(4.708487177,4.598580222,5.516066707));
#1048=DIRECTION('',(-1.,0.,0.));
#1049=DIRECTION('',(0.,0.,1.));
#1050=AXIS2_PLACEMENT_3D('',#1047,#1048,#1049);
#1051=CYLINDRICAL_SURFACE('',#1050,1.691152856);
#1052=CARTESIAN_POINT('',(1.204425732,4.598580222,7.207219563));
#1053=VERTEX_POINT('',#1052);
#1054=CARTESIAN_POINT('',(2.221099387,4.598580222,7.207219563));
#1055=VERTEX_POINT('',#1054);
#1056=CARTESIAN_POINT('',(1.204425732,4.598580222,7.207219563));
#1057=DIRECTION('',(1.,-0.,-0.));
#1058=VECTOR('',#1057,1.016673654);
#1059=LINE('',#1056,#1058);
#1060=EDGE_CURVE('',#1053,#1055,#1059,.T.);
#1061=ORIENTED_EDGE('',*,*,#1060,.T.);
#1062=CARTESIAN_POINT('',(2.221099387,4.598580222,5.516066707));
#1063=DIRECTION('',(-1.,-0.,0.));
#1064=DIRECTION('',(-0.,0.,-1.));
#1065=AXIS2_PLACEMENT_3D('',#1062,#1063,#1064);
#1066=CIRCLE('',#1065,1.691152856);
#1067=EDGE_CURVE('',#1055,#864,#1066,.T.);
#1068=ORIENTED_EDGE('',*,*,#1067,.T.);
#1069=ORIENTED_EDGE('',*,*,#869,.F.);
#1070=CARTESIAN_POINT('',(1.204670268,4.598580222,5.516066707));
#1071=DIRECTION('',(-0.99999999,-0.,-0.000144597));
#1072=DIRECTION('',(-0.000144597,0.,0.99999999));
#1073=AXIS2_PLACEMENT_3D('',#1070,#1071,#1072);
#1074=ELLIPSE('',#1073,1.691152874,1.691152856);
#1075=EDGE_CURVE('',#1053,#862,#1074,.T.);
#1076=ORIENTED_EDGE('',*,*,#1075,.F.);
#1077=EDGE_LOOP('',(#1061,#1068,#1069,#1076));
#1078=FACE_BOUND('',#1077,.T.);
#1079=ADVANCED_FACE('',(#1078),#1051,.T.);
#1080=CARTESIAN_POINT('',(3.073362177,1.7859375,6.231372198));
#1081=DIRECTION('',(0.,1.,0.));
#1082=DIRECTION('',(0.,0.,1.));
#1083=AXIS2_PLACEMENT_3D('',#1080,#1081,#1082);
#1084=PLANE('',#1083);
#1085=ORIENTED_EDGE('',*,*,#642,.F.);
#1086=CARTESIAN_POINT('',(2.221099387,1.7859375,2.548372198));
#1087=DIRECTION('',(0.,0.,1.));
#1088=VECTOR('',#1087,1.233897552);
#1089=LINE('',#1086,#1088);
#1090=EDGE_CURVE('',#629,#1011,#1089,.T.);
#1091=ORIENTED_EDGE('',*,*,#1090,.T.);
#1092=ORIENTED_EDGE('',*,*,#1018,.T.);
#1093=CARTESIAN_POINT('',(1.205099387,1.7859375,2.548372198));
#1094=DIRECTION('',(-0.000144597,0.,0.99999999));
#1095=VECTOR('',#1094,1.233897565);
#1096=LINE('',#1093,#1095);
#1097=EDGE_CURVE('',#637,#1013,#1096,.T.);
#1098=ORIENTED_EDGE('',*,*,#1097,.F.);
#1099=EDGE_LOOP('',(#1085,#1091,#1092,#1098));
#1100=FACE_BOUND('',#1099,.T.);
#1101=ADVANCED_FACE('',(#1100),#1084,.F.);
#1102=CARTESIAN_POINT('',(1.787487177,20.990014336,2.702449035));
#1103=DIRECTION('',(-1.,0.,0.));
#1104=DIRECTION('',(0.,0.,1.));
#1105=AXIS2_PLACEMENT_3D('',#1102,#1103,#1104);
#1106=CYLINDRICAL_SURFACE('',#1105,2.694076836);
#1107=CARTESIAN_POINT('',(3.057487177,18.30027625,2.549612432));
#1108=VERTEX_POINT('',#1107);
#1109=CARTESIAN_POINT('',(3.057487177,18.30027625,2.549612432));
#1110=DIRECTION('',(1.,-0.,-0.));
#1111=VECTOR('',#1110,0.29493597);
#1112=LINE('',#1109,#1111);
#1113=EDGE_CURVE('',#1108,#752,#1112,.T.);
#1114=ORIENTED_EDGE('',*,*,#1113,.F.);
#1115=CARTESIAN_POINT('',(3.057487177,18.30034701,2.548372198));
#1116=VERTEX_POINT('',#1115);
#1117=CARTESIAN_POINT('',(3.057487177,20.990014336,2.702449035));
#1118=DIRECTION('',(-1.,0.,0.));
#1119=DIRECTION('',(0.,0.,1.));
#1120=AXIS2_PLACEMENT_3D('',#1117,#1118,#1119);
#1121=CIRCLE('',#1120,2.694076836);
#1122=EDGE_CURVE('',#1116,#1108,#1121,.T.);
#1123=ORIENTED_EDGE('',*,*,#1122,.F.);
#1124=CARTESIAN_POINT('',(3.057487177,18.30034701,2.548372198));
#1125=DIRECTION('',(-1.,0.,0.));
#1126=VECTOR('',#1125,1.27);
#1127=LINE('',#1124,#1126);
#1128=EDGE_CURVE('',#1116,#391,#1127,.T.);
#1129=ORIENTED_EDGE('',*,*,#1128,.T.);
#1130=ORIENTED_EDGE('',*,*,#397,.F.);
#1131=CARTESIAN_POINT('',(1.159150371,20.193793262,0.128719834));
#1132=VERTEX_POINT('',#1131);
#1133=CARTESIAN_POINT('',(1.787487177,19.356876663,0.559807828));
#1134=CARTESIAN_POINT('',(1.787487177,19.45160759,0.487603184));
#1135=CARTESIAN_POINT('',(1.771385978,19.548718741,0.423425036));
#1136=CARTESIAN_POINT('',(1.744941248,19.648477866,0.366142142));
#1137=CARTESIAN_POINT('',(1.718496519,19.748236991,0.308859248));
#1138=CARTESIAN_POINT('',(1.681700925,19.849968132,0.259082511));
#1139=CARTESIAN_POINT('',(1.635590389,19.949722534,0.217324699));
#1140=CARTESIAN_POINT('',(1.612535121,19.999599735,0.196445793));
#1141=CARTESIAN_POINT('',(1.587063238,20.049220197,0.177449983));
#1142=CARTESIAN_POINT('',(1.557666884,20.097920317,0.160359686));
#1143=CARTESIAN_POINT('',(1.528270531,20.146620437,0.143269389));
#1144=CARTESIAN_POINT('',(1.495371204,20.194901987,0.128024789));
#1145=CARTESIAN_POINT('',(1.454341148,20.235779272,0.116104227));
#1146=CARTESIAN_POINT('',(1.43382612,20.256217915,0.110143946));
#1147=CARTESIAN_POINT('',(1.410744172,20.27519346,0.104901504));
#1148=CARTESIAN_POINT('',(1.383978757,20.28785697,0.101482862));
#1149=CARTESIAN_POINT('',(1.357213342,20.30052048,0.09806422));
#1150=CARTESIAN_POINT('',(1.32594847,20.305215707,0.096849427));
#1151=CARTESIAN_POINT('',(1.296985318,20.298487271,0.098636385));
#1152=CARTESIAN_POINT('',(1.268022167,20.291758835,0.100423343));
#1153=CARTESIAN_POINT('',(1.242169265,20.275668143,0.104730216));
#1154=CARTESIAN_POINT('',(1.219534493,20.25682279,0.110060145));
#1155=CARTESIAN_POINT('',(1.196899722,20.237977437,0.115390075));
#1156=CARTESIAN_POINT('',(1.17732766,20.216458193,0.121708104));
#1157=CARTESIAN_POINT('',(1.159150371,20.193793262,0.128719834));
#1158=B_SPLINE_CURVE_WITH_KNOTS('',3,(#1133,#1134,#1135,#1136,#1137,#1138,#1139,#1140,#1141,#1142,#1143,#1144,#1145,#1146,#1147,#1148,#1149,#1150,#1151,#1152,#1153,#1154,#1155,#1156,#1157),.UNSPECIFIED.,.F.,.F.,(4,3,3,3,3,3,3,3,4),(0.,0.000352496,0.000704993,0.000881241,0.001057489,0.001145613,0.001233737,0.001321861,0.001409985),.UNSPECIFIED.);
#1159=EDGE_CURVE('',#383,#1132,#1158,.T.);
#1160=ORIENTED_EDGE('',*,*,#1159,.T.);
#1161=CARTESIAN_POINT('',(1.787487177,20.967906221,0.008462912));
#1162=VERTEX_POINT('',#1161);
#1163=CARTESIAN_POINT('',(1.787487177,20.967906221,0.008462912));
#1164=CARTESIAN_POINT('',(1.718389201,20.883277295,0.009157417));
#1165=CARTESIAN_POINT('',(1.657408828,20.808473553,0.013707196));
#1166=CARTESIAN_POINT('',(1.604546058,20.743633152,0.019661993));
#1167=CARTESIAN_POINT('',(1.578114673,20.711212952,0.022639392));
#1168=CARTESIAN_POINT('',(1.553712688,20.681277379,0.025977943));
#1169=CARTESIAN_POINT('',(1.531340105,20.653816726,0.029431795));
#1170=CARTESIAN_POINT('',(1.520153813,20.640086399,0.031158721));
#1171=CARTESIAN_POINT('',(1.509474871,20.626974604,0.032915109));
#1172=CARTESIAN_POINT('',(1.499303279,20.614479203,0.034674052));
#1173=CARTESIAN_POINT('',(1.494217484,20.608231502,0.035553523));
#1174=CARTESIAN_POINT('',(1.489258525,20.602137892,0.036433672));
#1175=CARTESIAN_POINT('',(1.484426405,20.596198068,0.037311375));
#1176=CARTESIAN_POINT('',(1.482010344,20.593228157,0.037750227));
#1177=CARTESIAN_POINT('',(1.479625993,20.590296691,0.038188469));
#1178=CARTESIAN_POINT('',(1.477273352,20.587403632,0.038625726));
#1179=CARTESIAN_POINT('',(1.476097031,20.585957102,0.038844355));
#1180=CARTESIAN_POINT('',(1.474928637,20.584520174,0.039062738));
#1181=CARTESIAN_POINT('',(1.473768171,20.583092843,0.039280828));
#1182=CARTESIAN_POINT('',(1.472607705,20.581665511,0.039498919));
#1183=CARTESIAN_POINT('',(1.472142589,20.581093468,0.039586116));
#1184=CARTESIAN_POINT('',(1.470310555,20.578839633,0.039934178));
#1185=CARTESIAN_POINT('',(1.353060414,20.434594142,0.062210147));
#1186=CARTESIAN_POINT('',(1.249340353,20.306249509,0.093929836));
#1187=CARTESIAN_POINT('',(1.159150371,20.193793262,0.128719834));
#1188=B_SPLINE_CURVE_WITH_KNOTS('',3,(#1163,#1164,#1165,#1166,#1167,#1168,#1169,#1170,#1171,#1172,#1173,#1174,#1175,#1176,#1177,#1178,#1179,#1180,#1181,#1182,#1183,#1184,#1185,#1186,#1187),.UNSPECIFIED.,.F.,.F.,(4,3,3,3,3,3,3,3,4),(0.,0.25,0.375,0.4375,0.46875,0.484375,0.4921875,0.5,1.),.UNSPECIFIED.);
#1189=EDGE_CURVE('',#1162,#1132,#1188,.T.);
#1190=ORIENTED_EDGE('',*,*,#1189,.F.);
#1191=CARTESIAN_POINT('',(1.805538401,20.990014336,0.008372198));
#1192=VERTEX_POINT('',#1191);
#1193=CARTESIAN_POINT('',(1.805538401,20.990014336,0.008372199));
#1194=CARTESIAN_POINT('',(1.799521326,20.982644882,0.008372199));
#1195=CARTESIAN_POINT('',(1.793504251,20.975275427,0.008402437));
#1196=CARTESIAN_POINT('',(1.787487177,20.967906221,0.008462912));
#1197=B_SPLINE_CURVE_WITH_KNOTS('',3,(#1193,#1194,#1195,#1196),.UNSPECIFIED.,.F.,.F.,(4,4),(0.,1.),.UNSPECIFIED.);
#1198=EDGE_CURVE('',#1192,#1162,#1197,.T.);
#1199=ORIENTED_EDGE('',*,*,#1198,.F.);
#1200=CARTESIAN_POINT('',(7.660302544,20.990014336,0.008372198));
#1201=VERTEX_POINT('',#1200);
#1202=CARTESIAN_POINT('',(7.660302544,20.990014336,0.008372198));
#1203=DIRECTION('',(-1.,-0.,0.));
#1204=VECTOR('',#1203,5.854764143);
#1205=LINE('',#1202,#1204);
#1206=EDGE_CURVE('',#1201,#1192,#1205,.T.);
#1207=ORIENTED_EDGE('',*,*,#1206,.F.);
#1208=CARTESIAN_POINT('',(7.121487177,19.373568236,0.547187565));
#1209=VERTEX_POINT('',#1208);
#1210=CARTESIAN_POINT('',(7.660302544,20.990014336,0.008372198));
#1211=CARTESIAN_POINT('',(7.535372039,20.710666243,0.008372198));
#1212=CARTESIAN_POINT('',(7.409932221,20.431594282,0.051511495));
#1213=CARTESIAN_POINT('',(7.308241453,20.160375917,0.139296661));
#1214=CARTESIAN_POINT('',(7.257396069,20.024766735,0.183189244));
#1215=CARTESIAN_POINT('',(7.211986698,19.889860333,0.238716362));
#1216=CARTESIAN_POINT('',(7.177981936,19.757177672,0.307002572));
#1217=CARTESIAN_POINT('',(7.143977174,19.624495012,0.375288782));
#1218=CARTESIAN_POINT('',(7.121487177,19.496832371,0.454739464));
#1219=CARTESIAN_POINT('',(7.121487177,19.373568236,0.547187565));
#1220=B_SPLINE_CURVE_WITH_KNOTS('',3,(#1210,#1211,#1212,#1213,#1214,#1215,#1216,#1217,#1218,#1219),.UNSPECIFIED.,.F.,.F.,(4,3,3,4),(0.,0.000912134,0.0013682,0.001824267),.UNSPECIFIED.);
#1221=EDGE_CURVE('',#1201,#1209,#1220,.T.);
#1222=ORIENTED_EDGE('',*,*,#1221,.T.);
#1223=CARTESIAN_POINT('',(7.121487177,20.990014336,2.702449035));
#1224=DIRECTION('',(1.,-0.,-0.));
#1225=DIRECTION('',(0.,0.,1.));
#1226=AXIS2_PLACEMENT_3D('',#1223,#1224,#1225);
#1227=CIRCLE('',#1226,2.694076836);
#1228=EDGE_CURVE('',#605,#1209,#1227,.T.);
#1229=ORIENTED_EDGE('',*,*,#1228,.F.);
#1230=ORIENTED_EDGE('',*,*,#610,.F.);
#1231=ORIENTED_EDGE('',*,*,#768,.T.);
#1232=EDGE_LOOP('',(#1114,#1123,#1129,#1130,#1160,#1190,#1199,#1207,#1222,#1229,#1230,#1231));
#1233=FACE_BOUND('',#1232,.T.);
#1234=ADVANCED_FACE('',(#1233),#1106,.T.);
#1235=CARTESIAN_POINT('',(1.787487177,13.2159375,5.008997198));
#1236=DIRECTION('',(-1.,0.,0.));
#1237=DIRECTION('',(0.,0.,1.));
#1238=AXIS2_PLACEMENT_3D('',#1235,#1236,#1237);
#1239=PLANE('',#1238);
#1240=CARTESIAN_POINT('',(1.787487177,24.494628906,2.548372198));
#1241=VERTEX_POINT('',#1240);
#1242=CARTESIAN_POINT('',(1.787487177,24.494628906,2.548372198));
#1243=DIRECTION('',(-0.,-1.,-0.));
#1244=VECTOR('',#1243,5.149694932);
#1245=LINE('',#1242,#1244);
#1246=EDGE_CURVE('',#1241,#711,#1245,.T.);
#1247=ORIENTED_EDGE('',*,*,#1246,.F.);
#1248=CARTESIAN_POINT('',(1.787487177,24.494628906,8.899612432));
#1249=VERTEX_POINT('',#1248);
#1250=CARTESIAN_POINT('',(1.787487177,24.494628906,2.548372198));
#1251=DIRECTION('',(0.,0.,1.));
#1252=VECTOR('',#1251,6.351240234);
#1253=LINE('',#1250,#1252);
#1254=EDGE_CURVE('',#1241,#1249,#1253,.T.);
#1255=ORIENTED_EDGE('',*,*,#1254,.T.);
#1256=CARTESIAN_POINT('',(1.787487177,19.329988724,8.899612432));
#1257=VERTEX_POINT('',#1256);
#1258=CARTESIAN_POINT('',(1.787487177,19.329988724,8.899612432));
#1259=DIRECTION('',(0.,1.,0.));
#1260=VECTOR('',#1259,5.164640182);
#1261=LINE('',#1258,#1260);
#1262=EDGE_CURVE('',#1257,#1249,#1261,.T.);
#1263=ORIENTED_EDGE('',*,*,#1262,.F.);
#1264=CARTESIAN_POINT('',(1.787487177,19.329988724,8.899612432));
#1265=CARTESIAN_POINT('',(1.787487177,19.329991141,8.898372203));
#1266=B_SPLINE_CURVE_WITH_KNOTS('',1,(#1264,#1265),.UNSPECIFIED.,.F.,.F.,(2,2),(0.,0.000311989),.UNSPECIFIED.);
#1267=EDGE_CURVE('',#1257,#408,#1266,.T.);
#1268=ORIENTED_EDGE('',*,*,#1267,.T.);
#1269=ORIENTED_EDGE('',*,*,#707,.T.);
#1270=CARTESIAN_POINT('',(1.787487177,19.337734375,2.702449035));
#1271=VERTEX_POINT('',#1270);
#1272=CARTESIAN_POINT('',(1.787487177,19.337734375,4.924373487));
#1273=DIRECTION('',(0.,0.,-1.));
#1274=VECTOR('',#1273,2.221924452);
#1275=LINE('',#1272,#1274);
#1276=EDGE_CURVE('',#703,#1271,#1275,.T.);
#1277=ORIENTED_EDGE('',*,*,#1276,.T.);
#1278=CARTESIAN_POINT('',(1.787487177,20.990014336,2.702449035));
#1279=DIRECTION('',(1.,-0.,-0.));
#1280=DIRECTION('',(0.,0.,1.));
#1281=AXIS2_PLACEMENT_3D('',#1278,#1279,#1280);
#1282=CIRCLE('',#1281,1.652279961);
#1283=EDGE_CURVE('',#1271,#711,#1282,.T.);
#1284=ORIENTED_EDGE('',*,*,#1283,.T.);
#1285=EDGE_LOOP('',(#1247,#1255,#1263,#1268,#1269,#1277,#1284));
#1286=FACE_BOUND('',#1285,.T.);
#1287=CARTESIAN_POINT('',(1.787487177,22.3599375,6.104372198));
#1288=VERTEX_POINT('',#1287);
#1289=CARTESIAN_POINT('',(1.787487177,22.3599375,4.834372198));
#1290=DIRECTION('',(1.,-0.,-0.));
#1291=DIRECTION('',(0.,0.,1.));
#1292=AXIS2_PLACEMENT_3D('',#1289,#1290,#1291);
#1293=CIRCLE('',#1292,1.27);
#1294=EDGE_CURVE('',#1288,#1288,#1293,.T.);
#1295=ORIENTED_EDGE('',*,*,#1294,.F.);
#1296=EDGE_LOOP('',(#1295));
#1297=FACE_BOUND('',#1296,.T.);
#1298=ADVANCED_FACE('',(#1286,#1297),#1239,.F.);
#1299=CARTESIAN_POINT('',(1.787487177,1.7859375,8.899612432));
#1300=DIRECTION('',(0.,0.,1.));
#1301=DIRECTION('',(0.,-1.,0.));
#1302=AXIS2_PLACEMENT_3D('',#1299,#1300,#1301);
#1303=PLANE('',#1302);
#1304=CARTESIAN_POINT('',(0.009487177,17.534028214,8.899612432));
#1305=VERTEX_POINT('',#1304);
#1306=CARTESIAN_POINT('',(-0.008564047,19.329988724,8.899612432));
#1307=DIRECTION('',(0.,0.,1.));
#1308=DIRECTION('',(1.,0.,-0.));
#1309=AXIS2_PLACEMENT_3D('',#1306,#1307,#1308);
#1310=CIRCLE('',#1309,1.796051224);
#1311=EDGE_CURVE('',#1305,#1257,#1310,.T.);
#1312=ORIENTED_EDGE('',*,*,#1311,.T.);
#1313=ORIENTED_EDGE('',*,*,#1262,.T.);
#1314=CARTESIAN_POINT('',(5.597487177,24.494628906,8.899612432));
#1315=VERTEX_POINT('',#1314);
#1316=CARTESIAN_POINT('',(1.787487177,24.494628906,8.899612432));
#1317=DIRECTION('',(1.,0.,-0.));
#1318=VECTOR('',#1317,3.81);
#1319=LINE('',#1316,#1318);
#1320=EDGE_CURVE('',#1249,#1315,#1319,.T.);
#1321=ORIENTED_EDGE('',*,*,#1320,.T.);
#1322=CARTESIAN_POINT('',(5.597487177,25.29621351,8.899612432));
#1323=VERTEX_POINT('',#1322);
#1324=CARTESIAN_POINT('',(5.597487177,24.494628906,8.899612432));
#1325=DIRECTION('',(0.,1.,0.));
#1326=VECTOR('',#1325,0.801584604);
#1327=LINE('',#1324,#1326);
#1328=EDGE_CURVE('',#1315,#1323,#1327,.T.);
#1329=ORIENTED_EDGE('',*,*,#1328,.T.);
#1330=CARTESIAN_POINT('',(5.978487177,26.402301224,8.899612432));
#1331=VERTEX_POINT('',#1330);
#1332=CARTESIAN_POINT('',(4.182435953,26.402301224,8.899612432));
#1333=DIRECTION('',(0.,0.,1.));
#1334=DIRECTION('',(1.,0.,-0.));
#1335=AXIS2_PLACEMENT_3D('',#1332,#1333,#1334);
#1336=CIRCLE('',#1335,1.796051224);
#1337=EDGE_CURVE('',#1323,#1331,#1336,.T.);
#1338=ORIENTED_EDGE('',*,*,#1337,.T.);
#1339=CARTESIAN_POINT('',(5.978487177,26.4239375,8.899612432));
#1340=VERTEX_POINT('',#1339);
#1341=CARTESIAN_POINT('',(5.978487177,26.4239375,8.899612432));
#1342=DIRECTION('',(0.,-1.,0.));
#1343=VECTOR('',#1342,0.021636276);
#1344=LINE('',#1341,#1343);
#1345=EDGE_CURVE('',#1340,#1331,#1344,.T.);
#1346=ORIENTED_EDGE('',*,*,#1345,.F.);
#1347=CARTESIAN_POINT('',(1.805538401,26.4239375,8.899612432));
#1348=VERTEX_POINT('',#1347);
#1349=CARTESIAN_POINT('',(5.978487177,26.4239375,8.899612432));
#1350=DIRECTION('',(-1.,0.,0.));
#1351=VECTOR('',#1350,4.172948776);
#1352=LINE('',#1349,#1351);
#1353=EDGE_CURVE('',#1340,#1348,#1352,.T.);
#1354=ORIENTED_EDGE('',*,*,#1353,.T.);
#1355=CARTESIAN_POINT('',(0.009487177,24.627886276,8.899612432));
#1356=VERTEX_POINT('',#1355);
#1357=CARTESIAN_POINT('',(1.805538401,24.627886276,8.899612432));
#1358=DIRECTION('',(0.,0.,1.));
#1359=DIRECTION('',(1.,0.,-0.));
#1360=AXIS2_PLACEMENT_3D('',#1357,#1358,#1359);
#1361=CIRCLE('',#1360,1.796051224);
#1362=EDGE_CURVE('',#1348,#1356,#1361,.T.);
#1363=ORIENTED_EDGE('',*,*,#1362,.T.);
#1364=CARTESIAN_POINT('',(0.009487177,24.627886276,8.899612432));
#1365=DIRECTION('',(0.,-1.,0.));
#1366=VECTOR('',#1365,7.093858062);
#1367=LINE('',#1364,#1366);
#1368=EDGE_CURVE('',#1356,#1305,#1367,.T.);
#1369=ORIENTED_EDGE('',*,*,#1368,.T.);
#1370=EDGE_LOOP('',(#1312,#1313,#1321,#1329,#1338,#1346,#1354,#1363,#1369));
#1371=FACE_BOUND('',#1370,.T.);
#1372=ADVANCED_FACE('',(#1371),#1303,.T.);
#1373=CARTESIAN_POINT('',(11.221205927,22.3599375,4.834372198));
#1374=DIRECTION('',(-1.,0.,0.));
#1375=DIRECTION('',(0.,0.,1.));
#1376=AXIS2_PLACEMENT_3D('',#1373,#1374,#1375);
#1377=CYLINDRICAL_SURFACE('',#1376,1.27);
#1378=CARTESIAN_POINT('',(0.009487177,22.3599375,6.104372198));
#1379=VERTEX_POINT('',#1378);
#1380=CARTESIAN_POINT('',(0.009487177,22.3599375,6.104372198));
#1381=DIRECTION('',(1.,-0.,-0.));
#1382=VECTOR('',#1381,1.778);
#1383=LINE('',#1380,#1382);
#1384=EDGE_CURVE('',#1379,#1288,#1383,.T.);
#1385=ORIENTED_EDGE('',*,*,#1384,.F.);
#1386=CARTESIAN_POINT('',(0.009487177,22.3599375,4.834372198));
#1387=DIRECTION('',(-1.,0.,0.));
#1388=DIRECTION('',(0.,0.,1.));
#1389=AXIS2_PLACEMENT_3D('',#1386,#1387,#1388);
#1390=CIRCLE('',#1389,1.27);
#1391=EDGE_CURVE('',#1379,#1379,#1390,.T.);
#1392=ORIENTED_EDGE('',*,*,#1391,.T.);
#1393=ORIENTED_EDGE('',*,*,#1384,.T.);
#1394=ORIENTED_EDGE('',*,*,#1294,.T.);
#1395=EDGE_LOOP('',(#1385,#1392,#1393,#1394));
#1396=FACE_BOUND('',#1395,.T.);
#1397=ADVANCED_FACE('',(#1396),#1377,.F.);
#1398=CARTESIAN_POINT('',(4.708487177,19.337734375,5.008997198));
#1399=DIRECTION('',(0.,-1.,0.));
#1400=DIRECTION('',(-1.,0.,0.));
#1401=AXIS2_PLACEMENT_3D('',#1398,#1399,#1400);
#1402=PLANE('',#1401);
#1403=ORIENTED_EDGE('',*,*,#1276,.F.);
#1404=ORIENTED_EDGE('',*,*,#732,.T.);
#1405=CARTESIAN_POINT('',(1.787470475,19.337734375,2.702449035));
#1406=DIRECTION('',(1.,-0.,-0.));
#1407=VECTOR('',#1406,0.000016702);
#1408=LINE('',#1405,#1407);
#1409=EDGE_CURVE('',#720,#1271,#1408,.T.);
#1410=ORIENTED_EDGE('',*,*,#1409,.T.);
#1411=EDGE_LOOP('',(#1403,#1404,#1410));
#1412=FACE_BOUND('',#1411,.T.);
#1413=ADVANCED_FACE('',(#1412),#1402,.T.);
#1414=CARTESIAN_POINT('',(7.121487177,13.2159375,5.008997198));
#1415=DIRECTION('',(-1.,0.,0.));
#1416=DIRECTION('',(0.,0.,1.));
#1417=AXIS2_PLACEMENT_3D('',#1414,#1415,#1416);
#1418=PLANE('',#1417);
#1419=ORIENTED_EDGE('',*,*,#1228,.T.);
#1420=CARTESIAN_POINT('',(7.121487177,19.373568236,0.547187565));
#1421=DIRECTION('',(0.,-1.,0.));
#1422=VECTOR('',#1421,12.315261471);
#1423=LINE('',#1420,#1422);
#1424=EDGE_CURVE('',#1209,#904,#1423,.T.);
#1425=ORIENTED_EDGE('',*,*,#1424,.T.);
#1426=ORIENTED_EDGE('',*,*,#910,.T.);
#1427=ORIENTED_EDGE('',*,*,#618,.T.);
#1428=EDGE_LOOP('',(#1419,#1425,#1426,#1427));
#1429=FACE_BOUND('',#1428,.T.);
#1430=ADVANCED_FACE('',(#1429),#1418,.T.);
#1431=CARTESIAN_POINT('',(6.232487177,5.028730372,-0.49174612));
#1432=DIRECTION('',(0.,0.729537204,-0.683941129));
#1433=DIRECTION('',(-1.,0.,0.));
#1434=AXIS2_PLACEMENT_3D('',#1431,#1432,#1433);
#1435=PLANE('',#1434);
#1436=CARTESIAN_POINT('',(9.153487177,9.285610529,4.048926045));
#1437=VERTEX_POINT('',#1436);
#1438=CARTESIAN_POINT('',(9.153487177,7.878841296,2.548372198));
#1439=DIRECTION('',(0.,0.683941129,0.729537204));
#1440=VECTOR('',#1439,2.056857195);
#1441=LINE('',#1438,#1440);
#1442=EDGE_CURVE('',#663,#1437,#1441,.T.);
#1443=ORIENTED_EDGE('',*,*,#1442,.F.);
#1444=ORIENTED_EDGE('',*,*,#692,.F.);
#1445=CARTESIAN_POINT('',(10.677487177,7.878841296,2.548372198));
#1446=DIRECTION('',(-0.595328964,0.549534429,0.586170057));
#1447=VECTOR('',#1446,2.559929202);
#1448=LINE('',#1445,#1447);
#1449=EDGE_CURVE('',#681,#1437,#1448,.T.);
#1450=ORIENTED_EDGE('',*,*,#1449,.T.);
#1451=EDGE_LOOP('',(#1443,#1444,#1450));
#1452=FACE_BOUND('',#1451,.T.);
#1453=ADVANCED_FACE('',(#1452),#1435,.F.);
#1454=CARTESIAN_POINT('',(6.225641992,21.265744234,-0.348730974));
#1455=DIRECTION('',(-0.001539974,-0.75841792,-0.651766743));
#1456=DIRECTION('',(0.999997939,-0.002030505,0.));
#1457=AXIS2_PLACEMENT_3D('',#1454,#1455,#1456);
#1458=PLANE('',#1457);
#1459=CARTESIAN_POINT('',(9.153487177,17.480554931,4.048926045));
#1460=VERTEX_POINT('',#1459);
#1461=CARTESIAN_POINT('',(9.153487177,17.480554931,4.048926045));
#1462=DIRECTION('',(0.,0.651767516,-0.758418819));
#1463=VECTOR('',#1462,1.978529289);
#1464=LINE('',#1461,#1463);
#1465=EDGE_CURVE('',#1460,#665,#1464,.T.);
#1466=ORIENTED_EDGE('',*,*,#1465,.F.);
#1467=CARTESIAN_POINT('',(9.153487177,17.480554931,4.048926045));
#1468=DIRECTION('',(0.610617758,0.515437765,-0.601223639));
#1469=VECTOR('',#1468,2.495833081);
#1470=LINE('',#1467,#1469);
#1471=EDGE_CURVE('',#1460,#673,#1470,.T.);
#1472=ORIENTED_EDGE('',*,*,#1471,.T.);
#1473=ORIENTED_EDGE('',*,*,#678,.F.);
#1474=EDGE_LOOP('',(#1466,#1472,#1473));
#1475=FACE_BOUND('',#1474,.T.);
#1476=ADVANCED_FACE('',(#1475),#1458,.F.);
#1477=CARTESIAN_POINT('',(1.787487177,1.7859375,0.008372198));
#1478=DIRECTION('',(0.,0.,-1.));
#1479=DIRECTION('',(0.,1.,0.));
#1480=AXIS2_PLACEMENT_3D('',#1477,#1478,#1479);
#1481=PLANE('',#1480);
#1482=ORIENTED_EDGE('',*,*,#933,.T.);
#1483=CARTESIAN_POINT('',(7.660302544,5.441860664,0.008372198));
#1484=DIRECTION('',(-0.,1.,-0.));
#1485=VECTOR('',#1484,15.548153672);
#1486=LINE('',#1483,#1485);
#1487=EDGE_CURVE('',#913,#1201,#1486,.T.);
#1488=ORIENTED_EDGE('',*,*,#1487,.T.);
#1489=ORIENTED_EDGE('',*,*,#1206,.T.);
#1490=CARTESIAN_POINT('',(1.805538383,24.627886283,0.008353742));
#1491=VERTEX_POINT('',#1490);
#1492=CARTESIAN_POINT('',(1.805538401,20.990014336,0.008372198));
#1493=DIRECTION('',(0.,1.,0.));
#1494=VECTOR('',#1493,3.637871947);
#1495=LINE('',#1492,#1494);
#1496=EDGE_CURVE('',#1192,#1491,#1495,.T.);
#1497=ORIENTED_EDGE('',*,*,#1496,.T.);
#1498=CARTESIAN_POINT('',(10.151435953,24.627886276,0.008372198));
#1499=VERTEX_POINT('',#1498);
#1500=CARTESIAN_POINT('',(1.805538383,24.627886276,0.008372198));
#1501=DIRECTION('',(1.,0.,-0.));
#1502=VECTOR('',#1501,8.34589757);
#1503=LINE('',#1500,#1502);
#1504=EDGE_CURVE('',#1491,#1499,#1503,.T.);
#1505=ORIENTED_EDGE('',*,*,#1504,.T.);
#1506=CARTESIAN_POINT('',(10.151435953,1.803988724,0.008372198));
#1507=VERTEX_POINT('',#1506);
#1508=CARTESIAN_POINT('',(10.151435953,24.627886276,0.008372198));
#1509=DIRECTION('',(-0.,-1.,-0.));
#1510=VECTOR('',#1509,22.823897552);
#1511=LINE('',#1508,#1510);
#1512=EDGE_CURVE('',#1499,#1507,#1511,.T.);
#1513=ORIENTED_EDGE('',*,*,#1512,.T.);
#1514=CARTESIAN_POINT('',(1.805538401,1.803988724,0.008372198));
#1515=VERTEX_POINT('',#1514);
#1516=CARTESIAN_POINT('',(10.151435953,1.803988724,0.008372198));
#1517=DIRECTION('',(-1.,-0.,0.));
#1518=VECTOR('',#1517,8.345897552);
#1519=LINE('',#1516,#1518);
#1520=EDGE_CURVE('',#1507,#1515,#1519,.T.);
#1521=ORIENTED_EDGE('',*,*,#1520,.T.);
#1522=CARTESIAN_POINT('',(1.805538401,1.803988724,0.008372198));
#1523=DIRECTION('',(0.,1.,0.));
#1524=VECTOR('',#1523,3.63787194);
#1525=LINE('',#1522,#1524);
#1526=EDGE_CURVE('',#1515,#928,#1525,.T.);
#1527=ORIENTED_EDGE('',*,*,#1526,.T.);
#1528=EDGE_LOOP('',(#1482,#1488,#1489,#1497,#1505,#1513,#1521,#1527));
#1529=FACE_BOUND('',#1528,.T.);
#1530=ADVANCED_FACE('',(#1529),#1481,.T.);
#1531=CARTESIAN_POINT('',(0.009487177,17.5339375,15.883372198));
#1532=DIRECTION('',(1.,0.,0.));
#1533=DIRECTION('',(0.,0.,-1.));
#1534=AXIS2_PLACEMENT_3D('',#1531,#1532,#1533);
#1535=PLANE('',#1534);
#1536=ORIENTED_EDGE('',*,*,#1391,.F.);
#1537=EDGE_LOOP('',(#1536));
#1538=FACE_BOUND('',#1537,.T.);
#1539=ORIENTED_EDGE('',*,*,#498,.F.);
#1540=CARTESIAN_POINT('',(0.009487177,17.534028214,8.898372198));
#1541=VERTEX_POINT('',#1540);
#1542=CARTESIAN_POINT('',(0.009487177,17.534028214,2.548372198));
#1543=DIRECTION('',(-0.,-0.,1.));
#1544=VECTOR('',#1543,6.35);
#1545=LINE('',#1542,#1544);
#1546=EDGE_CURVE('',#485,#1541,#1545,.T.);
#1547=ORIENTED_EDGE('',*,*,#1546,.T.);
#1548=CARTESIAN_POINT('',(0.009487177,17.534028214,8.898372198));
#1549=DIRECTION('',(-0.,-0.,1.));
#1550=VECTOR('',#1549,0.001240234);
#1551=LINE('',#1548,#1550);
#1552=EDGE_CURVE('',#1541,#1305,#1551,.T.);
#1553=ORIENTED_EDGE('',*,*,#1552,.T.);
#1554=ORIENTED_EDGE('',*,*,#1368,.F.);
#1555=CARTESIAN_POINT('',(0.009458775,24.62788631,1.804423388));
#1556=VERTEX_POINT('',#1555);
#1557=CARTESIAN_POINT('',(0.009487177,24.627886276,8.899612432));
#1558=DIRECTION('',(0.,0.,-1.));
#1559=VECTOR('',#1558,7.095189044);
#1560=LINE('',#1557,#1559);
#1561=EDGE_CURVE('',#1356,#1556,#1560,.T.);
#1562=ORIENTED_EDGE('',*,*,#1561,.T.);
#1563=CARTESIAN_POINT('',(0.009487177,1.803988724,1.804423422));
#1564=VERTEX_POINT('',#1563);
#1565=CARTESIAN_POINT('',(0.009487177,24.62788631,1.804423422));
#1566=DIRECTION('',(-0.,-1.,-0.));
#1567=VECTOR('',#1566,22.823897586);
#1568=LINE('',#1565,#1567);
#1569=EDGE_CURVE('',#1556,#1564,#1568,.T.);
#1570=ORIENTED_EDGE('',*,*,#1569,.T.);
#1571=CARTESIAN_POINT('',(0.009487177,1.803988724,1.804423422));
#1572=DIRECTION('',(-0.,-0.,1.));
#1573=VECTOR('',#1572,0.743948776);
#1574=LINE('',#1571,#1573);
#1575=EDGE_CURVE('',#1564,#493,#1574,.T.);
#1576=ORIENTED_EDGE('',*,*,#1575,.T.);
#1577=EDGE_LOOP('',(#1539,#1547,#1553,#1554,#1562,#1570,#1576));
#1578=FACE_BOUND('',#1577,.T.);
#1579=ADVANCED_FACE('',(#1538,#1578),#1535,.F.);
#1580=CARTESIAN_POINT('',(11.947487177,1.7859375,58.428372198));
#1581=DIRECTION('',(1.,0.,0.));
#1582=DIRECTION('',(0.,0.,-1.));
#1583=AXIS2_PLACEMENT_3D('',#1580,#1581,#1582);
#1584=PLANE('',#1583);
#1585=CARTESIAN_POINT('',(11.947487177,1.803988724,1.804423422));
#1586=VERTEX_POINT('',#1585);
#1587=CARTESIAN_POINT('',(11.947487177,1.803988724,2.548372198));
#1588=DIRECTION('',(0.,0.,-1.));
#1589=VECTOR('',#1588,0.743948776);
#1590=LINE('',#1587,#1589);
#1591=EDGE_CURVE('',#518,#1586,#1590,.T.);
#1592=ORIENTED_EDGE('',*,*,#1591,.T.);
#1593=CARTESIAN_POINT('',(11.947487177,24.627886276,1.804423422));
#1594=VERTEX_POINT('',#1593);
#1595=CARTESIAN_POINT('',(11.947487177,1.803988724,1.804423422));
#1596=DIRECTION('',(0.,1.,0.));
#1597=VECTOR('',#1596,22.823897552);
#1598=LINE('',#1595,#1597);
#1599=EDGE_CURVE('',#1586,#1594,#1598,.T.);
#1600=ORIENTED_EDGE('',*,*,#1599,.T.);
#1601=CARTESIAN_POINT('',(11.947487177,24.627886276,1.804423422));
#1602=DIRECTION('',(-0.,-0.,1.));
#1603=VECTOR('',#1602,0.743948776);
#1604=LINE('',#1601,#1603);
#1605=EDGE_CURVE('',#1594,#527,#1604,.T.);
#1606=ORIENTED_EDGE('',*,*,#1605,.T.);
#1607=ORIENTED_EDGE('',*,*,#532,.F.);
#1608=EDGE_LOOP('',(#1592,#1600,#1606,#1607));
#1609=FACE_BOUND('',#1608,.T.);
#1610=ADVANCED_FACE('',(#1609),#1584,.T.);
#1611=CARTESIAN_POINT('',(1.787487177,26.4239375,58.428372198));
#1612=DIRECTION('',(0.,1.,0.));
#1613=DIRECTION('',(0.,0.,1.));
#1614=AXIS2_PLACEMENT_3D('',#1611,#1612,#1613);
#1615=PLANE('',#1614);
#1616=CARTESIAN_POINT('',(10.151435953,26.4239375,1.804423422));
#1617=VERTEX_POINT('',#1616);
#1618=CARTESIAN_POINT('',(10.151435953,26.4239375,2.548372198));
#1619=DIRECTION('',(-0.,-0.,-1.));
#1620=VECTOR('',#1619,0.743948776);
#1621=LINE('',#1618,#1620);
#1622=EDGE_CURVE('',#535,#1617,#1621,.T.);
#1623=ORIENTED_EDGE('',*,*,#1622,.T.);
#1624=CARTESIAN_POINT('',(1.805538383,26.423956742,1.804423412));
#1625=VERTEX_POINT('',#1624);
#1626=CARTESIAN_POINT('',(10.151435953,26.4239375,1.804423422));
#1627=DIRECTION('',(-1.,-0.,0.));
#1628=VECTOR('',#1627,8.34589757);
#1629=LINE('',#1626,#1628);
#1630=EDGE_CURVE('',#1617,#1625,#1629,.T.);
#1631=ORIENTED_EDGE('',*,*,#1630,.T.);
#1632=CARTESIAN_POINT('',(1.805538401,26.4239375,1.804423412));
#1633=DIRECTION('',(0.,0.,1.));
#1634=VECTOR('',#1633,7.095189021);
#1635=LINE('',#1632,#1634);
#1636=EDGE_CURVE('',#1625,#1348,#1635,.T.);
#1637=ORIENTED_EDGE('',*,*,#1636,.T.);
#1638=ORIENTED_EDGE('',*,*,#1353,.F.);
#1639=CARTESIAN_POINT('',(5.978487177,26.4239375,8.899612432));
#1640=DIRECTION('',(-0.,-0.,-1.));
#1641=VECTOR('',#1640,6.351240234);
#1642=LINE('',#1639,#1641);
#1643=EDGE_CURVE('',#1340,#544,#1642,.T.);
#1644=ORIENTED_EDGE('',*,*,#1643,.T.);
#1645=ORIENTED_EDGE('',*,*,#549,.F.);
#1646=EDGE_LOOP('',(#1623,#1631,#1637,#1638,#1644,#1645));
#1647=FACE_BOUND('',#1646,.T.);
#1648=ADVANCED_FACE('',(#1647),#1615,.T.);
#1649=CARTESIAN_POINT('',(1.787487177,0.0079375,58.428372198));
#1650=DIRECTION('',(0.,-1.,0.));
#1651=DIRECTION('',(0.,0.,-1.));
#1652=AXIS2_PLACEMENT_3D('',#1649,#1650,#1651);
#1653=PLANE('',#1652);
#1654=CARTESIAN_POINT('',(1.805538401,0.0079375,1.804423422));
#1655=VERTEX_POINT('',#1654);
#1656=CARTESIAN_POINT('',(1.805538401,0.0079375,2.548372198));
#1657=DIRECTION('',(0.,0.,-1.));
#1658=VECTOR('',#1657,0.743948776);
#1659=LINE('',#1656,#1658);
#1660=EDGE_CURVE('',#501,#1655,#1659,.T.);
#1661=ORIENTED_EDGE('',*,*,#1660,.T.);
#1662=CARTESIAN_POINT('',(10.151435953,0.0079375,1.804423422));
#1663=VERTEX_POINT('',#1662);
#1664=CARTESIAN_POINT('',(1.805538401,0.0079375,1.804423422));
#1665=DIRECTION('',(1.,0.,-0.));
#1666=VECTOR('',#1665,8.345897552);
#1667=LINE('',#1664,#1666);
#1668=EDGE_CURVE('',#1655,#1663,#1667,.T.);
#1669=ORIENTED_EDGE('',*,*,#1668,.T.);
#1670=CARTESIAN_POINT('',(10.151435953,0.0079375,1.804423422));
#1671=DIRECTION('',(-0.,-0.,1.));
#1672=VECTOR('',#1671,0.743948776);
#1673=LINE('',#1670,#1672);
#1674=EDGE_CURVE('',#1663,#510,#1673,.T.);
#1675=ORIENTED_EDGE('',*,*,#1674,.T.);
#1676=ORIENTED_EDGE('',*,*,#515,.T.);
#1677=EDGE_LOOP('',(#1661,#1669,#1675,#1676));
#1678=FACE_BOUND('',#1677,.T.);
#1679=ADVANCED_FACE('',(#1678),#1653,.T.);
#1680=CARTESIAN_POINT('',(15.090737177,6.611960179,2.548372198));
#1681=DIRECTION('',(0.,0.,-1.));
#1682=DIRECTION('',(-1.,0.,0.));
#1683=AXIS2_PLACEMENT_3D('',#1680,#1681,#1682);
#1684=PLANE('',#1683);
#1685=CARTESIAN_POINT('',(3.057487177,24.494628906,2.548372198));
#1686=VERTEX_POINT('',#1685);
#1687=CARTESIAN_POINT('',(3.057487177,18.30034701,2.548372198));
#1688=DIRECTION('',(0.,1.,0.));
#1689=VECTOR('',#1688,6.194281897);
#1690=LINE('',#1687,#1689);
#1691=EDGE_CURVE('',#1116,#1686,#1690,.T.);
#1692=ORIENTED_EDGE('',*,*,#1691,.T.);
#1693=CARTESIAN_POINT('',(3.057487177,24.494628906,2.548372198));
#1694=DIRECTION('',(-1.,0.,0.));
#1695=VECTOR('',#1694,1.27);
#1696=LINE('',#1693,#1695);
#1697=EDGE_CURVE('',#1686,#1241,#1696,.T.);
#1698=ORIENTED_EDGE('',*,*,#1697,.T.);
#1699=ORIENTED_EDGE('',*,*,#1246,.T.);
#1700=ORIENTED_EDGE('',*,*,#717,.T.);
#1701=ORIENTED_EDGE('',*,*,#405,.T.);
#1702=ORIENTED_EDGE('',*,*,#1128,.F.);
#1703=EDGE_LOOP('',(#1692,#1698,#1699,#1700,#1701,#1702));
#1704=FACE_BOUND('',#1703,.T.);
#1705=ADVANCED_FACE('',(#1704),#1684,.F.);
#1706=CARTESIAN_POINT('',(1.805538401,1.803988724,58.428372198));
#1707=DIRECTION('',(0.,0.,1.));
#1708=DIRECTION('',(1.,0.,-0.));
#1709=AXIS2_PLACEMENT_3D('',#1706,#1707,#1708);
#1710=CYLINDRICAL_SURFACE('',#1709,1.796051224);
#1711=ORIENTED_EDGE('',*,*,#1575,.F.);
#1712=CARTESIAN_POINT('',(1.805538401,1.803988724,1.804423422));
#1713=DIRECTION('',(0.,0.,1.));
#1714=DIRECTION('',(1.,0.,-0.));
#1715=AXIS2_PLACEMENT_3D('',#1712,#1713,#1714);
#1716=CIRCLE('',#1715,1.796051224);
#1717=EDGE_CURVE('',#1564,#1655,#1716,.T.);
#1718=ORIENTED_EDGE('',*,*,#1717,.T.);
#1719=ORIENTED_EDGE('',*,*,#1660,.F.);
#1720=ORIENTED_EDGE('',*,*,#507,.F.);
#1721=EDGE_LOOP('',(#1711,#1718,#1719,#1720));
#1722=FACE_BOUND('',#1721,.T.);
#1723=ADVANCED_FACE('',(#1722),#1710,.T.);
#1724=CARTESIAN_POINT('',(10.151435953,24.627886276,58.428372198));
#1725=DIRECTION('',(0.,0.,-1.));
#1726=DIRECTION('',(-1.,0.,0.));
#1727=AXIS2_PLACEMENT_3D('',#1724,#1725,#1726);
#1728=CYLINDRICAL_SURFACE('',#1727,1.796051224);
#1729=ORIENTED_EDGE('',*,*,#1605,.F.);
#1730=CARTESIAN_POINT('',(10.151435953,24.627886276,1.804423422));
#1731=DIRECTION('',(-0.,-0.,1.));
#1732=DIRECTION('',(-1.,0.,0.));
#1733=AXIS2_PLACEMENT_3D('',#1730,#1731,#1732);
#1734=CIRCLE('',#1733,1.796051224);
#1735=EDGE_CURVE('',#1594,#1617,#1734,.T.);
#1736=ORIENTED_EDGE('',*,*,#1735,.T.);
#1737=ORIENTED_EDGE('',*,*,#1622,.F.);
#1738=ORIENTED_EDGE('',*,*,#541,.F.);
#1739=EDGE_LOOP('',(#1729,#1736,#1737,#1738));
#1740=FACE_BOUND('',#1739,.T.);
#1741=ADVANCED_FACE('',(#1740),#1728,.T.);
#1742=CARTESIAN_POINT('',(10.151435953,1.803988724,58.428372198));
#1743=DIRECTION('',(0.,0.,1.));
#1744=DIRECTION('',(1.,0.,-0.));
#1745=AXIS2_PLACEMENT_3D('',#1742,#1743,#1744);
#1746=CYLINDRICAL_SURFACE('',#1745,1.796051224);
#1747=ORIENTED_EDGE('',*,*,#1674,.F.);
#1748=CARTESIAN_POINT('',(10.151435953,1.803988724,1.804423422));
#1749=DIRECTION('',(0.,0.,1.));
#1750=DIRECTION('',(1.,0.,-0.));
#1751=AXIS2_PLACEMENT_3D('',#1748,#1749,#1750);
#1752=CIRCLE('',#1751,1.796051224);
#1753=EDGE_CURVE('',#1663,#1586,#1752,.T.);
#1754=ORIENTED_EDGE('',*,*,#1753,.T.);
#1755=ORIENTED_EDGE('',*,*,#1591,.F.);
#1756=ORIENTED_EDGE('',*,*,#524,.F.);
#1757=EDGE_LOOP('',(#1747,#1754,#1755,#1756));
#1758=FACE_BOUND('',#1757,.T.);
#1759=ADVANCED_FACE('',(#1758),#1746,.T.);
#1760=CARTESIAN_POINT('',(1.805538401,24.627886276,15.883372198));
#1761=DIRECTION('',(0.,0.,1.));
#1762=DIRECTION('',(1.,0.,-0.));
#1763=AXIS2_PLACEMENT_3D('',#1760,#1761,#1762);
#1764=CYLINDRICAL_SURFACE('',#1763,1.796051224);
#1765=ORIENTED_EDGE('',*,*,#1561,.F.);
#1766=ORIENTED_EDGE('',*,*,#1362,.F.);
#1767=ORIENTED_EDGE('',*,*,#1636,.F.);
#1768=CARTESIAN_POINT('',(1.805538401,24.627886276,1.804423422));
#1769=DIRECTION('',(-0.,-0.,-1.));
#1770=DIRECTION('',(1.,0.,-0.));
#1771=AXIS2_PLACEMENT_3D('',#1768,#1769,#1770);
#1772=CIRCLE('',#1771,1.796051224);
#1773=EDGE_CURVE('',#1556,#1625,#1772,.T.);
#1774=ORIENTED_EDGE('',*,*,#1773,.F.);
#1775=EDGE_LOOP('',(#1765,#1766,#1767,#1774));
#1776=FACE_BOUND('',#1775,.T.);
#1777=ADVANCED_FACE('',(#1776),#1764,.T.);
#1778=CARTESIAN_POINT('',(10.677487177,2.2939375,2.548372198));
#1779=DIRECTION('',(-0.701604253,0.,-0.712566819));
#1780=DIRECTION('',(0.,-1.,0.));
#1781=AXIS2_PLACEMENT_3D('',#1778,#1779,#1780);
#1782=PLANE('',#1781);
#1783=ORIENTED_EDGE('',*,*,#1471,.F.);
#1784=CARTESIAN_POINT('',(9.153487177,9.285610529,4.048926045));
#1785=DIRECTION('',(-0.,1.,-0.));
#1786=VECTOR('',#1785,8.194944402);
#1787=LINE('',#1784,#1786);
#1788=EDGE_CURVE('',#1437,#1460,#1787,.T.);
#1789=ORIENTED_EDGE('',*,*,#1788,.F.);
#1790=ORIENTED_EDGE('',*,*,#1449,.F.);
#1791=ORIENTED_EDGE('',*,*,#686,.F.);
#1792=EDGE_LOOP('',(#1783,#1789,#1790,#1791));
#1793=FACE_BOUND('',#1792,.T.);
#1794=ADVANCED_FACE('',(#1793),#1782,.F.);
#1795=CARTESIAN_POINT('',(1.805538401,17.5339375,1.804423422));
#1796=DIRECTION('',(-0.,1.,0.));
#1797=DIRECTION('',(1.,0.,0.));
#1798=AXIS2_PLACEMENT_3D('',#1795,#1796,#1797);
#1799=CYLINDRICAL_SURFACE('',#1798,1.796051224);
#1800=ORIENTED_EDGE('',*,*,#1198,.T.);
#1801=ORIENTED_EDGE('',*,*,#1189,.T.);
#1802=CARTESIAN_POINT('',(1.159150371,20.193793262,0.128719834));
#1803=DIRECTION('',(-0.,-1.,-0.));
#1804=VECTOR('',#1803,13.955711524);
#1805=LINE('',#1802,#1804);
#1806=EDGE_CURVE('',#1132,#936,#1805,.T.);
#1807=ORIENTED_EDGE('',*,*,#1806,.T.);
#1808=ORIENTED_EDGE('',*,*,#963,.T.);
#1809=ORIENTED_EDGE('',*,*,#1526,.F.);
#1810=CARTESIAN_POINT('',(1.805538401,1.803988724,1.804423422));
#1811=DIRECTION('',(0.,-1.,0.));
#1812=DIRECTION('',(0.,0.,-1.));
#1813=AXIS2_PLACEMENT_3D('',#1810,#1811,#1812);
#1814=CIRCLE('',#1813,1.796051224);
#1815=EDGE_CURVE('',#1564,#1515,#1814,.T.);
#1816=ORIENTED_EDGE('',*,*,#1815,.F.);
#1817=ORIENTED_EDGE('',*,*,#1569,.F.);
#1818=CARTESIAN_POINT('',(1.805538401,24.627886276,1.804423422));
#1819=DIRECTION('',(-0.,1.,0.));
#1820=DIRECTION('',(1.,0.,0.));
#1821=AXIS2_PLACEMENT_3D('',#1818,#1819,#1820);
#1822=CIRCLE('',#1821,1.796051224);
#1823=EDGE_CURVE('',#1491,#1556,#1822,.T.);
#1824=ORIENTED_EDGE('',*,*,#1823,.F.);
#1825=ORIENTED_EDGE('',*,*,#1496,.F.);
#1826=EDGE_LOOP('',(#1800,#1801,#1807,#1808,#1809,#1816,#1817,#1824,#1825));
#1827=FACE_BOUND('',#1826,.T.);
#1828=ADVANCED_FACE('',(#1827),#1799,.T.);
#1829=CARTESIAN_POINT('',(1.805538401,1.803988724,1.804423422));
#1830=DIRECTION('',(0.,0.,-1.));
#1831=DIRECTION('',(-1.,0.,0.));
#1832=AXIS2_PLACEMENT_3D('',#1829,#1830,#1831);
#1833=SPHERICAL_SURFACE('',#1832,1.796051224);
#1834=ORIENTED_EDGE('',*,*,#1717,.F.);
#1835=ORIENTED_EDGE('',*,*,#1815,.T.);
#1836=CARTESIAN_POINT('',(1.805538401,1.803988724,1.804423422));
#1837=DIRECTION('',(1.,-0.,-0.));
#1838=DIRECTION('',(0.,0.,1.));
#1839=AXIS2_PLACEMENT_3D('',#1836,#1837,#1838);
#1840=CIRCLE('',#1839,1.796051224);
#1841=EDGE_CURVE('',#1655,#1515,#1840,.T.);
#1842=ORIENTED_EDGE('',*,*,#1841,.F.);
#1843=EDGE_LOOP('',(#1834,#1835,#1842));
#1844=FACE_BOUND('',#1843,.T.);
#1845=ADVANCED_FACE('',(#1844),#1833,.T.);
#1846=CARTESIAN_POINT('',(1.787487177,24.627886276,1.804423422));
#1847=DIRECTION('',(1.,0.,0.));
#1848=DIRECTION('',(0.,0.,-1.));
#1849=AXIS2_PLACEMENT_3D('',#1846,#1847,#1848);
#1850=CYLINDRICAL_SURFACE('',#1849,1.796051224);
#1851=CARTESIAN_POINT('',(1.805538401,24.627886276,1.804423422));
#1852=DIRECTION('',(1.,0.,0.));
#1853=DIRECTION('',(0.,0.,-1.));
#1854=AXIS2_PLACEMENT_3D('',#1851,#1852,#1853);
#1855=CIRCLE('',#1854,1.796051224);
#1856=EDGE_CURVE('',#1491,#1625,#1855,.T.);
#1857=ORIENTED_EDGE('',*,*,#1856,.T.);
#1858=ORIENTED_EDGE('',*,*,#1630,.F.);
#1859=CARTESIAN_POINT('',(10.151435953,24.627886276,1.804423422));
#1860=DIRECTION('',(1.,-0.,-0.));
#1861=DIRECTION('',(-0.,-1.,0.));
#1862=AXIS2_PLACEMENT_3D('',#1859,#1860,#1861);
#1863=CIRCLE('',#1862,1.796051224);
#1864=EDGE_CURVE('',#1499,#1617,#1863,.T.);
#1865=ORIENTED_EDGE('',*,*,#1864,.F.);
#1866=ORIENTED_EDGE('',*,*,#1504,.F.);
#1867=EDGE_LOOP('',(#1857,#1858,#1865,#1866));
#1868=FACE_BOUND('',#1867,.T.);
#1869=ADVANCED_FACE('',(#1868),#1850,.T.);
#1870=CARTESIAN_POINT('',(1.787487177,1.803988724,1.804423422));
#1871=DIRECTION('',(-1.,0.,0.));
#1872=DIRECTION('',(0.,0.,1.));
#1873=AXIS2_PLACEMENT_3D('',#1870,#1871,#1872);
#1874=CYLINDRICAL_SURFACE('',#1873,1.796051224);
#1875=ORIENTED_EDGE('',*,*,#1841,.T.);
#1876=ORIENTED_EDGE('',*,*,#1520,.F.);
#1877=CARTESIAN_POINT('',(10.151435953,1.803988724,1.804423422));
#1878=DIRECTION('',(1.,0.,0.));
#1879=DIRECTION('',(-0.,1.,0.));
#1880=AXIS2_PLACEMENT_3D('',#1877,#1878,#1879);
#1881=CIRCLE('',#1880,1.796051224);
#1882=EDGE_CURVE('',#1663,#1507,#1881,.T.);
#1883=ORIENTED_EDGE('',*,*,#1882,.F.);
#1884=ORIENTED_EDGE('',*,*,#1668,.F.);
#1885=EDGE_LOOP('',(#1875,#1876,#1883,#1884));
#1886=FACE_BOUND('',#1885,.T.);
#1887=ADVANCED_FACE('',(#1886),#1874,.T.);
#1888=CARTESIAN_POINT('',(10.151435953,24.627886276,1.804423422));
#1889=DIRECTION('',(0.,0.,-1.));
#1890=DIRECTION('',(-1.,0.,0.));
#1891=AXIS2_PLACEMENT_3D('',#1888,#1889,#1890);
#1892=SPHERICAL_SURFACE('',#1891,1.796051224);
#1893=ORIENTED_EDGE('',*,*,#1864,.T.);
#1894=ORIENTED_EDGE('',*,*,#1735,.F.);
#1895=CARTESIAN_POINT('',(10.151435953,24.627886276,1.804423422));
#1896=DIRECTION('',(0.,-1.,0.));
#1897=DIRECTION('',(0.,0.,-1.));
#1898=AXIS2_PLACEMENT_3D('',#1895,#1896,#1897);
#1899=CIRCLE('',#1898,1.796051224);
#1900=EDGE_CURVE('',#1499,#1594,#1899,.T.);
#1901=ORIENTED_EDGE('',*,*,#1900,.F.);
#1902=EDGE_LOOP('',(#1893,#1894,#1901));
#1903=FACE_BOUND('',#1902,.T.);
#1904=ADVANCED_FACE('',(#1903),#1892,.T.);
#1905=CARTESIAN_POINT('',(10.151435953,1.803988724,1.804423422));
#1906=DIRECTION('',(0.,0.,-1.));
#1907=DIRECTION('',(-1.,0.,0.));
#1908=AXIS2_PLACEMENT_3D('',#1905,#1906,#1907);
#1909=SPHERICAL_SURFACE('',#1908,1.796051224);
#1910=ORIENTED_EDGE('',*,*,#1753,.F.);
#1911=ORIENTED_EDGE('',*,*,#1882,.T.);
#1912=CARTESIAN_POINT('',(10.151435953,1.803988724,1.804423422));
#1913=DIRECTION('',(-0.,1.,-0.));
#1914=DIRECTION('',(0.,0.,-1.));
#1915=AXIS2_PLACEMENT_3D('',#1912,#1913,#1914);
#1916=CIRCLE('',#1915,1.796051224);
#1917=EDGE_CURVE('',#1586,#1507,#1916,.T.);
#1918=ORIENTED_EDGE('',*,*,#1917,.F.);
#1919=EDGE_LOOP('',(#1910,#1911,#1918));
#1920=FACE_BOUND('',#1919,.T.);
#1921=ADVANCED_FACE('',(#1920),#1909,.T.);
#1922=CARTESIAN_POINT('',(10.151435953,1.7859375,1.804423422));
#1923=DIRECTION('',(0.,-1.,0.));
#1924=DIRECTION('',(-1.,0.,0.));
#1925=AXIS2_PLACEMENT_3D('',#1922,#1923,#1924);
#1926=CYLINDRICAL_SURFACE('',#1925,1.796051224);
#1927=ORIENTED_EDGE('',*,*,#1900,.T.);
#1928=ORIENTED_EDGE('',*,*,#1599,.F.);
#1929=ORIENTED_EDGE('',*,*,#1917,.T.);
#1930=ORIENTED_EDGE('',*,*,#1512,.F.);
#1931=EDGE_LOOP('',(#1927,#1928,#1929,#1930));
#1932=FACE_BOUND('',#1931,.T.);
#1933=ADVANCED_FACE('',(#1932),#1926,.T.);
#1934=CARTESIAN_POINT('',(0.398665228,23.514988233,1.052231418));
#1935=CARTESIAN_POINT('',(0.344091262,23.625626832,1.084862968));
#1936=CARTESIAN_POINT('',(0.242075981,23.838695447,1.167027312));
#1937=CARTESIAN_POINT('',(0.115779772,24.131824449,1.341715575));
#1938=CARTESIAN_POINT('',(0.029609437,24.394778938,1.566094604));
#1939=CARTESIAN_POINT('',(-0.000865996,24.628100684,1.807421033));
#1940=CARTESIAN_POINT('',(0.030445237,24.869735222,2.04034829));
#1941=CARTESIAN_POINT('',(0.117434566,25.094164693,2.303520067));
#1942=CARTESIAN_POINT('',(0.244050894,25.26828705,2.596261936));
#1943=CARTESIAN_POINT('',(0.346116401,25.349950192,2.809122147));
#1944=CARTESIAN_POINT('',(0.400686278,25.382314311,2.919680732));
#1945=CARTESIAN_POINT('',(0.401611516,23.59145011,0.985020042));
#1946=CARTESIAN_POINT('',(0.347255504,23.702812644,1.016035035));
#1947=CARTESIAN_POINT('',(0.245593543,23.917204027,1.094932031));
#1948=CARTESIAN_POINT('',(0.118774032,24.212177932,1.264730534));
#1949=CARTESIAN_POINT('',(0.030964114,24.47583498,1.483686941));
#1950=CARTESIAN_POINT('',(-0.001253614,24.711065133,1.724388376));
#1951=CARTESIAN_POINT('',(0.031808794,24.952009868,1.959261701));
#1952=CARTESIAN_POINT('',(0.120397353,25.170998172,2.222995416));
#1953=CARTESIAN_POINT('',(0.247540582,25.340252968,2.517559662));
#1954=CARTESIAN_POINT('',(0.349275872,25.418699548,2.731790177));
#1955=CARTESIAN_POINT('',(0.403636865,25.449466959,2.843090033));
#1956=CARTESIAN_POINT('',(0.425439063,23.741462841,0.851598303));
#1957=CARTESIAN_POINT('',(0.371642092,23.854269918,0.879320861));
#1958=CARTESIAN_POINT('',(0.270661274,24.07178765,0.952138108));
#1959=CARTESIAN_POINT('',(0.144116833,24.370982978,1.112372371));
#1960=CARTESIAN_POINT('',(0.054347971,24.6382494,1.322130254));
#1961=CARTESIAN_POINT('',(0.020736679,24.87761747,1.557254469));
#1962=CARTESIAN_POINT('',(0.05517211,25.113218861,1.79664041));
#1963=CARTESIAN_POINT('',(0.145675312,25.322999138,2.06372085));
#1964=CARTESIAN_POINT('',(0.272606811,25.482838927,2.362620187));
#1965=CARTESIAN_POINT('',(0.373692944,25.555282474,2.58009774));
#1966=CARTESIAN_POINT('',(0.427523495,25.582810579,2.692876964));
#1967=CARTESIAN_POINT('',(0.515301894,23.954498152,0.654460122));
#1968=CARTESIAN_POINT('',(0.463432359,24.070051452,0.676629017));
#1969=CARTESIAN_POINT('',(0.365595373,24.292421135,0.738708063));
#1970=CARTESIAN_POINT('',(0.238814358,24.601894858,0.8878011));
#1971=CARTESIAN_POINT('',(0.151326216,24.879248071,1.085893905));
#1972=CARTESIAN_POINT('',(0.121576282,25.124476561,1.309916315));
#1973=CARTESIAN_POINT('',(0.152220814,25.349103149,1.555177774));
#1974=CARTESIAN_POINT('',(0.24048565,25.547267559,1.832328885));
#1975=CARTESIAN_POINT('',(0.367654392,25.696034061,2.141802627));
#1976=CARTESIAN_POINT('',(0.46571223,25.757909551,2.364070373));
#1977=CARTESIAN_POINT('',(0.517616691,25.779903409,2.479568538));
#1978=CARTESIAN_POINT('',(0.661595516,24.14700886,0.463112574));
#1979=CARTESIAN_POINT('',(0.613258661,24.265689783,0.478763834));
#1980=CARTESIAN_POINT('',(0.520825849,24.495121486,0.529175161));
#1981=CARTESIAN_POINT('',(0.401990846,24.810297073,0.660246394));
#1982=CARTESIAN_POINT('',(0.317570301,25.099851476,0.850981866));
#1983=CARTESIAN_POINT('',(0.288780881,25.355976895,1.078313364));
#1984=CARTESIAN_POINT('',(0.318558522,25.58362902,1.334273287));
#1985=CARTESIAN_POINT('',(0.40358269,25.774180302,1.623410064));
#1986=CARTESIAN_POINT('',(0.523241633,25.905447283,1.938554437));
#1987=CARTESIAN_POINT('',(0.615657077,25.955458,2.167836523));
#1988=CARTESIAN_POINT('',(0.6640391,25.970978548,2.286474816));
#1989=CARTESIAN_POINT('',(0.862973612,24.310881645,0.288492825));
#1990=CARTESIAN_POINT('',(0.820520726,24.431576474,0.297686122));
#1991=CARTESIAN_POINT('',(0.736154403,24.665709957,0.336543958));
#1992=CARTESIAN_POINT('',(0.625635095,24.991125046,0.459366851));
#1993=CARTESIAN_POINT('',(0.547448702,25.288503493,0.643803901));
#1994=CARTESIAN_POINT('',(0.518884332,25.557337418,0.876611848));
#1995=CARTESIAN_POINT('',(0.548376546,25.790242297,1.145085691));
#1996=CARTESIAN_POINT('',(0.627484979,25.974784009,1.442060213));
#1997=CARTESIAN_POINT('',(0.738207271,26.097239239,1.767523601));
#1998=CARTESIAN_POINT('',(0.822991898,26.136167038,2.001583572));
#1999=CARTESIAN_POINT('',(0.865662925,26.14536244,2.122282075));
#2000=CARTESIAN_POINT('',(1.072993284,24.422263263,0.168115609));
#2001=CARTESIAN_POINT('',(1.036070222,24.543382445,0.173268845));
#2002=CARTESIAN_POINT('',(0.962214177,24.778665326,0.204881672));
#2003=CARTESIAN_POINT('',(0.855728176,25.106901799,0.323412922));
#2004=CARTESIAN_POINT('',(0.77879903,25.412599887,0.507047151));
#2005=CARTESIAN_POINT('',(0.751190803,25.689571687,0.743953209));
#2006=CARTESIAN_POINT('',(0.779729475,25.926597178,1.020641376));
#2007=CARTESIAN_POINT('',(0.857362756,26.110153596,1.326108064));
#2008=CARTESIAN_POINT('',(0.964368223,26.2286276,1.654290715));
#2009=CARTESIAN_POINT('',(1.038832891,26.260323841,1.889541163));
#2010=CARTESIAN_POINT('',(1.075909372,26.265453101,2.01072412));
#2011=CARTESIAN_POINT('',(1.266882019,24.495366808,0.092676651));
#2012=CARTESIAN_POINT('',(1.232650811,24.614753602,0.095879599));
#2013=CARTESIAN_POINT('',(1.162259809,24.847915951,0.124774447));
#2014=CARTESIAN_POINT('',(1.056291998,25.178272696,0.24012484));
#2015=CARTESIAN_POINT('',(0.980475166,25.489933623,0.422608731));
#2016=CARTESIAN_POINT('',(0.953372631,25.771841799,0.661378028));
#2017=CARTESIAN_POINT('',(0.981383691,26.01066666,0.943018054));
#2018=CARTESIAN_POINT('',(1.057852452,26.193048647,1.254435595));
#2019=CARTESIAN_POINT('',(1.164548979,26.308435566,1.584569099));
#2020=CARTESIAN_POINT('',(1.235298832,26.337318605,1.817771707));
#2021=CARTESIAN_POINT('',(1.26965208,26.340490357,1.937263223));
#2022=CARTESIAN_POINT('',(1.473886746,24.558310107,0.034398551));
#2023=CARTESIAN_POINT('',(1.440453675,24.674867472,0.036417759));
#2024=CARTESIAN_POINT('',(1.369706527,24.903862913,0.063352497));
#2025=CARTESIAN_POINT('',(1.264963792,25.237060969,0.175224387));
#2026=CARTESIAN_POINT('',(1.191043277,25.553471195,0.355618533));
#2027=CARTESIAN_POINT('',(1.164682516,25.838341013,0.594577004));
#2028=CARTESIAN_POINT('',(1.19193885,26.077303056,0.87918308));
#2029=CARTESIAN_POINT('',(1.266495416,26.257557428,1.195235375));
#2030=CARTESIAN_POINT('',(1.371861826,26.369472036,1.52818859));
#2031=CARTESIAN_POINT('',(1.44308691,26.396433881,1.757170572));
#2032=CARTESIAN_POINT('',(1.476666552,26.398432559,1.87380837));
#2033=CARTESIAN_POINT('',(1.74475422,24.616083781,-0.000833771));
#2034=CARTESIAN_POINT('',(1.708500154,24.729880954,-0.000317087));
#2035=CARTESIAN_POINT('',(1.634688303,24.956081054,0.023969755));
#2036=CARTESIAN_POINT('',(1.535650529,25.291955487,0.1307307));
#2037=CARTESIAN_POINT('',(1.466999298,25.609289846,0.305759737));
#2038=CARTESIAN_POINT('',(1.441799644,25.891957911,0.540598513));
#2039=CARTESIAN_POINT('',(1.467862329,26.126758606,0.82295224));
#2040=CARTESIAN_POINT('',(1.53722808,26.301549059,1.139871485));
#2041=CARTESIAN_POINT('',(1.636206587,26.408297408,1.4752171));
#2042=CARTESIAN_POINT('',(1.710873235,26.432739797,1.701641814));
#2043=CARTESIAN_POINT('',(1.747702876,26.433263573,1.815811892));
#2044=CARTESIAN_POINT('',(1.963996996,24.659996009,0.012032717));
#2045=CARTESIAN_POINT('',(1.927048469,24.775265525,0.011084495));
#2046=CARTESIAN_POINT('',(1.854898568,25.004187525,0.033866741));
#2047=CARTESIAN_POINT('',(1.76439846,25.328227602,0.135416637));
#2048=CARTESIAN_POINT('',(1.701308393,25.633901788,0.301772319));
#2049=CARTESIAN_POINT('',(1.677146417,25.905478975,0.526582891));
#2050=CARTESIAN_POINT('',(1.702122647,26.130410023,0.79805928));
#2051=CARTESIAN_POINT('',(1.765893705,26.296685962,1.103643016));
#2052=CARTESIAN_POINT('',(1.85658655,26.398041511,1.426686949));
#2053=CARTESIAN_POINT('',(1.92925991,26.420952368,1.65535483));
#2054=CARTESIAN_POINT('',(1.966782296,26.420002764,1.771407942));
#2055=CARTESIAN_POINT('',(2.074519617,24.683855202,0.027990704));
#2056=CARTESIAN_POINT('',(2.037841908,24.799325486,0.026604259));
#2057=CARTESIAN_POINT('',(1.967114772,25.028789307,0.048721758));
#2058=CARTESIAN_POINT('',(1.881131417,25.344790983,0.147287755));
#2059=CARTESIAN_POINT('',(1.821031189,25.641237242,0.308502183));
#2060=CARTESIAN_POINT('',(1.797826377,25.905236498,0.526423027));
#2061=CARTESIAN_POINT('',(1.821829524,26.123530442,0.790593835));
#2062=CARTESIAN_POINT('',(1.882562663,26.284778974,1.087190672));
#2063=CARTESIAN_POINT('',(1.96893327,26.38307905,1.402048207));
#2064=CARTESIAN_POINT('',(2.040153367,26.405260575,1.630994988));
#2065=CARTESIAN_POINT('',(2.077373988,26.403871287,1.747178051));
#2066=B_SPLINE_SURFACE_WITH_KNOTS('',3,3,((#1934,#1935,#1936,#1937,#1938,#1939,#1940,#1941,#1942,#1943,#1944),(#1945,#1946,#1947,#1948,#1949,#1950,#1951,#1952,#1953,#1954,#1955),(#1956,#1957,#1958,#1959,#1960,#1961,#1962,#1963,#1964,#1965,#1966),(#1967,#1968,#1969,#1970,#1971,#1972,#1973,#1974,#1975,#1976,#1977),(#1978,#1979,#1980,#1981,#1982,#1983,#1984,#1985,#1986,#1987,#1988),(#1989,#1990,#1991,#1992,#1993,#1994,#1995,#1996,#1997,#1998,#1999),(#2000,#2001,#2002,#2003,#2004,#2005,#2006,#2007,#2008,#2009,#2010),(#2011,#2012,#2013,#2014,#2015,#2016,#2017,#2018,#2019,#2020,#2021),(#2022,#2023,#2024,#2025,#2026,#2027,#2028,#2029,#2030,#2031,#2032),(#2033,#2034,#2035,#2036,#2037,#2038,#2039,#2040,#2041,#2042,#2043),(#2044,#2045,#2046,#2047,#2048,#2049,#2050,#2051,#2052,#2053,#2054),(#2055,#2056,#2057,#2058,#2059,#2060,#2061,#2062,#2063,#2064,#2065)),.UNSPECIFIED.,.F.,.F.,.U.,(4,1,1,1,1,1,1,1,1,4),(4,1,1,1,1,1,1,1,4),(-0.00146718,-0.001154093,-0.000840982,-0.000527871,-0.000214759,0.000098352,0.000254908,0.000411463,0.000724575,0.001033121),(-0.001269948,-0.000952288,-0.000634605,-0.000316921,0.000000763,0.000318447,0.00063613,0.000953814,0.001271493),.UNSPECIFIED.);
#2067=ORIENTED_EDGE('',*,*,#1856,.F.);
#2068=ORIENTED_EDGE('',*,*,#1823,.T.);
#2069=ORIENTED_EDGE('',*,*,#1773,.T.);
#2070=EDGE_LOOP('',(#2067,#2068,#2069));
#2071=FACE_BOUND('',#2070,.T.);
#2072=ADVANCED_FACE('',(#2071),#2066,.F.);
#2073=CARTESIAN_POINT('',(9.153487177,1.0239375,3.905684698));
#2074=DIRECTION('',(1.,0.,0.));
#2075=DIRECTION('',(0.,0.,-1.));
#2076=AXIS2_PLACEMENT_3D('',#2073,#2074,#2075);
#2077=PLANE('',#2076);
#2078=ORIENTED_EDGE('',*,*,#1442,.T.);
#2079=ORIENTED_EDGE('',*,*,#1788,.T.);
#2080=ORIENTED_EDGE('',*,*,#1465,.T.);
#2081=ORIENTED_EDGE('',*,*,#670,.F.);
#2082=EDGE_LOOP('',(#2078,#2079,#2080,#2081));
#2083=FACE_BOUND('',#2082,.T.);
#2084=ADVANCED_FACE('',(#2083),#2077,.F.);
#2085=CARTESIAN_POINT('',(5.978487177,-41.4416875,2.597584698));
#2086=DIRECTION('',(1.,0.,0.));
#2087=DIRECTION('',(0.,0.,-1.));
#2088=AXIS2_PLACEMENT_3D('',#2085,#2086,#2087);
#2089=PLANE('',#2088);
#2090=ORIENTED_EDGE('',*,*,#1345,.T.);
#2091=CARTESIAN_POINT('',(5.978487177,26.402301224,8.899612432));
#2092=DIRECTION('',(0.,0.,-1.));
#2093=VECTOR('',#2092,6.351240234);
#2094=LINE('',#2091,#2093);
#2095=EDGE_CURVE('',#1331,#552,#2094,.T.);
#2096=ORIENTED_EDGE('',*,*,#2095,.T.);
#2097=ORIENTED_EDGE('',*,*,#557,.F.);
#2098=ORIENTED_EDGE('',*,*,#1643,.F.);
#2099=EDGE_LOOP('',(#2090,#2096,#2097,#2098));
#2100=FACE_BOUND('',#2099,.T.);
#2101=ADVANCED_FACE('',(#2100),#2089,.T.);
#2102=CARTESIAN_POINT('',(5.597487177,1.7859375,65.968997198));
#2103=DIRECTION('',(1.,0.,0.));
#2104=DIRECTION('',(0.,0.,-1.));
#2105=AXIS2_PLACEMENT_3D('',#2102,#2103,#2104);
#2106=PLANE('',#2105);
#2107=ORIENTED_EDGE('',*,*,#1328,.F.);
#2108=CARTESIAN_POINT('',(5.597487177,24.494628906,8.899612432));
#2109=DIRECTION('',(0.,0.,-1.));
#2110=VECTOR('',#2109,6.351240234);
#2111=LINE('',#2108,#2110);
#2112=EDGE_CURVE('',#1315,#569,#2111,.T.);
#2113=ORIENTED_EDGE('',*,*,#2112,.T.);
#2114=ORIENTED_EDGE('',*,*,#574,.F.);
#2115=CARTESIAN_POINT('',(5.597487177,25.29621351,2.548372198));
#2116=DIRECTION('',(-0.,-0.,1.));
#2117=VECTOR('',#2116,6.351240234);
#2118=LINE('',#2115,#2117);
#2119=EDGE_CURVE('',#560,#1323,#2118,.T.);
#2120=ORIENTED_EDGE('',*,*,#2119,.T.);
#2121=EDGE_LOOP('',(#2107,#2113,#2114,#2120));
#2122=FACE_BOUND('',#2121,.T.);
#2123=ADVANCED_FACE('',(#2122),#2106,.T.);
#2124=CARTESIAN_POINT('',(1.787487177,20.990014336,2.702449035));
#2125=DIRECTION('',(-1.,0.,0.));
#2126=DIRECTION('',(0.,0.,1.));
#2127=AXIS2_PLACEMENT_3D('',#2124,#2125,#2126);
#2128=CYLINDRICAL_SURFACE('',#2127,1.652279961);
#2129=ORIENTED_EDGE('',*,*,#1283,.F.);
#2130=ORIENTED_EDGE('',*,*,#1409,.F.);
#2131=ORIENTED_EDGE('',*,*,#726,.T.);
#2132=EDGE_LOOP('',(#2129,#2130,#2131));
#2133=FACE_BOUND('',#2132,.T.);
#2134=ADVANCED_FACE('',(#2133),#2128,.T.);
#2135=CARTESIAN_POINT('',(4.182435953,26.402301224,65.968997198));
#2136=DIRECTION('',(0.,0.,1.));
#2137=DIRECTION('',(1.,0.,-0.));
#2138=AXIS2_PLACEMENT_3D('',#2135,#2136,#2137);
#2139=CYLINDRICAL_SURFACE('',#2138,1.796051224);
#2140=ORIENTED_EDGE('',*,*,#566,.F.);
#2141=ORIENTED_EDGE('',*,*,#2095,.F.);
#2142=ORIENTED_EDGE('',*,*,#1337,.F.);
#2143=ORIENTED_EDGE('',*,*,#2119,.F.);
#2144=EDGE_LOOP('',(#2140,#2141,#2142,#2143));
#2145=FACE_BOUND('',#2144,.T.);
#2146=ADVANCED_FACE('',(#2145),#2139,.T.);
#2147=CARTESIAN_POINT('',(-0.008564047,19.329988724,5.008997198));
#2148=DIRECTION('',(0.,0.,-1.));
#2149=DIRECTION('',(-1.,0.,0.));
#2150=AXIS2_PLACEMENT_3D('',#2147,#2148,#2149);
#2151=CYLINDRICAL_SURFACE('',#2150,1.796051224);
#2152=ORIENTED_EDGE('',*,*,#1267,.F.);
#2153=ORIENTED_EDGE('',*,*,#1311,.F.);
#2154=ORIENTED_EDGE('',*,*,#1552,.F.);
#2155=CARTESIAN_POINT('',(-0.008564047,19.329988724,8.898372198));
#2156=DIRECTION('',(0.,0.,-1.));
#2157=DIRECTION('',(1.,0.,0.));
#2158=AXIS2_PLACEMENT_3D('',#2155,#2156,#2157);
#2159=CIRCLE('',#2158,1.796051224);
#2160=EDGE_CURVE('',#408,#1541,#2159,.T.);
#2161=ORIENTED_EDGE('',*,*,#2160,.F.);
#2162=EDGE_LOOP('',(#2152,#2153,#2154,#2161));
#2163=FACE_BOUND('',#2162,.T.);
#2164=ADVANCED_FACE('',(#2163),#2151,.T.);
#2165=CARTESIAN_POINT('',(3.057487177,21.360231686,2.548372198));
#2166=DIRECTION('',(1.,0.,0.));
#2167=DIRECTION('',(0.,0.,-1.));
#2168=AXIS2_PLACEMENT_3D('',#2165,#2166,#2167);
#2169=PLANE('',#2168);
#2170=CARTESIAN_POINT('',(3.057487177,24.494628906,2.549612432));
#2171=VERTEX_POINT('',#2170);
#2172=CARTESIAN_POINT('',(3.057487177,24.494628906,2.549612432));
#2173=DIRECTION('',(0.,-1.,0.));
#2174=VECTOR('',#2173,6.194352656);
#2175=LINE('',#2172,#2174);
#2176=EDGE_CURVE('',#2171,#1108,#2175,.T.);
#2177=ORIENTED_EDGE('',*,*,#2176,.F.);
#2178=CARTESIAN_POINT('',(3.057487177,24.494628906,2.549612432));
#2179=DIRECTION('',(0.,0.,-1.));
#2180=VECTOR('',#2179,0.001240234);
#2181=LINE('',#2178,#2180);
#2182=EDGE_CURVE('',#2171,#1686,#2181,.T.);
#2183=ORIENTED_EDGE('',*,*,#2182,.T.);
#2184=ORIENTED_EDGE('',*,*,#1691,.F.);
#2185=ORIENTED_EDGE('',*,*,#1122,.T.);
#2186=EDGE_LOOP('',(#2177,#2183,#2184,#2185));
#2187=FACE_BOUND('',#2186,.T.);
#2188=ADVANCED_FACE('',(#2187),#2169,.F.);
#2189=CARTESIAN_POINT('',(0.,0.,2.549612432));
#2190=DIRECTION('',(0.,0.,1.));
#2191=DIRECTION('',(0.,-1.,0.));
#2192=AXIS2_PLACEMENT_3D('',#2189,#2190,#2191);
#2193=PLANE('',#2192);
#2194=CARTESIAN_POINT('',(4.453521262,24.494628906,2.549612432));
#2195=VERTEX_POINT('',#2194);
#2196=CARTESIAN_POINT('',(3.057487177,24.494628906,2.549612432));
#2197=DIRECTION('',(1.,0.,-0.));
#2198=VECTOR('',#2197,1.396034085);
#2199=LINE('',#2196,#2198);
#2200=EDGE_CURVE('',#2171,#2195,#2199,.T.);
#2201=ORIENTED_EDGE('',*,*,#2200,.F.);
#2202=ORIENTED_EDGE('',*,*,#2176,.T.);
#2203=ORIENTED_EDGE('',*,*,#1113,.T.);
#2204=ORIENTED_EDGE('',*,*,#761,.T.);
#2205=CARTESIAN_POINT('',(4.453521262,24.494628906,2.549612432));
#2206=DIRECTION('',(0.,-1.,0.));
#2207=VECTOR('',#2206,5.905267972);
#2208=LINE('',#2205,#2207);
#2209=EDGE_CURVE('',#2195,#743,#2208,.T.);
#2210=ORIENTED_EDGE('',*,*,#2209,.F.);
#2211=EDGE_LOOP('',(#2201,#2202,#2203,#2204,#2210));
#2212=FACE_BOUND('',#2211,.T.);
#2213=ADVANCED_FACE('',(#2212),#2193,.T.);
#2214=CARTESIAN_POINT('',(1.204746742,8.483203125,4.987189105));
#2215=DIRECTION('',(0.99999999,0.,0.000144597));
#2216=DIRECTION('',(0.000144597,0.,-0.99999999));
#2217=AXIS2_PLACEMENT_3D('',#2214,#2215,#2216);
#2218=PLANE('',#2217);
#2219=ORIENTED_EDGE('',*,*,#1000,.T.);
#2220=ORIENTED_EDGE('',*,*,#650,.T.);
#2221=ORIENTED_EDGE('',*,*,#1097,.T.);
#2222=ORIENTED_EDGE('',*,*,#1042,.T.);
#2223=CARTESIAN_POINT('',(1.204670268,4.598580222,5.516066707));
#2224=DIRECTION('',(-0.99999999,-0.,-0.000144597));
#2225=DIRECTION('',(-0.000144597,0.,0.99999999));
#2226=AXIS2_PLACEMENT_3D('',#2223,#2224,#2225);
#2227=ELLIPSE('',#2226,1.691152874,1.691152856);
#2228=EDGE_CURVE('',#1030,#1053,#2227,.T.);
#2229=ORIENTED_EDGE('',*,*,#2228,.T.);
#2230=ORIENTED_EDGE('',*,*,#1075,.T.);
#2231=ORIENTED_EDGE('',*,*,#884,.T.);
#2232=ORIENTED_EDGE('',*,*,#809,.T.);
#2233=EDGE_LOOP('',(#2219,#2220,#2221,#2222,#2229,#2230,#2231,#2232));
#2234=FACE_BOUND('',#2233,.T.);
#2235=ORIENTED_EDGE('',*,*,#834,.F.);
#2236=EDGE_LOOP('',(#2235));
#2237=FACE_BOUND('',#2236,.T.);
#2238=ADVANCED_FACE('',(#2234,#2237),#2218,.F.);
#2239=CARTESIAN_POINT('',(2.221099387,24.544238281,5.22118639));
#2240=DIRECTION('',(1.,0.,-0.));
#2241=DIRECTION('',(-0.,0.,-1.));
#2242=AXIS2_PLACEMENT_3D('',#2239,#2240,#2241);
#2243=PLANE('',#2242);
#2244=ORIENTED_EDGE('',*,*,#795,.F.);
#2245=ORIENTED_EDGE('',*,*,#876,.F.);
#2246=ORIENTED_EDGE('',*,*,#1067,.F.);
#2247=CARTESIAN_POINT('',(2.221099387,4.598580222,5.516066707));
#2248=DIRECTION('',(-1.,-0.,0.));
#2249=DIRECTION('',(-0.,0.,-1.));
#2250=AXIS2_PLACEMENT_3D('',#2247,#2248,#2249);
#2251=CIRCLE('',#2250,1.691152856);
#2252=EDGE_CURVE('',#1021,#1055,#2251,.T.);
#2253=ORIENTED_EDGE('',*,*,#2252,.F.);
#2254=ORIENTED_EDGE('',*,*,#1027,.F.);
#2255=ORIENTED_EDGE('',*,*,#1090,.F.);
#2256=ORIENTED_EDGE('',*,*,#634,.F.);
#2257=ORIENTED_EDGE('',*,*,#900,.F.);
#2258=EDGE_LOOP('',(#2244,#2245,#2246,#2253,#2254,#2255,#2256,#2257));
#2259=FACE_BOUND('',#2258,.T.);
#2260=ORIENTED_EDGE('',*,*,#844,.T.);
#2261=ORIENTED_EDGE('',*,*,#851,.T.);
#2262=EDGE_LOOP('',(#2260,#2261));
#2263=FACE_BOUND('',#2262,.T.);
#2264=ADVANCED_FACE('',(#2259,#2263),#2243,.T.);
#2265=CARTESIAN_POINT('',(4.453521262,24.544238281,5.22118639));
#2266=DIRECTION('',(1.,0.,-0.));
#2267=DIRECTION('',(-0.,0.,-1.));
#2268=AXIS2_PLACEMENT_3D('',#2265,#2266,#2267);
#2269=PLANE('',#2268);
#2270=CARTESIAN_POINT('',(4.453521262,24.494628906,2.548372198));
#2271=DIRECTION('',(0.,0.,1.));
#2272=VECTOR('',#2271,0.001240234);
#2273=LINE('',#2270,#2272);
#2274=EDGE_CURVE('',#577,#2195,#2273,.T.);
#2275=ORIENTED_EDGE('',*,*,#2274,.T.);
#2276=ORIENTED_EDGE('',*,*,#2209,.T.);
#2277=ORIENTED_EDGE('',*,*,#749,.F.);
#2278=ORIENTED_EDGE('',*,*,#590,.F.);
#2279=EDGE_LOOP('',(#2275,#2276,#2277,#2278));
#2280=FACE_BOUND('',#2279,.T.);
#2281=ADVANCED_FACE('',(#2280),#2269,.T.);
#2282=CARTESIAN_POINT('',(0.,24.494628906,0.));
#2283=DIRECTION('',(0.,-1.,0.));
#2284=DIRECTION('',(1.,0.,0.));
#2285=AXIS2_PLACEMENT_3D('',#2282,#2283,#2284);
#2286=PLANE('',#2285);
#2287=ORIENTED_EDGE('',*,*,#1320,.F.);
#2288=ORIENTED_EDGE('',*,*,#1254,.F.);
#2289=ORIENTED_EDGE('',*,*,#1697,.F.);
#2290=ORIENTED_EDGE('',*,*,#2182,.F.);
#2291=ORIENTED_EDGE('',*,*,#2200,.T.);
#2292=ORIENTED_EDGE('',*,*,#2274,.F.);
#2293=ORIENTED_EDGE('',*,*,#582,.T.);
#2294=ORIENTED_EDGE('',*,*,#2112,.F.);
#2295=EDGE_LOOP('',(#2287,#2288,#2289,#2290,#2291,#2292,#2293,#2294));
#2296=FACE_BOUND('',#2295,.T.);
#2297=ADVANCED_FACE('',(#2296),#2286,.T.);
#2298=CARTESIAN_POINT('',(1.496380492,17.534028214,8.898372198));
#2299=DIRECTION('',(0.,1.,0.));
#2300=DIRECTION('',(0.,0.,1.));
#2301=AXIS2_PLACEMENT_3D('',#2298,#2299,#2300);
#2302=PLANE('',#2301);
#2303=ORIENTED_EDGE('',*,*,#490,.T.);
#2304=CARTESIAN_POINT('',(1.456344599,17.534028214,8.898372198));
#2305=VERTEX_POINT('',#2304);
#2306=CARTESIAN_POINT('',(1.456344599,17.534028214,2.548372198));
#2307=DIRECTION('',(0.,0.,1.));
#2308=VECTOR('',#2307,6.35);
#2309=LINE('',#2306,#2308);
#2310=EDGE_CURVE('',#477,#2305,#2309,.T.);
#2311=ORIENTED_EDGE('',*,*,#2310,.T.);
#2312=CARTESIAN_POINT('',(0.009487177,17.534028214,8.898372198));
#2313=DIRECTION('',(1.,0.,-0.));
#2314=VECTOR('',#2313,1.446857422);
#2315=LINE('',#2312,#2314);
#2316=EDGE_CURVE('',#1541,#2305,#2315,.T.);
#2317=ORIENTED_EDGE('',*,*,#2316,.F.);
#2318=ORIENTED_EDGE('',*,*,#1546,.F.);
#2319=EDGE_LOOP('',(#2303,#2311,#2317,#2318));
#2320=FACE_BOUND('',#2319,.T.);
#2321=ADVANCED_FACE('',(#2320),#2302,.F.);
#2322=CARTESIAN_POINT('',(0.,0.,8.898372198));
#2323=DIRECTION('',(0.,0.,1.));
#2324=DIRECTION('',(0.,-1.,0.));
#2325=AXIS2_PLACEMENT_3D('',#2322,#2323,#2324);
#2326=PLANE('',#2325);
#2327=CARTESIAN_POINT('',(1.456344599,13.218012589,8.898372198));
#2328=DIRECTION('',(0.,1.,0.));
#2329=VECTOR('',#2328,4.316015625);
#2330=LINE('',#2327,#2329);
#2331=EDGE_CURVE('',#448,#2305,#2330,.T.);
#2332=ORIENTED_EDGE('',*,*,#2331,.F.);
#2333=ORIENTED_EDGE('',*,*,#466,.F.);
#2334=ORIENTED_EDGE('',*,*,#421,.F.);
#2335=ORIENTED_EDGE('',*,*,#2160,.T.);
#2336=ORIENTED_EDGE('',*,*,#2316,.T.);
#2337=EDGE_LOOP('',(#2332,#2333,#2334,#2335,#2336));
#2338=FACE_BOUND('',#2337,.T.);
#2339=ADVANCED_FACE('',(#2338),#2326,.T.);
#2340=CARTESIAN_POINT('',(1.456344599,0.,0.));
#2341=DIRECTION('',(-1.,0.,0.));
#2342=DIRECTION('',(0.,-1.,0.));
#2343=AXIS2_PLACEMENT_3D('',#2340,#2341,#2342);
#2344=PLANE('',#2343);
#2345=ORIENTED_EDGE('',*,*,#482,.F.);
#2346=ORIENTED_EDGE('',*,*,#453,.T.);
#2347=ORIENTED_EDGE('',*,*,#2331,.T.);
#2348=ORIENTED_EDGE('',*,*,#2310,.F.);
#2349=EDGE_LOOP('',(#2345,#2346,#2347,#2348));
#2350=FACE_BOUND('',#2349,.T.);
#2351=ADVANCED_FACE('',(#2350),#2344,.T.);
#2352=CARTESIAN_POINT('',(1.325438802,17.5339375,0.559807828));
#2353=DIRECTION('',(0.,1.,0.));
#2354=DIRECTION('',(0.,-0.,1.));
#2355=AXIS2_PLACEMENT_3D('',#2352,#2353,#2354);
#2356=CYLINDRICAL_SURFACE('',#2355,0.462048375);
#2357=ORIENTED_EDGE('',*,*,#991,.F.);
#2358=ORIENTED_EDGE('',*,*,#1806,.F.);
#2359=ORIENTED_EDGE('',*,*,#1159,.F.);
#2360=ORIENTED_EDGE('',*,*,#388,.F.);
#2361=EDGE_LOOP('',(#2357,#2358,#2359,#2360));
#2362=FACE_BOUND('',#2361,.T.);
#2363=ADVANCED_FACE('',(#2362),#2356,.T.);
#2364=CARTESIAN_POINT('',(7.660302544,13.2159375,0.547187565));
#2365=DIRECTION('',(0.,-1.,0.));
#2366=DIRECTION('',(0.,0.,-1.));
#2367=AXIS2_PLACEMENT_3D('',#2364,#2365,#2366);
#2368=CYLINDRICAL_SURFACE('',#2367,0.538815367);
#2369=ORIENTED_EDGE('',*,*,#1221,.F.);
#2370=ORIENTED_EDGE('',*,*,#1487,.F.);
#2371=ORIENTED_EDGE('',*,*,#925,.F.);
#2372=ORIENTED_EDGE('',*,*,#1424,.F.);
#2373=EDGE_LOOP('',(#2369,#2370,#2371,#2372));
#2374=FACE_BOUND('',#2373,.T.);
#2375=ADVANCED_FACE('',(#2374),#2368,.T.);
#2376=CARTESIAN_POINT('',(4.708487177,4.598580222,5.516066707));
#2377=DIRECTION('',(-1.,0.,0.));
#2378=DIRECTION('',(0.,0.,1.));
#2379=AXIS2_PLACEMENT_3D('',#2376,#2377,#2378);
#2380=CYLINDRICAL_SURFACE('',#2379,1.691152856);
#2381=ORIENTED_EDGE('',*,*,#1060,.F.);
#2382=ORIENTED_EDGE('',*,*,#2228,.F.);
#2383=ORIENTED_EDGE('',*,*,#1035,.F.);
#2384=ORIENTED_EDGE('',*,*,#2252,.T.);
#2385=EDGE_LOOP('',(#2381,#2382,#2383,#2384));
#2386=FACE_BOUND('',#2385,.T.);
#2387=ADVANCED_FACE('',(#2386),#2380,.T.);
#2388=CLOSED_SHELL('',(#439,#470,#696,#736,#773,#813,#855,#888,#1004,#1046,#1079,#1101,#1234,#1298,#1372,#1397,#1413,#1430,#1453,#1476,#1530,#1579,#1610,#1648,#1679,#1705,
#1723,#1741,#1759,#1777,#1794,#1828,#1845,#1869,#1887,#1904,#1921,#1933,#2072,#2084,#2101,#2123,#2134,#2146,#2164,#2188,#2213,#2238,#2264,#2281,#2297,
#2321,#2339,#2351,#2363,#2375,#2387));
#2389=MANIFOLD_SOLID_BREP('Body 03',#2388);
#2390=DRAUGHTING_PRE_DEFINED_COLOUR('white');
#2391=FILL_AREA_STYLE_COLOUR('',#2390);
#2392=FILL_AREA_STYLE('',(#2391));
#2393=SURFACE_STYLE_FILL_AREA(#2392);
#2394=SURFACE_SIDE_STYLE('',(#2393));
#2395=SURFACE_STYLE_USAGE(.BOTH.,#2394);
#2396=PRESENTATION_STYLE_ASSIGNMENT((#2395));
#365=STYLED_ITEM('',(#2396),#2389);
#2397=(NAMED_UNIT(*)PLANE_ANGLE_UNIT()SI_UNIT($,.RADIAN.));
#2398=PLANE_ANGLE_MEASURE_WITH_UNIT(PLANE_ANGLE_MEASURE(0.0174532925),#2397);
#2399=(CONVERSION_BASED_UNIT('DEGREE',#2398)NAMED_UNIT(#2400)PLANE_ANGLE_UNIT());
#2400=DIMENSIONAL_EXPONENTS(0.,0.,0.,0.,0.,0.,0.);
#2401=(NAMED_UNIT(*)SI_UNIT($,.STERADIAN.)SOLID_ANGLE_UNIT());
#2402=(LENGTH_UNIT()NAMED_UNIT(*)SI_UNIT(.MILLI.,.METRE.));
#2403=UNCERTAINTY_MEASURE_WITH_UNIT(LENGTH_MEASURE(1.000000E-03),#2402,'DISTANCE_ACCURACY_VALUE','Maximum Tolerance applied to model');
#2404=(GEOMETRIC_REPRESENTATION_CONTEXT(3)GLOBAL_UNCERTAINTY_ASSIGNED_CONTEXT((#2403))GLOBAL_UNIT_ASSIGNED_CONTEXT((#2402,#2399,#2401))REPRESENTATION_CONTEXT('','knowco2-version2 (Imported)'));
#2416=CARTESIAN_POINT('',(0.,0.,0.));
#2417=DIRECTION('',(0.,0.,1.));
#2418=DIRECTION('',(1.,0.,-0.));
#2419=AXIS2_PLACEMENT_3D('',#2416,#2417,#2418);
#2420=ITEM_DEFINED_TRANSFORMATION('','',#2419,#15);
#2421=(REPRESENTATION_RELATIONSHIP('','',#2406,#346)REPRESENTATION_RELATIONSHIP_WITH_TRANSFORMATION(#2420)SHAPE_REPRESENTATION_RELATIONSHIP());
#2422=NEXT_ASSEMBLY_USAGE_OCCURRENCE('knowco2-version2 (Imported)_6','knowco2-version2 (Imported)','knowco2-version2 (Imported)',#355,#2415,$);
#2423=PRODUCT_DEFINITION_SHAPE('','',#2422);
#2424=CONTEXT_DEPENDENT_SHAPE_REPRESENTATION(#2421,#2423);
#2425=(NAMED_UNIT(*)PLANE_ANGLE_UNIT()SI_UNIT($,.RADIAN.));
#2426=PLANE_ANGLE_MEASURE_WITH_UNIT(PLANE_ANGLE_MEASURE(0.0174532925),#2425);
#2427=(CONVERSION_BASED_UNIT('DEGREE',#2426)NAMED_UNIT(#2428)PLANE_ANGLE_UNIT());
#2428=DIMENSIONAL_EXPONENTS(0.,0.,0.,0.,0.,0.,0.);
#2429=(NAMED_UNIT(*)SI_UNIT($,.STERADIAN.)SOLID_ANGLE_UNIT());
#2430=(LENGTH_UNIT()NAMED_UNIT(*)SI_UNIT(.MILLI.,.METRE.));
#2431=UNCERTAINTY_MEASURE_WITH_UNIT(LENGTH_MEASURE(1.000000E-03),#2430,'DISTANCE_ACCURACY_VALUE','Maximum Tolerance applied to model');
#2432=(GEOMETRIC_REPRESENTATION_CONTEXT(3)GLOBAL_UNCERTAINTY_ASSIGNED_CONTEXT((#2431))GLOBAL_UNIT_ASSIGNED_CONTEXT((#2430,#2427,#2429))REPRESENTATION_CONTEXT('','version1-mergedparts (Imported)'));
#2444=CARTESIAN_POINT('',(0.,0.,0.));
#2445=DIRECTION('',(0.,0.,1.));
#2446=DIRECTION('',(1.,0.,-0.));
#2447=AXIS2_PLACEMENT_3D('',#2444,#2445,#2446);
#2448=ITEM_DEFINED_TRANSFORMATION('','',#2447,#15);
#2449=(REPRESENTATION_RELATIONSHIP('','',#2434,#2406)REPRESENTATION_RELATIONSHIP_WITH_TRANSFORMATION(#2448)SHAPE_REPRESENTATION_RELATIONSHIP());
#2450=NEXT_ASSEMBLY_USAGE_OCCURRENCE('version1-mergedparts (Imported)_7','version1-mergedparts (Imported)','version1-mergedparts (Imported)',#2415,#2443,$);
#2451=PRODUCT_DEFINITION_SHAPE('','',#2450);
#2452=CONTEXT_DEPENDENT_SHAPE_REPRESENTATION(#2449,#2451);
#2434=SHAPE_REPRESENTATION('version1-mergedparts (Imported)',(#15),#2432);
#2453=CARTESIAN_POINT('',(0.,0.,0.));
#2454=DIRECTION('',(0.,0.,1.));
#2455=DIRECTION('',(1.,0.,0.));
#2456=AXIS2_PLACEMENT_3D('',#2453,#2454,#2455);
#2458=MAPPED_ITEM('',#2457,#2456);
#2457=REPRESENTATION_MAP(#2456,#2434);
#2459=APPLICATION_CONTEXT('Managed model based 3d engineering');
#2460=APPLICATION_PROTOCOL_DEFINITION('international standard','ap242_managed_model_based_3d_engineering',2014,#2459);
#2461=PRODUCT_CONTEXT('',#2459,'mechanical');
#2462=PRODUCT_DEFINITION_CONTEXT('part definition',#2459,'design');
#2442=PRODUCT('version1-mergedparts (Imported)','version1-mergedparts (Imported)','',(#2461));
#2463=PRODUCT_RELATED_PRODUCT_CATEGORY('part','',(#2442));
#2464=PRODUCT_DEFINITION_FORMATION_WITH_SPECIFIED_SOURCE('','',#2442,.NOT_KNOWN.);
#2443=PRODUCT_DEFINITION('design','',#2464,#2462);
#2441=PRODUCT_DEFINITION_SHAPE('','',#2443);
#2465=SHAPE_DEFINITION_REPRESENTATION(#2441,#2434);
#2433=DRAUGHTING_MODEL('',(#2458),#2432);
#2406=SHAPE_REPRESENTATION('knowco2-version2 (Imported)',(#15,#2447),#2404);
#2466=CARTESIAN_POINT('',(0.,0.,0.));
#2467=DIRECTION('',(0.,0.,1.));
#2468=DIRECTION('',(1.,0.,0.));
#2469=AXIS2_PLACEMENT_3D('',#2466,#2467,#2468);
#2471=MAPPED_ITEM('',#2470,#2469);
#2470=REPRESENTATION_MAP(#2469,#2406);
#2414=PRODUCT('knowco2-version2 (Imported)','knowco2-version2 (Imported)','',(#2461));
#2472=PRODUCT_RELATED_PRODUCT_CATEGORY('part','',(#2414));
#2473=PRODUCT_DEFINITION_FORMATION_WITH_SPECIFIED_SOURCE('','',#2414,.NOT_KNOWN.);
#2415=PRODUCT_DEFINITION('design','',#2473,#2462);
#2413=PRODUCT_DEFINITION_SHAPE('','',#2415);
#2474=SHAPE_DEFINITION_REPRESENTATION(#2413,#2406);
#2405=DRAUGHTING_MODEL('',(#2471),#2404);
#346=SHAPE_REPRESENTATION('knowco2-version3 w/enclosure (Imported)',(#15,#2419),#344);
#347=ADVANCED_BREP_SHAPE_REPRESENTATION('knowco2-version3 w/enclosure (Imported)',(#2389),#344);
#2482=SHAPE_REPRESENTATION_RELATIONSHIP('','',#346,#347);
#2483=CARTESIAN_POINT('',(0.,0.,0.));
#2484=DIRECTION('',(0.,0.,1.));
#2485=DIRECTION('',(1.,0.,0.));
#2486=AXIS2_PLACEMENT_3D('',#2483,#2484,#2485);
#2488=MAPPED_ITEM('',#2487,#2486);
#2487=REPRESENTATION_MAP(#2486,#346);
#354=PRODUCT('knowco2-version3 w/enclosure (Imported)','knowco2-version3 w/enclosure (Imported)','',(#2461));
#2489=PRODUCT_RELATED_PRODUCT_CATEGORY('part','',(#354));
#2490=PRODUCT_DEFINITION_FORMATION_WITH_SPECIFIED_SOURCE('','',#354,.NOT_KNOWN.);
#355=PRODUCT_DEFINITION('design','',#2490,#2462);
#353=PRODUCT_DEFINITION_SHAPE('','',#355);
#2491=SHAPE_DEFINITION_REPRESENTATION(#353,#346);
#345=DRAUGHTING_MODEL('',(#2488),#344);
#318=SHAPE_REPRESENTATION('knowco2-version6-xometry.step',(#15,#359),#316);
#2492=CARTESIAN_POINT('',(0.,0.,0.));
#2493=DIRECTION('',(0.,0.,1.));
#2494=DIRECTION('',(1.,0.,0.));
#2495=AXIS2_PLACEMENT_3D('',#2492,#2493,#2494);
#2497=MAPPED_ITEM('',#2496,#2495);
#2496=REPRESENTATION_MAP(#2495,#318);
#326=PRODUCT('knowco2-version6-xometry.step','knowco2-version6-xometry.step','',(#2461));
#2498=PRODUCT_RELATED_PRODUCT_CATEGORY('part','',(#326));
#2499=PRODUCT_DEFINITION_FORMATION_WITH_SPECIFIED_SOURCE('','',#326,.NOT_KNOWN.);
#327=PRODUCT_DEFINITION('design','',#2499,#2462);
#325=PRODUCT_DEFINITION_SHAPE('','',#327);
#2500=SHAPE_DEFINITION_REPRESENTATION(#325,#318);
#317=DRAUGHTING_MODEL('',(#2497),#316);
#290=SHAPE_REPRESENTATION('knowco2-version6-enclosure (Imported)',(#15,#331),#288);
#2501=CARTESIAN_POINT('',(0.,0.,0.));
#2502=DIRECTION('',(0.,0.,1.));
#2503=DIRECTION('',(1.,0.,0.));
#2504=AXIS2_PLACEMENT_3D('',#2501,#2502,#2503);
#2506=MAPPED_ITEM('',#2505,#2504);
#2505=REPRESENTATION_MAP(#2504,#290);
#298=PRODUCT('knowco2-version6-enclosure (Imported)','knowco2-version6-enclosure (Imported)','',(#2461));
#2507=PRODUCT_RELATED_PRODUCT_CATEGORY('part','',(#298));
#2508=PRODUCT_DEFINITION_FORMATION_WITH_SPECIFIED_SOURCE('','',#298,.NOT_KNOWN.);
#299=PRODUCT_DEFINITION('design','',#2508,#2462);
#297=PRODUCT_DEFINITION_SHAPE('','',#299);
#2509=SHAPE_DEFINITION_REPRESENTATION(#297,#290);
#289=DRAUGHTING_MODEL('',(#2506),#288);
#262=SHAPE_REPRESENTATION('knowco2-main-enclosure-version7 (Imported)',(#15,#303),#260);
#2510=CARTESIAN_POINT('',(0.,0.,0.));
#2511=DIRECTION('',(0.,0.,1.));
#2512=DIRECTION('',(1.,0.,0.));
#2513=AXIS2_PLACEMENT_3D('',#2510,#2511,#2512);
#2515=MAPPED_ITEM('',#2514,#2513);
#2514=REPRESENTATION_MAP(#2513,#262);
#270=PRODUCT('knowco2-main-enclosure-version7 (Imported)','knowco2-main-enclosure-version7 (Imported)','',(#2461));
#2516=PRODUCT_RELATED_PRODUCT_CATEGORY('part','',(#270));
#2517=PRODUCT_DEFINITION_FORMATION_WITH_SPECIFIED_SOURCE('','',#270,.NOT_KNOWN.);
#271=PRODUCT_DEFINITION('design','',#2517,#2462);
#269=PRODUCT_DEFINITION_SHAPE('','',#271);
#2518=SHAPE_DEFINITION_REPRESENTATION(#269,#262);
#261=DRAUGHTING_MODEL('',(#2515),#260);
#234=SHAPE_REPRESENTATION('main-enclosure-knowco2-version10 (Imported)',(#15,#275),#232);
#2519=CARTESIAN_POINT('',(0.,0.,0.));
#2520=DIRECTION('',(0.,0.,1.));
#2521=DIRECTION('',(1.,0.,0.));
#2522=AXIS2_PLACEMENT_3D('',#2519,#2520,#2521);
#2524=MAPPED_ITEM('',#2523,#2522);
#2523=REPRESENTATION_MAP(#2522,#234);
#242=PRODUCT('main-enclosure-knowco2-version10 (Imported)','main-enclosure-knowco2-version10 (Imported)','',(#2461));
#2525=PRODUCT_RELATED_PRODUCT_CATEGORY('part','',(#242));
#2526=PRODUCT_DEFINITION_FORMATION_WITH_SPECIFIED_SOURCE('','',#242,.NOT_KNOWN.);
#243=PRODUCT_DEFINITION('design','',#2526,#2462);
#241=PRODUCT_DEFINITION_SHAPE('','',#243);
#2527=SHAPE_DEFINITION_REPRESENTATION(#241,#234);
#233=DRAUGHTING_MODEL('',(#2524),#232);
#16=SHAPE_REPRESENTATION('root',(#15,#247),#10);
#17=ADVANCED_BREP_SHAPE_REPRESENTATION('root',(#217),#10);
#2535=SHAPE_REPRESENTATION_RELATIONSHIP('','',#16,#17);
#2536=CARTESIAN_POINT('',(0.,0.,0.));
#2537=DIRECTION('',(0.,0.,1.));
#2538=DIRECTION('',(1.,0.,0.));
#2539=AXIS2_PLACEMENT_3D('',#2536,#2537,#2538);
#2541=MAPPED_ITEM('',#2540,#2539);
#2540=REPRESENTATION_MAP(#2539,#16);
#24=PRODUCT('root','root','',(#2461));
#2542=PRODUCT_RELATED_PRODUCT_CATEGORY('part','',(#24));
#2543=PRODUCT_DEFINITION_FORMATION_WITH_SPECIFIED_SOURCE('','',#24,.NOT_KNOWN.);
#25=PRODUCT_DEFINITION('design','',#2543,#2462);
#23=PRODUCT_DEFINITION_SHAPE('','',#25);
#2544=SHAPE_DEFINITION_REPRESENTATION(#23,#16);
#11=DRAUGHTING_MODEL('',(#2541),#10);
#2545=DESCRIPTIVE_REPRESENTATION_ITEM('KEY','/Users/mike/Library/Containers/com.shapr3d.shapr/Data/tmp/17096BAA-94D6-4DAE-AABD-DBEAA2640FE2.tmp');
#2546=PROPERTY_DEFINITION('KEY','',#25);
#2547=REPRESENTATION('',(#2545),#10);
#2548=PROPERTY_DEFINITION_REPRESENTATION(#2546,#2547);
#2549=GENERAL_PROPERTY('','KEY','');
#2550=GENERAL_PROPERTY_ASSOCIATION('','',#2549,#2546);
#1=MECHANICAL_DESIGN_GEOMETRIC_PRESENTATION_REPRESENTATION('',(#26,#365),#10);
ENDSEC;
END-ISO-10303-21;
