ISO-10303-21;
HEADER;

/* File generated by Shapr3D Version 26.91.0.11012 */

FILE_DESCRIPTION(('HOOPS Exchange Step'),'2;1');

FILE_NAME('/Users/mike/Library/Containers/com.shapr3d.shapr/Data/tmp/export/temp_export',
'2026-06-09T09:52:52-04:00',
('mike'),
('Shapr3D Limited'),
'HOOPS Exchange 2026.3',
'Shapr3D',
'Authorized');

FILE_SCHEMA( ('AP242_MANAGED_MODEL_BASED_3D_ENGINEERING_MIM_LF {1 0 10303 442 1 1 4}') );

ENDSEC;

DATA;
#3=(NAMED_UNIT(*)PLANE_ANGLE_UNIT()SI_UNIT($,.RADIAN.));
#4=PLANE_ANGLE_MEASURE_WITH_UNIT(PLANE_ANGLE_MEASURE(0.0174532925),#3);
#5=(CONVERSION_BASED_UNIT('DEGREE',#4)NAMED_UNIT(#6)PLANE_ANGLE_UNIT());
#6=DIMENSIONAL_EXPONENTS(0.,0.,0.,0.,0.,0.,0.);
#7=(NAMED_UNIT(*)SI_UNIT($,.STERADIAN.)SOLID_ANGLE_UNIT());
#8=(LENGTH_UNIT()NAMED_UNIT(*)SI_UNIT(.MILLI.,.METRE.));
#9=UNCERTAINTY_MEASURE_WITH_UNIT(LENGTH_MEASURE(1.000000E-03),#8,'DISTANCE_ACCURACY_VALUE','Maximum Tolerance applied to model');
#10=(GEOMETRIC_REPRESENTATION_CONTEXT(3)GLOBAL_UNCERTAINTY_ASSIGNED_CONTEXT((#9))GLOBAL_UNIT_ASSIGNED_CONTEXT((#8,#5,#7))REPRESENTATION_CONTEXT('','root'));
#12=CARTESIAN_POINT('',(0.,0.,0.));
#13=DIRECTION('',(0.,0.,1.));
#14=DIRECTION('',(1.,0.,0.));
#15=AXIS2_PLACEMENT_3D('TS3D_PRODUCT_CSYS',#12,#13,#14);
#26=(NAMED_UNIT(*)PLANE_ANGLE_UNIT()SI_UNIT($,.RADIAN.));
#27=PLANE_ANGLE_MEASURE_WITH_UNIT(PLANE_ANGLE_MEASURE(0.0174532925),#26);
#28=(CONVERSION_BASED_UNIT('DEGREE',#27)NAMED_UNIT(#29)PLANE_ANGLE_UNIT());
#29=DIMENSIONAL_EXPONENTS(0.,0.,0.,0.,0.,0.,0.);
#30=(NAMED_UNIT(*)SI_UNIT($,.STERADIAN.)SOLID_ANGLE_UNIT());
#31=(LENGTH_UNIT()NAMED_UNIT(*)SI_UNIT(.MILLI.,.METRE.));
#32=UNCERTAINTY_MEASURE_WITH_UNIT(LENGTH_MEASURE(1.000000E-03),#31,'DISTANCE_ACCURACY_VALUE','Maximum Tolerance applied to model');
#33=(GEOMETRIC_REPRESENTATION_CONTEXT(3)GLOBAL_UNCERTAINTY_ASSIGNED_CONTEXT((#32))GLOBAL_UNIT_ASSIGNED_CONTEXT((#31,#28,#30))REPRESENTATION_CONTEXT('','knowco2-sensor-main-version11 (Imported)'));
#45=CARTESIAN_POINT('',(0.,0.,0.));
#46=DIRECTION('',(0.,0.,1.));
#47=DIRECTION('',(1.,0.,-0.));
#48=AXIS2_PLACEMENT_3D('',#45,#46,#47);
#49=ITEM_DEFINED_TRANSFORMATION('','',#48,#15);
#50=(REPRESENTATION_RELATIONSHIP('','',#35,#16)REPRESENTATION_RELATIONSHIP_WITH_TRANSFORMATION(#49)SHAPE_REPRESENTATION_RELATIONSHIP());
#51=NEXT_ASSEMBLY_USAGE_OCCURRENCE('knowco2-sensor-main-version11 (Imported)_1','knowco2-sensor-main-version11 (Imported)','knowco2-sensor-main-version11 (Imported)',#25,#44,$);
#52=PRODUCT_DEFINITION_SHAPE('','',#51);
#53=CONTEXT_DEPENDENT_SHAPE_REPRESENTATION(#50,#52);
#54=(NAMED_UNIT(*)PLANE_ANGLE_UNIT()SI_UNIT($,.RADIAN.));
#55=PLANE_ANGLE_MEASURE_WITH_UNIT(PLANE_ANGLE_MEASURE(0.0174532925),#54);
#56=(CONVERSION_BASED_UNIT('DEGREE',#55)NAMED_UNIT(#57)PLANE_ANGLE_UNIT());
#57=DIMENSIONAL_EXPONENTS(0.,0.,0.,0.,0.,0.,0.);
#58=(NAMED_UNIT(*)SI_UNIT($,.STERADIAN.)SOLID_ANGLE_UNIT());
#59=(LENGTH_UNIT()NAMED_UNIT(*)SI_UNIT(.MILLI.,.METRE.));
#60=UNCERTAINTY_MEASURE_WITH_UNIT(LENGTH_MEASURE(1.000000E-03),#59,'DISTANCE_ACCURACY_VALUE','Maximum Tolerance applied to model');
#61=(GEOMETRIC_REPRESENTATION_CONTEXT(3)GLOBAL_UNCERTAINTY_ASSIGNED_CONTEXT((#60))GLOBAL_UNIT_ASSIGNED_CONTEXT((#59,#56,#58))REPRESENTATION_CONTEXT('','knowco2-sensor-main-version10 (Imported)'));
#73=CARTESIAN_POINT('',(0.,0.,0.));
#74=DIRECTION('',(0.,0.,1.));
#75=DIRECTION('',(1.,0.,-0.));
#76=AXIS2_PLACEMENT_3D('',#73,#74,#75);
#77=ITEM_DEFINED_TRANSFORMATION('','',#76,#15);
#78=(REPRESENTATION_RELATIONSHIP('','',#63,#35)REPRESENTATION_RELATIONSHIP_WITH_TRANSFORMATION(#77)SHAPE_REPRESENTATION_RELATIONSHIP());
#79=NEXT_ASSEMBLY_USAGE_OCCURRENCE('knowco2-sensor-main-version10 (Imported)_2','knowco2-sensor-main-version10 (Imported)','knowco2-sensor-main-version10 (Imported)',#44,#72,$);
#80=PRODUCT_DEFINITION_SHAPE('','',#79);
#81=CONTEXT_DEPENDENT_SHAPE_REPRESENTATION(#78,#80);
#82=(NAMED_UNIT(*)PLANE_ANGLE_UNIT()SI_UNIT($,.RADIAN.));
#83=PLANE_ANGLE_MEASURE_WITH_UNIT(PLANE_ANGLE_MEASURE(0.0174532925),#82);
#84=(CONVERSION_BASED_UNIT('DEGREE',#83)NAMED_UNIT(#85)PLANE_ANGLE_UNIT());
#85=DIMENSIONAL_EXPONENTS(0.,0.,0.,0.,0.,0.,0.);
#86=(NAMED_UNIT(*)SI_UNIT($,.STERADIAN.)SOLID_ANGLE_UNIT());
#87=(LENGTH_UNIT()NAMED_UNIT(*)SI_UNIT(.MILLI.,.METRE.));
#88=UNCERTAINTY_MEASURE_WITH_UNIT(LENGTH_MEASURE(1.000000E-03),#87,'DISTANCE_ACCURACY_VALUE','Maximum Tolerance applied to model');
#89=(GEOMETRIC_REPRESENTATION_CONTEXT(3)GLOBAL_UNCERTAINTY_ASSIGNED_CONTEXT((#88))GLOBAL_UNIT_ASSIGNED_CONTEXT((#87,#84,#86))REPRESENTATION_CONTEXT('','knowco2-version6-sensor-main (Imported)'));
#101=CARTESIAN_POINT('',(0.,0.,0.));
#102=DIRECTION('',(0.,0.,1.));
#103=DIRECTION('',(1.,0.,-0.));
#104=AXIS2_PLACEMENT_3D('',#101,#102,#103);
#105=ITEM_DEFINED_TRANSFORMATION('','',#104,#15);
#106=(REPRESENTATION_RELATIONSHIP('','',#91,#63)REPRESENTATION_RELATIONSHIP_WITH_TRANSFORMATION(#105)SHAPE_REPRESENTATION_RELATIONSHIP());
#107=NEXT_ASSEMBLY_USAGE_OCCURRENCE('knowco2-version6-sensor-main (Imported)_3','knowco2-version6-sensor-main (Imported)','knowco2-version6-sensor-main (Imported)',#72,#100,$);
#108=PRODUCT_DEFINITION_SHAPE('','',#107);
#109=CONTEXT_DEPENDENT_SHAPE_REPRESENTATION(#106,#108);
#110=(NAMED_UNIT(*)PLANE_ANGLE_UNIT()SI_UNIT($,.RADIAN.));
#111=PLANE_ANGLE_MEASURE_WITH_UNIT(PLANE_ANGLE_MEASURE(0.0174532925),#110);
#112=(CONVERSION_BASED_UNIT('DEGREE',#111)NAMED_UNIT(#113)PLANE_ANGLE_UNIT());
#113=DIMENSIONAL_EXPONENTS(0.,0.,0.,0.,0.,0.,0.);
#114=(NAMED_UNIT(*)SI_UNIT($,.STERADIAN.)SOLID_ANGLE_UNIT());
#115=(LENGTH_UNIT()NAMED_UNIT(*)SI_UNIT(.MILLI.,.METRE.));
#116=UNCERTAINTY_MEASURE_WITH_UNIT(LENGTH_MEASURE(1.000000E-03),#115,'DISTANCE_ACCURACY_VALUE','Maximum Tolerance applied to model');
#117=(GEOMETRIC_REPRESENTATION_CONTEXT(3)GLOBAL_UNCERTAINTY_ASSIGNED_CONTEXT((#116))GLOBAL_UNIT_ASSIGNED_CONTEXT((#115,#112,#114))REPRESENTATION_CONTEXT('','knowco2-version6-sensor.step'));
#129=CARTESIAN_POINT('',(0.,0.,0.));
#130=DIRECTION('',(0.,0.,1.));
#131=DIRECTION('',(1.,0.,-0.));
#132=AXIS2_PLACEMENT_3D('',#129,#130,#131);
#133=ITEM_DEFINED_TRANSFORMATION('','',#132,#15);
#134=(REPRESENTATION_RELATIONSHIP('','',#119,#91)REPRESENTATION_RELATIONSHIP_WITH_TRANSFORMATION(#133)SHAPE_REPRESENTATION_RELATIONSHIP());
#135=NEXT_ASSEMBLY_USAGE_OCCURRENCE('knowco2-version6-sensor.step_4','knowco2-version6-sensor.step','knowco2-version6-sensor.step',#100,#128,$);
#136=PRODUCT_DEFINITION_SHAPE('','',#135);
#137=CONTEXT_DEPENDENT_SHAPE_REPRESENTATION(#134,#136);
#138=(NAMED_UNIT(*)PLANE_ANGLE_UNIT()SI_UNIT($,.RADIAN.));
#139=PLANE_ANGLE_MEASURE_WITH_UNIT(PLANE_ANGLE_MEASURE(0.0174532925),#138);
#140=(CONVERSION_BASED_UNIT('DEGREE',#139)NAMED_UNIT(#141)PLANE_ANGLE_UNIT());
#141=DIMENSIONAL_EXPONENTS(0.,0.,0.,0.,0.,0.,0.);
#142=(NAMED_UNIT(*)SI_UNIT($,.STERADIAN.)SOLID_ANGLE_UNIT());
#143=(LENGTH_UNIT()NAMED_UNIT(*)SI_UNIT(.MILLI.,.METRE.));
#144=UNCERTAINTY_MEASURE_WITH_UNIT(LENGTH_MEASURE(1.000000E-03),#143,'DISTANCE_ACCURACY_VALUE','Maximum Tolerance applied to model');
#145=(GEOMETRIC_REPRESENTATION_CONTEXT(3)GLOBAL_UNCERTAINTY_ASSIGNED_CONTEXT((#144))GLOBAL_UNIT_ASSIGNED_CONTEXT((#143,#140,#142))REPRESENTATION_CONTEXT('','knowco2-version2-sensor (Imported)'));
#157=CARTESIAN_POINT('',(0.,0.,0.));
#158=DIRECTION('',(0.,0.,1.));
#159=DIRECTION('',(1.,0.,-0.));
#160=AXIS2_PLACEMENT_3D('',#157,#158,#159);
#161=ITEM_DEFINED_TRANSFORMATION('','',#160,#15);
#162=(REPRESENTATION_RELATIONSHIP('','',#147,#119)REPRESENTATION_RELATIONSHIP_WITH_TRANSFORMATION(#161)SHAPE_REPRESENTATION_RELATIONSHIP());
#163=NEXT_ASSEMBLY_USAGE_OCCURRENCE('knowco2-version2-sensor (Imported)_5','knowco2-version2-sensor (Imported)','knowco2-version2-sensor (Imported)',#128,#156,$);
#164=PRODUCT_DEFINITION_SHAPE('','',#163);
#165=CONTEXT_DEPENDENT_SHAPE_REPRESENTATION(#162,#164);
#166=(NAMED_UNIT(*)PLANE_ANGLE_UNIT()SI_UNIT($,.RADIAN.));
#167=PLANE_ANGLE_MEASURE_WITH_UNIT(PLANE_ANGLE_MEASURE(0.0174532925),#166);
#168=(CONVERSION_BASED_UNIT('DEGREE',#167)NAMED_UNIT(#169)PLANE_ANGLE_UNIT());
#169=DIMENSIONAL_EXPONENTS(0.,0.,0.,0.,0.,0.,0.);
#170=(NAMED_UNIT(*)SI_UNIT($,.STERADIAN.)SOLID_ANGLE_UNIT());
#171=(LENGTH_UNIT()NAMED_UNIT(*)SI_UNIT(.MILLI.,.METRE.));
#172=UNCERTAINTY_MEASURE_WITH_UNIT(LENGTH_MEASURE(1.000000E-05),#171,'DISTANCE_ACCURACY_VALUE','Maximum Tolerance applied to model');
#173=(GEOMETRIC_REPRESENTATION_CONTEXT(3)GLOBAL_UNCERTAINTY_ASSIGNED_CONTEXT((#172))GLOBAL_UNIT_ASSIGNED_CONTEXT((#171,#168,#170))REPRESENTATION_CONTEXT('','knowco2-version1-sensor (Imported)'));
#185=CARTESIAN_POINT('',(0.,0.,0.));
#186=DIRECTION('',(0.,0.,1.));
#187=DIRECTION('',(1.,0.,-0.));
#188=AXIS2_PLACEMENT_3D('',#185,#186,#187);
#189=ITEM_DEFINED_TRANSFORMATION('','',#188,#15);
#190=(REPRESENTATION_RELATIONSHIP('','',#175,#147)REPRESENTATION_RELATIONSHIP_WITH_TRANSFORMATION(#189)SHAPE_REPRESENTATION_RELATIONSHIP());
#191=NEXT_ASSEMBLY_USAGE_OCCURRENCE('knowco2-version1-sensor (Imported)_6','knowco2-version1-sensor (Imported)','knowco2-version1-sensor (Imported)',#156,#184,$);
#192=PRODUCT_DEFINITION_SHAPE('','',#191);
#193=CONTEXT_DEPENDENT_SHAPE_REPRESENTATION(#190,#192);
#195=CARTESIAN_POINT('',(22.1059375,0.,0.));
#196=DIRECTION('',(1.,0.,0.));
#197=DIRECTION('',(0.,1.,0.));
#198=AXIS2_PLACEMENT_3D('',#195,#196,#197);
#199=PLANE('',#198);
#200=CARTESIAN_POINT('',(22.1059375,24.6459375,0.008028214));
#201=VERTEX_POINT('',#200);
#202=CARTESIAN_POINT('',(22.1059375,24.627886276,0.0079375));
#203=VERTEX_POINT('',#202);
#204=CARTESIAN_POINT('',(22.1059375,24.627886276,1.803988724));
#205=DIRECTION('',(-1.,-0.,-0.));
#206=DIRECTION('',(0.,0.,-1.));
#207=AXIS2_PLACEMENT_3D('',#204,#205,#206);
#208=CIRCLE('',#207,1.796051224);
#209=EDGE_CURVE('',#201,#203,#208,.T.);
#210=ORIENTED_EDGE('',*,*,#209,.F.);
#211=CARTESIAN_POINT('',(22.1059375,24.6459375,1.7859375));
#212=VERTEX_POINT('',#211);
#213=CARTESIAN_POINT('',(22.1059375,24.6459375,0.008028214));
#214=DIRECTION('',(0.,0.,1.));
#215=VECTOR('',#214,1.777909286);
#216=LINE('',#213,#215);
#217=EDGE_CURVE('',#201,#212,#216,.T.);
#218=ORIENTED_EDGE('',*,*,#217,.T.);
#219=CARTESIAN_POINT('',(22.1059375,19.58578125,1.7859375));
#220=VERTEX_POINT('',#219);
#221=CARTESIAN_POINT('',(22.1059375,19.58578125,1.7859375));
#222=DIRECTION('',(0.,1.,0.));
#223=VECTOR('',#222,5.06015625);
#224=LINE('',#221,#223);
#225=EDGE_CURVE('',#220,#212,#224,.T.);
#226=ORIENTED_EDGE('',*,*,#225,.F.);
#227=CARTESIAN_POINT('',(22.1059375,19.58578125,0.0079375));
#228=VERTEX_POINT('',#227);
#229=CARTESIAN_POINT('',(22.1059375,19.58578125,1.7859375));
#230=DIRECTION('',(0.,0.,-1.));
#231=VECTOR('',#230,1.778);
#232=LINE('',#229,#231);
#233=EDGE_CURVE('',#220,#228,#232,.T.);
#234=ORIENTED_EDGE('',*,*,#233,.T.);
#235=CARTESIAN_POINT('',(22.1059375,24.627886276,0.0079375));
#236=DIRECTION('',(0.,-1.,0.));
#237=VECTOR('',#236,5.042105026);
#238=LINE('',#235,#237);
#239=EDGE_CURVE('',#203,#228,#238,.T.);
#240=ORIENTED_EDGE('',*,*,#239,.F.);
#241=EDGE_LOOP('',(#210,#218,#226,#234,#240));
#242=FACE_BOUND('',#241,.T.);
#243=ADVANCED_FACE('',(#242),#199,.T.);
#244=CARTESIAN_POINT('',(1.7859375,1.7859375,0.0079375));
#245=DIRECTION('',(0.,0.,-1.));
#246=DIRECTION('',(1.,0.,0.));
#247=AXIS2_PLACEMENT_3D('',#244,#245,#246);
#248=PLANE('',#247);
#249=CARTESIAN_POINT('',(22.5504375,4.3259375,0.0079375));
#250=VERTEX_POINT('',#249);
#251=CARTESIAN_POINT('',(24.6459375,4.3259375,0.0079375));
#252=DIRECTION('',(0.,0.,-1.));
#253=DIRECTION('',(-1.,0.,0.));
#254=AXIS2_PLACEMENT_3D('',#251,#252,#253);
#255=CIRCLE('',#254,2.0955);
#256=EDGE_CURVE('',#250,#250,#255,.T.);
#257=ORIENTED_EDGE('',*,*,#256,.F.);
#258=EDGE_LOOP('',(#257));
#259=FACE_BOUND('',#258,.T.);
#260=ORIENTED_EDGE('',*,*,#239,.T.);
#261=CARTESIAN_POINT('',(27.1859375,19.58578125,0.0079375));
#262=VERTEX_POINT('',#261);
#263=CARTESIAN_POINT('',(22.1059375,19.58578125,0.0079375));
#264=DIRECTION('',(1.,0.,-0.));
#265=VECTOR('',#264,5.08);
#266=LINE('',#263,#265);
#267=EDGE_CURVE('',#228,#262,#266,.T.);
#268=ORIENTED_EDGE('',*,*,#267,.T.);
#269=CARTESIAN_POINT('',(27.1859375,1.803988724,0.0079375));
#270=VERTEX_POINT('',#269);
#271=CARTESIAN_POINT('',(27.1859375,19.58578125,0.0079375));
#272=DIRECTION('',(0.,-1.,0.));
#273=VECTOR('',#272,17.781792526);
#274=LINE('',#271,#273);
#275=EDGE_CURVE('',#262,#270,#274,.T.);
#276=ORIENTED_EDGE('',*,*,#275,.T.);
#277=CARTESIAN_POINT('',(1.803988682,1.803988682,0.007907464));
#278=VERTEX_POINT('',#277);
#279=CARTESIAN_POINT('',(27.1859375,1.803988724,0.0079375));
#280=DIRECTION('',(-1.,-0.,0.));
#281=VECTOR('',#280,25.381948818);
#282=LINE('',#279,#281);
#283=EDGE_CURVE('',#270,#278,#282,.T.);
#284=ORIENTED_EDGE('',*,*,#283,.T.);
#285=CARTESIAN_POINT('',(1.80398869,24.62788631,0.007907463));
#286=VERTEX_POINT('',#285);
#287=CARTESIAN_POINT('',(1.803988724,1.803988682,0.0079375));
#288=DIRECTION('',(0.,1.,0.));
#289=VECTOR('',#288,22.823897629);
#290=LINE('',#287,#289);
#291=EDGE_CURVE('',#278,#286,#290,.T.);
#292=ORIENTED_EDGE('',*,*,#291,.T.);
#293=CARTESIAN_POINT('',(1.80398869,24.627886276,0.0079375));
#294=DIRECTION('',(1.,0.,-0.));
#295=VECTOR('',#294,20.30194881);
#296=LINE('',#293,#295);
#297=EDGE_CURVE('',#286,#203,#296,.T.);
#298=ORIENTED_EDGE('',*,*,#297,.T.);
#299=EDGE_LOOP('',(#260,#268,#276,#284,#292,#298));
#300=FACE_BOUND('',#299,.T.);
#301=ADVANCED_FACE('',(#259,#300),#248,.T.);
#302=CARTESIAN_POINT('',(27.1859375,3.0559375,-2.174875));
#303=DIRECTION('',(1.,0.,0.));
#304=DIRECTION('',(0.,0.,-1.));
#305=AXIS2_PLACEMENT_3D('',#302,#303,#304);
#306=PLANE('',#305);
#307=CARTESIAN_POINT('',(27.1859375,24.6459375,10.9299375));
#308=VERTEX_POINT('',#307);
#309=CARTESIAN_POINT('',(27.1859375,24.6459375,0.008028214));
#310=VERTEX_POINT('',#309);
#311=CARTESIAN_POINT('',(27.1859375,24.6459375,10.9299375));
#312=DIRECTION('',(0.,0.,-1.));
#313=VECTOR('',#312,10.921909286);
#314=LINE('',#311,#313);
#315=EDGE_CURVE('',#308,#310,#314,.T.);
#316=ORIENTED_EDGE('',*,*,#315,.T.);
#317=CARTESIAN_POINT('',(27.1859375,26.4239375,1.803988724));
#318=VERTEX_POINT('',#317);
#319=CARTESIAN_POINT('',(27.1859375,24.627886276,1.803988724));
#320=DIRECTION('',(-1.,0.,0.));
#321=DIRECTION('',(0.,0.,1.));
#322=AXIS2_PLACEMENT_3D('',#319,#320,#321);
#323=CIRCLE('',#322,1.796051224);
#324=EDGE_CURVE('',#318,#310,#323,.T.);
#325=ORIENTED_EDGE('',*,*,#324,.F.);
#326=CARTESIAN_POINT('',(27.1859375,26.4239375,10.911886276));
#327=VERTEX_POINT('',#326);
#328=CARTESIAN_POINT('',(27.1859375,26.4239375,1.803988724));
#329=DIRECTION('',(-0.,-0.,1.));
#330=VECTOR('',#329,9.107897552);
#331=LINE('',#328,#330);
#332=EDGE_CURVE('',#318,#327,#331,.T.);
#333=ORIENTED_EDGE('',*,*,#332,.T.);
#334=CARTESIAN_POINT('',(27.1859375,24.627886276,12.7079375));
#335=VERTEX_POINT('',#334);
#336=CARTESIAN_POINT('',(27.1859375,24.627886276,10.911886276));
#337=DIRECTION('',(-1.,0.,0.));
#338=DIRECTION('',(0.,0.,1.));
#339=AXIS2_PLACEMENT_3D('',#336,#337,#338);
#340=CIRCLE('',#339,1.796051224);
#341=EDGE_CURVE('',#335,#327,#340,.T.);
#342=ORIENTED_EDGE('',*,*,#341,.F.);
#343=CARTESIAN_POINT('',(27.1859375,1.803988724,12.7079375));
#344=VERTEX_POINT('',#343);
#345=CARTESIAN_POINT('',(27.1859375,1.803988724,12.7079375));
#346=DIRECTION('',(0.,1.,0.));
#347=VECTOR('',#346,22.823897552);
#348=LINE('',#345,#347);
#349=EDGE_CURVE('',#344,#335,#348,.T.);
#350=ORIENTED_EDGE('',*,*,#349,.F.);
#351=CARTESIAN_POINT('',(27.1859375,0.0079375,10.911886276));
#352=VERTEX_POINT('',#351);
#353=CARTESIAN_POINT('',(27.1859375,1.803988724,10.911886276));
#354=DIRECTION('',(-1.,-0.,-0.));
#355=DIRECTION('',(0.,0.,-1.));
#356=AXIS2_PLACEMENT_3D('',#353,#354,#355);
#357=CIRCLE('',#356,1.796051224);
#358=EDGE_CURVE('',#352,#344,#357,.T.);
#359=ORIENTED_EDGE('',*,*,#358,.F.);
#360=CARTESIAN_POINT('',(27.1859375,0.0079375,1.803988724));
#361=VERTEX_POINT('',#360);
#362=CARTESIAN_POINT('',(27.1859375,0.0079375,1.803988724));
#363=DIRECTION('',(0.,0.,1.));
#364=VECTOR('',#363,9.107897552);
#365=LINE('',#362,#364);
#366=EDGE_CURVE('',#361,#352,#365,.T.);
#367=ORIENTED_EDGE('',*,*,#366,.F.);
#368=CARTESIAN_POINT('',(27.1859375,1.803988724,1.803988724));
#369=DIRECTION('',(-1.,-0.,-0.));
#370=DIRECTION('',(0.,0.,-1.));
#371=AXIS2_PLACEMENT_3D('',#368,#369,#370);
#372=CIRCLE('',#371,1.796051224);
#373=EDGE_CURVE('',#270,#361,#372,.T.);
#374=ORIENTED_EDGE('',*,*,#373,.F.);
#375=ORIENTED_EDGE('',*,*,#275,.F.);
#376=CARTESIAN_POINT('',(27.1859375,19.58578125,1.7859375));
#377=VERTEX_POINT('',#376);
#378=CARTESIAN_POINT('',(27.1859375,19.58578125,1.7859375));
#379=DIRECTION('',(0.,0.,-1.));
#380=VECTOR('',#379,1.778);
#381=LINE('',#378,#380);
#382=EDGE_CURVE('',#377,#262,#381,.T.);
#383=ORIENTED_EDGE('',*,*,#382,.F.);
#384=CARTESIAN_POINT('',(27.1859375,1.7859375,1.7859375));
#385=VERTEX_POINT('',#384);
#386=CARTESIAN_POINT('',(27.1859375,19.58578125,1.7859375));
#387=DIRECTION('',(-0.,-1.,-0.));
#388=VECTOR('',#387,17.79984375);
#389=LINE('',#386,#388);
#390=EDGE_CURVE('',#377,#385,#389,.T.);
#391=ORIENTED_EDGE('',*,*,#390,.T.);
#392=CARTESIAN_POINT('',(27.1859375,1.7859375,10.9299375));
#393=VERTEX_POINT('',#392);
#394=CARTESIAN_POINT('',(27.1859375,1.7859375,1.7859375));
#395=DIRECTION('',(-0.,-0.,1.));
#396=VECTOR('',#395,9.144);
#397=LINE('',#394,#396);
#398=EDGE_CURVE('',#385,#393,#397,.T.);
#399=ORIENTED_EDGE('',*,*,#398,.T.);
#400=CARTESIAN_POINT('',(27.1859375,24.6459375,10.9299375));
#401=DIRECTION('',(-0.,-1.,-0.));
#402=VECTOR('',#401,22.86);
#403=LINE('',#400,#402);
#404=EDGE_CURVE('',#308,#393,#403,.T.);
#405=ORIENTED_EDGE('',*,*,#404,.F.);
#406=EDGE_LOOP('',(#316,#325,#333,#342,#350,#359,#367,#374,#375,#383,#391,#399,#405));
#407=FACE_BOUND('',#406,.T.);
#408=ADVANCED_FACE('',(#407),#306,.T.);
#409=CARTESIAN_POINT('',(1.7859375,1.7859375,1.7859375));
#410=DIRECTION('',(-1.,0.,0.));
#411=DIRECTION('',(0.,-1.,0.));
#412=AXIS2_PLACEMENT_3D('',#409,#410,#411);
#413=PLANE('',#412);
#414=CARTESIAN_POINT('',(1.7859375,1.7859375,1.7859375));
#415=VERTEX_POINT('',#414);
#416=CARTESIAN_POINT('',(1.7859375,24.6459375,1.7859375));
#417=VERTEX_POINT('',#416);
#418=CARTESIAN_POINT('',(1.7859375,1.7859375,1.7859375));
#419=DIRECTION('',(-0.,1.,-0.));
#420=VECTOR('',#419,22.86);
#421=LINE('',#418,#420);
#422=EDGE_CURVE('',#415,#417,#421,.T.);
#423=ORIENTED_EDGE('',*,*,#422,.T.);
#424=CARTESIAN_POINT('',(1.7859375,24.6459375,10.9299375));
#425=VERTEX_POINT('',#424);
#426=CARTESIAN_POINT('',(1.7859375,24.6459375,1.7859375));
#427=DIRECTION('',(0.,0.,1.));
#428=VECTOR('',#427,9.144);
#429=LINE('',#426,#428);
#430=EDGE_CURVE('',#417,#425,#429,.T.);
#431=ORIENTED_EDGE('',*,*,#430,.T.);
#432=CARTESIAN_POINT('',(1.7859375,1.7859375,10.9299375));
#433=VERTEX_POINT('',#432);
#434=CARTESIAN_POINT('',(1.7859375,1.7859375,10.9299375));
#435=DIRECTION('',(0.,1.,0.));
#436=VECTOR('',#435,22.86);
#437=LINE('',#434,#436);
#438=EDGE_CURVE('',#433,#425,#437,.T.);
#439=ORIENTED_EDGE('',*,*,#438,.F.);
#440=CARTESIAN_POINT('',(1.7859375,1.7859375,10.9299375));
#441=DIRECTION('',(-0.,-0.,-1.));
#442=VECTOR('',#441,9.144);
#443=LINE('',#440,#442);
#444=EDGE_CURVE('',#433,#415,#443,.T.);
#445=ORIENTED_EDGE('',*,*,#444,.T.);
#446=EDGE_LOOP('',(#423,#431,#439,#445));
#447=FACE_BOUND('',#446,.T.);
#448=ADVANCED_FACE('',(#447),#413,.F.);
#449=CARTESIAN_POINT('',(0.0079375,1.7859375,1.7859375));
#450=DIRECTION('',(-1.,0.,0.));
#451=DIRECTION('',(0.,-1.,0.));
#452=AXIS2_PLACEMENT_3D('',#449,#450,#451);
#453=PLANE('',#452);
#454=CARTESIAN_POINT('',(0.00790663,24.627888217,10.911886733));
#455=VERTEX_POINT('',#454);
#456=CARTESIAN_POINT('',(0.007909266,24.627886298,1.803988681));
#457=VERTEX_POINT('',#456);
#458=CARTESIAN_POINT('',(0.0079375,24.627886276,10.911886733));
#459=DIRECTION('',(-0.,-0.,-1.));
#460=VECTOR('',#459,9.107898052);
#461=LINE('',#458,#460);
#462=EDGE_CURVE('',#455,#457,#461,.T.);
#463=ORIENTED_EDGE('',*,*,#462,.T.);
#464=CARTESIAN_POINT('',(0.007920155,1.803988718,1.803988706));
#465=VERTEX_POINT('',#464);
#466=CARTESIAN_POINT('',(0.0079375,24.627886298,1.803988724));
#467=DIRECTION('',(-0.,-1.,-0.));
#468=VECTOR('',#467,22.82389758);
#469=LINE('',#466,#468);
#470=EDGE_CURVE('',#457,#465,#469,.T.);
#471=ORIENTED_EDGE('',*,*,#470,.T.);
#472=CARTESIAN_POINT('',(0.007918538,1.803988719,10.911886293));
#473=VERTEX_POINT('',#472);
#474=CARTESIAN_POINT('',(0.0079375,1.803988724,1.803988706));
#475=DIRECTION('',(0.,0.,1.));
#476=VECTOR('',#475,9.107897587);
#477=LINE('',#474,#476);
#478=EDGE_CURVE('',#465,#473,#477,.T.);
#479=ORIENTED_EDGE('',*,*,#478,.T.);
#480=CARTESIAN_POINT('',(0.0079375,1.803988724,10.911886276));
#481=DIRECTION('',(-0.,1.,-0.));
#482=VECTOR('',#481,22.823897552);
#483=LINE('',#480,#482);
#484=EDGE_CURVE('',#473,#455,#483,.T.);
#485=ORIENTED_EDGE('',*,*,#484,.T.);
#486=EDGE_LOOP('',(#463,#471,#479,#485));
#487=FACE_BOUND('',#486,.T.);
#488=ADVANCED_FACE('',(#487),#453,.T.);
#489=CARTESIAN_POINT('',(24.6459375,4.3259375,-12.6920625));
#490=DIRECTION('',(0.,0.,1.));
#491=DIRECTION('',(1.,0.,-0.));
#492=AXIS2_PLACEMENT_3D('',#489,#490,#491);
#493=CYLINDRICAL_SURFACE('',#492,1.27);
#494=CARTESIAN_POINT('',(25.9159375,4.3259375,1.786433594));
#495=VERTEX_POINT('',#494);
#496=CARTESIAN_POINT('',(25.9159375,4.3259375,0.007441406));
#497=VERTEX_POINT('',#496);
#498=CARTESIAN_POINT('',(25.9159375,4.3259375,1.786433594));
#499=DIRECTION('',(-0.,-0.,-1.));
#500=VECTOR('',#499,1.778992188);
#501=LINE('',#498,#500);
#502=EDGE_CURVE('',#495,#497,#501,.T.);
#503=ORIENTED_EDGE('',*,*,#502,.F.);
#504=CARTESIAN_POINT('',(24.6459375,4.3259375,1.786433594));
#505=DIRECTION('',(-0.,-0.,-1.));
#506=DIRECTION('',(1.,0.,-0.));
#507=AXIS2_PLACEMENT_3D('',#504,#505,#506);
#508=CIRCLE('',#507,1.27);
#509=EDGE_CURVE('',#495,#495,#508,.T.);
#510=ORIENTED_EDGE('',*,*,#509,.F.);
#511=ORIENTED_EDGE('',*,*,#502,.T.);
#512=CARTESIAN_POINT('',(23.3759375,4.3259375,0.007441406));
#513=VERTEX_POINT('',#512);
#514=CARTESIAN_POINT('',(24.6459375,4.3259375,0.007441406));
#515=DIRECTION('',(0.,0.,-1.));
#516=DIRECTION('',(-1.,0.,0.));
#517=AXIS2_PLACEMENT_3D('',#514,#515,#516);
#518=CIRCLE('',#517,1.27);
#519=EDGE_CURVE('',#497,#513,#518,.T.);
#520=ORIENTED_EDGE('',*,*,#519,.T.);
#521=CARTESIAN_POINT('',(24.6459375,4.3259375,0.007441406));
#522=DIRECTION('',(0.,0.,-1.));
#523=DIRECTION('',(-1.,0.,0.));
#524=AXIS2_PLACEMENT_3D('',#521,#522,#523);
#525=CIRCLE('',#524,1.27);
#526=EDGE_CURVE('',#513,#497,#525,.T.);
#527=ORIENTED_EDGE('',*,*,#526,.T.);
#528=EDGE_LOOP('',(#503,#510,#511,#520,#527));
#529=FACE_BOUND('',#528,.T.);
#530=ADVANCED_FACE('',(#529),#493,.F.);
#531=CARTESIAN_POINT('',(24.6459375,4.3259375,-12.6920625));
#532=DIRECTION('',(0.,0.,1.));
#533=DIRECTION('',(1.,0.,-0.));
#534=AXIS2_PLACEMENT_3D('',#531,#532,#533);
#535=CYLINDRICAL_SURFACE('',#534,1.27);
#536=CARTESIAN_POINT('',(25.9159375,4.3259375,12.1999375));
#537=VERTEX_POINT('',#536);
#538=CARTESIAN_POINT('',(25.9159375,4.3259375,10.9299375));
#539=VERTEX_POINT('',#538);
#540=CARTESIAN_POINT('',(25.9159375,4.3259375,12.1999375));
#541=DIRECTION('',(-0.,-0.,-1.));
#542=VECTOR('',#541,1.27);
#543=LINE('',#540,#542);
#544=EDGE_CURVE('',#537,#539,#543,.T.);
#545=ORIENTED_EDGE('',*,*,#544,.F.);
#546=CARTESIAN_POINT('',(24.6459375,4.3259375,12.1999375));
#547=DIRECTION('',(0.,0.,1.));
#548=DIRECTION('',(1.,0.,-0.));
#549=AXIS2_PLACEMENT_3D('',#546,#547,#548);
#550=CIRCLE('',#549,1.27);
#551=EDGE_CURVE('',#537,#537,#550,.T.);
#552=ORIENTED_EDGE('',*,*,#551,.T.);
#553=ORIENTED_EDGE('',*,*,#544,.T.);
#554=CARTESIAN_POINT('',(24.6459375,4.3259375,10.9299375));
#555=DIRECTION('',(-0.,-0.,-1.));
#556=DIRECTION('',(1.,0.,-0.));
#557=AXIS2_PLACEMENT_3D('',#554,#555,#556);
#558=CIRCLE('',#557,1.27);
#559=EDGE_CURVE('',#539,#539,#558,.T.);
#560=ORIENTED_EDGE('',*,*,#559,.T.);
#561=EDGE_LOOP('',(#545,#552,#553,#560));
#562=FACE_BOUND('',#561,.T.);
#563=ADVANCED_FACE('',(#562),#535,.F.);
#564=CARTESIAN_POINT('',(24.6459375,22.1059375,-4.3576875));
#565=DIRECTION('',(0.,0.,1.));
#566=DIRECTION('',(1.,0.,-0.));
#567=AXIS2_PLACEMENT_3D('',#564,#565,#566);
#568=CYLINDRICAL_SURFACE('',#567,1.27);
#569=CARTESIAN_POINT('',(25.9159375,22.1059375,12.1999375));
#570=VERTEX_POINT('',#569);
#571=CARTESIAN_POINT('',(25.9159375,22.1059375,10.9299375));
#572=VERTEX_POINT('',#571);
#573=CARTESIAN_POINT('',(25.9159375,22.1059375,12.1999375));
#574=DIRECTION('',(-0.,-0.,-1.));
#575=VECTOR('',#574,1.27);
#576=LINE('',#573,#575);
#577=EDGE_CURVE('',#570,#572,#576,.T.);
#578=ORIENTED_EDGE('',*,*,#577,.F.);
#579=CARTESIAN_POINT('',(24.6459375,22.1059375,12.1999375));
#580=DIRECTION('',(0.,0.,1.));
#581=DIRECTION('',(1.,0.,-0.));
#582=AXIS2_PLACEMENT_3D('',#579,#580,#581);
#583=CIRCLE('',#582,1.27);
#584=EDGE_CURVE('',#570,#570,#583,.T.);
#585=ORIENTED_EDGE('',*,*,#584,.T.);
#586=ORIENTED_EDGE('',*,*,#577,.T.);
#587=CARTESIAN_POINT('',(24.6459375,22.1059375,10.9299375));
#588=DIRECTION('',(-0.,-0.,-1.));
#589=DIRECTION('',(1.,0.,-0.));
#590=AXIS2_PLACEMENT_3D('',#587,#588,#589);
#591=CIRCLE('',#590,1.27);
#592=EDGE_CURVE('',#572,#572,#591,.T.);
#593=ORIENTED_EDGE('',*,*,#592,.T.);
#594=EDGE_LOOP('',(#578,#585,#586,#593));
#595=FACE_BOUND('',#594,.T.);
#596=ADVANCED_FACE('',(#595),#568,.F.);
#597=CARTESIAN_POINT('',(1.7859375,1.7859375,12.7079375));
#598=DIRECTION('',(0.,0.,1.));
#599=DIRECTION('',(0.,1.,0.));
#600=AXIS2_PLACEMENT_3D('',#597,#598,#599);
#601=PLANE('',#600);
#602=CARTESIAN_POINT('',(26.7414375,4.3259375,12.7079375));
#603=VERTEX_POINT('',#602);
#604=CARTESIAN_POINT('',(24.6459375,4.3259375,12.7079375));
#605=DIRECTION('',(0.,0.,1.));
#606=DIRECTION('',(1.,0.,-0.));
#607=AXIS2_PLACEMENT_3D('',#604,#605,#606);
#608=CIRCLE('',#607,2.0955);
#609=EDGE_CURVE('',#603,#603,#608,.T.);
#610=ORIENTED_EDGE('',*,*,#609,.F.);
#611=EDGE_LOOP('',(#610));
#612=FACE_BOUND('',#611,.T.);
#613=CARTESIAN_POINT('',(26.7414375,22.1059375,12.7079375));
#614=VERTEX_POINT('',#613);
#615=CARTESIAN_POINT('',(24.6459375,22.1059375,12.7079375));
#616=DIRECTION('',(0.,0.,1.));
#617=DIRECTION('',(1.,0.,-0.));
#618=AXIS2_PLACEMENT_3D('',#615,#616,#617);
#619=CIRCLE('',#618,2.0955);
#620=EDGE_CURVE('',#614,#614,#619,.T.);
#621=ORIENTED_EDGE('',*,*,#620,.F.);
#622=EDGE_LOOP('',(#621));
#623=FACE_BOUND('',#622,.T.);
#624=CARTESIAN_POINT('',(1.803969917,1.803969664,12.707950554));
#625=VERTEX_POINT('',#624);
#626=CARTESIAN_POINT('',(1.803988724,1.803988724,12.7079375));
#627=DIRECTION('',(1.,-0.,-0.));
#628=VECTOR('',#627,25.381948776);
#629=LINE('',#626,#628);
#630=EDGE_CURVE('',#625,#344,#629,.T.);
#631=ORIENTED_EDGE('',*,*,#630,.T.);
#632=ORIENTED_EDGE('',*,*,#349,.T.);
#633=CARTESIAN_POINT('',(1.803988974,24.628145229,12.707950509));
#634=VERTEX_POINT('',#633);
#635=CARTESIAN_POINT('',(27.1859375,24.627886276,12.7079375));
#636=DIRECTION('',(-1.,0.000013603,0.));
#637=VECTOR('',#636,25.381948527);
#638=LINE('',#635,#637);
#639=EDGE_CURVE('',#335,#634,#638,.T.);
#640=ORIENTED_EDGE('',*,*,#639,.T.);
#641=CARTESIAN_POINT('',(1.803989065,24.628231546,12.7079375));
#642=DIRECTION('',(-0.,-1.,-0.));
#643=VECTOR('',#642,22.824242822);
#644=LINE('',#641,#643);
#645=EDGE_CURVE('',#634,#625,#644,.T.);
#646=ORIENTED_EDGE('',*,*,#645,.T.);
#647=EDGE_LOOP('',(#631,#632,#640,#646));
#648=FACE_BOUND('',#647,.T.);
#649=CARTESIAN_POINT('',(9.5964375,2.8654375,12.7079375));
#650=VERTEX_POINT('',#649);
#651=CARTESIAN_POINT('',(3.2464375,9.2154375,12.7079375));
#652=VERTEX_POINT('',#651);
#653=CARTESIAN_POINT('',(9.5964375,2.8654375,12.7079375));
#654=DIRECTION('',(-0.707106781,0.707106781,0.));
#655=VECTOR('',#654,8.980256121);
#656=LINE('',#653,#655);
#657=EDGE_CURVE('',#650,#652,#656,.T.);
#658=ORIENTED_EDGE('',*,*,#657,.T.);
#659=CARTESIAN_POINT('',(9.5964375,9.2154375,12.7079375));
#660=VERTEX_POINT('',#659);
#661=CARTESIAN_POINT('',(9.5964375,9.2154375,12.7079375));
#662=DIRECTION('',(-1.,-0.,0.));
#663=VECTOR('',#662,6.35);
#664=LINE('',#661,#663);
#665=EDGE_CURVE('',#660,#652,#664,.T.);
#666=ORIENTED_EDGE('',*,*,#665,.F.);
#667=CARTESIAN_POINT('',(9.5964375,17.2164375,12.7079375));
#668=VERTEX_POINT('',#667);
#669=CARTESIAN_POINT('',(9.5964375,9.2154375,12.7079375));
#670=DIRECTION('',(0.,1.,0.));
#671=VECTOR('',#670,8.001);
#672=LINE('',#669,#671);
#673=EDGE_CURVE('',#660,#668,#672,.T.);
#674=ORIENTED_EDGE('',*,*,#673,.T.);
#675=CARTESIAN_POINT('',(3.2464375,17.2164375,12.7079375));
#676=VERTEX_POINT('',#675);
#677=CARTESIAN_POINT('',(9.5964375,17.2164375,12.7079375));
#678=DIRECTION('',(-1.,0.,0.));
#679=VECTOR('',#678,6.35);
#680=LINE('',#677,#679);
#681=EDGE_CURVE('',#668,#676,#680,.T.);
#682=ORIENTED_EDGE('',*,*,#681,.T.);
#683=CARTESIAN_POINT('',(9.5964375,23.5664375,12.7079375));
#684=VERTEX_POINT('',#683);
#685=CARTESIAN_POINT('',(3.2464375,17.2164375,12.7079375));
#686=DIRECTION('',(0.707106781,0.707106781,0.));
#687=VECTOR('',#686,8.980256121);
#688=LINE('',#685,#687);
#689=EDGE_CURVE('',#676,#684,#688,.T.);
#690=ORIENTED_EDGE('',*,*,#689,.T.);
#691=CARTESIAN_POINT('',(9.5964375,17.2164375,12.7079375));
#692=DIRECTION('',(0.,1.,0.));
#693=VECTOR('',#692,6.35);
#694=LINE('',#691,#693);
#695=EDGE_CURVE('',#668,#684,#694,.T.);
#696=ORIENTED_EDGE('',*,*,#695,.F.);
#697=CARTESIAN_POINT('',(17.600582272,17.216437493,12.7079375));
#698=VERTEX_POINT('',#697);
#699=CARTESIAN_POINT('',(9.5964375,17.2164375,12.7079375));
#700=DIRECTION('',(1.,-0.,-0.));
#701=VECTOR('',#700,8.004144772);
#702=LINE('',#699,#701);
#703=EDGE_CURVE('',#668,#698,#702,.T.);
#704=ORIENTED_EDGE('',*,*,#703,.T.);
#705=CARTESIAN_POINT('',(17.600582272,23.5664375,12.7079375));
#706=VERTEX_POINT('',#705);
#707=CARTESIAN_POINT('',(17.600582272,17.216437493,12.7079375));
#708=DIRECTION('',(0.,1.,0.));
#709=VECTOR('',#708,6.350000007);
#710=LINE('',#707,#709);
#711=EDGE_CURVE('',#698,#706,#710,.T.);
#712=ORIENTED_EDGE('',*,*,#711,.T.);
#713=CARTESIAN_POINT('',(23.950582272,17.2164375,12.7079375));
#714=VERTEX_POINT('',#713);
#715=CARTESIAN_POINT('',(17.600582272,23.5664375,12.7079375));
#716=DIRECTION('',(0.707106781,-0.707106781,0.));
#717=VECTOR('',#716,8.980256121);
#718=LINE('',#715,#717);
#719=EDGE_CURVE('',#706,#714,#718,.T.);
#720=ORIENTED_EDGE('',*,*,#719,.T.);
#721=CARTESIAN_POINT('',(17.600582272,17.2164375,12.7079375));
#722=DIRECTION('',(1.,-0.,-0.));
#723=VECTOR('',#722,6.35);
#724=LINE('',#721,#723);
#725=EDGE_CURVE('',#698,#714,#724,.T.);
#726=ORIENTED_EDGE('',*,*,#725,.F.);
#727=CARTESIAN_POINT('',(17.5974375,9.2154375,12.7079375));
#728=VERTEX_POINT('',#727);
#729=CARTESIAN_POINT('',(17.600582272,17.216437493,12.7079375));
#730=DIRECTION('',(-0.000393047,-0.999999923,0.));
#731=VECTOR('',#730,8.001000611);
#732=LINE('',#729,#731);
#733=EDGE_CURVE('',#698,#728,#732,.T.);
#734=ORIENTED_EDGE('',*,*,#733,.T.);
#735=CARTESIAN_POINT('',(23.947437009,9.212941649,12.7079375));
#736=VERTEX_POINT('',#735);
#737=CARTESIAN_POINT('',(17.5974375,9.2154375,12.7079375));
#738=DIRECTION('',(0.999999923,-0.000393047,0.));
#739=VECTOR('',#738,6.349999999);
#740=LINE('',#737,#739);
#741=EDGE_CURVE('',#728,#736,#740,.T.);
#742=ORIENTED_EDGE('',*,*,#741,.T.);
#743=CARTESIAN_POINT('',(17.594941651,2.865437993,12.7079375));
#744=VERTEX_POINT('',#743);
#745=CARTESIAN_POINT('',(23.947437009,9.212941649,12.7079375));
#746=DIRECTION('',(-0.707384653,-0.7068288,0.));
#747=VECTOR('',#746,8.980256117);
#748=LINE('',#745,#747);
#749=EDGE_CURVE('',#736,#744,#748,.T.);
#750=ORIENTED_EDGE('',*,*,#749,.T.);
#751=CARTESIAN_POINT('',(17.597437499,9.2154375,12.7079375));
#752=DIRECTION('',(-0.000393047,-0.999999923,-0.));
#753=VECTOR('',#752,6.349999997);
#754=LINE('',#751,#753);
#755=EDGE_CURVE('',#728,#744,#754,.T.);
#756=ORIENTED_EDGE('',*,*,#755,.F.);
#757=CARTESIAN_POINT('',(17.5974375,9.2154375,12.7079375));
#758=DIRECTION('',(-1.,0.,0.));
#759=VECTOR('',#758,8.001);
#760=LINE('',#757,#759);
#761=EDGE_CURVE('',#728,#660,#760,.T.);
#762=ORIENTED_EDGE('',*,*,#761,.T.);
#763=CARTESIAN_POINT('',(9.5964375,9.2154375,12.7079375));
#764=DIRECTION('',(-0.,-1.,-0.));
#765=VECTOR('',#764,6.35);
#766=LINE('',#763,#765);
#767=EDGE_CURVE('',#660,#650,#766,.T.);
#768=ORIENTED_EDGE('',*,*,#767,.T.);
#769=EDGE_LOOP('',(#658,#666,#674,#682,#690,#696,#704,#712,#720,#726,#734,#742,#750,#756,#762,#768));
#770=FACE_BOUND('',#769,.T.);
#771=ADVANCED_FACE('',(#612,#623,#648,#770),#601,.T.);
#772=CARTESIAN_POINT('',(0.5953125,13.2159375,10.9299375));
#773=DIRECTION('',(0.,0.,-1.));
#774=DIRECTION('',(0.,1.,0.));
#775=AXIS2_PLACEMENT_3D('',#772,#773,#774);
#776=PLANE('',#775);
#777=ORIENTED_EDGE('',*,*,#404,.T.);
#778=CARTESIAN_POINT('',(1.7859375,1.7859375,10.9299375));
#779=DIRECTION('',(1.,0.,-0.));
#780=VECTOR('',#779,25.4);
#781=LINE('',#778,#780);
#782=EDGE_CURVE('',#433,#393,#781,.T.);
#783=ORIENTED_EDGE('',*,*,#782,.F.);
#784=ORIENTED_EDGE('',*,*,#438,.T.);
#785=CARTESIAN_POINT('',(1.7859375,24.6459375,10.9299375));
#786=DIRECTION('',(1.,0.,-0.));
#787=VECTOR('',#786,25.4);
#788=LINE('',#785,#787);
#789=EDGE_CURVE('',#425,#308,#788,.T.);
#790=ORIENTED_EDGE('',*,*,#789,.T.);
#791=EDGE_LOOP('',(#777,#783,#784,#790));
#792=FACE_BOUND('',#791,.T.);
#793=ORIENTED_EDGE('',*,*,#592,.F.);
#794=EDGE_LOOP('',(#793));
#795=FACE_BOUND('',#794,.T.);
#796=ORIENTED_EDGE('',*,*,#559,.F.);
#797=EDGE_LOOP('',(#796));
#798=FACE_BOUND('',#797,.T.);
#799=CARTESIAN_POINT('',(17.597437501,9.2154375,10.9299375));
#800=VERTEX_POINT('',#799);
#801=CARTESIAN_POINT('',(17.600582272,17.2164375,10.9299375));
#802=VERTEX_POINT('',#801);
#803=CARTESIAN_POINT('',(17.5974375,9.2154375,10.9299375));
#804=DIRECTION('',(0.000393047,0.999999923,0.));
#805=VECTOR('',#804,8.001000618);
#806=LINE('',#803,#805);
#807=EDGE_CURVE('',#800,#802,#806,.T.);
#808=ORIENTED_EDGE('',*,*,#807,.T.);
#809=CARTESIAN_POINT('',(9.5964375,17.2164375,10.9299375));
#810=VERTEX_POINT('',#809);
#811=CARTESIAN_POINT('',(17.600582272,17.2164375,10.9299375));
#812=DIRECTION('',(-1.,-0.,0.));
#813=VECTOR('',#812,8.004144772);
#814=LINE('',#811,#813);
#815=EDGE_CURVE('',#802,#810,#814,.T.);
#816=ORIENTED_EDGE('',*,*,#815,.T.);
#817=CARTESIAN_POINT('',(9.5964375,9.2154375,10.9299375));
#818=VERTEX_POINT('',#817);
#819=CARTESIAN_POINT('',(9.5964375,17.2164375,10.9299375));
#820=DIRECTION('',(-0.,-1.,-0.));
#821=VECTOR('',#820,8.001);
#822=LINE('',#819,#821);
#823=EDGE_CURVE('',#810,#818,#822,.T.);
#824=ORIENTED_EDGE('',*,*,#823,.T.);
#825=CARTESIAN_POINT('',(9.5964375,9.2154375,10.9299375));
#826=DIRECTION('',(1.,0.,-0.));
#827=VECTOR('',#826,8.001000001);
#828=LINE('',#825,#827);
#829=EDGE_CURVE('',#818,#800,#828,.T.);
#830=ORIENTED_EDGE('',*,*,#829,.T.);
#831=EDGE_LOOP('',(#808,#816,#824,#830));
#832=FACE_BOUND('',#831,.T.);
#833=ADVANCED_FACE('',(#792,#795,#798,#832),#776,.T.);
#834=CARTESIAN_POINT('',(1.7859375,0.0079375,1.7859375));
#835=DIRECTION('',(0.,-1.,0.));
#836=DIRECTION('',(1.,0.,0.));
#837=AXIS2_PLACEMENT_3D('',#834,#835,#836);
#838=PLANE('',#837);
#839=CARTESIAN_POINT('',(1.803988251,0.007909266,1.803988681));
#840=VERTEX_POINT('',#839);
#841=CARTESIAN_POINT('',(1.803988251,0.0079375,1.803988724));
#842=DIRECTION('',(1.,0.,-0.));
#843=VECTOR('',#842,25.381949249);
#844=LINE('',#841,#843);
#845=EDGE_CURVE('',#840,#361,#844,.T.);
#846=ORIENTED_EDGE('',*,*,#845,.T.);
#847=ORIENTED_EDGE('',*,*,#366,.T.);
#848=CARTESIAN_POINT('',(1.803986338,0.00790663,10.911887));
#849=VERTEX_POINT('',#848);
#850=CARTESIAN_POINT('',(27.1859375,0.0079375,10.911886276));
#851=DIRECTION('',(-1.,-0.,0.));
#852=VECTOR('',#851,25.381951162);
#853=LINE('',#850,#852);
#854=EDGE_CURVE('',#352,#849,#853,.T.);
#855=ORIENTED_EDGE('',*,*,#854,.T.);
#856=CARTESIAN_POINT('',(1.80398683,0.0079375,10.911886921));
#857=DIRECTION('',(-0.,-0.,-1.));
#858=VECTOR('',#857,9.107898197);
#859=LINE('',#856,#858);
#860=EDGE_CURVE('',#849,#840,#859,.T.);
#861=ORIENTED_EDGE('',*,*,#860,.T.);
#862=EDGE_LOOP('',(#846,#847,#855,#861));
#863=FACE_BOUND('',#862,.T.);
#864=ADVANCED_FACE('',(#863),#838,.T.);
#865=CARTESIAN_POINT('',(0.5953125,24.6459375,2.8019375));
#866=DIRECTION('',(0.,1.,0.));
#867=DIRECTION('',(0.,0.,1.));
#868=AXIS2_PLACEMENT_3D('',#865,#866,#867);
#869=PLANE('',#868);
#870=ORIENTED_EDGE('',*,*,#217,.F.);
#871=CARTESIAN_POINT('',(22.1059375,24.6459375,0.008028214));
#872=DIRECTION('',(1.,-0.,-0.));
#873=VECTOR('',#872,5.08);
#874=LINE('',#871,#873);
#875=EDGE_CURVE('',#201,#310,#874,.T.);
#876=ORIENTED_EDGE('',*,*,#875,.T.);
#877=ORIENTED_EDGE('',*,*,#315,.F.);
#878=ORIENTED_EDGE('',*,*,#789,.F.);
#879=ORIENTED_EDGE('',*,*,#430,.F.);
#880=CARTESIAN_POINT('',(1.7859375,24.6459375,1.7859375));
#881=DIRECTION('',(1.,0.,-0.));
#882=VECTOR('',#881,20.32);
#883=LINE('',#880,#882);
#884=EDGE_CURVE('',#417,#212,#883,.T.);
#885=ORIENTED_EDGE('',*,*,#884,.T.);
#886=EDGE_LOOP('',(#870,#876,#877,#878,#879,#885));
#887=FACE_BOUND('',#886,.T.);
#888=ADVANCED_FACE('',(#887),#869,.F.);
#889=CARTESIAN_POINT('',(0.5953125,1.7859375,2.8019375));
#890=DIRECTION('',(0.,-1.,0.));
#891=DIRECTION('',(0.,0.,-1.));
#892=AXIS2_PLACEMENT_3D('',#889,#890,#891);
#893=PLANE('',#892);
#894=CARTESIAN_POINT('',(14.4859375,1.7859375,5.509713112));
#895=VERTEX_POINT('',#894);
#896=CARTESIAN_POINT('',(14.4859375,1.7859375,3.8179375));
#897=VERTEX_POINT('',#896);
#898=CARTESIAN_POINT('',(14.4859375,1.7859375,5.509713112));
#899=DIRECTION('',(-0.,-0.,-1.));
#900=VECTOR('',#899,1.691775612);
#901=LINE('',#898,#900);
#902=EDGE_CURVE('',#895,#897,#901,.T.);
#903=ORIENTED_EDGE('',*,*,#902,.F.);
#904=CARTESIAN_POINT('',(7.2469375,1.7859375,5.509713112));
#905=VERTEX_POINT('',#904);
#906=CARTESIAN_POINT('',(14.4859375,1.7859375,5.509713112));
#907=DIRECTION('',(-1.,0.,0.));
#908=VECTOR('',#907,7.239);
#909=LINE('',#906,#908);
#910=EDGE_CURVE('',#895,#905,#909,.T.);
#911=ORIENTED_EDGE('',*,*,#910,.T.);
#912=CARTESIAN_POINT('',(7.2469375,1.7859375,3.8179375));
#913=VERTEX_POINT('',#912);
#914=CARTESIAN_POINT('',(7.2469375,1.7859375,5.509713112));
#915=DIRECTION('',(0.,0.,-1.));
#916=VECTOR('',#915,1.691775612);
#917=LINE('',#914,#916);
#918=EDGE_CURVE('',#905,#913,#917,.T.);
#919=ORIENTED_EDGE('',*,*,#918,.T.);
#920=CARTESIAN_POINT('',(7.2469375,1.7859375,3.8179375));
#921=DIRECTION('',(1.,0.,-0.));
#922=VECTOR('',#921,7.239);
#923=LINE('',#920,#922);
#924=EDGE_CURVE('',#913,#897,#923,.T.);
#925=ORIENTED_EDGE('',*,*,#924,.T.);
#926=EDGE_LOOP('',(#903,#911,#919,#925));
#927=FACE_BOUND('',#926,.T.);
#928=ORIENTED_EDGE('',*,*,#398,.F.);
#929=CARTESIAN_POINT('',(1.7859375,1.7859375,1.7859375));
#930=DIRECTION('',(1.,-0.,-0.));
#931=VECTOR('',#930,25.4);
#932=LINE('',#929,#931);
#933=EDGE_CURVE('',#415,#385,#932,.T.);
#934=ORIENTED_EDGE('',*,*,#933,.F.);
#935=ORIENTED_EDGE('',*,*,#444,.F.);
#936=ORIENTED_EDGE('',*,*,#782,.T.);
#937=EDGE_LOOP('',(#928,#934,#935,#936));
#938=FACE_BOUND('',#937,.T.);
#939=ADVANCED_FACE('',(#927,#938),#893,.F.);
#940=CARTESIAN_POINT('',(0.5953125,13.2159375,1.7859375));
#941=DIRECTION('',(0.,0.,-1.));
#942=DIRECTION('',(-1.,0.,0.));
#943=AXIS2_PLACEMENT_3D('',#940,#941,#942);
#944=PLANE('',#943);
#945=ORIENTED_EDGE('',*,*,#225,.T.);
#946=ORIENTED_EDGE('',*,*,#884,.F.);
#947=ORIENTED_EDGE('',*,*,#422,.F.);
#948=ORIENTED_EDGE('',*,*,#933,.T.);
#949=ORIENTED_EDGE('',*,*,#390,.F.);
#950=CARTESIAN_POINT('',(22.1059375,19.58578125,1.7859375));
#951=DIRECTION('',(1.,0.,-0.));
#952=VECTOR('',#951,5.08);
#953=LINE('',#950,#952);
#954=EDGE_CURVE('',#220,#377,#953,.T.);
#955=ORIENTED_EDGE('',*,*,#954,.F.);
#956=EDGE_LOOP('',(#945,#946,#947,#948,#949,#955));
#957=FACE_BOUND('',#956,.T.);
#958=CARTESIAN_POINT('',(26.7414375,4.3259375,1.7859375));
#959=VERTEX_POINT('',#958);
#960=CARTESIAN_POINT('',(24.6459375,4.3259375,1.7859375));
#961=DIRECTION('',(0.,0.,1.));
#962=DIRECTION('',(1.,0.,-0.));
#963=AXIS2_PLACEMENT_3D('',#960,#961,#962);
#964=CIRCLE('',#963,2.0955);
#965=EDGE_CURVE('',#959,#959,#964,.T.);
#966=ORIENTED_EDGE('',*,*,#965,.F.);
#967=EDGE_LOOP('',(#966));
#968=FACE_BOUND('',#967,.T.);
#969=ADVANCED_FACE('',(#957,#968),#944,.F.);
#970=CARTESIAN_POINT('',(1.7859375,1.803988724,10.911886276));
#971=DIRECTION('',(1.,0.,0.));
#972=DIRECTION('',(0.,0.,-1.));
#973=AXIS2_PLACEMENT_3D('',#970,#971,#972);
#974=CYLINDRICAL_SURFACE('',#973,1.796051224);
#975=ORIENTED_EDGE('',*,*,#854,.F.);
#976=ORIENTED_EDGE('',*,*,#358,.T.);
#977=ORIENTED_EDGE('',*,*,#630,.F.);
#978=CARTESIAN_POINT('',(1.803987777,0.0079375,10.911886921));
#979=CARTESIAN_POINT('',(1.803987856,0.007937584,11.146989423));
#980=CARTESIAN_POINT('',(1.803987935,0.054684053,11.381999405));
#981=CARTESIAN_POINT('',(1.803988014,0.144653944,11.59920577));
#982=CARTESIAN_POINT('',(1.803988093,0.234623835,11.816412135));
#983=CARTESIAN_POINT('',(1.803988172,0.367746349,12.015643961));
#984=CARTESIAN_POINT('',(1.80398825,0.533988952,12.181886504));
#985=CARTESIAN_POINT('',(1.803988329,0.700231555,12.348129047));
#986=CARTESIAN_POINT('',(1.803988408,0.899463428,12.48125149));
#987=CARTESIAN_POINT('',(1.803988487,1.116669826,12.571221303));
#988=CARTESIAN_POINT('',(1.803988566,1.333876223,12.661191116));
#989=CARTESIAN_POINT('',(1.803988645,1.568886222,12.7079375));
#990=CARTESIAN_POINT('',(1.803988724,1.803988724,12.7079375));
#991=B_SPLINE_CURVE_WITH_KNOTS('',3,(#978,#979,#980,#981,#982,#983,#984,#985,#986,#987,#988,#989,#990),.UNSPECIFIED.,.F.,.F.,(4,3,3,3,4),(90.000020576,112.500015432,135.000010288,157.500005144,180.),.UNSPECIFIED.);
#992=EDGE_CURVE('',#849,#625,#991,.T.);
#993=ORIENTED_EDGE('',*,*,#992,.F.);
#994=EDGE_LOOP('',(#975,#976,#977,#993));
#995=FACE_BOUND('',#994,.T.);
#996=ADVANCED_FACE('',(#995),#974,.T.);
#997=CARTESIAN_POINT('',(1.7859375,24.627886276,10.911886276));
#998=DIRECTION('',(-1.,0.,0.));
#999=DIRECTION('',(0.,0.,1.));
#1000=AXIS2_PLACEMENT_3D('',#997,#998,#999);
#1001=CYLINDRICAL_SURFACE('',#1000,1.796051224);
#1002=ORIENTED_EDGE('',*,*,#341,.T.);
#1003=CARTESIAN_POINT('',(1.803988719,26.423956462,10.911886293));
#1004=VERTEX_POINT('',#1003);
#1005=CARTESIAN_POINT('',(1.803988719,26.4239375,10.911886276));
#1006=DIRECTION('',(1.,-0.,-0.));
#1007=VECTOR('',#1006,25.381948781);
#1008=LINE('',#1005,#1007);
#1009=EDGE_CURVE('',#1004,#327,#1008,.T.);
#1010=ORIENTED_EDGE('',*,*,#1009,.F.);
#1011=CARTESIAN_POINT('',(1.803988894,24.628231545,12.707937467));
#1012=CARTESIAN_POINT('',(1.80398888,24.863305323,12.707892277));
#1013=CARTESIAN_POINT('',(1.803988866,25.098277671,12.661112281));
#1014=CARTESIAN_POINT('',(1.803988852,25.315444556,12.571122128));
#1015=CARTESIAN_POINT('',(1.803988838,25.53261144,12.481131974));
#1016=CARTESIAN_POINT('',(1.803988823,25.731802053,12.348002442));
#1017=CARTESIAN_POINT('',(1.803988809,25.898008341,12.181764199));
#1018=CARTESIAN_POINT('',(1.803988795,26.064214629,12.015525957));
#1019=CARTESIAN_POINT('',(1.803988781,26.197305867,11.816309756));
#1020=CARTESIAN_POINT('',(1.803988767,26.287254271,11.599125576));
#1021=CARTESIAN_POINT('',(1.803988752,26.377202676,11.381941396));
#1022=CARTESIAN_POINT('',(1.803988738,26.4239375,11.146960059));
#1023=CARTESIAN_POINT('',(1.803988724,26.4239375,10.911886276));
#1024=B_SPLINE_CURVE_WITH_KNOTS('',3,(#1011,#1012,#1013,#1014,#1015,#1016,#1017,#1018,#1019,#1020,#1021,#1022,#1023),.UNSPECIFIED.,.F.,.F.,(4,3,3,3,4),(0.011014404,22.508260803,45.005507202,67.502753601,90.),.UNSPECIFIED.);
#1025=EDGE_CURVE('',#634,#1004,#1024,.T.);
#1026=ORIENTED_EDGE('',*,*,#1025,.F.);
#1027=ORIENTED_EDGE('',*,*,#639,.F.);
#1028=EDGE_LOOP('',(#1002,#1010,#1026,#1027));
#1029=FACE_BOUND('',#1028,.T.);
#1030=ADVANCED_FACE('',(#1029),#1001,.T.);
#1031=CARTESIAN_POINT('',(1.7859375,24.627886276,1.803988724));
#1032=DIRECTION('',(-1.,0.,0.));
#1033=DIRECTION('',(0.,0.,1.));
#1034=AXIS2_PLACEMENT_3D('',#1031,#1032,#1033);
#1035=CYLINDRICAL_SURFACE('',#1034,1.796051224);
#1036=ORIENTED_EDGE('',*,*,#875,.F.);
#1037=ORIENTED_EDGE('',*,*,#209,.T.);
#1038=ORIENTED_EDGE('',*,*,#297,.F.);
#1039=CARTESIAN_POINT('',(1.803988715,26.423954845,1.803988697));
#1040=VERTEX_POINT('',#1039);
#1041=CARTESIAN_POINT('',(1.803988721,26.4239375,1.803988706));
#1042=CARTESIAN_POINT('',(1.803988721,26.423937498,1.568886152));
#1043=CARTESIAN_POINT('',(1.803988721,26.37719109,1.333876101));
#1044=CARTESIAN_POINT('',(1.803988722,26.287221236,1.116669664));
#1045=CARTESIAN_POINT('',(1.803988722,26.197251382,0.899463227));
#1046=CARTESIAN_POINT('',(1.803988722,26.06412888,0.700231327));
#1047=CARTESIAN_POINT('',(1.803988722,25.897886269,0.533988718));
#1048=CARTESIAN_POINT('',(1.803988723,25.731643658,0.367746108));
#1049=CARTESIAN_POINT('',(1.803988723,25.532411757,0.234623609));
#1050=CARTESIAN_POINT('',(1.803988723,25.315205319,0.144653757));
#1051=CARTESIAN_POINT('',(1.803988723,25.097998881,0.054683905));
#1052=CARTESIAN_POINT('',(1.803988724,24.86298883,0.0079375));
#1053=CARTESIAN_POINT('',(1.803988724,24.627886276,0.0079375));
#1054=B_SPLINE_CURVE_WITH_KNOTS('',3,(#1041,#1042,#1043,#1044,#1045,#1046,#1047,#1048,#1049,#1050,#1051,#1052,#1053),.UNSPECIFIED.,.F.,.F.,(4,3,3,3,4),(90.000000574,112.500000431,135.000000287,157.500000144,180.),.UNSPECIFIED.);
#1055=EDGE_CURVE('',#1040,#286,#1054,.T.);
#1056=ORIENTED_EDGE('',*,*,#1055,.F.);
#1057=CARTESIAN_POINT('',(27.1859375,26.4239375,1.803988724));
#1058=DIRECTION('',(-1.,0.,0.));
#1059=VECTOR('',#1058,25.381948785);
#1060=LINE('',#1057,#1059);
#1061=EDGE_CURVE('',#318,#1040,#1060,.T.);
#1062=ORIENTED_EDGE('',*,*,#1061,.F.);
#1063=ORIENTED_EDGE('',*,*,#324,.T.);
#1064=EDGE_LOOP('',(#1036,#1037,#1038,#1056,#1062,#1063));
#1065=FACE_BOUND('',#1064,.T.);
#1066=ADVANCED_FACE('',(#1065),#1035,.T.);
#1067=CARTESIAN_POINT('',(1.7859375,1.803988724,1.803988724));
#1068=DIRECTION('',(1.,0.,0.));
#1069=DIRECTION('',(0.,0.,-1.));
#1070=AXIS2_PLACEMENT_3D('',#1067,#1068,#1069);
#1071=CYLINDRICAL_SURFACE('',#1070,1.796051224);
#1072=CARTESIAN_POINT('',(1.803988724,0.0079375,1.803988724));
#1073=CARTESIAN_POINT('',(1.803988723,0.0079375,1.568886171));
#1074=CARTESIAN_POINT('',(1.803988721,0.054683905,1.333876122));
#1075=CARTESIAN_POINT('',(1.80398872,0.144653756,1.116669685));
#1076=CARTESIAN_POINT('',(1.803988718,0.234623606,0.899463248));
#1077=CARTESIAN_POINT('',(1.803988717,0.367746104,0.700231347));
#1078=CARTESIAN_POINT('',(1.803988716,0.533988712,0.533988736));
#1079=CARTESIAN_POINT('',(1.803988714,0.70023132,0.367746125));
#1080=CARTESIAN_POINT('',(1.803988713,0.899463218,0.234623623));
#1081=CARTESIAN_POINT('',(1.803988712,1.116669653,0.144653769));
#1082=CARTESIAN_POINT('',(1.80398871,1.333876088,0.054683914));
#1083=CARTESIAN_POINT('',(1.803988709,1.568886137,0.007937504));
#1084=CARTESIAN_POINT('',(1.803988707,1.80398869,0.0079375));
#1085=B_SPLINE_CURVE_WITH_KNOTS('',3,(#1072,#1073,#1074,#1075,#1076,#1077,#1078,#1079,#1080,#1081,#1082,#1083,#1084),.UNSPECIFIED.,.F.,.F.,(4,3,3,3,4),(270.,292.499999729,314.999999458,337.499999187,359.999998915),.UNSPECIFIED.);
#1086=EDGE_CURVE('',#840,#278,#1085,.T.);
#1087=ORIENTED_EDGE('',*,*,#1086,.T.);
#1088=ORIENTED_EDGE('',*,*,#283,.F.);
#1089=ORIENTED_EDGE('',*,*,#373,.T.);
#1090=ORIENTED_EDGE('',*,*,#845,.F.);
#1091=EDGE_LOOP('',(#1087,#1088,#1089,#1090));
#1092=FACE_BOUND('',#1091,.T.);
#1093=ADVANCED_FACE('',(#1092),#1071,.T.);
#1094=CARTESIAN_POINT('',(1.7859375,26.4239375,1.7859375));
#1095=DIRECTION('',(0.,1.,0.));
#1096=DIRECTION('',(-1.,0.,0.));
#1097=AXIS2_PLACEMENT_3D('',#1094,#1095,#1096);
#1098=PLANE('',#1097);
#1099=ORIENTED_EDGE('',*,*,#332,.F.);
#1100=ORIENTED_EDGE('',*,*,#1061,.T.);
#1101=CARTESIAN_POINT('',(1.803988718,26.4239375,1.803988697));
#1102=DIRECTION('',(0.,0.,1.));
#1103=VECTOR('',#1102,9.107897596);
#1104=LINE('',#1101,#1103);
#1105=EDGE_CURVE('',#1040,#1004,#1104,.T.);
#1106=ORIENTED_EDGE('',*,*,#1105,.T.);
#1107=ORIENTED_EDGE('',*,*,#1009,.T.);
#1108=EDGE_LOOP('',(#1099,#1100,#1106,#1107));
#1109=FACE_BOUND('',#1108,.T.);
#1110=ADVANCED_FACE('',(#1109),#1098,.T.);
#1111=CARTESIAN_POINT('',(0.5953125,23.3759375,3.8179375));
#1112=DIRECTION('',(0.,0.,1.));
#1113=DIRECTION('',(1.,0.,0.));
#1114=AXIS2_PLACEMENT_3D('',#1111,#1112,#1113);
#1115=PLANE('',#1114);
#1116=ORIENTED_EDGE('',*,*,#924,.F.);
#1117=CARTESIAN_POINT('',(7.2469375,3.427911888,3.8179375));
#1118=VERTEX_POINT('',#1117);
#1119=CARTESIAN_POINT('',(7.2469375,1.7859375,3.8179375));
#1120=DIRECTION('',(0.,1.,0.));
#1121=VECTOR('',#1120,1.641974388);
#1122=LINE('',#1119,#1121);
#1123=EDGE_CURVE('',#913,#1118,#1122,.T.);
#1124=ORIENTED_EDGE('',*,*,#1123,.T.);
#1125=CARTESIAN_POINT('',(14.4859375,3.427911888,3.8179375));
#1126=VERTEX_POINT('',#1125);
#1127=CARTESIAN_POINT('',(7.2469375,3.427911888,3.8179375));
#1128=DIRECTION('',(1.,0.,-0.));
#1129=VECTOR('',#1128,7.239);
#1130=LINE('',#1127,#1129);
#1131=EDGE_CURVE('',#1118,#1126,#1130,.T.);
#1132=ORIENTED_EDGE('',*,*,#1131,.T.);
#1133=CARTESIAN_POINT('',(14.4859375,3.427911888,3.8179375));
#1134=DIRECTION('',(-0.,-1.,-0.));
#1135=VECTOR('',#1134,1.641974388);
#1136=LINE('',#1133,#1135);
#1137=EDGE_CURVE('',#1126,#897,#1136,.T.);
#1138=ORIENTED_EDGE('',*,*,#1137,.T.);
#1139=EDGE_LOOP('',(#1116,#1124,#1132,#1138));
#1140=FACE_BOUND('',#1139,.T.);
#1141=ADVANCED_FACE('',(#1140),#1115,.F.);
#1142=CARTESIAN_POINT('',(1.803988724,1.803988724,1.7859375));
#1143=DIRECTION('',(0.,0.,1.));
#1144=DIRECTION('',(1.,0.,-0.));
#1145=AXIS2_PLACEMENT_3D('',#1142,#1143,#1144);
#1146=CYLINDRICAL_SURFACE('',#1145,1.796051224);
#1147=ORIENTED_EDGE('',*,*,#860,.F.);
#1148=CARTESIAN_POINT('',(0.0079375,1.803988724,10.911886276));
#1149=CARTESIAN_POINT('',(0.0079375,1.568886326,10.911886303));
#1150=CARTESIAN_POINT('',(0.054683842,1.333876431,10.91188633));
#1151=CARTESIAN_POINT('',(0.144653578,1.116670114,10.911886357));
#1152=CARTESIAN_POINT('',(0.234623313,0.899463797,10.911886383));
#1153=CARTESIAN_POINT('',(0.367745643,0.700231981,10.91188641));
#1154=CARTESIAN_POINT('',(0.533988055,0.533989394,10.911886437));
#1155=CARTESIAN_POINT('',(0.700230467,0.367746806,10.911886464));
#1156=CARTESIAN_POINT('',(0.899462142,0.234624267,10.911886491));
#1157=CARTESIAN_POINT('',(1.116668365,0.144654302,10.911886518));
#1158=CARTESIAN_POINT('',(1.333874587,0.054684338,10.911886545));
#1159=CARTESIAN_POINT('',(1.568884432,0.007937748,10.911886572));
#1160=CARTESIAN_POINT('',(1.80398683,0.0079375,10.911886598));
#1161=B_SPLINE_CURVE_WITH_KNOTS('',3,(#1148,#1149,#1150,#1151,#1152,#1153,#1154,#1155,#1156,#1157,#1158,#1159,#1160),.UNSPECIFIED.,.F.,.F.,(4,3,3,3,4),(180.,202.499984895,224.99996979,247.499954685,269.999939581),.UNSPECIFIED.);
#1162=EDGE_CURVE('',#473,#849,#1161,.T.);
#1163=ORIENTED_EDGE('',*,*,#1162,.F.);
#1164=ORIENTED_EDGE('',*,*,#478,.F.);
#1165=CARTESIAN_POINT('',(1.803988724,1.803988724,1.803988724));
#1166=DIRECTION('',(-0.,-0.,-1.));
#1167=DIRECTION('',(1.,0.,-0.));
#1168=AXIS2_PLACEMENT_3D('',#1165,#1166,#1167);
#1169=CIRCLE('',#1168,1.796051224);
#1170=EDGE_CURVE('',#840,#465,#1169,.T.);
#1171=ORIENTED_EDGE('',*,*,#1170,.F.);
#1172=EDGE_LOOP('',(#1147,#1163,#1164,#1171));
#1173=FACE_BOUND('',#1172,.T.);
#1174=ADVANCED_FACE('',(#1173),#1146,.T.);
#1175=CARTESIAN_POINT('',(1.803988724,1.7859375,10.911886276));
#1176=DIRECTION('',(0.,1.,0.));
#1177=DIRECTION('',(0.,-0.,1.));
#1178=AXIS2_PLACEMENT_3D('',#1175,#1176,#1177);
#1179=CYLINDRICAL_SURFACE('',#1178,1.796051224);
#1180=ORIENTED_EDGE('',*,*,#645,.F.);
#1181=CARTESIAN_POINT('',(0.0079375,24.627886276,10.911886276));
#1182=CARTESIAN_POINT('',(0.0079375,24.627900662,11.14698886));
#1183=CARTESIAN_POINT('',(0.054683917,24.627915049,11.381998941));
#1184=CARTESIAN_POINT('',(0.144653791,24.627929435,11.599205402));
#1185=CARTESIAN_POINT('',(0.234623665,24.627943821,11.816411863));
#1186=CARTESIAN_POINT('',(0.367746198,24.627958207,12.015643781));
#1187=CARTESIAN_POINT('',(0.533988845,24.627972594,12.181886396));
#1188=CARTESIAN_POINT('',(0.700231492,24.62798698,12.348129012));
#1189=CARTESIAN_POINT('',(0.899463435,24.628001366,12.481251506));
#1190=CARTESIAN_POINT('',(1.116669913,24.628015752,12.571221339));
#1191=CARTESIAN_POINT('',(1.333876391,24.628030139,12.661191172));
#1192=CARTESIAN_POINT('',(1.568886481,24.628044525,12.707937545));
#1193=CARTESIAN_POINT('',(1.803989065,24.628058911,12.7079375));
#1194=B_SPLINE_CURVE_WITH_KNOTS('',3,(#1181,#1182,#1183,#1184,#1185,#1186,#1187,#1188,#1189,#1190,#1191,#1192,#1193),.UNSPECIFIED.,.F.,.F.,(4,3,3,3,4),(270.,292.50000272,315.000005439,337.500008159,360.000010878),.UNSPECIFIED.);
#1195=EDGE_CURVE('',#455,#634,#1194,.T.);
#1196=ORIENTED_EDGE('',*,*,#1195,.F.);
#1197=ORIENTED_EDGE('',*,*,#484,.F.);
#1198=CARTESIAN_POINT('',(1.803988724,1.803988724,10.911886276));
#1199=DIRECTION('',(0.,1.,0.));
#1200=DIRECTION('',(0.,-0.,1.));
#1201=AXIS2_PLACEMENT_3D('',#1198,#1199,#1200);
#1202=CIRCLE('',#1201,1.796051224);
#1203=EDGE_CURVE('',#473,#625,#1202,.T.);
#1204=ORIENTED_EDGE('',*,*,#1203,.T.);
#1205=EDGE_LOOP('',(#1180,#1196,#1197,#1204));
#1206=FACE_BOUND('',#1205,.T.);
#1207=ADVANCED_FACE('',(#1206),#1179,.T.);
#1208=CARTESIAN_POINT('',(0.028296716,1.742733605,10.639172306));
#1209=CARTESIAN_POINT('',(0.027014803,1.629016788,10.674975351));
#1210=CARTESIAN_POINT('',(0.048804814,1.402615416,10.745690481));
#1211=CARTESIAN_POINT('',(0.146781321,1.087205169,10.834209728));
#1212=CARTESIAN_POINT('',(0.308638021,0.789617026,10.895770842));
#1213=CARTESIAN_POINT('',(0.527531616,0.525019302,10.919540514));
#1214=CARTESIAN_POINT('',(0.791840261,0.307285165,10.896346099));
#1215=CARTESIAN_POINT('',(1.186150556,0.093164845,10.815550831));
#1216=CARTESIAN_POINT('',(1.509363539,0.026689802,10.716203182));
#1217=CARTESIAN_POINT('',(1.742321798,0.027739763,10.642451858));
#1218=CARTESIAN_POINT('',(0.020221205,1.755666424,10.693639033));
#1219=CARTESIAN_POINT('',(0.019157442,1.64186557,10.729702413));
#1220=CARTESIAN_POINT('',(0.041287285,1.415139742,10.801487593));
#1221=CARTESIAN_POINT('',(0.140878461,1.095387801,10.891964633));
#1222=CARTESIAN_POINT('',(0.305299833,0.793275743,10.954559935));
#1223=CARTESIAN_POINT('',(0.527404781,0.525169053,10.978935098));
#1224=CARTESIAN_POINT('',(0.795402848,0.304018146,10.955012032));
#1225=CARTESIAN_POINT('',(1.195660304,0.08660827,10.873061685));
#1226=CARTESIAN_POINT('',(1.523081967,0.018839246,10.77086281));
#1227=CARTESIAN_POINT('',(1.755607558,0.019737908,10.696708545));
#1228=CARTESIAN_POINT('',(0.008719331,1.780977948,10.803113323));
#1229=CARTESIAN_POINT('',(0.008107243,1.667049137,10.839590064));
#1230=CARTESIAN_POINT('',(0.03088099,1.440213953,10.91339992));
#1231=CARTESIAN_POINT('',(0.133599887,1.112664657,11.007625039));
#1232=CARTESIAN_POINT('',(0.302729133,0.803105804,11.072333594));
#1233=CARTESIAN_POINT('',(0.530569269,0.52882373,11.097568561));
#1234=CARTESIAN_POINT('',(0.804975412,0.301581175,11.072488214));
#1235=CARTESIAN_POINT('',(1.215150998,0.078113366,10.98831578));
#1236=CARTESIAN_POINT('',(1.550341501,0.00773744,10.880482453));
#1237=CARTESIAN_POINT('',(1.781402583,0.008467579,10.805811068));
#1238=CARTESIAN_POINT('',(0.006168031,1.81555957,10.966256571));
#1239=CARTESIAN_POINT('',(0.006568752,1.702015357,11.002307481));
#1240=CARTESIAN_POINT('',(0.030723405,1.474907477,11.077313878));
#1241=CARTESIAN_POINT('',(0.137349767,1.140757201,11.176852475));
#1242=CARTESIAN_POINT('',(0.312016599,0.825426757,11.245188116));
#1243=CARTESIAN_POINT('',(0.545887647,0.544640115,11.270800144));
#1244=CARTESIAN_POINT('',(0.826662759,0.311201178,11.245001362));
#1245=CARTESIAN_POINT('',(1.244957773,0.079991243,11.156449822));
#1246=CARTESIAN_POINT('',(1.587630794,0.006995673,11.04152572));
#1247=CARTESIAN_POINT('',(1.816178922,0.00627866,10.968702299));
#1248=CARTESIAN_POINT('',(0.019366903,1.850109757,11.1317408));
#1249=CARTESIAN_POINT('',(0.020778222,1.735191237,11.166030989));
#1250=CARTESIAN_POINT('',(0.046483192,1.506887002,11.23887617));
#1251=CARTESIAN_POINT('',(0.156398628,1.172403698,11.342852736));
#1252=CARTESIAN_POINT('',(0.334978442,0.855661218,11.414629891));
#1253=CARTESIAN_POINT('',(0.572552013,0.571751448,11.440595053));
#1254=CARTESIAN_POINT('',(0.856139074,0.334500665,11.414414773));
#1255=CARTESIAN_POINT('',(1.277153288,0.097357854,11.320257714));
#1256=CARTESIAN_POINT('',(1.620124076,0.02243739,11.202397077));
#1257=CARTESIAN_POINT('',(1.85072469,0.019676263,11.134302368));
#1258=CARTESIAN_POINT('',(0.057903252,1.901761127,11.3483631));
#1259=CARTESIAN_POINT('',(0.060402016,1.783468833,11.381153757));
#1260=CARTESIAN_POINT('',(0.088152638,1.552770259,11.451011373));
#1261=CARTESIAN_POINT('',(0.201871737,1.2216686,11.558338413));
#1262=CARTESIAN_POINT('',(0.383718299,0.907360733,11.633462715));
#1263=CARTESIAN_POINT('',(0.623409487,0.623224501,11.660198458));
#1264=CARTESIAN_POINT('',(0.906913821,0.383600649,11.633297194));
#1265=CARTESIAN_POINT('',(1.325568876,0.141367202,11.533056571));
#1266=CARTESIAN_POINT('',(1.665524066,0.063297387,11.415182808));
#1267=CARTESIAN_POINT('',(1.901990843,0.058636535,11.35138209));
#1268=CARTESIAN_POINT('',(0.142192549,1.987387111,11.599742346));
#1269=CARTESIAN_POINT('',(0.146766304,1.866429156,11.635780678));
#1270=CARTESIAN_POINT('',(0.177666073,1.630367861,11.709434571));
#1271=CARTESIAN_POINT('',(0.29511749,1.303036194,11.815772054));
#1272=CARTESIAN_POINT('',(0.478239872,0.996148932,11.89259635));
#1273=CARTESIAN_POINT('',(0.716186124,0.716817623,11.920398921));
#1274=CARTESIAN_POINT('',(0.995268477,0.478694859,11.892298063));
#1275=CARTESIAN_POINT('',(1.402717584,0.234049182,11.790183022));
#1276=CARTESIAN_POINT('',(1.744517192,0.151740702,11.673297232));
#1277=CARTESIAN_POINT('',(1.987440831,0.143547967,11.602662267));
#1278=CARTESIAN_POINT('',(0.287717155,2.119765414,11.854060004));
#1279=CARTESIAN_POINT('',(0.297146305,1.999838032,11.896763978));
#1280=CARTESIAN_POINT('',(0.335921461,1.767690865,11.98056055));
#1281=CARTESIAN_POINT('',(0.457303969,1.44541822,12.090628401));
#1282=CARTESIAN_POINT('',(0.641993408,1.145855251,12.17026033));
#1283=CARTESIAN_POINT('',(0.874778039,0.876220283,12.199631353));
#1284=CARTESIAN_POINT('',(1.144347649,0.643309877,12.17045201));
#1285=CARTESIAN_POINT('',(1.543914899,0.397376476,12.065530938));
#1286=CARTESIAN_POINT('',(1.878004341,0.308109274,11.942214144));
#1287=CARTESIAN_POINT('',(2.119019702,0.289373822,11.856639401));
#1288=CARTESIAN_POINT('',(0.460879976,2.28047508,12.053549706));
#1289=CARTESIAN_POINT('',(0.476402275,2.163746666,12.101551052));
#1290=CARTESIAN_POINT('',(0.525928523,1.938414586,12.193488724));
#1291=CARTESIAN_POINT('',(0.658427592,1.624283482,12.314360415));
#1292=CARTESIAN_POINT('',(0.848686113,1.33431246,12.399740183));
#1293=CARTESIAN_POINT('',(1.076514781,1.078518029,12.429309253));
#1294=CARTESIAN_POINT('',(1.33224621,0.850963094,12.400946131));
#1295=CARTESIAN_POINT('',(1.719786574,0.597501899,12.287570993));
#1296=CARTESIAN_POINT('',(2.044815004,0.494167561,12.151357195));
#1297=CARTESIAN_POINT('',(2.278369553,0.462748432,12.055196469));
#1298=CARTESIAN_POINT('',(0.713256213,2.533731398,12.24750251));
#1299=CARTESIAN_POINT('',(0.737992132,2.421459181,12.300880166));
#1300=CARTESIAN_POINT('',(0.805257243,2.204415915,12.401700794));
#1301=CARTESIAN_POINT('',(0.958699359,1.900635872,12.530230608));
#1302=CARTESIAN_POINT('',(1.160585723,1.630716767,12.620068993));
#1303=CARTESIAN_POINT('',(1.386912857,1.389176148,12.650781496));
#1304=CARTESIAN_POINT('',(1.628727869,1.163776378,12.621096469));
#1305=CARTESIAN_POINT('',(1.988706029,0.89488101,12.502753053));
#1306=CARTESIAN_POINT('',(2.308142226,0.765581226,12.35476964));
#1307=CARTESIAN_POINT('',(2.532239668,0.71542901,12.246563135));
#1308=CARTESIAN_POINT('',(0.910839592,2.754205715,12.30862984));
#1309=CARTESIAN_POINT('',(0.94073623,2.644499081,12.362864687));
#1310=CARTESIAN_POINT('',(1.017240281,2.432621115,12.464457778));
#1311=CARTESIAN_POINT('',(1.18290584,2.140427861,12.592342102));
#1312=CARTESIAN_POINT('',(1.398541562,1.877286191,12.68395845));
#1313=CARTESIAN_POINT('',(1.638997582,1.642519733,12.719418418));
#1314=CARTESIAN_POINT('',(1.875131195,1.403106795,12.685151387));
#1315=CARTESIAN_POINT('',(2.225924519,1.115990897,12.564354555));
#1316=CARTESIAN_POINT('',(2.533233679,0.974586541,12.417640173));
#1317=CARTESIAN_POINT('',(2.753418061,0.913740903,12.306822835));
#1318=CARTESIAN_POINT('',(1.043713675,2.904209407,12.314615865));
#1319=CARTESIAN_POINT('',(1.076889598,2.795897314,12.369305981));
#1320=CARTESIAN_POINT('',(1.159950721,2.586735895,12.471699995));
#1321=CARTESIAN_POINT('',(1.335694297,2.296786008,12.599439345));
#1322=CARTESIAN_POINT('',(1.559262847,2.036793154,12.687022493));
#1323=CARTESIAN_POINT('',(1.804433556,1.808604092,12.718159035));
#1324=CARTESIAN_POINT('',(2.034174145,1.56495356,12.68810862));
#1325=CARTESIAN_POINT('',(2.381234076,1.267357369,12.572759885));
#1326=CARTESIAN_POINT('',(2.686340443,1.115050997,12.424348723));
#1327=CARTESIAN_POINT('',(2.903663894,1.047569265,12.312443033));
#1328=B_SPLINE_SURFACE_WITH_KNOTS('',3,3,((#1208,#1209,#1210,#1211,#1212,#1213,#1214,#1215,#1216,#1217),(#1218,#1219,#1220,#1221,#1222,#1223,#1224,#1225,#1226,#1227),(#1228,#1229,#1230,#1231,#1232,#1233,#1234,#1235,#1236,#1237),(#1238,#1239,#1240,#1241,#1242,#1243,#1244,#1245,#1246,#1247),(#1248,#1249,#1250,#1251,#1252,#1253,#1254,#1255,#1256,#1257),(#1258,#1259,#1260,#1261,#1262,#1263,#1264,#1265,#1266,#1267),(#1268,#1269,#1270,#1271,#1272,#1273,#1274,#1275,#1276,#1277),(#1278,#1279,#1280,#1281,#1282,#1283,#1284,#1285,#1286,#1287),(#1288,#1289,#1290,#1291,#1292,#1293,#1294,#1295,#1296,#1297),(#1298,#1299,#1300,#1301,#1302,#1303,#1304,#1305,#1306,#1307),(#1308,#1309,#1310,#1311,#1312,#1313,#1314,#1315,#1316,#1317),(#1318,#1319,#1320,#1321,#1322,#1323,#1324,#1325,#1326,#1327)),.UNSPECIFIED.,.F.,.F.,.U.,(4,1,1,1,1,1,1,1,1,4),(4,1,1,1,1,1,1,4),(-0.001033436,-0.000881361,-0.000724772,-0.000568184,-0.000411595,-0.000098418,0.000214759,0.000527937,0.000841114,0.001467468),(-0.001271741,-0.000954012,-0.000636262,-0.000318513,-0.000000763,0.000316987,0.000634736,0.001270236),.UNSPECIFIED.);
#1329=ORIENTED_EDGE('',*,*,#992,.T.);
#1330=ORIENTED_EDGE('',*,*,#1203,.F.);
#1331=ORIENTED_EDGE('',*,*,#1162,.T.);
#1332=EDGE_LOOP('',(#1329,#1330,#1331));
#1333=FACE_BOUND('',#1332,.T.);
#1334=ADVANCED_FACE('',(#1333),#1328,.F.);
#1335=CARTESIAN_POINT('',(1.803988724,24.627886276,1.7859375));
#1336=DIRECTION('',(0.,0.,-1.));
#1337=DIRECTION('',(-1.,0.,0.));
#1338=AXIS2_PLACEMENT_3D('',#1335,#1336,#1337);
#1339=CYLINDRICAL_SURFACE('',#1338,1.796051224);
#1340=ORIENTED_EDGE('',*,*,#1105,.F.);
#1341=CARTESIAN_POINT('',(0.0079375,24.627886276,1.803988724));
#1342=CARTESIAN_POINT('',(0.0079375,24.862988831,1.803988723));
#1343=CARTESIAN_POINT('',(0.054683906,25.097998883,1.803988722));
#1344=CARTESIAN_POINT('',(0.144653758,25.315205322,1.803988722));
#1345=CARTESIAN_POINT('',(0.234623611,25.53241176,1.803988721));
#1346=CARTESIAN_POINT('',(0.367746111,25.731643663,1.80398872));
#1347=CARTESIAN_POINT('',(0.533988722,25.897886274,1.803988719));
#1348=CARTESIAN_POINT('',(0.700231333,26.064128885,1.803988719));
#1349=CARTESIAN_POINT('',(0.899463234,26.197251386,1.803988718));
#1350=CARTESIAN_POINT('',(1.116669673,26.287221239,1.803988717));
#1351=CARTESIAN_POINT('',(1.333876111,26.377191093,1.803988716));
#1352=CARTESIAN_POINT('',(1.568886163,26.423937499,1.803988716));
#1353=CARTESIAN_POINT('',(1.803988718,26.4239375,1.803988715));
#1354=B_SPLINE_CURVE_WITH_KNOTS('',3,(#1341,#1342,#1343,#1344,#1345,#1346,#1347,#1348,#1349,#1350,#1351,#1352,#1353),.UNSPECIFIED.,.F.,.F.,(4,3,3,3,4),(0.,22.499999952,44.999999904,67.499999856,89.999999809),.UNSPECIFIED.);
#1355=EDGE_CURVE('',#457,#1040,#1354,.T.);
#1356=ORIENTED_EDGE('',*,*,#1355,.F.);
#1357=ORIENTED_EDGE('',*,*,#462,.F.);
#1358=CARTESIAN_POINT('',(1.803988724,24.627886276,10.911886276));
#1359=DIRECTION('',(0.,0.,-1.));
#1360=DIRECTION('',(-1.,0.,0.));
#1361=AXIS2_PLACEMENT_3D('',#1358,#1359,#1360);
#1362=CIRCLE('',#1361,1.796051224);
#1363=EDGE_CURVE('',#455,#1004,#1362,.T.);
#1364=ORIENTED_EDGE('',*,*,#1363,.T.);
#1365=EDGE_LOOP('',(#1340,#1356,#1357,#1364));
#1366=FACE_BOUND('',#1365,.T.);
#1367=ADVANCED_FACE('',(#1366),#1339,.T.);
#1368=CARTESIAN_POINT('',(1.742733601,26.403578299,10.639172428));
#1369=CARTESIAN_POINT('',(1.629016737,26.404860217,10.674975421));
#1370=CARTESIAN_POINT('',(1.402615352,26.38307017,10.7456905));
#1371=CARTESIAN_POINT('',(1.087205193,26.285093679,10.834209785));
#1372=CARTESIAN_POINT('',(0.78961704,26.123236988,10.895770885));
#1373=CARTESIAN_POINT('',(0.525019297,25.904343385,10.919540555));
#1374=CARTESIAN_POINT('',(0.307285158,25.640034727,10.896346146));
#1375=CARTESIAN_POINT('',(0.093164842,25.245724416,10.815550888));
#1376=CARTESIAN_POINT('',(0.026689823,24.922511564,10.716203221));
#1377=CARTESIAN_POINT('',(0.027739733,24.689553189,10.642451947));
#1378=CARTESIAN_POINT('',(1.755666414,26.411653794,10.693639082));
#1379=CARTESIAN_POINT('',(1.641865517,26.412717563,10.729702414));
#1380=CARTESIAN_POINT('',(1.415139691,26.390587696,10.801487556));
#1381=CARTESIAN_POINT('',(1.095387821,26.290996537,10.891964612));
#1382=CARTESIAN_POINT('',(0.793275741,26.126575176,10.954559902));
#1383=CARTESIAN_POINT('',(0.525169044,25.904470224,10.978935105));
#1384=CARTESIAN_POINT('',(0.304018134,25.636472152,10.955012));
#1385=CARTESIAN_POINT('',(0.086608274,25.236214665,10.873061669));
#1386=CARTESIAN_POINT('',(0.018839271,24.908793125,10.770862788));
#1387=CARTESIAN_POINT('',(0.019737897,24.676267444,10.696708569));
#1388=CARTESIAN_POINT('',(1.78097794,26.423155657,10.803113294));
#1389=CARTESIAN_POINT('',(1.667049093,26.423767751,10.839589995));
#1390=CARTESIAN_POINT('',(1.440213942,26.400993996,10.913399848));
#1391=CARTESIAN_POINT('',(1.11266468,26.298275124,11.007624957));
#1392=CARTESIAN_POINT('',(0.803105777,26.129145888,11.072333497));
#1393=CARTESIAN_POINT('',(0.528823709,25.901305748,11.097568559));
#1394=CARTESIAN_POINT('',(0.301581139,25.626899608,11.072488112));
#1395=CARTESIAN_POINT('',(0.078113374,25.216723957,10.988315719));
#1396=CARTESIAN_POINT('',(0.007737451,24.881533554,10.880482371));
#1397=CARTESIAN_POINT('',(0.008467588,24.650472436,10.805811031));
#1398=CARTESIAN_POINT('',(1.815559546,26.425706974,10.966256458));
#1399=CARTESIAN_POINT('',(1.70201534,26.425306252,11.002307324));
#1400=CARTESIAN_POINT('',(1.474907492,26.401151594,11.077313747));
#1401=CARTESIAN_POINT('',(1.140757224,26.294525274,11.17685235));
#1402=CARTESIAN_POINT('',(0.825426711,26.119858452,11.245187994));
#1403=CARTESIAN_POINT('',(0.54464006,25.8859874,11.270800104));
#1404=CARTESIAN_POINT('',(0.311201109,25.605212274,11.245001226));
#1405=CARTESIAN_POINT('',(0.079991239,25.18691719,11.156449749));
#1406=CARTESIAN_POINT('',(0.006995671,24.844244216,11.04152555));
#1407=CARTESIAN_POINT('',(0.006278657,24.615696116,10.968702191));
#1408=CARTESIAN_POINT('',(1.850109748,26.412508113,11.131740703));
#1409=CARTESIAN_POINT('',(1.735191248,26.411096793,11.166030842));
#1410=CARTESIAN_POINT('',(1.506887017,26.38539183,11.238876019));
#1411=CARTESIAN_POINT('',(1.172403715,26.27547643,11.342852638));
#1412=CARTESIAN_POINT('',(0.855661173,26.096896627,11.414629824));
#1413=CARTESIAN_POINT('',(0.571751374,25.859323051,11.44059503));
#1414=CARTESIAN_POINT('',(0.334500588,25.575735961,11.414414704));
#1415=CARTESIAN_POINT('',(0.097357826,25.154721693,11.32025764));
#1416=CARTESIAN_POINT('',(0.022437377,24.811750911,11.20239692));
#1417=CARTESIAN_POINT('',(0.019676245,24.581150322,11.134302264));
#1418=CARTESIAN_POINT('',(1.90176115,26.37397177,11.348363049));
#1419=CARTESIAN_POINT('',(1.783468833,26.371473014,11.381153646));
#1420=CARTESIAN_POINT('',(1.552770247,26.343722419,11.451011201));
#1421=CARTESIAN_POINT('',(1.221668599,26.230003328,11.558338352));
#1422=CARTESIAN_POINT('',(0.907360689,26.048156783,11.633462698));
#1423=CARTESIAN_POINT('',(0.623224419,25.808465586,11.660198463));
#1424=CARTESIAN_POINT('',(0.38360057,25.524961226,11.633297193));
#1425=CARTESIAN_POINT('',(0.141367155,25.106306121,11.533056503));
#1426=CARTESIAN_POINT('',(0.063297341,24.76635095,11.415182633));
#1427=CARTESIAN_POINT('',(0.058636513,24.529884144,11.351382027));
#1428=CARTESIAN_POINT('',(1.987387172,26.289682463,11.599742323));
#1429=CARTESIAN_POINT('',(1.866429188,26.285108729,11.635780601));
#1430=CARTESIAN_POINT('',(1.63036785,26.254208971,11.709434507));
#1431=CARTESIAN_POINT('',(1.303036172,26.13675757,11.815772026));
#1432=CARTESIAN_POINT('',(0.99614889,25.95363521,11.892596363));
#1433=CARTESIAN_POINT('',(0.716817549,25.715688952,11.920398964));
#1434=CARTESIAN_POINT('',(0.478694782,25.436606571,11.892298086));
#1435=CARTESIAN_POINT('',(0.23404915,25.029157462,11.790183027));
#1436=CARTESIAN_POINT('',(0.151740649,24.687357802,11.673297104));
#1437=CARTESIAN_POINT('',(0.143547957,24.444434137,11.602662248));
#1438=CARTESIAN_POINT('',(2.119765483,26.144157871,11.854059955));
#1439=CARTESIAN_POINT('',(1.999838071,26.134728722,11.896763929));
#1440=CARTESIAN_POINT('',(1.767690874,26.095953578,11.98056049));
#1441=CARTESIAN_POINT('',(1.445418229,25.974571092,12.090628342));
#1442=CARTESIAN_POINT('',(1.145855216,25.789881662,12.170260351));
#1443=CARTESIAN_POINT('',(0.876220212,25.557097038,12.199631427));
#1444=CARTESIAN_POINT('',(0.643309814,25.287527393,12.170452043));
#1445=CARTESIAN_POINT('',(0.397376424,24.887960083,12.065530862));
#1446=CARTESIAN_POINT('',(0.308109241,24.553870661,11.942214093));
#1447=CARTESIAN_POINT('',(0.289373791,24.312855232,11.856639349));
#1448=CARTESIAN_POINT('',(2.280475157,25.970995085,12.053549604));
#1449=CARTESIAN_POINT('',(2.163746718,25.95547278,12.101550965));
#1450=CARTESIAN_POINT('',(1.938414598,25.905946505,12.193488709));
#1451=CARTESIAN_POINT('',(1.624283521,25.77344745,12.314360365));
#1452=CARTESIAN_POINT('',(1.334312386,25.583188929,12.399740241));
#1453=CARTESIAN_POINT('',(1.078517975,25.355360275,12.429309297));
#1454=CARTESIAN_POINT('',(0.850963058,25.099628869,12.400946191));
#1455=CARTESIAN_POINT('',(0.597501859,24.712088358,12.28757092));
#1456=CARTESIAN_POINT('',(0.494167533,24.387060008,12.151357185));
#1457=CARTESIAN_POINT('',(0.462748387,24.153505411,12.055196417));
#1458=CARTESIAN_POINT('',(2.533719092,25.718631071,12.247493042));
#1459=CARTESIAN_POINT('',(2.42144663,25.693895589,12.300870465));
#1460=CARTESIAN_POINT('',(2.20440292,25.626631333,12.40169068));
#1461=CARTESIAN_POINT('',(1.900622404,25.473190342,12.530220048));
#1462=CARTESIAN_POINT('',(1.630702292,25.271304479,12.62005824));
#1463=CARTESIAN_POINT('',(1.38916096,25.044977302,12.650770607));
#1464=CARTESIAN_POINT('',(1.163761132,24.80316161,12.621085728));
#1465=CARTESIAN_POINT('',(0.89486643,24.443182061,12.502742508));
#1466=CARTESIAN_POINT('',(0.765568092,24.123745669,12.354759819));
#1467=CARTESIAN_POINT('',(0.715416772,23.899647742,12.246553884));
#1468=CARTESIAN_POINT('',(2.754177242,25.521061141,12.308621739));
#1469=CARTESIAN_POINT('',(2.644470257,25.491165179,12.36285649));
#1470=CARTESIAN_POINT('',(2.432591602,25.414662352,12.464449499));
#1471=CARTESIAN_POINT('',(2.140396779,25.248998365,12.592334001));
#1472=CARTESIAN_POINT('',(1.877254168,25.033364398,12.683950145));
#1473=CARTESIAN_POINT('',(1.64248679,24.792910203,12.719409513));
#1474=CARTESIAN_POINT('',(1.40307566,24.556775802,12.685143056));
#1475=CARTESIAN_POINT('',(1.11596209,24.205981216,12.564346523));
#1476=CARTESIAN_POINT('',(0.974559322,23.898670454,12.417631904));
#1477=CARTESIAN_POINT('',(0.913715115,23.678485564,12.306814917));
#1478=CARTESIAN_POINT('',(2.904165737,25.388200289,12.31461392));
#1479=CARTESIAN_POINT('',(2.795853206,25.355025327,12.369303935));
#1480=CARTESIAN_POINT('',(2.586690936,25.271966127,12.471697778));
#1481=CARTESIAN_POINT('',(2.296740267,25.096225472,12.599437291));
#1482=CARTESIAN_POINT('',(2.036746415,24.872659237,12.687021573));
#1483=CARTESIAN_POINT('',(1.808555519,24.627489833,12.71815941));
#1484=CARTESIAN_POINT('',(1.564906145,24.397747453,12.688107732));
#1485=CARTESIAN_POINT('',(1.267313036,24.050686359,12.572757479));
#1486=CARTESIAN_POINT('',(1.115009833,23.745579237,12.424346671));
#1487=CARTESIAN_POINT('',(1.047530061,23.528254915,12.312441266));
#1488=B_SPLINE_SURFACE_WITH_KNOTS('',3,3,((#1368,#1369,#1370,#1371,#1372,#1373,#1374,#1375,#1376,#1377),(#1378,#1379,#1380,#1381,#1382,#1383,#1384,#1385,#1386,#1387),(#1388,#1389,#1390,#1391,#1392,#1393,#1394,#1395,#1396,#1397),(#1398,#1399,#1400,#1401,#1402,#1403,#1404,#1405,#1406,#1407),(#1408,#1409,#1410,#1411,#1412,#1413,#1414,#1415,#1416,#1417),(#1418,#1419,#1420,#1421,#1422,#1423,#1424,#1425,#1426,#1427),(#1428,#1429,#1430,#1431,#1432,#1433,#1434,#1435,#1436,#1437),(#1438,#1439,#1440,#1441,#1442,#1443,#1444,#1445,#1446,#1447),(#1448,#1449,#1450,#1451,#1452,#1453,#1454,#1455,#1456,#1457),(#1458,#1459,#1460,#1461,#1462,#1463,#1464,#1465,#1466,#1467),(#1468,#1469,#1470,#1471,#1472,#1473,#1474,#1475,#1476,#1477),(#1478,#1479,#1480,#1481,#1482,#1483,#1484,#1485,#1486,#1487)),.UNSPECIFIED.,.F.,.F.,.U.,(4,1,1,1,1,1,1,1,1,4),(4,1,1,1,1,1,1,4),(-0.001033436,-0.000881361,-0.000724772,-0.000568184,-0.000411595,-0.000098418,0.000214759,0.000527937,0.000841114,0.001467407),(-0.001271741,-0.000954012,-0.000636262,-0.000318513,-0.000000763,0.000316987,0.000634736,0.001270236),.UNSPECIFIED.);
#1489=ORIENTED_EDGE('',*,*,#1195,.T.);
#1490=ORIENTED_EDGE('',*,*,#1025,.T.);
#1491=ORIENTED_EDGE('',*,*,#1363,.F.);
#1492=EDGE_LOOP('',(#1489,#1490,#1491));
#1493=FACE_BOUND('',#1492,.T.);
#1494=ADVANCED_FACE('',(#1493),#1488,.F.);
#1495=CARTESIAN_POINT('',(1.803988724,1.7859375,1.803988724));
#1496=DIRECTION('',(0.,1.,0.));
#1497=DIRECTION('',(0.,-0.,1.));
#1498=AXIS2_PLACEMENT_3D('',#1495,#1496,#1497);
#1499=CYLINDRICAL_SURFACE('',#1498,1.796051224);
#1500=ORIENTED_EDGE('',*,*,#291,.F.);
#1501=CARTESIAN_POINT('',(0.0079375,1.803988712,1.803988688));
#1502=CARTESIAN_POINT('',(0.007937505,1.803988706,1.568886142));
#1503=CARTESIAN_POINT('',(0.054683911,1.8039887,1.333876101));
#1504=CARTESIAN_POINT('',(0.144653761,1.803988694,1.116669671));
#1505=CARTESIAN_POINT('',(0.234623611,1.803988688,0.899463242));
#1506=CARTESIAN_POINT('',(0.367746105,1.803988682,0.700231347));
#1507=CARTESIAN_POINT('',(0.533988707,1.803988676,0.533988741));
#1508=CARTESIAN_POINT('',(0.700231309,1.80398867,0.367746135));
#1509=CARTESIAN_POINT('',(0.8994632,1.803988664,0.234623635));
#1510=CARTESIAN_POINT('',(1.116669627,1.803988658,0.144653779));
#1511=CARTESIAN_POINT('',(1.333876054,1.803988652,0.054683924));
#1512=CARTESIAN_POINT('',(1.568886095,1.803988645,0.007937511));
#1513=CARTESIAN_POINT('',(1.80398864,1.803988639,0.0079375));
#1514=B_SPLINE_CURVE_WITH_KNOTS('',3,(#1501,#1502,#1503,#1504,#1505,#1506,#1507,#1508,#1509,#1510,#1511,#1512,#1513),.UNSPECIFIED.,.F.,.F.,(4,3,3,3,4),(0.,0.25,0.5,0.75,1.),.UNSPECIFIED.);
#1515=EDGE_CURVE('',#465,#278,#1514,.T.);
#1516=ORIENTED_EDGE('',*,*,#1515,.F.);
#1517=ORIENTED_EDGE('',*,*,#470,.F.);
#1518=CARTESIAN_POINT('',(0.0079375,24.627886319,1.803988638));
#1519=CARTESIAN_POINT('',(0.007937511,24.627886321,1.568886096));
#1520=CARTESIAN_POINT('',(0.054683923,24.627886324,1.333876058));
#1521=CARTESIAN_POINT('',(0.144653777,24.627886326,1.116669634));
#1522=CARTESIAN_POINT('',(0.23462363,24.627886328,0.899463209));
#1523=CARTESIAN_POINT('',(0.367746127,24.62788633,0.70023132));
#1524=CARTESIAN_POINT('',(0.53398873,24.627886332,0.533988718));
#1525=CARTESIAN_POINT('',(0.700231333,24.627886334,0.367746117));
#1526=CARTESIAN_POINT('',(0.899463223,24.627886336,0.234623622));
#1527=CARTESIAN_POINT('',(1.116669649,24.627886338,0.14465377));
#1528=CARTESIAN_POINT('',(1.333876075,24.62788634,0.054683919));
#1529=CARTESIAN_POINT('',(1.568886113,24.627886342,0.007937509));
#1530=CARTESIAN_POINT('',(1.803988655,24.627886344,0.0079375));
#1531=B_SPLINE_CURVE_WITH_KNOTS('',3,(#1518,#1519,#1520,#1521,#1522,#1523,#1524,#1525,#1526,#1527,#1528,#1529,#1530),.UNSPECIFIED.,.F.,.F.,(4,3,3,3,4),(0.,0.25,0.5,0.75,1.),.UNSPECIFIED.);
#1532=EDGE_CURVE('',#457,#286,#1531,.T.);
#1533=ORIENTED_EDGE('',*,*,#1532,.T.);
#1534=EDGE_LOOP('',(#1500,#1516,#1517,#1533));
#1535=FACE_BOUND('',#1534,.T.);
#1536=ADVANCED_FACE('',(#1535),#1499,.T.);
#1537=CARTESIAN_POINT('',(2.917382151,25.380781221,0.397383031));
#1538=CARTESIAN_POINT('',(2.806681777,25.348096522,0.342743462));
#1539=CARTESIAN_POINT('',(2.593485678,25.265854482,0.240597191));
#1540=CARTESIAN_POINT('',(2.3001176,25.090993289,0.11409058));
#1541=CARTESIAN_POINT('',(2.036989085,24.866266037,0.028093894));
#1542=CARTESIAN_POINT('',(1.803798851,24.62483331,-0.002438826));
#1543=CARTESIAN_POINT('',(1.562112114,24.392095438,0.028934469));
#1544=CARTESIAN_POINT('',(1.262328762,24.041328793,0.144765621));
#1545=CARTESIAN_POINT('',(1.113131068,23.733031594,0.292924042));
#1546=CARTESIAN_POINT('',(1.047701911,23.511200467,0.404951216));
#1547=CARTESIAN_POINT('',(2.840869702,25.447829923,0.400329081));
#1548=CARTESIAN_POINT('',(2.729455793,25.416764991,0.345920121));
#1549=CARTESIAN_POINT('',(2.514974276,25.337804001,0.24416271));
#1550=CARTESIAN_POINT('',(2.219783733,25.1678865,0.117141152));
#1551=CARTESIAN_POINT('',(1.95602636,24.948644251,0.02942641));
#1552=CARTESIAN_POINT('',(1.720809682,24.707883053,-0.002823373));
#1553=CARTESIAN_POINT('',(1.479875215,24.473072331,0.030250453));
#1554=CARTESIAN_POINT('',(1.187410594,24.121543129,0.148328544));
#1555=CARTESIAN_POINT('',(1.042934404,23.811039382,0.296251825));
#1556=CARTESIAN_POINT('',(0.980763439,23.587846793,0.407671598));
#1557=CARTESIAN_POINT('',(2.690713734,25.580977651,0.424097445));
#1558=CARTESIAN_POINT('',(2.577875921,25.553209288,0.370269766));
#1559=CARTESIAN_POINT('',(2.360315136,25.480333885,0.269274381));
#1560=CARTESIAN_POINT('',(2.061038762,25.320107494,0.142640712));
#1561=CARTESIAN_POINT('',(1.793602577,25.110112854,0.052808292));
#1562=CARTESIAN_POINT('',(1.554259379,24.875141356,0.019195195));
#1563=CARTESIAN_POINT('',(1.318637477,24.63551512,0.053698321));
#1564=CARTESIAN_POINT('',(1.038837808,24.279624987,0.174222551));
#1565=CARTESIAN_POINT('',(0.903648864,23.964431782,0.32076192));
#1566=CARTESIAN_POINT('',(0.847770876,23.7382285,0.431013995));
#1567=CARTESIAN_POINT('',(2.477471306,25.777958419,0.51382886));
#1568=CARTESIAN_POINT('',(2.361875565,25.755722381,0.461907525));
#1569=CARTESIAN_POINT('',(2.139438069,25.693548499,0.363997408));
#1570=CARTESIAN_POINT('',(1.829964677,25.544521692,0.237290991));
#1571=CARTESIAN_POINT('',(1.552597164,25.346422779,0.149755509));
#1572=CARTESIAN_POINT('',(1.307356445,25.122387578,0.120072151));
#1573=CARTESIAN_POINT('',(1.082909116,24.877402751,0.150584032));
#1574=CARTESIAN_POINT('',(0.818250003,24.507178619,0.268465494));
#1575=CARTESIAN_POINT('',(0.695150506,24.182859803,0.414720262));
#1576=CARTESIAN_POINT('',(0.651160154,23.952253629,0.519603616));
#1577=CARTESIAN_POINT('',(2.284949349,25.96936536,0.660217424));
#1578=CARTESIAN_POINT('',(2.166249176,25.953669678,0.611824796));
#1579=CARTESIAN_POINT('',(1.936732674,25.903154552,0.519296639));
#1580=CARTESIAN_POINT('',(1.621694612,25.772197249,0.400565731));
#1581=CARTESIAN_POINT('',(1.33185271,25.581488097,0.315870741));
#1582=CARTESIAN_POINT('',(1.07567628,25.354241069,0.287135305));
#1583=CARTESIAN_POINT('',(0.847904035,25.098311658,0.316562745));
#1584=CARTESIAN_POINT('',(0.594280701,24.712393207,0.431037142));
#1585=CARTESIAN_POINT('',(0.492276086,24.384103972,0.5664207));
#1586=CARTESIAN_POINT('',(0.460531767,24.145902455,0.663924889));
#1587=CARTESIAN_POINT('',(2.12101526,26.143883494,0.86160596));
#1588=CARTESIAN_POINT('',(2.000329888,26.134677901,0.819126598));
#1589=CARTESIAN_POINT('',(1.766234545,26.095811656,0.734645539));
#1590=CARTESIAN_POINT('',(1.440585791,25.972996951,0.624179876));
#1591=CARTESIAN_POINT('',(1.143149372,25.788724376,0.545928647));
#1592=CARTESIAN_POINT('',(0.874078649,25.555975716,0.517382082));
#1593=CARTESIAN_POINT('',(0.640942607,25.287513895,0.547622834));
#1594=CARTESIAN_POINT('',(0.39545918,24.89158997,0.652473787));
#1595=CARTESIAN_POINT('',(0.304386767,24.55125143,0.778670359));
#1596=CARTESIAN_POINT('',(0.286664063,24.309993403,0.864506796));
#1597=CARTESIAN_POINT('',(2.009672286,26.264206454,1.071493375));
#1598=CARTESIAN_POINT('',(1.888516353,26.259075674,1.034625816));
#1599=CARTESIAN_POINT('',(1.653228269,26.227523445,0.960786047));
#1600=CARTESIAN_POINT('',(1.324845788,26.109013973,0.854274939));
#1601=CARTESIAN_POINT('',(1.018984664,25.925471208,0.777372692));
#1602=CARTESIAN_POINT('',(0.741735125,25.688580313,0.750072125));
#1603=CARTESIAN_POINT('',(0.504464305,25.4119156,0.779346163));
#1604=CARTESIAN_POINT('',(0.258934293,25.004920905,0.883839238));
#1605=CARTESIAN_POINT('',(0.175824015,24.664309161,1.001635245));
#1606=CARTESIAN_POINT('',(0.166821054,24.421398188,1.073833187));
#1607=CARTESIAN_POINT('',(1.936549589,26.33966086,1.265342202));
#1608=CARTESIAN_POINT('',(1.817126797,26.33647262,1.231242372));
#1609=CARTESIAN_POINT('',(1.583880465,26.307631411,1.160961031));
#1610=CARTESIAN_POINT('',(1.253491965,26.192335323,1.054939976));
#1611=CARTESIAN_POINT('',(0.941686358,26.00989828,0.979157308));
#1612=CARTESIAN_POINT('',(0.65951934,25.771144797,0.952377251));
#1613=CARTESIAN_POINT('',(0.420278699,25.48935716,0.981091132));
#1614=CARTESIAN_POINT('',(0.176628909,25.074493295,1.084597875));
#1615=CARTESIAN_POINT('',(0.097224934,24.734291905,1.201091528));
#1616=CARTESIAN_POINT('',(0.091499465,24.49494172,1.267663982));
#1617=CARTESIAN_POINT('',(1.889491311,26.38331635,1.420662308));
#1618=CARTESIAN_POINT('',(1.772081913,26.381052331,1.387087497));
#1619=CARTESIAN_POINT('',(1.54191296,26.35368489,1.316608615));
#1620=CARTESIAN_POINT('',(1.209423793,26.241017436,1.211594565));
#1621=CARTESIAN_POINT('',(0.894125374,26.060153745,1.137171342));
#1622=CARTESIAN_POINT('',(0.60971644,25.821190014,1.110860038));
#1623=CARTESIAN_POINT('',(0.370361678,25.537190958,1.139022267));
#1624=CARTESIAN_POINT('',(0.129179975,25.117118459,1.240201516));
#1625=CARTESIAN_POINT('',(0.052282321,24.777215484,1.356897106));
#1626=CARTESIAN_POINT('',(0.047973532,24.542462496,1.423211273));
#1627=CARTESIAN_POINT('',(1.850180704,26.412168139,1.58144329));
#1628=CARTESIAN_POINT('',(1.734828266,26.410717957,1.547035239));
#1629=CARTESIAN_POINT('',(1.506809744,26.384892346,1.475407172));
#1630=CARTESIAN_POINT('',(1.172836199,26.275147733,1.372837474));
#1631=CARTESIAN_POINT('',(0.855894777,26.096965962,1.30092533));
#1632=CARTESIAN_POINT('',(0.571635568,25.859592495,1.275173051));
#1633=CARTESIAN_POINT('',(0.333974038,25.575655964,1.302536612));
#1634=CARTESIAN_POINT('',(0.096670387,25.153190939,1.399683351));
#1635=CARTESIAN_POINT('',(0.022167146,24.812717042,1.5154301));
#1636=CARTESIAN_POINT('',(0.019322585,24.582038665,1.584215972));
#1637=CARTESIAN_POINT('',(1.804830037,26.429848441,1.798495959));
#1638=CARTESIAN_POINT('',(1.690598036,26.429732169,1.762036386));
#1639=CARTESIAN_POINT('',(1.463603229,26.405834965,1.688624194));
#1640=CARTESIAN_POINT('',(1.130820576,26.300439817,1.591904828));
#1641=CARTESIAN_POINT('',(0.816282873,26.12762973,1.524660022));
#1642=CARTESIAN_POINT('',(0.536447104,25.89538715,1.499665892));
#1643=CARTESIAN_POINT('',(0.303771101,25.615464535,1.525861246));
#1644=CARTESIAN_POINT('',(0.074224065,25.196602537,1.616019506));
#1645=CARTESIAN_POINT('',(0.002121297,24.856237286,1.727290776));
#1646=CARTESIAN_POINT('',(0.002046155,24.627692068,1.801392028));
#1647=CARTESIAN_POINT('',(1.771733467,26.420320669,1.962408822));
#1648=CARTESIAN_POINT('',(1.656518379,26.421231701,1.925523881));
#1649=CARTESIAN_POINT('',(1.427643601,26.398390497,1.853395656));
#1650=CARTESIAN_POINT('',(1.103667131,26.296899447,1.762884749));
#1651=CARTESIAN_POINT('',(0.797892114,26.130502077,1.69984623));
#1652=CARTESIAN_POINT('',(0.526435982,25.90587255,1.675584385));
#1653=CARTESIAN_POINT('',(0.301321659,25.634070029,1.70070983));
#1654=CARTESIAN_POINT('',(0.079985472,25.227080054,1.785446923));
#1655=CARTESIAN_POINT('',(0.010592374,24.894403709,1.889966647));
#1656=CARTESIAN_POINT('',(0.01168231,24.660771742,1.965277412));
#1657=CARTESIAN_POINT('',(1.747844068,26.404416314,2.072974403));
#1658=CARTESIAN_POINT('',(1.632445072,26.405754013,2.036347114));
#1659=CARTESIAN_POINT('',(1.402998161,26.383500879,1.965639401));
#1660=CARTESIAN_POINT('',(1.087087005,26.285034345,1.879568379));
#1661=CARTESIAN_POINT('',(0.790631022,26.123768184,1.819491281));
#1662=CARTESIAN_POINT('',(0.526635471,25.905940832,1.796271978));
#1663=CARTESIAN_POINT('',(0.308321589,25.641595142,1.820295396));
#1664=CARTESIAN_POINT('',(0.093382829,25.246603024,1.901193399));
#1665=CARTESIAN_POINT('',(0.026339625,24.920908918,2.000872187));
#1666=CARTESIAN_POINT('',(0.027779626,24.685295745,2.075950613));
#1667=B_SPLINE_SURFACE_WITH_KNOTS('',3,3,((#1537,#1538,#1539,#1540,#1541,#1542,#1543,#1544,#1545,#1546),(#1547,#1548,#1549,#1550,#1551,#1552,#1553,#1554,#1555,#1556),(#1557,#1558,#1559,#1560,#1561,#1562,#1563,#1564,#1565,#1566),(#1567,#1568,#1569,#1570,#1571,#1572,#1573,#1574,#1575,#1576),(#1577,#1578,#1579,#1580,#1581,#1582,#1583,#1584,#1585,#1586),(#1587,#1588,#1589,#1590,#1591,#1592,#1593,#1594,#1595,#1596),(#1597,#1598,#1599,#1600,#1601,#1602,#1603,#1604,#1605,#1606),(#1607,#1608,#1609,#1610,#1611,#1612,#1613,#1614,#1615,#1616),(#1617,#1618,#1619,#1620,#1621,#1622,#1623,#1624,#1625,#1626),(#1627,#1628,#1629,#1630,#1631,#1632,#1633,#1634,#1635,#1636),(#1637,#1638,#1639,#1640,#1641,#1642,#1643,#1644,#1645,#1646),(#1647,#1648,#1649,#1650,#1651,#1652,#1653,#1654,#1655,#1656),(#1657,#1658,#1659,#1660,#1661,#1662,#1663,#1664,#1665,#1666)),.UNSPECIFIED.,.F.,.F.,.U.,(4,1,1,1,1,1,1,1,1,1,4),(4,1,1,1,1,1,1,4),(-0.001467451,-0.001154291,-0.000841114,-0.000527937,-0.000214759,0.000098418,0.000255006,0.000411595,0.000568184,0.000724772,0.001033106),(-0.001270218,-0.000952486,-0.000634736,-0.000316987,0.000000763,0.000318513,0.000636262,0.001271752),.UNSPECIFIED.);
#1668=ORIENTED_EDGE('',*,*,#1355,.T.);
#1669=ORIENTED_EDGE('',*,*,#1055,.T.);
#1670=ORIENTED_EDGE('',*,*,#1532,.F.);
#1671=EDGE_LOOP('',(#1668,#1669,#1670));
#1672=FACE_BOUND('',#1671,.T.);
#1673=ADVANCED_FACE('',(#1672),#1667,.F.);
#1674=CARTESIAN_POINT('',(1.051093779,2.917382151,0.397383031));
#1675=CARTESIAN_POINT('',(1.083778478,2.806681777,0.342743462));
#1676=CARTESIAN_POINT('',(1.166020518,2.593485678,0.240597191));
#1677=CARTESIAN_POINT('',(1.340881711,2.3001176,0.11409058));
#1678=CARTESIAN_POINT('',(1.565608963,2.036989085,0.028093894));
#1679=CARTESIAN_POINT('',(1.80704169,1.803798851,-0.002438826));
#1680=CARTESIAN_POINT('',(2.039779562,1.562112114,0.028934469));
#1681=CARTESIAN_POINT('',(2.390546207,1.262328762,0.144765621));
#1682=CARTESIAN_POINT('',(2.698843406,1.113131068,0.292924042));
#1683=CARTESIAN_POINT('',(2.920674533,1.047701911,0.404951216));
#1684=CARTESIAN_POINT('',(0.984045077,2.840869702,0.400329081));
#1685=CARTESIAN_POINT('',(1.015110009,2.729455793,0.345920121));
#1686=CARTESIAN_POINT('',(1.094070999,2.514974276,0.24416271));
#1687=CARTESIAN_POINT('',(1.263988501,2.219783733,0.117141152));
#1688=CARTESIAN_POINT('',(1.483230749,1.95602636,0.02942641));
#1689=CARTESIAN_POINT('',(1.723991947,1.720809682,-0.002823373));
#1690=CARTESIAN_POINT('',(1.958802669,1.479875215,0.030250453));
#1691=CARTESIAN_POINT('',(2.310331871,1.187410594,0.148328544));
#1692=CARTESIAN_POINT('',(2.620835618,1.042934404,0.296251825));
#1693=CARTESIAN_POINT('',(2.844028207,0.980763439,0.407671598));
#1694=CARTESIAN_POINT('',(0.850897349,2.690713734,0.424097445));
#1695=CARTESIAN_POINT('',(0.878665712,2.577875921,0.370269766));
#1696=CARTESIAN_POINT('',(0.951541115,2.360315136,0.269274381));
#1697=CARTESIAN_POINT('',(1.111767506,2.061038762,0.142640712));
#1698=CARTESIAN_POINT('',(1.321762146,1.793602577,0.052808292));
#1699=CARTESIAN_POINT('',(1.556733644,1.554259379,0.019195195));
#1700=CARTESIAN_POINT('',(1.79635988,1.318637477,0.053698321));
#1701=CARTESIAN_POINT('',(2.152250013,1.038837808,0.174222551));
#1702=CARTESIAN_POINT('',(2.467443218,0.903648864,0.32076192));
#1703=CARTESIAN_POINT('',(2.6936465,0.847770876,0.431013995));
#1704=CARTESIAN_POINT('',(0.653916581,2.477471306,0.51382886));
#1705=CARTESIAN_POINT('',(0.676152619,2.361875565,0.461907525));
#1706=CARTESIAN_POINT('',(0.738326501,2.139438069,0.363997408));
#1707=CARTESIAN_POINT('',(0.887353308,1.829964677,0.237290991));
#1708=CARTESIAN_POINT('',(1.085452221,1.552597164,0.149755509));
#1709=CARTESIAN_POINT('',(1.309487422,1.307356445,0.120072151));
#1710=CARTESIAN_POINT('',(1.554472249,1.082909116,0.150584032));
#1711=CARTESIAN_POINT('',(1.924696381,0.818250003,0.268465494));
#1712=CARTESIAN_POINT('',(2.249015197,0.695150506,0.414720262));
#1713=CARTESIAN_POINT('',(2.479621371,0.651160154,0.519603616));
#1714=CARTESIAN_POINT('',(0.46250964,2.284949349,0.660217424));
#1715=CARTESIAN_POINT('',(0.478205322,2.166249176,0.611824796));
#1716=CARTESIAN_POINT('',(0.528720448,1.936732674,0.519296639));
#1717=CARTESIAN_POINT('',(0.659677751,1.621694612,0.400565731));
#1718=CARTESIAN_POINT('',(0.850386903,1.33185271,0.315870741));
#1719=CARTESIAN_POINT('',(1.077633931,1.07567628,0.287135305));
#1720=CARTESIAN_POINT('',(1.333563342,0.847904035,0.316562745));
#1721=CARTESIAN_POINT('',(1.719481793,0.594280701,0.431037142));
#1722=CARTESIAN_POINT('',(2.047771028,0.492276086,0.5664207));
#1723=CARTESIAN_POINT('',(2.285972545,0.460531767,0.663924889));
#1724=CARTESIAN_POINT('',(0.287991506,2.12101526,0.86160596));
#1725=CARTESIAN_POINT('',(0.297197099,2.000329888,0.819126598));
#1726=CARTESIAN_POINT('',(0.336063344,1.766234545,0.734645539));
#1727=CARTESIAN_POINT('',(0.458878049,1.440585791,0.624179876));
#1728=CARTESIAN_POINT('',(0.643150624,1.143149372,0.545928647));
#1729=CARTESIAN_POINT('',(0.875899284,0.874078649,0.517382082));
#1730=CARTESIAN_POINT('',(1.144361105,0.640942607,0.547622834));
#1731=CARTESIAN_POINT('',(1.54028503,0.39545918,0.652473787));
#1732=CARTESIAN_POINT('',(1.88062357,0.304386767,0.778670359));
#1733=CARTESIAN_POINT('',(2.121881597,0.286664063,0.864506796));
#1734=CARTESIAN_POINT('',(0.167668546,2.009672286,1.071493375));
#1735=CARTESIAN_POINT('',(0.172799326,1.888516353,1.034625816));
#1736=CARTESIAN_POINT('',(0.204351555,1.653228269,0.960786047));
#1737=CARTESIAN_POINT('',(0.322861027,1.324845788,0.854274939));
#1738=CARTESIAN_POINT('',(0.506403792,1.018984664,0.777372692));
#1739=CARTESIAN_POINT('',(0.743294687,0.741735125,0.750072125));
#1740=CARTESIAN_POINT('',(1.0199594,0.504464305,0.779346163));
#1741=CARTESIAN_POINT('',(1.426954095,0.258934293,0.883839238));
#1742=CARTESIAN_POINT('',(1.767565839,0.175824015,1.001635245));
#1743=CARTESIAN_POINT('',(2.010476813,0.166821054,1.073833187));
#1744=CARTESIAN_POINT('',(0.09221414,1.936549589,1.265342202));
#1745=CARTESIAN_POINT('',(0.09540238,1.817126797,1.231242372));
#1746=CARTESIAN_POINT('',(0.124243589,1.583880465,1.160961031));
#1747=CARTESIAN_POINT('',(0.239539677,1.253491965,1.054939976));
#1748=CARTESIAN_POINT('',(0.42197672,0.941686358,0.979157308));
#1749=CARTESIAN_POINT('',(0.660730203,0.65951934,0.952377251));
#1750=CARTESIAN_POINT('',(0.94251784,0.420278699,0.981091132));
#1751=CARTESIAN_POINT('',(1.357381705,0.176628909,1.084597875));
#1752=CARTESIAN_POINT('',(1.697583095,0.097224934,1.201091528));
#1753=CARTESIAN_POINT('',(1.93693328,0.091499465,1.267663982));
#1754=CARTESIAN_POINT('',(0.04855865,1.889491311,1.420662308));
#1755=CARTESIAN_POINT('',(0.050822669,1.772081913,1.387087497));
#1756=CARTESIAN_POINT('',(0.07819011,1.54191296,1.316608615));
#1757=CARTESIAN_POINT('',(0.190857564,1.209423793,1.211594565));
#1758=CARTESIAN_POINT('',(0.371721255,0.894125374,1.137171342));
#1759=CARTESIAN_POINT('',(0.610684986,0.60971644,1.110860038));
#1760=CARTESIAN_POINT('',(0.894684042,0.370361678,1.139022267));
#1761=CARTESIAN_POINT('',(1.314756541,0.129179975,1.240201516));
#1762=CARTESIAN_POINT('',(1.654659516,0.052282321,1.356897106));
#1763=CARTESIAN_POINT('',(1.889412504,0.047973532,1.423211273));
#1764=CARTESIAN_POINT('',(0.019706861,1.850180704,1.58144329));
#1765=CARTESIAN_POINT('',(0.021157043,1.734828266,1.547035239));
#1766=CARTESIAN_POINT('',(0.046982654,1.506809744,1.475407172));
#1767=CARTESIAN_POINT('',(0.156727267,1.172836199,1.372837474));
#1768=CARTESIAN_POINT('',(0.334909038,0.855894777,1.30092533));
#1769=CARTESIAN_POINT('',(0.572282505,0.571635568,1.275173051));
#1770=CARTESIAN_POINT('',(0.856219036,0.333974038,1.302536612));
#1771=CARTESIAN_POINT('',(1.278684061,0.096670387,1.399683351));
#1772=CARTESIAN_POINT('',(1.619157958,0.022167146,1.5154301));
#1773=CARTESIAN_POINT('',(1.849836335,0.019322585,1.584215972));
#1774=CARTESIAN_POINT('',(0.002026559,1.804830037,1.798495959));
#1775=CARTESIAN_POINT('',(0.002142831,1.690598036,1.762036386));
#1776=CARTESIAN_POINT('',(0.026040035,1.463603229,1.688624194));
#1777=CARTESIAN_POINT('',(0.131435183,1.130820576,1.591904828));
#1778=CARTESIAN_POINT('',(0.30424527,0.816282873,1.524660022));
#1779=CARTESIAN_POINT('',(0.53648785,0.536447104,1.499665892));
#1780=CARTESIAN_POINT('',(0.816410465,0.303771101,1.525861246));
#1781=CARTESIAN_POINT('',(1.235272463,0.074224065,1.616019506));
#1782=CARTESIAN_POINT('',(1.575637714,0.002121297,1.727290776));
#1783=CARTESIAN_POINT('',(1.804182932,0.002046155,1.801392028));
#1784=CARTESIAN_POINT('',(0.011554331,1.771733467,1.962408822));
#1785=CARTESIAN_POINT('',(0.010643299,1.656518379,1.925523881));
#1786=CARTESIAN_POINT('',(0.033484503,1.427643601,1.853395656));
#1787=CARTESIAN_POINT('',(0.134975553,1.103667131,1.762884748));
#1788=CARTESIAN_POINT('',(0.301372923,0.797892114,1.69984623));
#1789=CARTESIAN_POINT('',(0.52600245,0.526435982,1.675584385));
#1790=CARTESIAN_POINT('',(0.797804971,0.301321659,1.70070983));
#1791=CARTESIAN_POINT('',(1.204794946,0.079985472,1.785446923));
#1792=CARTESIAN_POINT('',(1.537471291,0.010592374,1.889966647));
#1793=CARTESIAN_POINT('',(1.771103258,0.01168231,1.965277412));
#1794=CARTESIAN_POINT('',(0.027458686,1.747844067,2.072974403));
#1795=CARTESIAN_POINT('',(0.026120987,1.632445072,2.036347114));
#1796=CARTESIAN_POINT('',(0.048374121,1.402998161,1.965639401));
#1797=CARTESIAN_POINT('',(0.146840655,1.087087004,1.879568379));
#1798=CARTESIAN_POINT('',(0.308106816,0.790631022,1.819491281));
#1799=CARTESIAN_POINT('',(0.525934168,0.526635471,1.796271978));
#1800=CARTESIAN_POINT('',(0.790279859,0.308321589,1.820295396));
#1801=CARTESIAN_POINT('',(1.185271976,0.093382829,1.901193399));
#1802=CARTESIAN_POINT('',(1.510966082,0.026339625,2.000872187));
#1803=CARTESIAN_POINT('',(1.746579255,0.027779626,2.075950613));
#1804=B_SPLINE_SURFACE_WITH_KNOTS('',3,3,((#1674,#1675,#1676,#1677,#1678,#1679,#1680,#1681,#1682,#1683),(#1684,#1685,#1686,#1687,#1688,#1689,#1690,#1691,#1692,#1693),(#1694,#1695,#1696,#1697,#1698,#1699,#1700,#1701,#1702,#1703),(#1704,#1705,#1706,#1707,#1708,#1709,#1710,#1711,#1712,#1713),(#1714,#1715,#1716,#1717,#1718,#1719,#1720,#1721,#1722,#1723),(#1724,#1725,#1726,#1727,#1728,#1729,#1730,#1731,#1732,#1733),(#1734,#1735,#1736,#1737,#1738,#1739,#1740,#1741,#1742,#1743),(#1744,#1745,#1746,#1747,#1748,#1749,#1750,#1751,#1752,#1753),(#1754,#1755,#1756,#1757,#1758,#1759,#1760,#1761,#1762,#1763),(#1764,#1765,#1766,#1767,#1768,#1769,#1770,#1771,#1772,#1773),(#1774,#1775,#1776,#1777,#1778,#1779,#1780,#1781,#1782,#1783),(#1784,#1785,#1786,#1787,#1788,#1789,#1790,#1791,#1792,#1793),(#1794,#1795,#1796,#1797,#1798,#1799,#1800,#1801,#1802,#1803)),.UNSPECIFIED.,.F.,.F.,.U.,(4,1,1,1,1,1,1,1,1,1,4),(4,1,1,1,1,1,1,4),(-0.001467451,-0.001154291,-0.000841114,-0.000527937,-0.000214759,0.000098418,0.000255006,0.000411595,0.000568184,0.000724772,0.001033106),(-0.001270218,-0.000952486,-0.000634736,-0.000316987,0.000000763,0.000318513,0.000636262,0.001271752),.UNSPECIFIED.);
#1805=ORIENTED_EDGE('',*,*,#1170,.T.);
#1806=ORIENTED_EDGE('',*,*,#1515,.T.);
#1807=ORIENTED_EDGE('',*,*,#1086,.F.);
#1808=EDGE_LOOP('',(#1805,#1806,#1807));
#1809=FACE_BOUND('',#1808,.T.);
#1810=ADVANCED_FACE('',(#1809),#1804,.F.);
#1811=CARTESIAN_POINT('',(0.5953125,3.427911888,4.715963112));
#1812=DIRECTION('',(-1.,0.,0.));
#1813=DIRECTION('',(0.,0.,1.));
#1814=AXIS2_PLACEMENT_3D('',#1811,#1812,#1813);
#1815=CYLINDRICAL_SURFACE('',#1814,0.898025612);
#1816=CARTESIAN_POINT('',(7.2469375,3.847924908,5.509713112));
#1817=VERTEX_POINT('',#1816);
#1818=CARTESIAN_POINT('',(7.2469375,3.427911888,4.715963112));
#1819=DIRECTION('',(-1.,-0.,-0.));
#1820=DIRECTION('',(0.,0.,-1.));
#1821=AXIS2_PLACEMENT_3D('',#1818,#1819,#1820);
#1822=CIRCLE('',#1821,0.898025612);
#1823=EDGE_CURVE('',#1817,#1118,#1822,.T.);
#1824=ORIENTED_EDGE('',*,*,#1823,.F.);
#1825=CARTESIAN_POINT('',(14.4859375,3.847924908,5.509713112));
#1826=VERTEX_POINT('',#1825);
#1827=CARTESIAN_POINT('',(14.4859375,3.847924908,5.509713112));
#1828=DIRECTION('',(-1.,0.,0.));
#1829=VECTOR('',#1828,7.239);
#1830=LINE('',#1827,#1829);
#1831=EDGE_CURVE('',#1826,#1817,#1830,.T.);
#1832=ORIENTED_EDGE('',*,*,#1831,.F.);
#1833=CARTESIAN_POINT('',(14.4859375,3.427911888,4.715963112));
#1834=DIRECTION('',(1.,-0.,-0.));
#1835=DIRECTION('',(0.,0.,1.));
#1836=AXIS2_PLACEMENT_3D('',#1833,#1834,#1835);
#1837=CIRCLE('',#1836,0.898025612);
#1838=EDGE_CURVE('',#1126,#1826,#1837,.T.);
#1839=ORIENTED_EDGE('',*,*,#1838,.F.);
#1840=ORIENTED_EDGE('',*,*,#1131,.F.);
#1841=EDGE_LOOP('',(#1824,#1832,#1839,#1840));
#1842=FACE_BOUND('',#1841,.T.);
#1843=ADVANCED_FACE('',(#1842),#1815,.T.);
#1844=CARTESIAN_POINT('',(11.5966875,17.2164375,10.62434375));
#1845=DIRECTION('',(0.,-1.,0.));
#1846=DIRECTION('',(1.,0.,0.));
#1847=AXIS2_PLACEMENT_3D('',#1844,#1845,#1846);
#1848=PLANE('',#1847);
#1849=ORIENTED_EDGE('',*,*,#815,.F.);
#1850=CARTESIAN_POINT('',(17.600582272,17.2164375,10.9299375));
#1851=DIRECTION('',(0.,0.,1.));
#1852=VECTOR('',#1851,1.778);
#1853=LINE('',#1850,#1852);
#1854=EDGE_CURVE('',#802,#698,#1853,.T.);
#1855=ORIENTED_EDGE('',*,*,#1854,.T.);
#1856=ORIENTED_EDGE('',*,*,#703,.F.);
#1857=CARTESIAN_POINT('',(9.5964375,17.2164375,10.9299375));
#1858=DIRECTION('',(-0.,-0.,1.));
#1859=VECTOR('',#1858,1.778);
#1860=LINE('',#1857,#1859);
#1861=EDGE_CURVE('',#810,#668,#1860,.T.);
#1862=ORIENTED_EDGE('',*,*,#1861,.F.);
#1863=EDGE_LOOP('',(#1849,#1855,#1856,#1862));
#1864=FACE_BOUND('',#1863,.T.);
#1865=ADVANCED_FACE('',(#1864),#1848,.T.);
#1866=CARTESIAN_POINT('',(9.5964375,15.2161875,10.62434375));
#1867=DIRECTION('',(1.,0.,0.));
#1868=DIRECTION('',(0.,0.,-1.));
#1869=AXIS2_PLACEMENT_3D('',#1866,#1867,#1868);
#1870=PLANE('',#1869);
#1871=ORIENTED_EDGE('',*,*,#1861,.T.);
#1872=ORIENTED_EDGE('',*,*,#673,.F.);
#1873=CARTESIAN_POINT('',(9.5964375,9.2154375,10.9299375));
#1874=DIRECTION('',(0.,0.,1.));
#1875=VECTOR('',#1874,1.778);
#1876=LINE('',#1873,#1875);
#1877=EDGE_CURVE('',#818,#660,#1876,.T.);
#1878=ORIENTED_EDGE('',*,*,#1877,.F.);
#1879=ORIENTED_EDGE('',*,*,#823,.F.);
#1880=EDGE_LOOP('',(#1871,#1872,#1878,#1879));
#1881=FACE_BOUND('',#1880,.T.);
#1882=ADVANCED_FACE('',(#1881),#1870,.T.);
#1883=CARTESIAN_POINT('',(13.5969375,9.2154375,10.62434375));
#1884=DIRECTION('',(0.,1.,0.));
#1885=DIRECTION('',(-1.,0.,0.));
#1886=AXIS2_PLACEMENT_3D('',#1883,#1884,#1885);
#1887=PLANE('',#1886);
#1888=ORIENTED_EDGE('',*,*,#1877,.T.);
#1889=ORIENTED_EDGE('',*,*,#761,.F.);
#1890=CARTESIAN_POINT('',(17.597437501,9.2154375,10.9299375));
#1891=DIRECTION('',(0.,0.,1.));
#1892=VECTOR('',#1891,1.778);
#1893=LINE('',#1890,#1892);
#1894=EDGE_CURVE('',#800,#728,#1893,.T.);
#1895=ORIENTED_EDGE('',*,*,#1894,.F.);
#1896=ORIENTED_EDGE('',*,*,#829,.F.);
#1897=EDGE_LOOP('',(#1888,#1889,#1895,#1896));
#1898=FACE_BOUND('',#1897,.T.);
#1899=ADVANCED_FACE('',(#1898),#1887,.T.);
#1900=CARTESIAN_POINT('',(14.4859375,1.7859375,1.7859375));
#1901=DIRECTION('',(1.,0.,0.));
#1902=DIRECTION('',(0.,1.,0.));
#1903=AXIS2_PLACEMENT_3D('',#1900,#1901,#1902);
#1904=PLANE('',#1903);
#1905=CARTESIAN_POINT('',(14.4859375,1.7859375,5.509713112));
#1906=DIRECTION('',(0.,1.,0.));
#1907=VECTOR('',#1906,2.061987408);
#1908=LINE('',#1905,#1907);
#1909=EDGE_CURVE('',#895,#1826,#1908,.T.);
#1910=ORIENTED_EDGE('',*,*,#1909,.F.);
#1911=ORIENTED_EDGE('',*,*,#902,.T.);
#1912=ORIENTED_EDGE('',*,*,#1137,.F.);
#1913=ORIENTED_EDGE('',*,*,#1838,.T.);
#1914=EDGE_LOOP('',(#1910,#1911,#1912,#1913));
#1915=FACE_BOUND('',#1914,.T.);
#1916=ADVANCED_FACE('',(#1915),#1904,.T.);
#1917=CARTESIAN_POINT('',(17.599009886,13.2159375,10.62434375));
#1918=DIRECTION('',(-0.999999923,0.000393047,0.));
#1919=DIRECTION('',(-0.000393047,-0.999999923,0.));
#1920=AXIS2_PLACEMENT_3D('',#1917,#1918,#1919);
#1921=PLANE('',#1920);
#1922=ORIENTED_EDGE('',*,*,#1894,.T.);
#1923=ORIENTED_EDGE('',*,*,#733,.F.);
#1924=ORIENTED_EDGE('',*,*,#1854,.F.);
#1925=ORIENTED_EDGE('',*,*,#807,.F.);
#1926=EDGE_LOOP('',(#1922,#1923,#1924,#1925));
#1927=FACE_BOUND('',#1926,.T.);
#1928=ADVANCED_FACE('',(#1927),#1921,.T.);
#1929=CARTESIAN_POINT('',(7.0564375,17.2164375,15.2479375));
#1930=DIRECTION('',(0.,-1.,0.));
#1931=DIRECTION('',(0.,0.,-1.));
#1932=AXIS2_PLACEMENT_3D('',#1929,#1930,#1931);
#1933=PLANE('',#1932);
#1934=ORIENTED_EDGE('',*,*,#681,.F.);
#1935=CARTESIAN_POINT('',(9.5964375,17.2164375,13.9779375));
#1936=VERTEX_POINT('',#1935);
#1937=CARTESIAN_POINT('',(9.5964375,17.2164375,13.9779375));
#1938=DIRECTION('',(-0.,-0.,-1.));
#1939=VECTOR('',#1938,1.27);
#1940=LINE('',#1937,#1939);
#1941=EDGE_CURVE('',#1936,#668,#1940,.T.);
#1942=ORIENTED_EDGE('',*,*,#1941,.F.);
#1943=CARTESIAN_POINT('',(4.5164375,17.2164375,13.9779375));
#1944=VERTEX_POINT('',#1943);
#1945=CARTESIAN_POINT('',(9.5964375,17.2164375,13.9779375));
#1946=DIRECTION('',(-1.,-0.,0.));
#1947=VECTOR('',#1946,5.08);
#1948=LINE('',#1945,#1947);
#1949=EDGE_CURVE('',#1936,#1944,#1948,.T.);
#1950=ORIENTED_EDGE('',*,*,#1949,.T.);
#1951=CARTESIAN_POINT('',(4.5164375,17.2164375,13.605963112));
#1952=VERTEX_POINT('',#1951);
#1953=CARTESIAN_POINT('',(4.5164375,17.2164375,13.9779375));
#1954=DIRECTION('',(0.,0.,-1.));
#1955=VECTOR('',#1954,0.371974388);
#1956=LINE('',#1953,#1955);
#1957=EDGE_CURVE('',#1944,#1952,#1956,.T.);
#1958=ORIENTED_EDGE('',*,*,#1957,.T.);
#1959=CARTESIAN_POINT('',(3.2464375,17.2164375,13.605963112));
#1960=DIRECTION('',(-0.,1.,-0.));
#1961=DIRECTION('',(-1.,0.,0.));
#1962=AXIS2_PLACEMENT_3D('',#1959,#1960,#1961);
#1963=ELLIPSE('',#1962,1.27,0.898025612);
#1964=EDGE_CURVE('',#1952,#676,#1963,.T.);
#1965=ORIENTED_EDGE('',*,*,#1964,.T.);
#1966=EDGE_LOOP('',(#1934,#1942,#1950,#1958,#1965));
#1967=FACE_BOUND('',#1966,.T.);
#1968=ADVANCED_FACE('',(#1967),#1933,.T.);
#1969=CARTESIAN_POINT('',(9.5964375,19.7564375,15.2479375));
#1970=DIRECTION('',(-1.,0.,0.));
#1971=DIRECTION('',(0.,0.,1.));
#1972=AXIS2_PLACEMENT_3D('',#1969,#1970,#1971);
#1973=PLANE('',#1972);
#1974=ORIENTED_EDGE('',*,*,#695,.T.);
#1975=CARTESIAN_POINT('',(9.5964375,22.2964375,13.605963112));
#1976=VERTEX_POINT('',#1975);
#1977=CARTESIAN_POINT('',(9.5964375,23.5664375,13.605963112));
#1978=DIRECTION('',(-1.,0.,0.));
#1979=DIRECTION('',(0.,-1.,0.));
#1980=AXIS2_PLACEMENT_3D('',#1977,#1978,#1979);
#1981=ELLIPSE('',#1980,1.27,0.898025612);
#1982=EDGE_CURVE('',#684,#1976,#1981,.T.);
#1983=ORIENTED_EDGE('',*,*,#1982,.T.);
#1984=CARTESIAN_POINT('',(9.5964375,22.2964375,13.9779375));
#1985=VERTEX_POINT('',#1984);
#1986=CARTESIAN_POINT('',(9.5964375,22.2964375,13.9779375));
#1987=DIRECTION('',(-0.,-0.,-1.));
#1988=VECTOR('',#1987,0.371974388);
#1989=LINE('',#1986,#1988);
#1990=EDGE_CURVE('',#1985,#1976,#1989,.T.);
#1991=ORIENTED_EDGE('',*,*,#1990,.F.);
#1992=CARTESIAN_POINT('',(9.5964375,17.2164375,13.9779375));
#1993=DIRECTION('',(0.,1.,0.));
#1994=VECTOR('',#1993,5.08);
#1995=LINE('',#1992,#1994);
#1996=EDGE_CURVE('',#1936,#1985,#1995,.T.);
#1997=ORIENTED_EDGE('',*,*,#1996,.F.);
#1998=ORIENTED_EDGE('',*,*,#1941,.T.);
#1999=EDGE_LOOP('',(#1974,#1983,#1991,#1997,#1998));
#2000=FACE_BOUND('',#1999,.T.);
#2001=ADVANCED_FACE('',(#2000),#1973,.F.);
#2002=CARTESIAN_POINT('',(7.0564375,19.7564375,15.2479375));
#2003=DIRECTION('',(-0.707106781,0.707106781,0.));
#2004=DIRECTION('',(-0.707106781,-0.707106781,0.));
#2005=AXIS2_PLACEMENT_3D('',#2002,#2003,#2004);
#2006=PLANE('',#2005);
#2007=ORIENTED_EDGE('',*,*,#1990,.T.);
#2008=CARTESIAN_POINT('',(9.5964375,22.2964375,13.605963112));
#2009=DIRECTION('',(-0.707106781,-0.707106781,-0.));
#2010=VECTOR('',#2009,7.184204897);
#2011=LINE('',#2008,#2010);
#2012=EDGE_CURVE('',#1976,#1952,#2011,.T.);
#2013=ORIENTED_EDGE('',*,*,#2012,.T.);
#2014=ORIENTED_EDGE('',*,*,#1957,.F.);
#2015=CARTESIAN_POINT('',(4.5164375,17.2164375,14.349911888));
#2016=VERTEX_POINT('',#2015);
#2017=CARTESIAN_POINT('',(4.5164375,17.2164375,14.349911888));
#2018=DIRECTION('',(-0.,-0.,-1.));
#2019=VECTOR('',#2018,0.371974388);
#2020=LINE('',#2017,#2019);
#2021=EDGE_CURVE('',#2016,#1944,#2020,.T.);
#2022=ORIENTED_EDGE('',*,*,#2021,.F.);
#2023=CARTESIAN_POINT('',(9.5964375,22.2964375,14.349911888));
#2024=VERTEX_POINT('',#2023);
#2025=CARTESIAN_POINT('',(4.5164375,17.2164375,14.349911888));
#2026=DIRECTION('',(0.707106781,0.707106781,-0.));
#2027=VECTOR('',#2026,7.184204897);
#2028=LINE('',#2025,#2027);
#2029=EDGE_CURVE('',#2016,#2024,#2028,.T.);
#2030=ORIENTED_EDGE('',*,*,#2029,.T.);
#2031=CARTESIAN_POINT('',(9.5964375,22.2964375,14.349911888));
#2032=DIRECTION('',(-0.,-0.,-1.));
#2033=VECTOR('',#2032,0.371974388);
#2034=LINE('',#2031,#2033);
#2035=EDGE_CURVE('',#2024,#1985,#2034,.T.);
#2036=ORIENTED_EDGE('',*,*,#2035,.T.);
#2037=EDGE_LOOP('',(#2007,#2013,#2014,#2022,#2030,#2036));
#2038=FACE_BOUND('',#2037,.T.);
#2039=ADVANCED_FACE('',(#2038),#2006,.T.);
#2040=CARTESIAN_POINT('',(20.140582272,19.7564375,15.2479375));
#2041=DIRECTION('',(0.707106781,0.707106781,0.));
#2042=DIRECTION('',(-0.707106781,0.707106781,0.));
#2043=AXIS2_PLACEMENT_3D('',#2040,#2041,#2042);
#2044=PLANE('',#2043);
#2045=CARTESIAN_POINT('',(22.680582271,17.2164375,13.9779375));
#2046=VERTEX_POINT('',#2045);
#2047=CARTESIAN_POINT('',(22.680582272,17.2164375,13.605963112));
#2048=VERTEX_POINT('',#2047);
#2049=CARTESIAN_POINT('',(22.680582272,17.2164375,13.9779375));
#2050=DIRECTION('',(-0.,-0.,-1.));
#2051=VECTOR('',#2050,0.371974388);
#2052=LINE('',#2049,#2051);
#2053=EDGE_CURVE('',#2046,#2048,#2052,.T.);
#2054=ORIENTED_EDGE('',*,*,#2053,.T.);
#2055=CARTESIAN_POINT('',(17.600582272,22.2964375,13.605963112));
#2056=VERTEX_POINT('',#2055);
#2057=CARTESIAN_POINT('',(22.680582272,17.2164375,13.605963112));
#2058=DIRECTION('',(-0.707106781,0.707106781,-0.));
#2059=VECTOR('',#2058,7.184204897);
#2060=LINE('',#2057,#2059);
#2061=EDGE_CURVE('',#2048,#2056,#2060,.T.);
#2062=ORIENTED_EDGE('',*,*,#2061,.T.);
#2063=CARTESIAN_POINT('',(17.600582272,22.2964375,13.9779375));
#2064=VERTEX_POINT('',#2063);
#2065=CARTESIAN_POINT('',(17.600582272,22.2964375,13.9779375));
#2066=DIRECTION('',(-0.,-0.,-1.));
#2067=VECTOR('',#2066,0.371974388);
#2068=LINE('',#2065,#2067);
#2069=EDGE_CURVE('',#2064,#2056,#2068,.T.);
#2070=ORIENTED_EDGE('',*,*,#2069,.F.);
#2071=CARTESIAN_POINT('',(17.600582272,22.2964375,14.349911888));
#2072=VERTEX_POINT('',#2071);
#2073=CARTESIAN_POINT('',(17.600582272,22.2964375,14.349911888));
#2074=DIRECTION('',(0.,0.,-1.));
#2075=VECTOR('',#2074,0.371974388);
#2076=LINE('',#2073,#2075);
#2077=EDGE_CURVE('',#2072,#2064,#2076,.T.);
#2078=ORIENTED_EDGE('',*,*,#2077,.F.);
#2079=CARTESIAN_POINT('',(22.680582272,17.2164375,14.349911888));
#2080=VERTEX_POINT('',#2079);
#2081=CARTESIAN_POINT('',(17.600582272,22.2964375,14.349911888));
#2082=DIRECTION('',(0.707106781,-0.707106781,-0.));
#2083=VECTOR('',#2082,7.184204897);
#2084=LINE('',#2081,#2083);
#2085=EDGE_CURVE('',#2072,#2080,#2084,.T.);
#2086=ORIENTED_EDGE('',*,*,#2085,.T.);
#2087=CARTESIAN_POINT('',(22.680582272,17.2164375,14.349911888));
#2088=DIRECTION('',(-0.,-0.,-1.));
#2089=VECTOR('',#2088,0.371974388);
#2090=LINE('',#2087,#2089);
#2091=EDGE_CURVE('',#2080,#2046,#2090,.T.);
#2092=ORIENTED_EDGE('',*,*,#2091,.T.);
#2093=EDGE_LOOP('',(#2054,#2062,#2070,#2078,#2086,#2092));
#2094=FACE_BOUND('',#2093,.T.);
#2095=ADVANCED_FACE('',(#2094),#2044,.T.);
#2096=CARTESIAN_POINT('',(17.600582272,19.7564375,15.2479375));
#2097=DIRECTION('',(-1.,0.,0.));
#2098=DIRECTION('',(0.,-1.,0.));
#2099=AXIS2_PLACEMENT_3D('',#2096,#2097,#2098);
#2100=PLANE('',#2099);
#2101=ORIENTED_EDGE('',*,*,#711,.F.);
#2102=CARTESIAN_POINT('',(17.600582272,17.2164375,13.9779375));
#2103=VERTEX_POINT('',#2102);
#2104=CARTESIAN_POINT('',(17.600582272,17.2164375,13.9779375));
#2105=DIRECTION('',(-0.,-0.,-1.));
#2106=VECTOR('',#2105,1.27);
#2107=LINE('',#2104,#2106);
#2108=EDGE_CURVE('',#2103,#698,#2107,.T.);
#2109=ORIENTED_EDGE('',*,*,#2108,.F.);
#2110=CARTESIAN_POINT('',(17.600582272,17.2164375,13.9779375));
#2111=DIRECTION('',(-0.,1.,-0.));
#2112=VECTOR('',#2111,5.08);
#2113=LINE('',#2110,#2112);
#2114=EDGE_CURVE('',#2103,#2064,#2113,.T.);
#2115=ORIENTED_EDGE('',*,*,#2114,.T.);
#2116=ORIENTED_EDGE('',*,*,#2069,.T.);
#2117=CARTESIAN_POINT('',(17.600582272,23.5664375,13.605963112));
#2118=DIRECTION('',(1.,-0.,-0.));
#2119=DIRECTION('',(0.,1.,0.));
#2120=AXIS2_PLACEMENT_3D('',#2117,#2118,#2119);
#2121=ELLIPSE('',#2120,1.27,0.898025612);
#2122=EDGE_CURVE('',#2056,#706,#2121,.T.);
#2123=ORIENTED_EDGE('',*,*,#2122,.T.);
#2124=EDGE_LOOP('',(#2101,#2109,#2115,#2116,#2123));
#2125=FACE_BOUND('',#2124,.T.);
#2126=ADVANCED_FACE('',(#2125),#2100,.T.);
#2127=CARTESIAN_POINT('',(20.140582272,17.2164375,15.2479375));
#2128=DIRECTION('',(0.,1.,0.));
#2129=DIRECTION('',(-1.,0.,0.));
#2130=AXIS2_PLACEMENT_3D('',#2127,#2128,#2129);
#2131=PLANE('',#2130);
#2132=ORIENTED_EDGE('',*,*,#725,.T.);
#2133=CARTESIAN_POINT('',(23.950582272,17.2164375,13.605963112));
#2134=DIRECTION('',(0.,1.,0.));
#2135=DIRECTION('',(-1.,0.,0.));
#2136=AXIS2_PLACEMENT_3D('',#2133,#2134,#2135);
#2137=ELLIPSE('',#2136,1.27,0.898025612);
#2138=EDGE_CURVE('',#714,#2048,#2137,.T.);
#2139=ORIENTED_EDGE('',*,*,#2138,.T.);
#2140=ORIENTED_EDGE('',*,*,#2053,.F.);
#2141=CARTESIAN_POINT('',(17.600582272,17.2164375,13.9779375));
#2142=DIRECTION('',(1.,0.,-0.));
#2143=VECTOR('',#2142,5.079999999);
#2144=LINE('',#2141,#2143);
#2145=EDGE_CURVE('',#2103,#2046,#2144,.T.);
#2146=ORIENTED_EDGE('',*,*,#2145,.F.);
#2147=ORIENTED_EDGE('',*,*,#2108,.T.);
#2148=EDGE_LOOP('',(#2132,#2139,#2140,#2146,#2147));
#2149=FACE_BOUND('',#2148,.T.);
#2150=ADVANCED_FACE('',(#2149),#2131,.F.);
#2151=CARTESIAN_POINT('',(20.137437304,9.21443916,15.2479375));
#2152=DIRECTION('',(0.000393047,0.999999923,0.));
#2153=DIRECTION('',(-0.999999923,0.000393047,0.));
#2154=AXIS2_PLACEMENT_3D('',#2151,#2152,#2153);
#2155=PLANE('',#2154);
#2156=ORIENTED_EDGE('',*,*,#741,.F.);
#2157=CARTESIAN_POINT('',(17.5974375,9.2154375,13.9779375));
#2158=VERTEX_POINT('',#2157);
#2159=CARTESIAN_POINT('',(17.597437499,9.2154375,13.9779375));
#2160=DIRECTION('',(-0.,-0.,-1.));
#2161=VECTOR('',#2160,1.27);
#2162=LINE('',#2159,#2161);
#2163=EDGE_CURVE('',#2158,#728,#2162,.T.);
#2164=ORIENTED_EDGE('',*,*,#2163,.F.);
#2165=CARTESIAN_POINT('',(22.677437109,9.21344082,13.9779375));
#2166=VERTEX_POINT('',#2165);
#2167=CARTESIAN_POINT('',(17.5974375,9.215437499,13.9779375));
#2168=DIRECTION('',(0.999999923,-0.000393047,-0.));
#2169=VECTOR('',#2168,5.080000001);
#2170=LINE('',#2167,#2169);
#2171=EDGE_CURVE('',#2158,#2166,#2170,.T.);
#2172=ORIENTED_EDGE('',*,*,#2171,.T.);
#2173=CARTESIAN_POINT('',(22.677437108,9.213440821,13.605963112));
#2174=VERTEX_POINT('',#2173);
#2175=CARTESIAN_POINT('',(22.677437108,9.213440821,13.9779375));
#2176=DIRECTION('',(-0.,-0.,-1.));
#2177=VECTOR('',#2176,0.371974388);
#2178=LINE('',#2175,#2177);
#2179=EDGE_CURVE('',#2166,#2174,#2178,.T.);
#2180=ORIENTED_EDGE('',*,*,#2179,.T.);
#2181=CARTESIAN_POINT('',(23.947437011,9.212941651,13.605963112));
#2182=DIRECTION('',(-0.000393047,-0.999999923,-0.));
#2183=DIRECTION('',(0.999999923,-0.000393047,0.));
#2184=AXIS2_PLACEMENT_3D('',#2181,#2182,#2183);
#2185=ELLIPSE('',#2184,1.270000001,0.898025612);
#2186=EDGE_CURVE('',#2174,#736,#2185,.T.);
#2187=ORIENTED_EDGE('',*,*,#2186,.T.);
#2188=EDGE_LOOP('',(#2156,#2164,#2172,#2180,#2187));
#2189=FACE_BOUND('',#2188,.T.);
#2190=ADVANCED_FACE('',(#2189),#2155,.T.);
#2191=CARTESIAN_POINT('',(17.59643916,6.675437696,15.2479375));
#2192=DIRECTION('',(0.999999923,-0.000393047,0.));
#2193=DIRECTION('',(0.000393047,0.999999923,0.));
#2194=AXIS2_PLACEMENT_3D('',#2191,#2192,#2193);
#2195=PLANE('',#2194);
#2196=ORIENTED_EDGE('',*,*,#755,.T.);
#2197=CARTESIAN_POINT('',(17.595440819,4.135437892,13.605963112));
#2198=VERTEX_POINT('',#2197);
#2199=CARTESIAN_POINT('',(17.594941651,2.865437993,13.605963112));
#2200=DIRECTION('',(0.999999923,-0.000393047,0.));
#2201=DIRECTION('',(0.000393047,0.999999923,0.));
#2202=AXIS2_PLACEMENT_3D('',#2199,#2200,#2201);
#2203=ELLIPSE('',#2202,1.269999999,0.898025612);
#2204=EDGE_CURVE('',#744,#2198,#2203,.T.);
#2205=ORIENTED_EDGE('',*,*,#2204,.T.);
#2206=CARTESIAN_POINT('',(17.595440819,4.135437892,13.9779375));
#2207=VERTEX_POINT('',#2206);
#2208=CARTESIAN_POINT('',(17.595440819,4.135437892,13.9779375));
#2209=DIRECTION('',(-0.,-0.,-1.));
#2210=VECTOR('',#2209,0.371974388);
#2211=LINE('',#2208,#2210);
#2212=EDGE_CURVE('',#2207,#2198,#2211,.T.);
#2213=ORIENTED_EDGE('',*,*,#2212,.F.);
#2214=CARTESIAN_POINT('',(17.5974375,9.2154375,13.9779375));
#2215=DIRECTION('',(-0.000393047,-0.999999923,0.));
#2216=VECTOR('',#2215,5.08);
#2217=LINE('',#2214,#2216);
#2218=EDGE_CURVE('',#2158,#2207,#2217,.T.);
#2219=ORIENTED_EDGE('',*,*,#2218,.F.);
#2220=ORIENTED_EDGE('',*,*,#2163,.T.);
#2221=EDGE_LOOP('',(#2196,#2205,#2213,#2219,#2220));
#2222=FACE_BOUND('',#2221,.T.);
#2223=ADVANCED_FACE('',(#2222),#2195,.F.);
#2224=CARTESIAN_POINT('',(20.136438963,6.674439356,15.2479375));
#2225=DIRECTION('',(0.7068288,-0.707384653,0.));
#2226=DIRECTION('',(0.707384653,0.7068288,0.));
#2227=AXIS2_PLACEMENT_3D('',#2224,#2225,#2226);
#2228=PLANE('',#2227);
#2229=ORIENTED_EDGE('',*,*,#2212,.T.);
#2230=CARTESIAN_POINT('',(17.595440819,4.135437892,13.605963112));
#2231=DIRECTION('',(0.707384653,0.7068288,-0.));
#2232=VECTOR('',#2231,7.184204899);
#2233=LINE('',#2230,#2232);
#2234=EDGE_CURVE('',#2198,#2174,#2233,.T.);
#2235=ORIENTED_EDGE('',*,*,#2234,.T.);
#2236=ORIENTED_EDGE('',*,*,#2179,.F.);
#2237=CARTESIAN_POINT('',(22.677437109,9.21344082,14.349911888));
#2238=VERTEX_POINT('',#2237);
#2239=CARTESIAN_POINT('',(22.677437109,9.213440819,14.349911888));
#2240=DIRECTION('',(-0.,-0.,-1.));
#2241=VECTOR('',#2240,0.371974388);
#2242=LINE('',#2239,#2241);
#2243=EDGE_CURVE('',#2238,#2166,#2242,.T.);
#2244=ORIENTED_EDGE('',*,*,#2243,.F.);
#2245=CARTESIAN_POINT('',(17.595440819,4.135437892,14.349911888));
#2246=VERTEX_POINT('',#2245);
#2247=CARTESIAN_POINT('',(22.677437109,9.213440821,14.349911888));
#2248=DIRECTION('',(-0.707384653,-0.7068288,-0.));
#2249=VECTOR('',#2248,7.184204899);
#2250=LINE('',#2247,#2249);
#2251=EDGE_CURVE('',#2238,#2246,#2250,.T.);
#2252=ORIENTED_EDGE('',*,*,#2251,.T.);
#2253=CARTESIAN_POINT('',(17.595440819,4.135437892,14.349911888));
#2254=DIRECTION('',(-0.,-0.,-1.));
#2255=VECTOR('',#2254,0.371974388);
#2256=LINE('',#2253,#2255);
#2257=EDGE_CURVE('',#2246,#2207,#2256,.T.);
#2258=ORIENTED_EDGE('',*,*,#2257,.T.);
#2259=EDGE_LOOP('',(#2229,#2235,#2236,#2244,#2252,#2258));
#2260=FACE_BOUND('',#2259,.T.);
#2261=ADVANCED_FACE('',(#2260),#2228,.T.);
#2262=CARTESIAN_POINT('',(9.5964375,6.6754375,15.2479375));
#2263=DIRECTION('',(1.,0.,0.));
#2264=DIRECTION('',(0.,1.,0.));
#2265=AXIS2_PLACEMENT_3D('',#2262,#2263,#2264);
#2266=PLANE('',#2265);
#2267=ORIENTED_EDGE('',*,*,#767,.F.);
#2268=CARTESIAN_POINT('',(9.5964375,9.2154375,13.9779375));
#2269=VERTEX_POINT('',#2268);
#2270=CARTESIAN_POINT('',(9.5964375,9.2154375,13.9779375));
#2271=DIRECTION('',(0.,0.,-1.));
#2272=VECTOR('',#2271,1.27);
#2273=LINE('',#2270,#2272);
#2274=EDGE_CURVE('',#2269,#660,#2273,.T.);
#2275=ORIENTED_EDGE('',*,*,#2274,.F.);
#2276=CARTESIAN_POINT('',(9.5964375,4.1354375,13.9779375));
#2277=VERTEX_POINT('',#2276);
#2278=CARTESIAN_POINT('',(9.5964375,9.2154375,13.9779375));
#2279=DIRECTION('',(-0.,-1.,-0.));
#2280=VECTOR('',#2279,5.08);
#2281=LINE('',#2278,#2280);
#2282=EDGE_CURVE('',#2269,#2277,#2281,.T.);
#2283=ORIENTED_EDGE('',*,*,#2282,.T.);
#2284=CARTESIAN_POINT('',(9.5964375,4.1354375,13.605963112));
#2285=VERTEX_POINT('',#2284);
#2286=CARTESIAN_POINT('',(9.5964375,4.1354375,13.9779375));
#2287=DIRECTION('',(-0.,-0.,-1.));
#2288=VECTOR('',#2287,0.371974388);
#2289=LINE('',#2286,#2288);
#2290=EDGE_CURVE('',#2277,#2285,#2289,.T.);
#2291=ORIENTED_EDGE('',*,*,#2290,.T.);
#2292=CARTESIAN_POINT('',(9.5964375,2.8654375,13.605963112));
#2293=DIRECTION('',(-1.,-0.,-0.));
#2294=DIRECTION('',(0.,-1.,0.));
#2295=AXIS2_PLACEMENT_3D('',#2292,#2293,#2294);
#2296=ELLIPSE('',#2295,1.27,0.898025612);
#2297=EDGE_CURVE('',#2285,#650,#2296,.T.);
#2298=ORIENTED_EDGE('',*,*,#2297,.T.);
#2299=EDGE_LOOP('',(#2267,#2275,#2283,#2291,#2298));
#2300=FACE_BOUND('',#2299,.T.);
#2301=ADVANCED_FACE('',(#2300),#2266,.T.);
#2302=CARTESIAN_POINT('',(7.0564375,9.2154375,15.2479375));
#2303=DIRECTION('',(0.,-1.,0.));
#2304=DIRECTION('',(0.,0.,-1.));
#2305=AXIS2_PLACEMENT_3D('',#2302,#2303,#2304);
#2306=PLANE('',#2305);
#2307=ORIENTED_EDGE('',*,*,#665,.T.);
#2308=CARTESIAN_POINT('',(4.5164375,9.2154375,13.605963112));
#2309=VERTEX_POINT('',#2308);
#2310=CARTESIAN_POINT('',(3.2464375,9.2154375,13.605963112));
#2311=DIRECTION('',(0.,-1.,0.));
#2312=DIRECTION('',(1.,0.,0.));
#2313=AXIS2_PLACEMENT_3D('',#2310,#2311,#2312);
#2314=ELLIPSE('',#2313,1.27,0.898025612);
#2315=EDGE_CURVE('',#652,#2309,#2314,.T.);
#2316=ORIENTED_EDGE('',*,*,#2315,.T.);
#2317=CARTESIAN_POINT('',(4.5164375,9.2154375,13.9779375));
#2318=VERTEX_POINT('',#2317);
#2319=CARTESIAN_POINT('',(4.5164375,9.2154375,13.9779375));
#2320=DIRECTION('',(-0.,-0.,-1.));
#2321=VECTOR('',#2320,0.371974388);
#2322=LINE('',#2319,#2321);
#2323=EDGE_CURVE('',#2318,#2309,#2322,.T.);
#2324=ORIENTED_EDGE('',*,*,#2323,.F.);
#2325=CARTESIAN_POINT('',(9.5964375,9.2154375,13.9779375));
#2326=DIRECTION('',(-1.,-0.,0.));
#2327=VECTOR('',#2326,5.08);
#2328=LINE('',#2325,#2327);
#2329=EDGE_CURVE('',#2269,#2318,#2328,.T.);
#2330=ORIENTED_EDGE('',*,*,#2329,.F.);
#2331=ORIENTED_EDGE('',*,*,#2274,.T.);
#2332=EDGE_LOOP('',(#2307,#2316,#2324,#2330,#2331));
#2333=FACE_BOUND('',#2332,.T.);
#2334=ADVANCED_FACE('',(#2333),#2306,.F.);
#2335=CARTESIAN_POINT('',(7.0564375,6.6754375,15.2479375));
#2336=DIRECTION('',(-0.707106781,-0.707106781,0.));
#2337=DIRECTION('',(0.707106781,-0.707106781,0.));
#2338=AXIS2_PLACEMENT_3D('',#2335,#2336,#2337);
#2339=PLANE('',#2338);
#2340=ORIENTED_EDGE('',*,*,#2323,.T.);
#2341=CARTESIAN_POINT('',(4.5164375,9.2154375,13.605963112));
#2342=DIRECTION('',(0.707106781,-0.707106781,-0.));
#2343=VECTOR('',#2342,7.184204897);
#2344=LINE('',#2341,#2343);
#2345=EDGE_CURVE('',#2309,#2285,#2344,.T.);
#2346=ORIENTED_EDGE('',*,*,#2345,.T.);
#2347=ORIENTED_EDGE('',*,*,#2290,.F.);
#2348=CARTESIAN_POINT('',(9.5964375,4.1354375,14.349911888));
#2349=VERTEX_POINT('',#2348);
#2350=CARTESIAN_POINT('',(9.5964375,4.1354375,14.349911888));
#2351=DIRECTION('',(-0.,-0.,-1.));
#2352=VECTOR('',#2351,0.371974388);
#2353=LINE('',#2350,#2352);
#2354=EDGE_CURVE('',#2349,#2277,#2353,.T.);
#2355=ORIENTED_EDGE('',*,*,#2354,.F.);
#2356=CARTESIAN_POINT('',(4.5164375,9.2154375,14.349911888));
#2357=VERTEX_POINT('',#2356);
#2358=CARTESIAN_POINT('',(9.5964375,4.1354375,14.349911888));
#2359=DIRECTION('',(-0.707106781,0.707106781,-0.));
#2360=VECTOR('',#2359,7.184204897);
#2361=LINE('',#2358,#2360);
#2362=EDGE_CURVE('',#2349,#2357,#2361,.T.);
#2363=ORIENTED_EDGE('',*,*,#2362,.T.);
#2364=CARTESIAN_POINT('',(4.5164375,9.2154375,14.349911888));
#2365=DIRECTION('',(-0.,-0.,-1.));
#2366=VECTOR('',#2365,0.371974388);
#2367=LINE('',#2364,#2366);
#2368=EDGE_CURVE('',#2357,#2318,#2367,.T.);
#2369=ORIENTED_EDGE('',*,*,#2368,.T.);
#2370=EDGE_LOOP('',(#2340,#2346,#2347,#2355,#2363,#2369));
#2371=FACE_BOUND('',#2370,.T.);
#2372=ADVANCED_FACE('',(#2371),#2339,.T.);
#2373=CARTESIAN_POINT('',(13.598509886,22.2964375,17.7879375));
#2374=DIRECTION('',(0.,-1.,0.));
#2375=DIRECTION('',(0.,0.,-1.));
#2376=AXIS2_PLACEMENT_3D('',#2373,#2374,#2375);
#2377=PLANE('',#2376);
#2378=CARTESIAN_POINT('',(16.330582272,22.2964375,15.2479375));
#2379=VERTEX_POINT('',#2378);
#2380=CARTESIAN_POINT('',(10.8664375,22.2964375,15.2479375));
#2381=VERTEX_POINT('',#2380);
#2382=CARTESIAN_POINT('',(16.330582272,22.2964375,15.2479375));
#2383=DIRECTION('',(-1.,-0.,0.));
#2384=VECTOR('',#2383,5.464144772);
#2385=LINE('',#2382,#2384);
#2386=EDGE_CURVE('',#2379,#2381,#2385,.T.);
#2387=ORIENTED_EDGE('',*,*,#2386,.F.);
#2388=CARTESIAN_POINT('',(16.330582272,22.2964375,14.349911888));
#2389=DIRECTION('',(-0.,1.,-0.));
#2390=DIRECTION('',(-1.,0.,0.));
#2391=AXIS2_PLACEMENT_3D('',#2388,#2389,#2390);
#2392=ELLIPSE('',#2391,1.27,0.898025612);
#2393=EDGE_CURVE('',#2379,#2072,#2392,.T.);
#2394=ORIENTED_EDGE('',*,*,#2393,.T.);
#2395=ORIENTED_EDGE('',*,*,#2077,.T.);
#2396=CARTESIAN_POINT('',(17.600582272,22.2964375,13.9779375));
#2397=DIRECTION('',(-1.,-0.,0.));
#2398=VECTOR('',#2397,8.004144772);
#2399=LINE('',#2396,#2398);
#2400=EDGE_CURVE('',#2064,#1985,#2399,.T.);
#2401=ORIENTED_EDGE('',*,*,#2400,.T.);
#2402=ORIENTED_EDGE('',*,*,#2035,.F.);
#2403=CARTESIAN_POINT('',(9.5964375,22.2964375,14.349911888));
#2404=CARTESIAN_POINT('',(9.5964375,22.2964375,15.2479375));
#2405=CARTESIAN_POINT('',(10.8664375,22.2964375,15.2479375));
#2406=(BOUNDED_CURVE()
B_SPLINE_CURVE(2,(#2403,#2404,#2405),.UNSPECIFIED.,.F.,.F.)
B_SPLINE_CURVE_WITH_KNOTS((3,3),(0.,90.),.UNSPECIFIED.)
CURVE()
GEOMETRIC_REPRESENTATION_ITEM()
RATIONAL_B_SPLINE_CURVE((1.,0.707106781,1.))
REPRESENTATION_ITEM(''));
#2407=EDGE_CURVE('',#2024,#2381,#2406,.T.);
#2408=ORIENTED_EDGE('',*,*,#2407,.T.);
#2409=EDGE_LOOP('',(#2387,#2394,#2395,#2401,#2402,#2408));
#2410=FACE_BOUND('',#2409,.T.);
#2411=ADVANCED_FACE('',(#2410),#2377,.F.);
#2412=CARTESIAN_POINT('',(4.5164375,13.2159375,17.7879375));
#2413=DIRECTION('',(1.,0.,0.));
#2414=DIRECTION('',(0.,1.,0.));
#2415=AXIS2_PLACEMENT_3D('',#2412,#2413,#2414);
#2416=PLANE('',#2415);
#2417=CARTESIAN_POINT('',(4.5164375,15.9464375,15.2479375));
#2418=VERTEX_POINT('',#2417);
#2419=CARTESIAN_POINT('',(4.5164375,10.4854375,15.2479375));
#2420=VERTEX_POINT('',#2419);
#2421=CARTESIAN_POINT('',(4.5164375,15.9464375,15.2479375));
#2422=DIRECTION('',(-0.,-1.,-0.));
#2423=VECTOR('',#2422,5.461);
#2424=LINE('',#2421,#2423);
#2425=EDGE_CURVE('',#2418,#2420,#2424,.T.);
#2426=ORIENTED_EDGE('',*,*,#2425,.F.);
#2427=CARTESIAN_POINT('',(4.5164375,15.9464375,15.2479375));
#2428=CARTESIAN_POINT('',(4.5164375,17.2164375,15.2479375));
#2429=CARTESIAN_POINT('',(4.5164375,17.2164375,14.349911888));
#2430=(BOUNDED_CURVE()
B_SPLINE_CURVE(2,(#2427,#2428,#2429),.UNSPECIFIED.,.F.,.F.)
B_SPLINE_CURVE_WITH_KNOTS((3,3),(90.,180.),.UNSPECIFIED.)
CURVE()
GEOMETRIC_REPRESENTATION_ITEM()
RATIONAL_B_SPLINE_CURVE((1.,0.707106781,1.))
REPRESENTATION_ITEM(''));
#2431=EDGE_CURVE('',#2418,#2016,#2430,.T.);
#2432=ORIENTED_EDGE('',*,*,#2431,.T.);
#2433=ORIENTED_EDGE('',*,*,#2021,.T.);
#2434=CARTESIAN_POINT('',(4.5164375,17.2164375,13.9779375));
#2435=DIRECTION('',(-0.,-1.,-0.));
#2436=VECTOR('',#2435,8.001);
#2437=LINE('',#2434,#2436);
#2438=EDGE_CURVE('',#1944,#2318,#2437,.T.);
#2439=ORIENTED_EDGE('',*,*,#2438,.T.);
#2440=ORIENTED_EDGE('',*,*,#2368,.F.);
#2441=CARTESIAN_POINT('',(4.5164375,9.2154375,14.349911888));
#2442=CARTESIAN_POINT('',(4.5164375,9.2154375,15.2479375));
#2443=CARTESIAN_POINT('',(4.5164375,10.4854375,15.2479375));
#2444=(BOUNDED_CURVE()
B_SPLINE_CURVE(2,(#2441,#2442,#2443),.UNSPECIFIED.,.F.,.F.)
B_SPLINE_CURVE_WITH_KNOTS((3,3),(0.,90.),.UNSPECIFIED.)
CURVE()
GEOMETRIC_REPRESENTATION_ITEM()
RATIONAL_B_SPLINE_CURVE((1.,0.707106781,1.))
REPRESENTATION_ITEM(''));
#2445=EDGE_CURVE('',#2357,#2420,#2444,.T.);
#2446=ORIENTED_EDGE('',*,*,#2445,.T.);
#2447=EDGE_LOOP('',(#2426,#2432,#2433,#2439,#2440,#2446));
#2448=FACE_BOUND('',#2447,.T.);
#2449=ADVANCED_FACE('',(#2448),#2416,.F.);
#2450=CARTESIAN_POINT('',(13.59593916,4.135437696,17.7879375));
#2451=DIRECTION('',(-0.000000049,1.,0.));
#2452=DIRECTION('',(-1.,-0.000000049,0.));
#2453=AXIS2_PLACEMENT_3D('',#2450,#2451,#2452);
#2454=PLANE('',#2453);
#2455=CARTESIAN_POINT('',(10.866437438,4.135437562,15.2479375));
#2456=VERTEX_POINT('',#2455);
#2457=CARTESIAN_POINT('',(16.324941158,4.135437696,15.2479375));
#2458=VERTEX_POINT('',#2457);
#2459=CARTESIAN_POINT('',(10.866437438,4.135437562,15.2479375));
#2460=DIRECTION('',(1.,0.,-0.));
#2461=VECTOR('',#2460,5.45850372);
#2462=LINE('',#2459,#2461);
#2463=EDGE_CURVE('',#2456,#2458,#2462,.T.);
#2464=ORIENTED_EDGE('',*,*,#2463,.F.);
#2465=CARTESIAN_POINT('',(10.866437438,4.135437562,15.2479375));
#2466=CARTESIAN_POINT('',(9.5964375,4.1354375,15.2479375));
#2467=CARTESIAN_POINT('',(9.5964375,4.1354375,14.349911888));
#2468=(BOUNDED_CURVE()
B_SPLINE_CURVE(2,(#2465,#2466,#2467),.UNSPECIFIED.,.F.,.F.)
B_SPLINE_CURVE_WITH_KNOTS((3,3),(90.,180.),.UNSPECIFIED.)
CURVE()
GEOMETRIC_REPRESENTATION_ITEM()
RATIONAL_B_SPLINE_CURVE((1.,0.707106781,1.))
REPRESENTATION_ITEM(''));
#2469=EDGE_CURVE('',#2456,#2349,#2468,.T.);
#2470=ORIENTED_EDGE('',*,*,#2469,.T.);
#2471=ORIENTED_EDGE('',*,*,#2354,.T.);
#2472=CARTESIAN_POINT('',(9.5964375,4.1354375,13.9779375));
#2473=DIRECTION('',(1.,0.000000049,-0.));
#2474=VECTOR('',#2473,7.999003319);
#2475=LINE('',#2472,#2474);
#2476=EDGE_CURVE('',#2277,#2207,#2475,.T.);
#2477=ORIENTED_EDGE('',*,*,#2476,.T.);
#2478=ORIENTED_EDGE('',*,*,#2257,.F.);
#2479=CARTESIAN_POINT('',(17.595440819,4.135437892,14.349911888));
#2480=CARTESIAN_POINT('',(17.595440819,4.135437892,15.2479375));
#2481=CARTESIAN_POINT('',(16.324941292,4.13543783,15.2479375));
#2482=(BOUNDED_CURVE()
B_SPLINE_CURVE(2,(#2479,#2480,#2481),.UNSPECIFIED.,.F.,.F.)
B_SPLINE_CURVE_WITH_KNOTS((3,3),(0.,90.),.UNSPECIFIED.)
CURVE()
GEOMETRIC_REPRESENTATION_ITEM()
RATIONAL_B_SPLINE_CURVE((1.,0.707106781,1.))
REPRESENTATION_ITEM(''));
#2483=EDGE_CURVE('',#2246,#2458,#2482,.T.);
#2484=ORIENTED_EDGE('',*,*,#2483,.T.);
#2485=EDGE_LOOP('',(#2464,#2470,#2471,#2477,#2478,#2484));
#2486=FACE_BOUND('',#2485,.T.);
#2487=ADVANCED_FACE('',(#2486),#2454,.F.);
#2488=CARTESIAN_POINT('',(22.67900969,13.21493916,17.7879375));
#2489=DIRECTION('',(-0.999999923,0.000392998,0.));
#2490=DIRECTION('',(-0.000392998,-0.999999923,0.));
#2491=AXIS2_PLACEMENT_3D('',#2488,#2489,#2490);
#2492=PLANE('',#2491);
#2493=ORIENTED_EDGE('',*,*,#2091,.F.);
#2494=CARTESIAN_POINT('',(22.68008336,15.946936412,15.2479375));
#2495=VERTEX_POINT('',#2494);
#2496=CARTESIAN_POINT('',(22.68008336,15.946936412,14.349911888));
#2497=DIRECTION('',(0.999999923,-0.000392998,-0.));
#2498=DIRECTION('',(0.000392998,0.999999923,0.));
#2499=AXIS2_PLACEMENT_3D('',#2496,#2497,#2498);
#2500=ELLIPSE('',#2499,1.269501187,0.898025612);
#2501=EDGE_CURVE('',#2080,#2495,#2500,.T.);
#2502=ORIENTED_EDGE('',*,*,#2501,.T.);
#2503=CARTESIAN_POINT('',(22.677936216,10.483440659,15.2479375));
#2504=VERTEX_POINT('',#2503);
#2505=CARTESIAN_POINT('',(22.677936216,10.483440659,15.2479375));
#2506=DIRECTION('',(0.000392998,0.999999923,0.));
#2507=VECTOR('',#2506,5.463496175);
#2508=LINE('',#2505,#2507);
#2509=EDGE_CURVE('',#2504,#2495,#2508,.T.);
#2510=ORIENTED_EDGE('',*,*,#2509,.F.);
#2511=CARTESIAN_POINT('',(22.677936216,10.483440659,15.2479375));
#2512=CARTESIAN_POINT('',(22.677437109,9.213440819,15.2479375));
#2513=CARTESIAN_POINT('',(22.677437109,9.213440819,14.349911888));
#2514=(BOUNDED_CURVE()
B_SPLINE_CURVE(2,(#2511,#2512,#2513),.UNSPECIFIED.,.F.,.F.)
B_SPLINE_CURVE_WITH_KNOTS((3,3),(90.,180.),.UNSPECIFIED.)
CURVE()
GEOMETRIC_REPRESENTATION_ITEM()
RATIONAL_B_SPLINE_CURVE((1.,0.707106781,1.))
REPRESENTATION_ITEM(''));
#2515=EDGE_CURVE('',#2504,#2238,#2514,.T.);
#2516=ORIENTED_EDGE('',*,*,#2515,.T.);
#2517=ORIENTED_EDGE('',*,*,#2243,.T.);
#2518=CARTESIAN_POINT('',(22.677437109,9.21344082,13.9779375));
#2519=DIRECTION('',(0.000392998,0.999999923,-0.));
#2520=VECTOR('',#2519,8.002997298);
#2521=LINE('',#2518,#2520);
#2522=EDGE_CURVE('',#2166,#2046,#2521,.T.);
#2523=ORIENTED_EDGE('',*,*,#2522,.T.);
#2524=EDGE_LOOP('',(#2493,#2502,#2510,#2516,#2517,#2523));
#2525=FACE_BOUND('',#2524,.T.);
#2526=ADVANCED_FACE('',(#2525),#2492,.F.);
#2527=CARTESIAN_POINT('',(-0.1984375,1.7859375,15.2479375));
#2528=DIRECTION('',(0.,0.,1.));
#2529=DIRECTION('',(1.,0.,0.));
#2530=AXIS2_PLACEMENT_3D('',#2527,#2528,#2529);
#2531=PLANE('',#2530);
#2532=ORIENTED_EDGE('',*,*,#2509,.T.);
#2533=CARTESIAN_POINT('',(22.68008336,15.946936412,15.2479375));
#2534=DIRECTION('',(-0.707106781,0.707106781,0.));
#2535=VECTOR('',#2534,8.979550553);
#2536=LINE('',#2533,#2535);
#2537=EDGE_CURVE('',#2495,#2379,#2536,.T.);
#2538=ORIENTED_EDGE('',*,*,#2537,.T.);
#2539=ORIENTED_EDGE('',*,*,#2386,.T.);
#2540=CARTESIAN_POINT('',(10.8664375,22.2964375,15.2479375));
#2541=DIRECTION('',(-0.707106781,-0.707106781,0.));
#2542=VECTOR('',#2541,8.980256121);
#2543=LINE('',#2540,#2542);
#2544=EDGE_CURVE('',#2381,#2418,#2543,.T.);
#2545=ORIENTED_EDGE('',*,*,#2544,.T.);
#2546=ORIENTED_EDGE('',*,*,#2425,.T.);
#2547=CARTESIAN_POINT('',(4.5164375,10.4854375,15.2479375));
#2548=DIRECTION('',(0.707106781,-0.707106781,0.));
#2549=VECTOR('',#2548,8.980256033);
#2550=LINE('',#2547,#2549);
#2551=EDGE_CURVE('',#2420,#2456,#2550,.T.);
#2552=ORIENTED_EDGE('',*,*,#2551,.T.);
#2553=ORIENTED_EDGE('',*,*,#2463,.T.);
#2554=CARTESIAN_POINT('',(16.324941158,4.135437696,15.2479375));
#2555=DIRECTION('',(0.707384653,0.7068288,0.));
#2556=VECTOR('',#2555,8.980962522);
#2557=LINE('',#2554,#2556);
#2558=EDGE_CURVE('',#2458,#2504,#2557,.T.);
#2559=ORIENTED_EDGE('',*,*,#2558,.T.);
#2560=EDGE_LOOP('',(#2532,#2538,#2539,#2545,#2546,#2552,#2553,#2559));
#2561=FACE_BOUND('',#2560,.T.);
#2562=ADVANCED_FACE('',(#2561),#2531,.T.);
#2563=CARTESIAN_POINT('',(-0.1984375,1.7859375,13.9779375));
#2564=DIRECTION('',(0.,0.,1.));
#2565=DIRECTION('',(1.,0.,0.));
#2566=AXIS2_PLACEMENT_3D('',#2563,#2564,#2565);
#2567=PLANE('',#2566);
#2568=ORIENTED_EDGE('',*,*,#1949,.F.);
#2569=ORIENTED_EDGE('',*,*,#1996,.T.);
#2570=ORIENTED_EDGE('',*,*,#2400,.F.);
#2571=ORIENTED_EDGE('',*,*,#2114,.F.);
#2572=ORIENTED_EDGE('',*,*,#2145,.T.);
#2573=ORIENTED_EDGE('',*,*,#2522,.F.);
#2574=ORIENTED_EDGE('',*,*,#2171,.F.);
#2575=ORIENTED_EDGE('',*,*,#2218,.T.);
#2576=ORIENTED_EDGE('',*,*,#2476,.F.);
#2577=ORIENTED_EDGE('',*,*,#2282,.F.);
#2578=ORIENTED_EDGE('',*,*,#2329,.T.);
#2579=ORIENTED_EDGE('',*,*,#2438,.F.);
#2580=EDGE_LOOP('',(#2568,#2569,#2570,#2571,#2572,#2573,#2574,#2575,#2576,#2577,#2578,#2579));
#2581=FACE_BOUND('',#2580,.T.);
#2582=ADVANCED_FACE('',(#2581),#2567,.F.);
#2583=CARTESIAN_POINT('',(6.882007624,-5.300075714,14.349911888));
#2584=DIRECTION('',(0.707384653,0.7068288,0.));
#2585=DIRECTION('',(-0.7068288,0.707384653,0.));
#2586=AXIS2_PLACEMENT_3D('',#2583,#2584,#2585);
#2587=CYLINDRICAL_SURFACE('',#2586,0.898025612);
#2588=ORIENTED_EDGE('',*,*,#2483,.F.);
#2589=ORIENTED_EDGE('',*,*,#2251,.F.);
#2590=ORIENTED_EDGE('',*,*,#2515,.F.);
#2591=ORIENTED_EDGE('',*,*,#2558,.F.);
#2592=EDGE_LOOP('',(#2588,#2589,#2590,#2591));
#2593=FACE_BOUND('',#2592,.T.);
#2594=ADVANCED_FACE('',(#2593),#2587,.T.);
#2595=CARTESIAN_POINT('',(6.50875,8.493125,14.349911888));
#2596=DIRECTION('',(0.707106781,-0.707106781,0.));
#2597=DIRECTION('',(0.707106781,0.707106781,0.));
#2598=AXIS2_PLACEMENT_3D('',#2595,#2596,#2597);
#2599=CYLINDRICAL_SURFACE('',#2598,0.898025612);
#2600=ORIENTED_EDGE('',*,*,#2445,.F.);
#2601=ORIENTED_EDGE('',*,*,#2362,.F.);
#2602=ORIENTED_EDGE('',*,*,#2469,.F.);
#2603=ORIENTED_EDGE('',*,*,#2551,.F.);
#2604=EDGE_LOOP('',(#2600,#2601,#2602,#2603));
#2605=FACE_BOUND('',#2604,.T.);
#2606=ADVANCED_FACE('',(#2605),#2599,.T.);
#2607=CARTESIAN_POINT('',(-4.92125,6.50875,14.349911888));
#2608=DIRECTION('',(-0.707106781,-0.707106781,0.));
#2609=DIRECTION('',(0.707106781,-0.707106781,0.));
#2610=AXIS2_PLACEMENT_3D('',#2607,#2608,#2609);
#2611=CYLINDRICAL_SURFACE('',#2610,0.898025612);
#2612=ORIENTED_EDGE('',*,*,#2407,.F.);
#2613=ORIENTED_EDGE('',*,*,#2029,.F.);
#2614=ORIENTED_EDGE('',*,*,#2431,.F.);
#2615=ORIENTED_EDGE('',*,*,#2544,.F.);
#2616=EDGE_LOOP('',(#2612,#2613,#2614,#2615));
#2617=FACE_BOUND('',#2616,.T.);
#2618=ADVANCED_FACE('',(#2617),#2611,.T.);
#2619=CARTESIAN_POINT('',(18.321322386,20.305697386,14.349911888));
#2620=DIRECTION('',(-0.707106781,0.707106781,0.));
#2621=DIRECTION('',(-0.707106781,-0.707106781,0.));
#2622=AXIS2_PLACEMENT_3D('',#2619,#2620,#2621);
#2623=CYLINDRICAL_SURFACE('',#2622,0.898025612);
#2624=ORIENTED_EDGE('',*,*,#2501,.F.);
#2625=ORIENTED_EDGE('',*,*,#2085,.F.);
#2626=ORIENTED_EDGE('',*,*,#2393,.F.);
#2627=ORIENTED_EDGE('',*,*,#2537,.F.);
#2628=EDGE_LOOP('',(#2624,#2625,#2626,#2627));
#2629=FACE_BOUND('',#2628,.T.);
#2630=ADVANCED_FACE('',(#2629),#2623,.T.);
#2631=CARTESIAN_POINT('',(9.144475808,-5.578387592,13.605963112));
#2632=DIRECTION('',(0.707384653,0.7068288,0.));
#2633=DIRECTION('',(-0.7068288,0.707384653,0.));
#2634=AXIS2_PLACEMENT_3D('',#2631,#2632,#2633);
#2635=CYLINDRICAL_SURFACE('',#2634,0.898025612);
#2636=ORIENTED_EDGE('',*,*,#2186,.F.);
#2637=ORIENTED_EDGE('',*,*,#2234,.F.);
#2638=ORIENTED_EDGE('',*,*,#2204,.F.);
#2639=ORIENTED_EDGE('',*,*,#749,.F.);
#2640=EDGE_LOOP('',(#2636,#2637,#2638,#2639));
#2641=FACE_BOUND('',#2640,.T.);
#2642=ADVANCED_FACE('',(#2641),#2635,.F.);
#2643=CARTESIAN_POINT('',(20.583509886,20.583509886,13.605963112));
#2644=DIRECTION('',(-0.707106781,0.707106781,0.));
#2645=DIRECTION('',(-0.707106781,-0.707106781,0.));
#2646=AXIS2_PLACEMENT_3D('',#2643,#2644,#2645);
#2647=CYLINDRICAL_SURFACE('',#2646,0.898025612);
#2648=ORIENTED_EDGE('',*,*,#2122,.F.);
#2649=ORIENTED_EDGE('',*,*,#2061,.F.);
#2650=ORIENTED_EDGE('',*,*,#2138,.F.);
#2651=ORIENTED_EDGE('',*,*,#719,.F.);
#2652=EDGE_LOOP('',(#2648,#2649,#2650,#2651));
#2653=FACE_BOUND('',#2652,.T.);
#2654=ADVANCED_FACE('',(#2653),#2647,.F.);
#2655=CARTESIAN_POINT('',(-5.1990625,8.7709375,13.605963112));
#2656=DIRECTION('',(-0.707106781,-0.707106781,0.));
#2657=DIRECTION('',(0.707106781,-0.707106781,0.));
#2658=AXIS2_PLACEMENT_3D('',#2655,#2656,#2657);
#2659=CYLINDRICAL_SURFACE('',#2658,0.898025612);
#2660=ORIENTED_EDGE('',*,*,#1964,.F.);
#2661=ORIENTED_EDGE('',*,*,#2012,.F.);
#2662=ORIENTED_EDGE('',*,*,#1982,.F.);
#2663=ORIENTED_EDGE('',*,*,#689,.F.);
#2664=EDGE_LOOP('',(#2660,#2661,#2662,#2663));
#2665=FACE_BOUND('',#2664,.T.);
#2666=ADVANCED_FACE('',(#2665),#2659,.F.);
#2667=CARTESIAN_POINT('',(6.2309375,6.2309375,13.605963112));
#2668=DIRECTION('',(0.707106781,-0.707106781,0.));
#2669=DIRECTION('',(0.707106781,0.707106781,0.));
#2670=AXIS2_PLACEMENT_3D('',#2667,#2668,#2669);
#2671=CYLINDRICAL_SURFACE('',#2670,0.898025612);
#2672=ORIENTED_EDGE('',*,*,#2297,.F.);
#2673=ORIENTED_EDGE('',*,*,#2345,.F.);
#2674=ORIENTED_EDGE('',*,*,#2315,.F.);
#2675=ORIENTED_EDGE('',*,*,#657,.F.);
#2676=EDGE_LOOP('',(#2672,#2673,#2674,#2675));
#2677=FACE_BOUND('',#2676,.T.);
#2678=ADVANCED_FACE('',(#2677),#2671,.F.);
#2679=CARTESIAN_POINT('',(24.6459375,22.1059375,12.1999375));
#2680=DIRECTION('',(0.,0.,1.));
#2681=DIRECTION('',(1.,0.,-0.));
#2682=AXIS2_PLACEMENT_3D('',#2679,#2680,#2681);
#2683=CYLINDRICAL_SURFACE('',#2682,2.0955);
#2684=CARTESIAN_POINT('',(26.7414375,22.1059375,12.1999375));
#2685=VERTEX_POINT('',#2684);
#2686=CARTESIAN_POINT('',(26.7414375,22.1059375,12.7079375));
#2687=DIRECTION('',(-0.,-0.,-1.));
#2688=VECTOR('',#2687,0.508);
#2689=LINE('',#2686,#2688);
#2690=EDGE_CURVE('',#614,#2685,#2689,.T.);
#2691=ORIENTED_EDGE('',*,*,#2690,.F.);
#2692=ORIENTED_EDGE('',*,*,#620,.T.);
#2693=ORIENTED_EDGE('',*,*,#2690,.T.);
#2694=CARTESIAN_POINT('',(24.6459375,22.1059375,12.1999375));
#2695=DIRECTION('',(0.,0.,1.));
#2696=DIRECTION('',(1.,0.,-0.));
#2697=AXIS2_PLACEMENT_3D('',#2694,#2695,#2696);
#2698=CIRCLE('',#2697,2.0955);
#2699=EDGE_CURVE('',#2685,#2685,#2698,.T.);
#2700=ORIENTED_EDGE('',*,*,#2699,.F.);
#2701=EDGE_LOOP('',(#2691,#2692,#2693,#2700));
#2702=FACE_BOUND('',#2701,.T.);
#2703=ADVANCED_FACE('',(#2702),#2683,.F.);
#2704=CARTESIAN_POINT('',(0.,0.,12.1999375));
#2705=DIRECTION('',(0.,0.,1.));
#2706=DIRECTION('',(1.,0.,0.));
#2707=AXIS2_PLACEMENT_3D('',#2704,#2705,#2706);
#2708=PLANE('',#2707);
#2709=ORIENTED_EDGE('',*,*,#584,.F.);
#2710=EDGE_LOOP('',(#2709));
#2711=FACE_BOUND('',#2710,.T.);
#2712=ORIENTED_EDGE('',*,*,#2699,.T.);
#2713=EDGE_LOOP('',(#2712));
#2714=FACE_BOUND('',#2713,.T.);
#2715=ADVANCED_FACE('',(#2711,#2714),#2708,.T.);
#2716=CARTESIAN_POINT('',(24.6459375,4.3259375,12.1999375));
#2717=DIRECTION('',(0.,0.,1.));
#2718=DIRECTION('',(1.,0.,-0.));
#2719=AXIS2_PLACEMENT_3D('',#2716,#2717,#2718);
#2720=CYLINDRICAL_SURFACE('',#2719,2.0955);
#2721=CARTESIAN_POINT('',(26.7414375,4.3259375,12.1999375));
#2722=VERTEX_POINT('',#2721);
#2723=CARTESIAN_POINT('',(26.7414375,4.3259375,12.7079375));
#2724=DIRECTION('',(-0.,-0.,-1.));
#2725=VECTOR('',#2724,0.508);
#2726=LINE('',#2723,#2725);
#2727=EDGE_CURVE('',#603,#2722,#2726,.T.);
#2728=ORIENTED_EDGE('',*,*,#2727,.F.);
#2729=ORIENTED_EDGE('',*,*,#609,.T.);
#2730=ORIENTED_EDGE('',*,*,#2727,.T.);
#2731=CARTESIAN_POINT('',(24.6459375,4.3259375,12.1999375));
#2732=DIRECTION('',(0.,0.,1.));
#2733=DIRECTION('',(1.,0.,-0.));
#2734=AXIS2_PLACEMENT_3D('',#2731,#2732,#2733);
#2735=CIRCLE('',#2734,2.0955);
#2736=EDGE_CURVE('',#2722,#2722,#2735,.T.);
#2737=ORIENTED_EDGE('',*,*,#2736,.F.);
#2738=EDGE_LOOP('',(#2728,#2729,#2730,#2737));
#2739=FACE_BOUND('',#2738,.T.);
#2740=ADVANCED_FACE('',(#2739),#2720,.F.);
#2741=CARTESIAN_POINT('',(0.,0.,12.1999375));
#2742=DIRECTION('',(0.,0.,1.));
#2743=DIRECTION('',(1.,0.,0.));
#2744=AXIS2_PLACEMENT_3D('',#2741,#2742,#2743);
#2745=PLANE('',#2744);
#2746=ORIENTED_EDGE('',*,*,#551,.F.);
#2747=EDGE_LOOP('',(#2746));
#2748=FACE_BOUND('',#2747,.T.);
#2749=ORIENTED_EDGE('',*,*,#2736,.T.);
#2750=EDGE_LOOP('',(#2749));
#2751=FACE_BOUND('',#2750,.T.);
#2752=ADVANCED_FACE('',(#2748,#2751),#2745,.T.);
#2753=CARTESIAN_POINT('',(24.6459375,4.3259375,0.5159375));
#2754=DIRECTION('',(0.,0.,-1.));
#2755=DIRECTION('',(-1.,0.,0.));
#2756=AXIS2_PLACEMENT_3D('',#2753,#2754,#2755);
#2757=CYLINDRICAL_SURFACE('',#2756,2.0955);
#2758=CARTESIAN_POINT('',(22.5504375,4.3259375,0.007441406));
#2759=VERTEX_POINT('',#2758);
#2760=CARTESIAN_POINT('',(24.6459375,4.3259375,0.007441406));
#2761=DIRECTION('',(0.,0.,-1.));
#2762=DIRECTION('',(-1.,0.,0.));
#2763=AXIS2_PLACEMENT_3D('',#2760,#2761,#2762);
#2764=CIRCLE('',#2763,2.0955);
#2765=EDGE_CURVE('',#2759,#2759,#2764,.T.);
#2766=ORIENTED_EDGE('',*,*,#2765,.F.);
#2767=EDGE_LOOP('',(#2766));
#2768=FACE_BOUND('',#2767,.T.);
#2769=ORIENTED_EDGE('',*,*,#256,.T.);
#2770=EDGE_LOOP('',(#2769));
#2771=FACE_BOUND('',#2770,.T.);
#2772=ADVANCED_FACE('',(#2768,#2771),#2757,.T.);
#2773=CARTESIAN_POINT('',(0.,0.,0.007441406));
#2774=DIRECTION('',(0.,0.,-1.));
#2775=DIRECTION('',(0.,1.,0.));
#2776=AXIS2_PLACEMENT_3D('',#2773,#2774,#2775);
#2777=PLANE('',#2776);
#2778=ORIENTED_EDGE('',*,*,#519,.F.);
#2779=ORIENTED_EDGE('',*,*,#526,.F.);
#2780=EDGE_LOOP('',(#2778,#2779));
#2781=FACE_BOUND('',#2780,.T.);
#2782=ORIENTED_EDGE('',*,*,#2765,.T.);
#2783=EDGE_LOOP('',(#2782));
#2784=FACE_BOUND('',#2783,.T.);
#2785=ADVANCED_FACE('',(#2781,#2784),#2777,.T.);
#2786=CARTESIAN_POINT('',(7.2469375,1.7859375,4.446326749));
#2787=DIRECTION('',(1.,0.,0.));
#2788=DIRECTION('',(0.,0.,-1.));
#2789=AXIS2_PLACEMENT_3D('',#2786,#2787,#2788);
#2790=PLANE('',#2789);
#2791=ORIENTED_EDGE('',*,*,#918,.F.);
#2792=CARTESIAN_POINT('',(7.2469375,1.7859375,5.509713112));
#2793=DIRECTION('',(0.,1.,0.));
#2794=VECTOR('',#2793,2.061987408);
#2795=LINE('',#2792,#2794);
#2796=EDGE_CURVE('',#905,#1817,#2795,.T.);
#2797=ORIENTED_EDGE('',*,*,#2796,.T.);
#2798=ORIENTED_EDGE('',*,*,#1823,.T.);
#2799=ORIENTED_EDGE('',*,*,#1123,.F.);
#2800=EDGE_LOOP('',(#2791,#2797,#2798,#2799));
#2801=FACE_BOUND('',#2800,.T.);
#2802=ADVANCED_FACE('',(#2801),#2790,.F.);
#2803=CARTESIAN_POINT('',(8.1359375,1.7859375,5.509713112));
#2804=DIRECTION('',(0.,0.,-1.));
#2805=DIRECTION('',(-1.,0.,0.));
#2806=AXIS2_PLACEMENT_3D('',#2803,#2804,#2805);
#2807=PLANE('',#2806);
#2808=ORIENTED_EDGE('',*,*,#1831,.T.);
#2809=ORIENTED_EDGE('',*,*,#2796,.F.);
#2810=ORIENTED_EDGE('',*,*,#910,.F.);
#2811=ORIENTED_EDGE('',*,*,#1909,.T.);
#2812=EDGE_LOOP('',(#2808,#2809,#2810,#2811));
#2813=FACE_BOUND('',#2812,.T.);
#2814=ADVANCED_FACE('',(#2813),#2807,.F.);
#2815=CARTESIAN_POINT('',(24.6459375,4.3259375,1.2779375));
#2816=DIRECTION('',(0.,0.,1.));
#2817=DIRECTION('',(1.,0.,-0.));
#2818=AXIS2_PLACEMENT_3D('',#2815,#2816,#2817);
#2819=CYLINDRICAL_SURFACE('',#2818,2.0955);
#2820=CARTESIAN_POINT('',(26.7414375,4.3259375,1.786433594));
#2821=VERTEX_POINT('',#2820);
#2822=CARTESIAN_POINT('',(24.6459375,4.3259375,1.786433594));
#2823=DIRECTION('',(0.,0.,1.));
#2824=DIRECTION('',(1.,0.,-0.));
#2825=AXIS2_PLACEMENT_3D('',#2822,#2823,#2824);
#2826=CIRCLE('',#2825,2.0955);
#2827=EDGE_CURVE('',#2821,#2821,#2826,.T.);
#2828=ORIENTED_EDGE('',*,*,#2827,.F.);
#2829=EDGE_LOOP('',(#2828));
#2830=FACE_BOUND('',#2829,.T.);
#2831=ORIENTED_EDGE('',*,*,#965,.T.);
#2832=EDGE_LOOP('',(#2831));
#2833=FACE_BOUND('',#2832,.T.);
#2834=ADVANCED_FACE('',(#2830,#2833),#2819,.T.);
#2835=CARTESIAN_POINT('',(0.,0.,1.786433594));
#2836=DIRECTION('',(0.,0.,1.));
#2837=DIRECTION('',(0.,1.,0.));
#2838=AXIS2_PLACEMENT_3D('',#2835,#2836,#2837);
#2839=PLANE('',#2838);
#2840=ORIENTED_EDGE('',*,*,#2827,.T.);
#2841=EDGE_LOOP('',(#2840));
#2842=FACE_BOUND('',#2841,.T.);
#2843=ORIENTED_EDGE('',*,*,#509,.T.);
#2844=EDGE_LOOP('',(#2843));
#2845=FACE_BOUND('',#2844,.T.);
#2846=ADVANCED_FACE('',(#2842,#2845),#2839,.T.);
#2847=CARTESIAN_POINT('',(22.1059375,19.58578125,0.9540875));
#2848=DIRECTION('',(0.,-1.,0.));
#2849=DIRECTION('',(0.,0.,-1.));
#2850=AXIS2_PLACEMENT_3D('',#2847,#2848,#2849);
#2851=PLANE('',#2850);
#2852=ORIENTED_EDGE('',*,*,#382,.T.);
#2853=ORIENTED_EDGE('',*,*,#267,.F.);
#2854=ORIENTED_EDGE('',*,*,#233,.F.);
#2855=ORIENTED_EDGE('',*,*,#954,.T.);
#2856=EDGE_LOOP('',(#2852,#2853,#2854,#2855));
#2857=FACE_BOUND('',#2856,.T.);
#2858=ADVANCED_FACE('',(#2857),#2851,.F.);
#2859=CLOSED_SHELL('',(#243,#301,#408,#448,#488,#530,#563,#596,#771,#833,#864,#888,#939,#969,#996,#1030,#1066,#1093,#1110,#1141,#1174,#1207,#1334,#1367,#1494,#1536,
#1673,#1810,#1843,#1865,#1882,#1899,#1916,#1928,#1968,#2001,#2039,#2095,#2126,#2150,#2190,#2223,#2261,#2301,#2334,#2372,#2411,#2449,#2487,#2526,#2562,
#2582,#2594,#2606,#2618,#2630,#2642,#2654,#2666,#2678,#2703,#2715,#2740,#2752,#2772,#2785,#2802,#2814,#2834,#2846,#2858));
#2860=MANIFOLD_SOLID_BREP('Body 01',#2859);
#2861=COLOUR_RGB('',0.90196079,0.180392161,0.180392161);
#2862=FILL_AREA_STYLE_COLOUR('',#2861);
#2863=FILL_AREA_STYLE('',(#2862));
#2864=SURFACE_STYLE_FILL_AREA(#2863);
#2865=SURFACE_SIDE_STYLE('',(#2864));
#2866=SURFACE_STYLE_USAGE(.BOTH.,#2865);
#2867=PRESENTATION_STYLE_ASSIGNMENT((#2866));
#194=STYLED_ITEM('',(#2867),#2860);
#175=SHAPE_REPRESENTATION('knowco2-version1-sensor (Imported)',(#15),#173);
#176=ADVANCED_BREP_SHAPE_REPRESENTATION('knowco2-version1-sensor (Imported)',(#2860),#173);
#2875=SHAPE_REPRESENTATION_RELATIONSHIP('','',#175,#176);
#2876=CARTESIAN_POINT('',(0.,0.,0.));
#2877=DIRECTION('',(0.,0.,1.));
#2878=DIRECTION('',(1.,0.,0.));
#2879=AXIS2_PLACEMENT_3D('',#2876,#2877,#2878);
#2881=MAPPED_ITEM('',#2880,#2879);
#2880=REPRESENTATION_MAP(#2879,#175);
#2882=APPLICATION_CONTEXT('Managed model based 3d engineering');
#2883=APPLICATION_PROTOCOL_DEFINITION('international standard','ap242_managed_model_based_3d_engineering',2014,#2882);
#2884=PRODUCT_CONTEXT('',#2882,'mechanical');
#2885=PRODUCT_DEFINITION_CONTEXT('part definition',#2882,'design');
#183=PRODUCT('knowco2-version1-sensor (Imported)','knowco2-version1-sensor (Imported)','',(#2884));
#2886=PRODUCT_RELATED_PRODUCT_CATEGORY('part','',(#183));
#2887=PRODUCT_DEFINITION_FORMATION_WITH_SPECIFIED_SOURCE('','',#183,.NOT_KNOWN.);
#184=PRODUCT_DEFINITION('design','',#2887,#2885);
#182=PRODUCT_DEFINITION_SHAPE('','',#184);
#2888=SHAPE_DEFINITION_REPRESENTATION(#182,#175);
#174=DRAUGHTING_MODEL('',(#2881),#173);
#147=SHAPE_REPRESENTATION('knowco2-version2-sensor (Imported)',(#15,#188),#145);
#2889=CARTESIAN_POINT('',(0.,0.,0.));
#2890=DIRECTION('',(0.,0.,1.));
#2891=DIRECTION('',(1.,0.,0.));
#2892=AXIS2_PLACEMENT_3D('',#2889,#2890,#2891);
#2894=MAPPED_ITEM('',#2893,#2892);
#2893=REPRESENTATION_MAP(#2892,#147);
#155=PRODUCT('knowco2-version2-sensor (Imported)','knowco2-version2-sensor (Imported)','',(#2884));
#2895=PRODUCT_RELATED_PRODUCT_CATEGORY('part','',(#155));
#2896=PRODUCT_DEFINITION_FORMATION_WITH_SPECIFIED_SOURCE('','',#155,.NOT_KNOWN.);
#156=PRODUCT_DEFINITION('design','',#2896,#2885);
#154=PRODUCT_DEFINITION_SHAPE('','',#156);
#2897=SHAPE_DEFINITION_REPRESENTATION(#154,#147);
#146=DRAUGHTING_MODEL('',(#2894),#145);
#119=SHAPE_REPRESENTATION('knowco2-version6-sensor.step',(#15,#160),#117);
#2898=CARTESIAN_POINT('',(0.,0.,0.));
#2899=DIRECTION('',(0.,0.,1.));
#2900=DIRECTION('',(1.,0.,0.));
#2901=AXIS2_PLACEMENT_3D('',#2898,#2899,#2900);
#2903=MAPPED_ITEM('',#2902,#2901);
#2902=REPRESENTATION_MAP(#2901,#119);
#127=PRODUCT('knowco2-version6-sensor.step','knowco2-version6-sensor.step','',(#2884));
#2904=PRODUCT_RELATED_PRODUCT_CATEGORY('part','',(#127));
#2905=PRODUCT_DEFINITION_FORMATION_WITH_SPECIFIED_SOURCE('','',#127,.NOT_KNOWN.);
#128=PRODUCT_DEFINITION('design','',#2905,#2885);
#126=PRODUCT_DEFINITION_SHAPE('','',#128);
#2906=SHAPE_DEFINITION_REPRESENTATION(#126,#119);
#118=DRAUGHTING_MODEL('',(#2903),#117);
#91=SHAPE_REPRESENTATION('knowco2-version6-sensor-main (Imported)',(#15,#132),#89);
#2907=CARTESIAN_POINT('',(0.,0.,0.));
#2908=DIRECTION('',(0.,0.,1.));
#2909=DIRECTION('',(1.,0.,0.));
#2910=AXIS2_PLACEMENT_3D('',#2907,#2908,#2909);
#2912=MAPPED_ITEM('',#2911,#2910);
#2911=REPRESENTATION_MAP(#2910,#91);
#99=PRODUCT('knowco2-version6-sensor-main (Imported)','knowco2-version6-sensor-main (Imported)','',(#2884));
#2913=PRODUCT_RELATED_PRODUCT_CATEGORY('part','',(#99));
#2914=PRODUCT_DEFINITION_FORMATION_WITH_SPECIFIED_SOURCE('','',#99,.NOT_KNOWN.);
#100=PRODUCT_DEFINITION('design','',#2914,#2885);
#98=PRODUCT_DEFINITION_SHAPE('','',#100);
#2915=SHAPE_DEFINITION_REPRESENTATION(#98,#91);
#90=DRAUGHTING_MODEL('',(#2912),#89);
#63=SHAPE_REPRESENTATION('knowco2-sensor-main-version10 (Imported)',(#15,#104),#61);
#2916=CARTESIAN_POINT('',(0.,0.,0.));
#2917=DIRECTION('',(0.,0.,1.));
#2918=DIRECTION('',(1.,0.,0.));
#2919=AXIS2_PLACEMENT_3D('',#2916,#2917,#2918);
#2921=MAPPED_ITEM('',#2920,#2919);
#2920=REPRESENTATION_MAP(#2919,#63);
#71=PRODUCT('knowco2-sensor-main-version10 (Imported)','knowco2-sensor-main-version10 (Imported)','',(#2884));
#2922=PRODUCT_RELATED_PRODUCT_CATEGORY('part','',(#71));
#2923=PRODUCT_DEFINITION_FORMATION_WITH_SPECIFIED_SOURCE('','',#71,.NOT_KNOWN.);
#72=PRODUCT_DEFINITION('design','',#2923,#2885);
#70=PRODUCT_DEFINITION_SHAPE('','',#72);
#2924=SHAPE_DEFINITION_REPRESENTATION(#70,#63);
#62=DRAUGHTING_MODEL('',(#2921),#61);
#35=SHAPE_REPRESENTATION('knowco2-sensor-main-version11 (Imported)',(#15,#76),#33);
#2925=CARTESIAN_POINT('',(0.,0.,0.));
#2926=DIRECTION('',(0.,0.,1.));
#2927=DIRECTION('',(1.,0.,0.));
#2928=AXIS2_PLACEMENT_3D('',#2925,#2926,#2927);
#2930=MAPPED_ITEM('',#2929,#2928);
#2929=REPRESENTATION_MAP(#2928,#35);
#43=PRODUCT('knowco2-sensor-main-version11 (Imported)','knowco2-sensor-main-version11 (Imported)','',(#2884));
#2931=PRODUCT_RELATED_PRODUCT_CATEGORY('part','',(#43));
#2932=PRODUCT_DEFINITION_FORMATION_WITH_SPECIFIED_SOURCE('','',#43,.NOT_KNOWN.);
#44=PRODUCT_DEFINITION('design','',#2932,#2885);
#42=PRODUCT_DEFINITION_SHAPE('','',#44);
#2933=SHAPE_DEFINITION_REPRESENTATION(#42,#35);
#34=DRAUGHTING_MODEL('',(#2930),#33);
#16=SHAPE_REPRESENTATION('root',(#15,#48),#10);
#2934=CARTESIAN_POINT('',(0.,0.,0.));
#2935=DIRECTION('',(0.,0.,1.));
#2936=DIRECTION('',(1.,0.,0.));
#2937=AXIS2_PLACEMENT_3D('',#2934,#2935,#2936);
#2939=MAPPED_ITEM('',#2938,#2937);
#2938=REPRESENTATION_MAP(#2937,#16);
#24=PRODUCT('root','root','',(#2884));
#2940=PRODUCT_RELATED_PRODUCT_CATEGORY('part','',(#24));
#2941=PRODUCT_DEFINITION_FORMATION_WITH_SPECIFIED_SOURCE('','',#24,.NOT_KNOWN.);
#25=PRODUCT_DEFINITION('design','',#2941,#2885);
#23=PRODUCT_DEFINITION_SHAPE('','',#25);
#2942=SHAPE_DEFINITION_REPRESENTATION(#23,#16);
#11=DRAUGHTING_MODEL('',(#2939),#10);
#2943=DESCRIPTIVE_REPRESENTATION_ITEM('KEY','/Users/mike/Library/Containers/com.shapr3d.shapr/Data/tmp/C158EBAB-ABEA-49E4-8346-5BB8D147AF5F.tmp');
#2944=PROPERTY_DEFINITION('KEY','',#25);
#2945=REPRESENTATION('',(#2943),#10);
#2946=PROPERTY_DEFINITION_REPRESENTATION(#2944,#2945);
#2947=GENERAL_PROPERTY('','KEY','');
#2948=GENERAL_PROPERTY_ASSOCIATION('','',#2947,#2944);
#1=MECHANICAL_DESIGN_GEOMETRIC_PRESENTATION_REPRESENTATION('',(#194),#10);
ENDSEC;
END-ISO-10303-21;
