ISO-10303-21;
HEADER;

/* File generated by Shapr3D Version 26.113.0.11178 */

FILE_DESCRIPTION(('HOOPS Exchange Step'),'2;1');

FILE_NAME('/Users/mike/Library/Containers/com.shapr3d.shapr/Data/tmp/export/temp_export',
'2026-07-07T09:14:27-04:00',
('mike'),
('Shapr3D Limited'),
'HOOPS Exchange 2026.3',
'Shapr3D',
'Authorized');

FILE_SCHEMA( ('AP242_MANAGED_MODEL_BASED_3D_ENGINEERING_MIM_LF {1 0 10303 442 1 1 4}') );

ENDSEC;

DATA;
#3=(NAMED_UNIT(*)PLANE_ANGLE_UNIT()SI_UNIT($,.RADIAN.));
#4=PLANE_ANGLE_MEASURE_WITH_UNIT(PLANE_ANGLE_MEASURE(0.0174532925),#3);
#5=(CONVERSION_BASED_UNIT('DEGREE',#4)NAMED_UNIT(#6)PLANE_ANGLE_UNIT());
#6=DIMENSIONAL_EXPONENTS(0.,0.,0.,0.,0.,0.,0.);
#7=(NAMED_UNIT(*)SI_UNIT($,.STERADIAN.)SOLID_ANGLE_UNIT());
#8=(LENGTH_UNIT()NAMED_UNIT(*)SI_UNIT(.MILLI.,.METRE.));
#9=UNCERTAINTY_MEASURE_WITH_UNIT(LENGTH_MEASURE(1.000000E-03),#8,'DISTANCE_ACCURACY_VALUE','Maximum Tolerance applied to model');
#10=(GEOMETRIC_REPRESENTATION_CONTEXT(3)GLOBAL_UNCERTAINTY_ASSIGNED_CONTEXT((#9))GLOBAL_UNIT_ASSIGNED_CONTEXT((#8,#5,#7))REPRESENTATION_CONTEXT('','root'));
#12=CARTESIAN_POINT('',(0.,0.,0.));
#13=DIRECTION('',(0.,0.,1.));
#14=DIRECTION('',(1.,0.,0.));
#15=AXIS2_PLACEMENT_3D('TS3D_PRODUCT_CSYS',#12,#13,#14);
#26=(NAMED_UNIT(*)PLANE_ANGLE_UNIT()SI_UNIT($,.RADIAN.));
#27=PLANE_ANGLE_MEASURE_WITH_UNIT(PLANE_ANGLE_MEASURE(0.0174532925),#26);
#28=(CONVERSION_BASED_UNIT('DEGREE',#27)NAMED_UNIT(#29)PLANE_ANGLE_UNIT());
#29=DIMENSIONAL_EXPONENTS(0.,0.,0.,0.,0.,0.,0.);
#30=(NAMED_UNIT(*)SI_UNIT($,.STERADIAN.)SOLID_ANGLE_UNIT());
#31=(LENGTH_UNIT()NAMED_UNIT(*)SI_UNIT(.MILLI.,.METRE.));
#32=UNCERTAINTY_MEASURE_WITH_UNIT(LENGTH_MEASURE(1.000000E-03),#31,'DISTANCE_ACCURACY_VALUE','Maximum Tolerance applied to model');
#33=(GEOMETRIC_REPRESENTATION_CONTEXT(3)GLOBAL_UNCERTAINTY_ASSIGNED_CONTEXT((#32))GLOBAL_UNIT_ASSIGNED_CONTEXT((#31,#28,#30))REPRESENTATION_CONTEXT('','knowco2-main-sensor-version-13 (Imported)'));
#45=CARTESIAN_POINT('',(0.,0.,0.));
#46=DIRECTION('',(0.,0.,1.));
#47=DIRECTION('',(1.,0.,-0.));
#48=AXIS2_PLACEMENT_3D('',#45,#46,#47);
#49=ITEM_DEFINED_TRANSFORMATION('','',#48,#15);
#50=(REPRESENTATION_RELATIONSHIP('','',#35,#16)REPRESENTATION_RELATIONSHIP_WITH_TRANSFORMATION(#49)SHAPE_REPRESENTATION_RELATIONSHIP());
#51=NEXT_ASSEMBLY_USAGE_OCCURRENCE('knowco2-main-sensor-version-13 (Imported)_1','knowco2-main-sensor-version-13 (Imported)','knowco2-main-sensor-version-13 (Imported)',#25,#44,$);
#52=PRODUCT_DEFINITION_SHAPE('','',#51);
#53=CONTEXT_DEPENDENT_SHAPE_REPRESENTATION(#50,#52);
#54=(NAMED_UNIT(*)PLANE_ANGLE_UNIT()SI_UNIT($,.RADIAN.));
#55=PLANE_ANGLE_MEASURE_WITH_UNIT(PLANE_ANGLE_MEASURE(0.0174532925),#54);
#56=(CONVERSION_BASED_UNIT('DEGREE',#55)NAMED_UNIT(#57)PLANE_ANGLE_UNIT());
#57=DIMENSIONAL_EXPONENTS(0.,0.,0.,0.,0.,0.,0.);
#58=(NAMED_UNIT(*)SI_UNIT($,.STERADIAN.)SOLID_ANGLE_UNIT());
#59=(LENGTH_UNIT()NAMED_UNIT(*)SI_UNIT(.MILLI.,.METRE.));
#60=UNCERTAINTY_MEASURE_WITH_UNIT(LENGTH_MEASURE(1.000000E-03),#59,'DISTANCE_ACCURACY_VALUE','Maximum Tolerance applied to model');
#61=(GEOMETRIC_REPRESENTATION_CONTEXT(3)GLOBAL_UNCERTAINTY_ASSIGNED_CONTEXT((#60))GLOBAL_UNIT_ASSIGNED_CONTEXT((#59,#56,#58))REPRESENTATION_CONTEXT('','knowco2-sensor-main-version11 (Imported)'));
#73=CARTESIAN_POINT('',(0.,0.,0.));
#74=DIRECTION('',(0.,0.,1.));
#75=DIRECTION('',(1.,0.,-0.));
#76=AXIS2_PLACEMENT_3D('',#73,#74,#75);
#77=ITEM_DEFINED_TRANSFORMATION('','',#76,#15);
#78=(REPRESENTATION_RELATIONSHIP('','',#63,#35)REPRESENTATION_RELATIONSHIP_WITH_TRANSFORMATION(#77)SHAPE_REPRESENTATION_RELATIONSHIP());
#79=NEXT_ASSEMBLY_USAGE_OCCURRENCE('knowco2-sensor-main-version11 (Imported)_2','knowco2-sensor-main-version11 (Imported)','knowco2-sensor-main-version11 (Imported)',#44,#72,$);
#80=PRODUCT_DEFINITION_SHAPE('','',#79);
#81=CONTEXT_DEPENDENT_SHAPE_REPRESENTATION(#78,#80);
#82=(NAMED_UNIT(*)PLANE_ANGLE_UNIT()SI_UNIT($,.RADIAN.));
#83=PLANE_ANGLE_MEASURE_WITH_UNIT(PLANE_ANGLE_MEASURE(0.0174532925),#82);
#84=(CONVERSION_BASED_UNIT('DEGREE',#83)NAMED_UNIT(#85)PLANE_ANGLE_UNIT());
#85=DIMENSIONAL_EXPONENTS(0.,0.,0.,0.,0.,0.,0.);
#86=(NAMED_UNIT(*)SI_UNIT($,.STERADIAN.)SOLID_ANGLE_UNIT());
#87=(LENGTH_UNIT()NAMED_UNIT(*)SI_UNIT(.MILLI.,.METRE.));
#88=UNCERTAINTY_MEASURE_WITH_UNIT(LENGTH_MEASURE(1.000000E-03),#87,'DISTANCE_ACCURACY_VALUE','Maximum Tolerance applied to model');
#89=(GEOMETRIC_REPRESENTATION_CONTEXT(3)GLOBAL_UNCERTAINTY_ASSIGNED_CONTEXT((#88))GLOBAL_UNIT_ASSIGNED_CONTEXT((#87,#84,#86))REPRESENTATION_CONTEXT('','knowco2-sensor-main-version10 (Imported)'));
#101=CARTESIAN_POINT('',(0.,0.,0.));
#102=DIRECTION('',(0.,0.,1.));
#103=DIRECTION('',(1.,0.,-0.));
#104=AXIS2_PLACEMENT_3D('',#101,#102,#103);
#105=ITEM_DEFINED_TRANSFORMATION('','',#104,#15);
#106=(REPRESENTATION_RELATIONSHIP('','',#91,#63)REPRESENTATION_RELATIONSHIP_WITH_TRANSFORMATION(#105)SHAPE_REPRESENTATION_RELATIONSHIP());
#107=NEXT_ASSEMBLY_USAGE_OCCURRENCE('knowco2-sensor-main-version10 (Imported)_3','knowco2-sensor-main-version10 (Imported)','knowco2-sensor-main-version10 (Imported)',#72,#100,$);
#108=PRODUCT_DEFINITION_SHAPE('','',#107);
#109=CONTEXT_DEPENDENT_SHAPE_REPRESENTATION(#106,#108);
#110=(NAMED_UNIT(*)PLANE_ANGLE_UNIT()SI_UNIT($,.RADIAN.));
#111=PLANE_ANGLE_MEASURE_WITH_UNIT(PLANE_ANGLE_MEASURE(0.0174532925),#110);
#112=(CONVERSION_BASED_UNIT('DEGREE',#111)NAMED_UNIT(#113)PLANE_ANGLE_UNIT());
#113=DIMENSIONAL_EXPONENTS(0.,0.,0.,0.,0.,0.,0.);
#114=(NAMED_UNIT(*)SI_UNIT($,.STERADIAN.)SOLID_ANGLE_UNIT());
#115=(LENGTH_UNIT()NAMED_UNIT(*)SI_UNIT(.MILLI.,.METRE.));
#116=UNCERTAINTY_MEASURE_WITH_UNIT(LENGTH_MEASURE(1.000000E-03),#115,'DISTANCE_ACCURACY_VALUE','Maximum Tolerance applied to model');
#117=(GEOMETRIC_REPRESENTATION_CONTEXT(3)GLOBAL_UNCERTAINTY_ASSIGNED_CONTEXT((#116))GLOBAL_UNIT_ASSIGNED_CONTEXT((#115,#112,#114))REPRESENTATION_CONTEXT('','knowco2-version6-sensor-main (Imported)'));
#129=CARTESIAN_POINT('',(0.,0.,0.));
#130=DIRECTION('',(0.,0.,1.));
#131=DIRECTION('',(1.,0.,-0.));
#132=AXIS2_PLACEMENT_3D('',#129,#130,#131);
#133=ITEM_DEFINED_TRANSFORMATION('','',#132,#15);
#134=(REPRESENTATION_RELATIONSHIP('','',#119,#91)REPRESENTATION_RELATIONSHIP_WITH_TRANSFORMATION(#133)SHAPE_REPRESENTATION_RELATIONSHIP());
#135=NEXT_ASSEMBLY_USAGE_OCCURRENCE('knowco2-version6-sensor-main (Imported)_4','knowco2-version6-sensor-main (Imported)','knowco2-version6-sensor-main (Imported)',#100,#128,$);
#136=PRODUCT_DEFINITION_SHAPE('','',#135);
#137=CONTEXT_DEPENDENT_SHAPE_REPRESENTATION(#134,#136);
#138=(NAMED_UNIT(*)PLANE_ANGLE_UNIT()SI_UNIT($,.RADIAN.));
#139=PLANE_ANGLE_MEASURE_WITH_UNIT(PLANE_ANGLE_MEASURE(0.0174532925),#138);
#140=(CONVERSION_BASED_UNIT('DEGREE',#139)NAMED_UNIT(#141)PLANE_ANGLE_UNIT());
#141=DIMENSIONAL_EXPONENTS(0.,0.,0.,0.,0.,0.,0.);
#142=(NAMED_UNIT(*)SI_UNIT($,.STERADIAN.)SOLID_ANGLE_UNIT());
#143=(LENGTH_UNIT()NAMED_UNIT(*)SI_UNIT(.MILLI.,.METRE.));
#144=UNCERTAINTY_MEASURE_WITH_UNIT(LENGTH_MEASURE(1.000000E-03),#143,'DISTANCE_ACCURACY_VALUE','Maximum Tolerance applied to model');
#145=(GEOMETRIC_REPRESENTATION_CONTEXT(3)GLOBAL_UNCERTAINTY_ASSIGNED_CONTEXT((#144))GLOBAL_UNIT_ASSIGNED_CONTEXT((#143,#140,#142))REPRESENTATION_CONTEXT('','knowco2-version6-sensor.step'));
#157=CARTESIAN_POINT('',(0.,0.,0.));
#158=DIRECTION('',(0.,0.,1.));
#159=DIRECTION('',(1.,0.,-0.));
#160=AXIS2_PLACEMENT_3D('',#157,#158,#159);
#161=ITEM_DEFINED_TRANSFORMATION('','',#160,#15);
#162=(REPRESENTATION_RELATIONSHIP('','',#147,#119)REPRESENTATION_RELATIONSHIP_WITH_TRANSFORMATION(#161)SHAPE_REPRESENTATION_RELATIONSHIP());
#163=NEXT_ASSEMBLY_USAGE_OCCURRENCE('knowco2-version6-sensor.step_5','knowco2-version6-sensor.step','knowco2-version6-sensor.step',#128,#156,$);
#164=PRODUCT_DEFINITION_SHAPE('','',#163);
#165=CONTEXT_DEPENDENT_SHAPE_REPRESENTATION(#162,#164);
#166=(NAMED_UNIT(*)PLANE_ANGLE_UNIT()SI_UNIT($,.RADIAN.));
#167=PLANE_ANGLE_MEASURE_WITH_UNIT(PLANE_ANGLE_MEASURE(0.0174532925),#166);
#168=(CONVERSION_BASED_UNIT('DEGREE',#167)NAMED_UNIT(#169)PLANE_ANGLE_UNIT());
#169=DIMENSIONAL_EXPONENTS(0.,0.,0.,0.,0.,0.,0.);
#170=(NAMED_UNIT(*)SI_UNIT($,.STERADIAN.)SOLID_ANGLE_UNIT());
#171=(LENGTH_UNIT()NAMED_UNIT(*)SI_UNIT(.MILLI.,.METRE.));
#172=UNCERTAINTY_MEASURE_WITH_UNIT(LENGTH_MEASURE(1.000000E-03),#171,'DISTANCE_ACCURACY_VALUE','Maximum Tolerance applied to model');
#173=(GEOMETRIC_REPRESENTATION_CONTEXT(3)GLOBAL_UNCERTAINTY_ASSIGNED_CONTEXT((#172))GLOBAL_UNIT_ASSIGNED_CONTEXT((#171,#168,#170))REPRESENTATION_CONTEXT('','knowco2-version2-sensor (Imported)'));
#185=CARTESIAN_POINT('',(0.,0.,0.));
#186=DIRECTION('',(0.,0.,1.));
#187=DIRECTION('',(1.,0.,-0.));
#188=AXIS2_PLACEMENT_3D('',#185,#186,#187);
#189=ITEM_DEFINED_TRANSFORMATION('','',#188,#15);
#190=(REPRESENTATION_RELATIONSHIP('','',#175,#147)REPRESENTATION_RELATIONSHIP_WITH_TRANSFORMATION(#189)SHAPE_REPRESENTATION_RELATIONSHIP());
#191=NEXT_ASSEMBLY_USAGE_OCCURRENCE('knowco2-version2-sensor (Imported)_6','knowco2-version2-sensor (Imported)','knowco2-version2-sensor (Imported)',#156,#184,$);
#192=PRODUCT_DEFINITION_SHAPE('','',#191);
#193=CONTEXT_DEPENDENT_SHAPE_REPRESENTATION(#190,#192);
#194=(NAMED_UNIT(*)PLANE_ANGLE_UNIT()SI_UNIT($,.RADIAN.));
#195=PLANE_ANGLE_MEASURE_WITH_UNIT(PLANE_ANGLE_MEASURE(0.0174532925),#194);
#196=(CONVERSION_BASED_UNIT('DEGREE',#195)NAMED_UNIT(#197)PLANE_ANGLE_UNIT());
#197=DIMENSIONAL_EXPONENTS(0.,0.,0.,0.,0.,0.,0.);
#198=(NAMED_UNIT(*)SI_UNIT($,.STERADIAN.)SOLID_ANGLE_UNIT());
#199=(LENGTH_UNIT()NAMED_UNIT(*)SI_UNIT(.MILLI.,.METRE.));
#200=UNCERTAINTY_MEASURE_WITH_UNIT(LENGTH_MEASURE(1.000000E-05),#199,'DISTANCE_ACCURACY_VALUE','Maximum Tolerance applied to model');
#201=(GEOMETRIC_REPRESENTATION_CONTEXT(3)GLOBAL_UNCERTAINTY_ASSIGNED_CONTEXT((#200))GLOBAL_UNIT_ASSIGNED_CONTEXT((#199,#196,#198))REPRESENTATION_CONTEXT('','knowco2-version1-sensor (Imported)'));
#213=CARTESIAN_POINT('',(0.,0.,0.));
#214=DIRECTION('',(0.,0.,1.));
#215=DIRECTION('',(1.,0.,-0.));
#216=AXIS2_PLACEMENT_3D('',#213,#214,#215);
#217=ITEM_DEFINED_TRANSFORMATION('','',#216,#15);
#218=(REPRESENTATION_RELATIONSHIP('','',#203,#175)REPRESENTATION_RELATIONSHIP_WITH_TRANSFORMATION(#217)SHAPE_REPRESENTATION_RELATIONSHIP());
#219=NEXT_ASSEMBLY_USAGE_OCCURRENCE('knowco2-version1-sensor (Imported)_7','knowco2-version1-sensor (Imported)','knowco2-version1-sensor (Imported)',#184,#212,$);
#220=PRODUCT_DEFINITION_SHAPE('','',#219);
#221=CONTEXT_DEPENDENT_SHAPE_REPRESENTATION(#218,#220);
#223=CARTESIAN_POINT('',(8.1359375,24.6459375,5.509713112));
#224=DIRECTION('',(0.,0.,-1.));
#225=DIRECTION('',(-1.,0.,0.));
#226=AXIS2_PLACEMENT_3D('',#223,#224,#225);
#227=PLANE('',#226);
#228=CARTESIAN_POINT('',(14.4859375,22.583950092,5.509713112));
#229=VERTEX_POINT('',#228);
#230=CARTESIAN_POINT('',(7.2469375,22.583950092,5.509713112));
#231=VERTEX_POINT('',#230);
#232=CARTESIAN_POINT('',(14.4859375,22.583950092,5.509713112));
#233=DIRECTION('',(-1.,0.,0.));
#234=VECTOR('',#233,7.239);
#235=LINE('',#232,#234);
#236=EDGE_CURVE('',#229,#231,#235,.T.);
#237=ORIENTED_EDGE('',*,*,#236,.F.);
#238=CARTESIAN_POINT('',(14.4859375,24.6459375,5.509713112));
#239=VERTEX_POINT('',#238);
#240=CARTESIAN_POINT('',(14.4859375,24.6459375,5.509713112));
#241=DIRECTION('',(0.,-1.,-0.));
#242=VECTOR('',#241,2.061987408);
#243=LINE('',#240,#242);
#244=EDGE_CURVE('',#239,#229,#243,.T.);
#245=ORIENTED_EDGE('',*,*,#244,.F.);
#246=CARTESIAN_POINT('',(7.2469375,24.6459375,5.509713112));
#247=VERTEX_POINT('',#246);
#248=CARTESIAN_POINT('',(14.4859375,24.6459375,5.509713112));
#249=DIRECTION('',(-1.,0.,0.));
#250=VECTOR('',#249,7.239);
#251=LINE('',#248,#250);
#252=EDGE_CURVE('',#239,#247,#251,.T.);
#253=ORIENTED_EDGE('',*,*,#252,.T.);
#254=CARTESIAN_POINT('',(7.2469375,24.6459375,5.509713112));
#255=DIRECTION('',(0.,-1.,-0.));
#256=VECTOR('',#255,2.061987408);
#257=LINE('',#254,#256);
#258=EDGE_CURVE('',#247,#231,#257,.T.);
#259=ORIENTED_EDGE('',*,*,#258,.T.);
#260=EDGE_LOOP('',(#237,#245,#253,#259));
#261=FACE_BOUND('',#260,.T.);
#262=ADVANCED_FACE('',(#261),#227,.F.);
#263=CARTESIAN_POINT('',(0.5953125,23.003963112,4.715963112));
#264=DIRECTION('',(-1.,0.,0.));
#265=DIRECTION('',(0.,-0.,1.));
#266=AXIS2_PLACEMENT_3D('',#263,#264,#265);
#267=CYLINDRICAL_SURFACE('',#266,0.898025612);
#268=CARTESIAN_POINT('',(7.2469375,23.003963112,3.8179375));
#269=VERTEX_POINT('',#268);
#270=CARTESIAN_POINT('',(7.2469375,23.003963112,4.715963112));
#271=DIRECTION('',(1.,-0.,0.));
#272=DIRECTION('',(0.,0.,-1.));
#273=AXIS2_PLACEMENT_3D('',#270,#271,#272);
#274=CIRCLE('',#273,0.898025612);
#275=EDGE_CURVE('',#231,#269,#274,.T.);
#276=ORIENTED_EDGE('',*,*,#275,.T.);
#277=CARTESIAN_POINT('',(14.4859375,23.003963112,3.8179375));
#278=VERTEX_POINT('',#277);
#279=CARTESIAN_POINT('',(7.2469375,23.003963112,3.8179375));
#280=DIRECTION('',(1.,0.,-0.));
#281=VECTOR('',#280,7.239);
#282=LINE('',#279,#281);
#283=EDGE_CURVE('',#269,#278,#282,.T.);
#284=ORIENTED_EDGE('',*,*,#283,.T.);
#285=CARTESIAN_POINT('',(14.4859375,23.003963112,4.715963112));
#286=DIRECTION('',(-1.,-0.,-0.));
#287=DIRECTION('',(0.,-0.,1.));
#288=AXIS2_PLACEMENT_3D('',#285,#286,#287);
#289=CIRCLE('',#288,0.898025612);
#290=EDGE_CURVE('',#278,#229,#289,.T.);
#291=ORIENTED_EDGE('',*,*,#290,.T.);
#292=ORIENTED_EDGE('',*,*,#236,.T.);
#293=EDGE_LOOP('',(#276,#284,#291,#292));
#294=FACE_BOUND('',#293,.T.);
#295=ADVANCED_FACE('',(#294),#267,.T.);
#296=CARTESIAN_POINT('',(7.2469375,24.6459375,4.446326749));
#297=DIRECTION('',(1.,-0.,0.));
#298=DIRECTION('',(0.,0.,-1.));
#299=AXIS2_PLACEMENT_3D('',#296,#297,#298);
#300=PLANE('',#299);
#301=CARTESIAN_POINT('',(7.2469375,24.6459375,3.8179375));
#302=VERTEX_POINT('',#301);
#303=CARTESIAN_POINT('',(7.2469375,24.6459375,5.509713112));
#304=DIRECTION('',(0.,0.,-1.));
#305=VECTOR('',#304,1.691775612);
#306=LINE('',#303,#305);
#307=EDGE_CURVE('',#247,#302,#306,.T.);
#308=ORIENTED_EDGE('',*,*,#307,.T.);
#309=CARTESIAN_POINT('',(7.2469375,24.6459375,3.8179375));
#310=DIRECTION('',(0.,-1.,-0.));
#311=VECTOR('',#310,1.641974388);
#312=LINE('',#309,#311);
#313=EDGE_CURVE('',#302,#269,#312,.T.);
#314=ORIENTED_EDGE('',*,*,#313,.T.);
#315=ORIENTED_EDGE('',*,*,#275,.F.);
#316=ORIENTED_EDGE('',*,*,#258,.F.);
#317=EDGE_LOOP('',(#308,#314,#315,#316));
#318=FACE_BOUND('',#317,.T.);
#319=ADVANCED_FACE('',(#318),#300,.F.);
#320=CARTESIAN_POINT('',(14.4859375,24.6459375,1.7859375));
#321=DIRECTION('',(1.,0.,0.));
#322=DIRECTION('',(0.,-1.,-0.));
#323=AXIS2_PLACEMENT_3D('',#320,#321,#322);
#324=PLANE('',#323);
#325=ORIENTED_EDGE('',*,*,#244,.T.);
#326=ORIENTED_EDGE('',*,*,#290,.F.);
#327=CARTESIAN_POINT('',(14.4859375,24.6459375,3.8179375));
#328=VERTEX_POINT('',#327);
#329=CARTESIAN_POINT('',(14.4859375,23.003963112,3.8179375));
#330=DIRECTION('',(-0.,1.,0.));
#331=VECTOR('',#330,1.641974388);
#332=LINE('',#329,#331);
#333=EDGE_CURVE('',#278,#328,#332,.T.);
#334=ORIENTED_EDGE('',*,*,#333,.T.);
#335=CARTESIAN_POINT('',(14.4859375,24.6459375,5.509713112));
#336=DIRECTION('',(-0.,0.,-1.));
#337=VECTOR('',#336,1.691775612);
#338=LINE('',#335,#337);
#339=EDGE_CURVE('',#239,#328,#338,.T.);
#340=ORIENTED_EDGE('',*,*,#339,.F.);
#341=EDGE_LOOP('',(#325,#326,#334,#340));
#342=FACE_BOUND('',#341,.T.);
#343=ADVANCED_FACE('',(#342),#324,.T.);
#344=CARTESIAN_POINT('',(0.5953125,3.0559375,3.8179375));
#345=DIRECTION('',(0.,-0.,1.));
#346=DIRECTION('',(1.,0.,0.));
#347=AXIS2_PLACEMENT_3D('',#344,#345,#346);
#348=PLANE('',#347);
#349=CARTESIAN_POINT('',(7.2469375,24.6459375,3.8179375));
#350=DIRECTION('',(1.,0.,-0.));
#351=VECTOR('',#350,7.239);
#352=LINE('',#349,#351);
#353=EDGE_CURVE('',#302,#328,#352,.T.);
#354=ORIENTED_EDGE('',*,*,#353,.T.);
#355=ORIENTED_EDGE('',*,*,#333,.F.);
#356=ORIENTED_EDGE('',*,*,#283,.F.);
#357=ORIENTED_EDGE('',*,*,#313,.F.);
#358=EDGE_LOOP('',(#354,#355,#356,#357));
#359=FACE_BOUND('',#358,.T.);
#360=ADVANCED_FACE('',(#359),#348,.F.);
#361=CARTESIAN_POINT('',(22.1059375,0.,0.));
#362=DIRECTION('',(1.,0.,0.));
#363=DIRECTION('',(0.,1.,0.));
#364=AXIS2_PLACEMENT_3D('',#361,#362,#363);
#365=PLANE('',#364);
#366=CARTESIAN_POINT('',(22.1059375,24.6459375,0.008028214));
#367=VERTEX_POINT('',#366);
#368=CARTESIAN_POINT('',(22.1059375,24.627886276,0.0079375));
#369=VERTEX_POINT('',#368);
#370=CARTESIAN_POINT('',(22.1059375,24.627886276,1.803988724));
#371=DIRECTION('',(-1.,-0.,-0.));
#372=DIRECTION('',(0.,0.,-1.));
#373=AXIS2_PLACEMENT_3D('',#370,#371,#372);
#374=CIRCLE('',#373,1.796051224);
#375=EDGE_CURVE('',#367,#369,#374,.T.);
#376=ORIENTED_EDGE('',*,*,#375,.F.);
#377=CARTESIAN_POINT('',(22.1059375,24.6459375,1.7859375));
#378=VERTEX_POINT('',#377);
#379=CARTESIAN_POINT('',(22.1059375,24.6459375,0.008028214));
#380=DIRECTION('',(0.,0.,1.));
#381=VECTOR('',#380,1.777909286);
#382=LINE('',#379,#381);
#383=EDGE_CURVE('',#367,#378,#382,.T.);
#384=ORIENTED_EDGE('',*,*,#383,.T.);
#385=CARTESIAN_POINT('',(22.1059375,19.58578125,1.7859375));
#386=VERTEX_POINT('',#385);
#387=CARTESIAN_POINT('',(22.1059375,19.58578125,1.7859375));
#388=DIRECTION('',(0.,1.,0.));
#389=VECTOR('',#388,5.06015625);
#390=LINE('',#387,#389);
#391=EDGE_CURVE('',#386,#378,#390,.T.);
#392=ORIENTED_EDGE('',*,*,#391,.F.);
#393=CARTESIAN_POINT('',(22.1059375,19.58578125,0.0079375));
#394=VERTEX_POINT('',#393);
#395=CARTESIAN_POINT('',(22.1059375,19.58578125,1.7859375));
#396=DIRECTION('',(0.,0.,-1.));
#397=VECTOR('',#396,1.778);
#398=LINE('',#395,#397);
#399=EDGE_CURVE('',#386,#394,#398,.T.);
#400=ORIENTED_EDGE('',*,*,#399,.T.);
#401=CARTESIAN_POINT('',(22.1059375,24.627886276,0.0079375));
#402=DIRECTION('',(0.,-1.,0.));
#403=VECTOR('',#402,5.042105026);
#404=LINE('',#401,#403);
#405=EDGE_CURVE('',#369,#394,#404,.T.);
#406=ORIENTED_EDGE('',*,*,#405,.F.);
#407=EDGE_LOOP('',(#376,#384,#392,#400,#406));
#408=FACE_BOUND('',#407,.T.);
#409=ADVANCED_FACE('',(#408),#365,.T.);
#410=CARTESIAN_POINT('',(1.7859375,1.7859375,0.0079375));
#411=DIRECTION('',(0.,0.,-1.));
#412=DIRECTION('',(1.,0.,0.));
#413=AXIS2_PLACEMENT_3D('',#410,#411,#412);
#414=PLANE('',#413);
#415=CARTESIAN_POINT('',(22.5504375,4.3259375,0.0079375));
#416=VERTEX_POINT('',#415);
#417=CARTESIAN_POINT('',(24.6459375,4.3259375,0.0079375));
#418=DIRECTION('',(0.,0.,-1.));
#419=DIRECTION('',(-1.,0.,0.));
#420=AXIS2_PLACEMENT_3D('',#417,#418,#419);
#421=CIRCLE('',#420,2.0955);
#422=EDGE_CURVE('',#416,#416,#421,.T.);
#423=ORIENTED_EDGE('',*,*,#422,.F.);
#424=EDGE_LOOP('',(#423));
#425=FACE_BOUND('',#424,.T.);
#426=ORIENTED_EDGE('',*,*,#405,.T.);
#427=CARTESIAN_POINT('',(27.1859375,19.58578125,0.0079375));
#428=VERTEX_POINT('',#427);
#429=CARTESIAN_POINT('',(22.1059375,19.58578125,0.0079375));
#430=DIRECTION('',(1.,0.,-0.));
#431=VECTOR('',#430,5.08);
#432=LINE('',#429,#431);
#433=EDGE_CURVE('',#394,#428,#432,.T.);
#434=ORIENTED_EDGE('',*,*,#433,.T.);
#435=CARTESIAN_POINT('',(27.1859375,1.803988724,0.0079375));
#436=VERTEX_POINT('',#435);
#437=CARTESIAN_POINT('',(27.1859375,19.58578125,0.0079375));
#438=DIRECTION('',(0.,-1.,0.));
#439=VECTOR('',#438,17.781792526);
#440=LINE('',#437,#439);
#441=EDGE_CURVE('',#428,#436,#440,.T.);
#442=ORIENTED_EDGE('',*,*,#441,.T.);
#443=CARTESIAN_POINT('',(1.803988682,1.803988682,0.007907464));
#444=VERTEX_POINT('',#443);
#445=CARTESIAN_POINT('',(27.1859375,1.803988724,0.0079375));
#446=DIRECTION('',(-1.,-0.,0.));
#447=VECTOR('',#446,25.381948818);
#448=LINE('',#445,#447);
#449=EDGE_CURVE('',#436,#444,#448,.T.);
#450=ORIENTED_EDGE('',*,*,#449,.T.);
#451=CARTESIAN_POINT('',(1.80398869,24.62788631,0.007907463));
#452=VERTEX_POINT('',#451);
#453=CARTESIAN_POINT('',(1.803988724,1.803988682,0.0079375));
#454=DIRECTION('',(0.,1.,0.));
#455=VECTOR('',#454,22.823897629);
#456=LINE('',#453,#455);
#457=EDGE_CURVE('',#444,#452,#456,.T.);
#458=ORIENTED_EDGE('',*,*,#457,.T.);
#459=CARTESIAN_POINT('',(1.80398869,24.627886276,0.0079375));
#460=DIRECTION('',(1.,0.,-0.));
#461=VECTOR('',#460,20.30194881);
#462=LINE('',#459,#461);
#463=EDGE_CURVE('',#452,#369,#462,.T.);
#464=ORIENTED_EDGE('',*,*,#463,.T.);
#465=EDGE_LOOP('',(#426,#434,#442,#450,#458,#464));
#466=FACE_BOUND('',#465,.T.);
#467=ADVANCED_FACE('',(#425,#466),#414,.T.);
#468=CARTESIAN_POINT('',(27.1859375,3.0559375,-2.174875));
#469=DIRECTION('',(1.,0.,0.));
#470=DIRECTION('',(0.,0.,-1.));
#471=AXIS2_PLACEMENT_3D('',#468,#469,#470);
#472=PLANE('',#471);
#473=CARTESIAN_POINT('',(27.1859375,24.6459375,10.9299375));
#474=VERTEX_POINT('',#473);
#475=CARTESIAN_POINT('',(27.1859375,24.6459375,0.008028214));
#476=VERTEX_POINT('',#475);
#477=CARTESIAN_POINT('',(27.1859375,24.6459375,10.9299375));
#478=DIRECTION('',(0.,0.,-1.));
#479=VECTOR('',#478,10.921909286);
#480=LINE('',#477,#479);
#481=EDGE_CURVE('',#474,#476,#480,.T.);
#482=ORIENTED_EDGE('',*,*,#481,.T.);
#483=CARTESIAN_POINT('',(27.1859375,26.4239375,1.803988724));
#484=VERTEX_POINT('',#483);
#485=CARTESIAN_POINT('',(27.1859375,24.627886276,1.803988724));
#486=DIRECTION('',(-1.,0.,0.));
#487=DIRECTION('',(0.,0.,1.));
#488=AXIS2_PLACEMENT_3D('',#485,#486,#487);
#489=CIRCLE('',#488,1.796051224);
#490=EDGE_CURVE('',#484,#476,#489,.T.);
#491=ORIENTED_EDGE('',*,*,#490,.F.);
#492=CARTESIAN_POINT('',(27.1859375,26.4239375,10.911886276));
#493=VERTEX_POINT('',#492);
#494=CARTESIAN_POINT('',(27.1859375,26.4239375,1.803988724));
#495=DIRECTION('',(-0.,-0.,1.));
#496=VECTOR('',#495,9.107897552);
#497=LINE('',#494,#496);
#498=EDGE_CURVE('',#484,#493,#497,.T.);
#499=ORIENTED_EDGE('',*,*,#498,.T.);
#500=CARTESIAN_POINT('',(27.1859375,24.627886276,12.7079375));
#501=VERTEX_POINT('',#500);
#502=CARTESIAN_POINT('',(27.1859375,24.627886276,10.911886276));
#503=DIRECTION('',(-1.,0.,0.));
#504=DIRECTION('',(0.,0.,1.));
#505=AXIS2_PLACEMENT_3D('',#502,#503,#504);
#506=CIRCLE('',#505,1.796051224);
#507=EDGE_CURVE('',#501,#493,#506,.T.);
#508=ORIENTED_EDGE('',*,*,#507,.F.);
#509=CARTESIAN_POINT('',(27.1859375,1.803988724,12.7079375));
#510=VERTEX_POINT('',#509);
#511=CARTESIAN_POINT('',(27.1859375,1.803988724,12.7079375));
#512=DIRECTION('',(0.,1.,0.));
#513=VECTOR('',#512,22.823897552);
#514=LINE('',#511,#513);
#515=EDGE_CURVE('',#510,#501,#514,.T.);
#516=ORIENTED_EDGE('',*,*,#515,.F.);
#517=CARTESIAN_POINT('',(27.1859375,0.0079375,10.911886276));
#518=VERTEX_POINT('',#517);
#519=CARTESIAN_POINT('',(27.1859375,1.803988724,10.911886276));
#520=DIRECTION('',(-1.,-0.,-0.));
#521=DIRECTION('',(0.,0.,-1.));
#522=AXIS2_PLACEMENT_3D('',#519,#520,#521);
#523=CIRCLE('',#522,1.796051224);
#524=EDGE_CURVE('',#518,#510,#523,.T.);
#525=ORIENTED_EDGE('',*,*,#524,.F.);
#526=CARTESIAN_POINT('',(27.1859375,0.0079375,1.803988724));
#527=VERTEX_POINT('',#526);
#528=CARTESIAN_POINT('',(27.1859375,0.0079375,1.803988724));
#529=DIRECTION('',(0.,0.,1.));
#530=VECTOR('',#529,9.107897552);
#531=LINE('',#528,#530);
#532=EDGE_CURVE('',#527,#518,#531,.T.);
#533=ORIENTED_EDGE('',*,*,#532,.F.);
#534=CARTESIAN_POINT('',(27.1859375,1.803988724,1.803988724));
#535=DIRECTION('',(-1.,-0.,-0.));
#536=DIRECTION('',(0.,0.,-1.));
#537=AXIS2_PLACEMENT_3D('',#534,#535,#536);
#538=CIRCLE('',#537,1.796051224);
#539=EDGE_CURVE('',#436,#527,#538,.T.);
#540=ORIENTED_EDGE('',*,*,#539,.F.);
#541=ORIENTED_EDGE('',*,*,#441,.F.);
#542=CARTESIAN_POINT('',(27.1859375,19.58578125,1.7859375));
#543=VERTEX_POINT('',#542);
#544=CARTESIAN_POINT('',(27.1859375,19.58578125,1.7859375));
#545=DIRECTION('',(0.,0.,-1.));
#546=VECTOR('',#545,1.778);
#547=LINE('',#544,#546);
#548=EDGE_CURVE('',#543,#428,#547,.T.);
#549=ORIENTED_EDGE('',*,*,#548,.F.);
#550=CARTESIAN_POINT('',(27.1859375,1.7859375,1.7859375));
#551=VERTEX_POINT('',#550);
#552=CARTESIAN_POINT('',(27.1859375,19.58578125,1.7859375));
#553=DIRECTION('',(-0.,-1.,-0.));
#554=VECTOR('',#553,17.79984375);
#555=LINE('',#552,#554);
#556=EDGE_CURVE('',#543,#551,#555,.T.);
#557=ORIENTED_EDGE('',*,*,#556,.T.);
#558=CARTESIAN_POINT('',(27.1859375,1.7859375,10.9299375));
#559=VERTEX_POINT('',#558);
#560=CARTESIAN_POINT('',(27.1859375,1.7859375,1.7859375));
#561=DIRECTION('',(-0.,-0.,1.));
#562=VECTOR('',#561,9.144);
#563=LINE('',#560,#562);
#564=EDGE_CURVE('',#551,#559,#563,.T.);
#565=ORIENTED_EDGE('',*,*,#564,.T.);
#566=CARTESIAN_POINT('',(27.1859375,24.6459375,10.9299375));
#567=DIRECTION('',(-0.,-1.,-0.));
#568=VECTOR('',#567,22.86);
#569=LINE('',#566,#568);
#570=EDGE_CURVE('',#474,#559,#569,.T.);
#571=ORIENTED_EDGE('',*,*,#570,.F.);
#572=EDGE_LOOP('',(#482,#491,#499,#508,#516,#525,#533,#540,#541,#549,#557,#565,#571));
#573=FACE_BOUND('',#572,.T.);
#574=ADVANCED_FACE('',(#573),#472,.T.);
#575=CARTESIAN_POINT('',(1.7859375,1.7859375,1.7859375));
#576=DIRECTION('',(-1.,0.,0.));
#577=DIRECTION('',(0.,-1.,0.));
#578=AXIS2_PLACEMENT_3D('',#575,#576,#577);
#579=PLANE('',#578);
#580=CARTESIAN_POINT('',(1.7859375,1.7859375,1.7859375));
#581=VERTEX_POINT('',#580);
#582=CARTESIAN_POINT('',(1.7859375,24.6459375,1.7859375));
#583=VERTEX_POINT('',#582);
#584=CARTESIAN_POINT('',(1.7859375,1.7859375,1.7859375));
#585=DIRECTION('',(-0.,1.,-0.));
#586=VECTOR('',#585,22.86);
#587=LINE('',#584,#586);
#588=EDGE_CURVE('',#581,#583,#587,.T.);
#589=ORIENTED_EDGE('',*,*,#588,.T.);
#590=CARTESIAN_POINT('',(1.7859375,24.6459375,10.9299375));
#591=VERTEX_POINT('',#590);
#592=CARTESIAN_POINT('',(1.7859375,24.6459375,1.7859375));
#593=DIRECTION('',(0.,0.,1.));
#594=VECTOR('',#593,9.144);
#595=LINE('',#592,#594);
#596=EDGE_CURVE('',#583,#591,#595,.T.);
#597=ORIENTED_EDGE('',*,*,#596,.T.);
#598=CARTESIAN_POINT('',(1.7859375,1.7859375,10.9299375));
#599=VERTEX_POINT('',#598);
#600=CARTESIAN_POINT('',(1.7859375,1.7859375,10.9299375));
#601=DIRECTION('',(0.,1.,0.));
#602=VECTOR('',#601,22.86);
#603=LINE('',#600,#602);
#604=EDGE_CURVE('',#599,#591,#603,.T.);
#605=ORIENTED_EDGE('',*,*,#604,.F.);
#606=CARTESIAN_POINT('',(1.7859375,1.7859375,10.9299375));
#607=DIRECTION('',(-0.,-0.,-1.));
#608=VECTOR('',#607,9.144);
#609=LINE('',#606,#608);
#610=EDGE_CURVE('',#599,#581,#609,.T.);
#611=ORIENTED_EDGE('',*,*,#610,.T.);
#612=EDGE_LOOP('',(#589,#597,#605,#611));
#613=FACE_BOUND('',#612,.T.);
#614=ADVANCED_FACE('',(#613),#579,.F.);
#615=CARTESIAN_POINT('',(0.0079375,1.7859375,1.7859375));
#616=DIRECTION('',(-1.,0.,0.));
#617=DIRECTION('',(0.,-1.,0.));
#618=AXIS2_PLACEMENT_3D('',#615,#616,#617);
#619=PLANE('',#618);
#620=CARTESIAN_POINT('',(0.00790663,24.627888217,10.911886733));
#621=VERTEX_POINT('',#620);
#622=CARTESIAN_POINT('',(0.007909266,24.627886298,1.803988681));
#623=VERTEX_POINT('',#622);
#624=CARTESIAN_POINT('',(0.0079375,24.627886276,10.911886733));
#625=DIRECTION('',(-0.,-0.,-1.));
#626=VECTOR('',#625,9.107898052);
#627=LINE('',#624,#626);
#628=EDGE_CURVE('',#621,#623,#627,.T.);
#629=ORIENTED_EDGE('',*,*,#628,.T.);
#630=CARTESIAN_POINT('',(0.007920155,1.803988718,1.803988706));
#631=VERTEX_POINT('',#630);
#632=CARTESIAN_POINT('',(0.0079375,24.627886298,1.803988724));
#633=DIRECTION('',(-0.,-1.,-0.));
#634=VECTOR('',#633,22.82389758);
#635=LINE('',#632,#634);
#636=EDGE_CURVE('',#623,#631,#635,.T.);
#637=ORIENTED_EDGE('',*,*,#636,.T.);
#638=CARTESIAN_POINT('',(0.007918538,1.803988719,10.911886293));
#639=VERTEX_POINT('',#638);
#640=CARTESIAN_POINT('',(0.0079375,1.803988724,1.803988706));
#641=DIRECTION('',(0.,0.,1.));
#642=VECTOR('',#641,9.107897587);
#643=LINE('',#640,#642);
#644=EDGE_CURVE('',#631,#639,#643,.T.);
#645=ORIENTED_EDGE('',*,*,#644,.T.);
#646=CARTESIAN_POINT('',(0.0079375,1.803988724,10.911886276));
#647=DIRECTION('',(-0.,1.,-0.));
#648=VECTOR('',#647,22.823897552);
#649=LINE('',#646,#648);
#650=EDGE_CURVE('',#639,#621,#649,.T.);
#651=ORIENTED_EDGE('',*,*,#650,.T.);
#652=EDGE_LOOP('',(#629,#637,#645,#651));
#653=FACE_BOUND('',#652,.T.);
#654=ADVANCED_FACE('',(#653),#619,.T.);
#655=CARTESIAN_POINT('',(24.6459375,4.3259375,-12.6920625));
#656=DIRECTION('',(0.,0.,1.));
#657=DIRECTION('',(1.,0.,-0.));
#658=AXIS2_PLACEMENT_3D('',#655,#656,#657);
#659=CYLINDRICAL_SURFACE('',#658,1.27);
#660=CARTESIAN_POINT('',(25.9159375,4.3259375,1.786433594));
#661=VERTEX_POINT('',#660);
#662=CARTESIAN_POINT('',(25.9159375,4.3259375,0.007441406));
#663=VERTEX_POINT('',#662);
#664=CARTESIAN_POINT('',(25.9159375,4.3259375,1.786433594));
#665=DIRECTION('',(-0.,-0.,-1.));
#666=VECTOR('',#665,1.778992188);
#667=LINE('',#664,#666);
#668=EDGE_CURVE('',#661,#663,#667,.T.);
#669=ORIENTED_EDGE('',*,*,#668,.F.);
#670=CARTESIAN_POINT('',(24.6459375,4.3259375,1.786433594));
#671=DIRECTION('',(-0.,-0.,-1.));
#672=DIRECTION('',(1.,0.,-0.));
#673=AXIS2_PLACEMENT_3D('',#670,#671,#672);
#674=CIRCLE('',#673,1.27);
#675=EDGE_CURVE('',#661,#661,#674,.T.);
#676=ORIENTED_EDGE('',*,*,#675,.F.);
#677=ORIENTED_EDGE('',*,*,#668,.T.);
#678=CARTESIAN_POINT('',(23.3759375,4.3259375,0.007441406));
#679=VERTEX_POINT('',#678);
#680=CARTESIAN_POINT('',(24.6459375,4.3259375,0.007441406));
#681=DIRECTION('',(0.,0.,-1.));
#682=DIRECTION('',(-1.,0.,0.));
#683=AXIS2_PLACEMENT_3D('',#680,#681,#682);
#684=CIRCLE('',#683,1.27);
#685=EDGE_CURVE('',#663,#679,#684,.T.);
#686=ORIENTED_EDGE('',*,*,#685,.T.);
#687=CARTESIAN_POINT('',(24.6459375,4.3259375,0.007441406));
#688=DIRECTION('',(0.,0.,-1.));
#689=DIRECTION('',(-1.,0.,0.));
#690=AXIS2_PLACEMENT_3D('',#687,#688,#689);
#691=CIRCLE('',#690,1.27);
#692=EDGE_CURVE('',#679,#663,#691,.T.);
#693=ORIENTED_EDGE('',*,*,#692,.T.);
#694=EDGE_LOOP('',(#669,#676,#677,#686,#693));
#695=FACE_BOUND('',#694,.T.);
#696=ADVANCED_FACE('',(#695),#659,.F.);
#697=CARTESIAN_POINT('',(24.6459375,4.3259375,-12.6920625));
#698=DIRECTION('',(0.,0.,1.));
#699=DIRECTION('',(1.,0.,-0.));
#700=AXIS2_PLACEMENT_3D('',#697,#698,#699);
#701=CYLINDRICAL_SURFACE('',#700,1.27);
#702=CARTESIAN_POINT('',(25.9159375,4.3259375,12.1999375));
#703=VERTEX_POINT('',#702);
#704=CARTESIAN_POINT('',(25.9159375,4.3259375,10.9299375));
#705=VERTEX_POINT('',#704);
#706=CARTESIAN_POINT('',(25.9159375,4.3259375,12.1999375));
#707=DIRECTION('',(-0.,-0.,-1.));
#708=VECTOR('',#707,1.27);
#709=LINE('',#706,#708);
#710=EDGE_CURVE('',#703,#705,#709,.T.);
#711=ORIENTED_EDGE('',*,*,#710,.F.);
#712=CARTESIAN_POINT('',(24.6459375,4.3259375,12.1999375));
#713=DIRECTION('',(0.,0.,1.));
#714=DIRECTION('',(1.,0.,-0.));
#715=AXIS2_PLACEMENT_3D('',#712,#713,#714);
#716=CIRCLE('',#715,1.27);
#717=EDGE_CURVE('',#703,#703,#716,.T.);
#718=ORIENTED_EDGE('',*,*,#717,.T.);
#719=ORIENTED_EDGE('',*,*,#710,.T.);
#720=CARTESIAN_POINT('',(24.6459375,4.3259375,10.9299375));
#721=DIRECTION('',(-0.,-0.,-1.));
#722=DIRECTION('',(1.,0.,-0.));
#723=AXIS2_PLACEMENT_3D('',#720,#721,#722);
#724=CIRCLE('',#723,1.27);
#725=EDGE_CURVE('',#705,#705,#724,.T.);
#726=ORIENTED_EDGE('',*,*,#725,.T.);
#727=EDGE_LOOP('',(#711,#718,#719,#726));
#728=FACE_BOUND('',#727,.T.);
#729=ADVANCED_FACE('',(#728),#701,.F.);
#730=CARTESIAN_POINT('',(24.6459375,22.1059375,-4.3576875));
#731=DIRECTION('',(0.,0.,1.));
#732=DIRECTION('',(1.,0.,-0.));
#733=AXIS2_PLACEMENT_3D('',#730,#731,#732);
#734=CYLINDRICAL_SURFACE('',#733,1.27);
#735=CARTESIAN_POINT('',(25.9159375,22.1059375,12.1999375));
#736=VERTEX_POINT('',#735);
#737=CARTESIAN_POINT('',(25.9159375,22.1059375,10.9299375));
#738=VERTEX_POINT('',#737);
#739=CARTESIAN_POINT('',(25.9159375,22.1059375,12.1999375));
#740=DIRECTION('',(-0.,-0.,-1.));
#741=VECTOR('',#740,1.27);
#742=LINE('',#739,#741);
#743=EDGE_CURVE('',#736,#738,#742,.T.);
#744=ORIENTED_EDGE('',*,*,#743,.F.);
#745=CARTESIAN_POINT('',(24.6459375,22.1059375,12.1999375));
#746=DIRECTION('',(0.,0.,1.));
#747=DIRECTION('',(1.,0.,-0.));
#748=AXIS2_PLACEMENT_3D('',#745,#746,#747);
#749=CIRCLE('',#748,1.27);
#750=EDGE_CURVE('',#736,#736,#749,.T.);
#751=ORIENTED_EDGE('',*,*,#750,.T.);
#752=ORIENTED_EDGE('',*,*,#743,.T.);
#753=CARTESIAN_POINT('',(24.6459375,22.1059375,10.9299375));
#754=DIRECTION('',(-0.,-0.,-1.));
#755=DIRECTION('',(1.,0.,-0.));
#756=AXIS2_PLACEMENT_3D('',#753,#754,#755);
#757=CIRCLE('',#756,1.27);
#758=EDGE_CURVE('',#738,#738,#757,.T.);
#759=ORIENTED_EDGE('',*,*,#758,.T.);
#760=EDGE_LOOP('',(#744,#751,#752,#759));
#761=FACE_BOUND('',#760,.T.);
#762=ADVANCED_FACE('',(#761),#734,.F.);
#763=CARTESIAN_POINT('',(1.7859375,1.7859375,12.7079375));
#764=DIRECTION('',(0.,0.,1.));
#765=DIRECTION('',(0.,1.,0.));
#766=AXIS2_PLACEMENT_3D('',#763,#764,#765);
#767=PLANE('',#766);
#768=CARTESIAN_POINT('',(26.7414375,4.3259375,12.7079375));
#769=VERTEX_POINT('',#768);
#770=CARTESIAN_POINT('',(24.6459375,4.3259375,12.7079375));
#771=DIRECTION('',(0.,0.,1.));
#772=DIRECTION('',(1.,0.,-0.));
#773=AXIS2_PLACEMENT_3D('',#770,#771,#772);
#774=CIRCLE('',#773,2.0955);
#775=EDGE_CURVE('',#769,#769,#774,.T.);
#776=ORIENTED_EDGE('',*,*,#775,.F.);
#777=EDGE_LOOP('',(#776));
#778=FACE_BOUND('',#777,.T.);
#779=CARTESIAN_POINT('',(26.7414375,22.1059375,12.7079375));
#780=VERTEX_POINT('',#779);
#781=CARTESIAN_POINT('',(24.6459375,22.1059375,12.7079375));
#782=DIRECTION('',(0.,0.,1.));
#783=DIRECTION('',(1.,0.,-0.));
#784=AXIS2_PLACEMENT_3D('',#781,#782,#783);
#785=CIRCLE('',#784,2.0955);
#786=EDGE_CURVE('',#780,#780,#785,.T.);
#787=ORIENTED_EDGE('',*,*,#786,.F.);
#788=EDGE_LOOP('',(#787));
#789=FACE_BOUND('',#788,.T.);
#790=CARTESIAN_POINT('',(1.803969917,1.803969664,12.707950554));
#791=VERTEX_POINT('',#790);
#792=CARTESIAN_POINT('',(1.803988724,1.803988724,12.7079375));
#793=DIRECTION('',(1.,-0.,-0.));
#794=VECTOR('',#793,25.381948776);
#795=LINE('',#792,#794);
#796=EDGE_CURVE('',#791,#510,#795,.T.);
#797=ORIENTED_EDGE('',*,*,#796,.T.);
#798=ORIENTED_EDGE('',*,*,#515,.T.);
#799=CARTESIAN_POINT('',(1.803988974,24.628145229,12.707950509));
#800=VERTEX_POINT('',#799);
#801=CARTESIAN_POINT('',(27.1859375,24.627886276,12.7079375));
#802=DIRECTION('',(-1.,0.000013603,0.));
#803=VECTOR('',#802,25.381948527);
#804=LINE('',#801,#803);
#805=EDGE_CURVE('',#501,#800,#804,.T.);
#806=ORIENTED_EDGE('',*,*,#805,.T.);
#807=CARTESIAN_POINT('',(1.803989065,24.628231546,12.7079375));
#808=DIRECTION('',(-0.,-1.,-0.));
#809=VECTOR('',#808,22.824242822);
#810=LINE('',#807,#809);
#811=EDGE_CURVE('',#800,#791,#810,.T.);
#812=ORIENTED_EDGE('',*,*,#811,.T.);
#813=EDGE_LOOP('',(#797,#798,#806,#812));
#814=FACE_BOUND('',#813,.T.);
#815=CARTESIAN_POINT('',(9.5964375,2.8654375,12.7079375));
#816=VERTEX_POINT('',#815);
#817=CARTESIAN_POINT('',(3.2464375,9.2154375,12.7079375));
#818=VERTEX_POINT('',#817);
#819=CARTESIAN_POINT('',(9.5964375,2.8654375,12.7079375));
#820=DIRECTION('',(-0.707106781,0.707106781,0.));
#821=VECTOR('',#820,8.980256121);
#822=LINE('',#819,#821);
#823=EDGE_CURVE('',#816,#818,#822,.T.);
#824=ORIENTED_EDGE('',*,*,#823,.T.);
#825=CARTESIAN_POINT('',(9.5964375,9.2154375,12.7079375));
#826=VERTEX_POINT('',#825);
#827=CARTESIAN_POINT('',(9.5964375,9.2154375,12.7079375));
#828=DIRECTION('',(-1.,-0.,0.));
#829=VECTOR('',#828,6.35);
#830=LINE('',#827,#829);
#831=EDGE_CURVE('',#826,#818,#830,.T.);
#832=ORIENTED_EDGE('',*,*,#831,.F.);
#833=CARTESIAN_POINT('',(9.5964375,17.2164375,12.7079375));
#834=VERTEX_POINT('',#833);
#835=CARTESIAN_POINT('',(9.5964375,9.2154375,12.7079375));
#836=DIRECTION('',(0.,1.,0.));
#837=VECTOR('',#836,8.001);
#838=LINE('',#835,#837);
#839=EDGE_CURVE('',#826,#834,#838,.T.);
#840=ORIENTED_EDGE('',*,*,#839,.T.);
#841=CARTESIAN_POINT('',(3.2464375,17.2164375,12.7079375));
#842=VERTEX_POINT('',#841);
#843=CARTESIAN_POINT('',(9.5964375,17.2164375,12.7079375));
#844=DIRECTION('',(-1.,0.,0.));
#845=VECTOR('',#844,6.35);
#846=LINE('',#843,#845);
#847=EDGE_CURVE('',#834,#842,#846,.T.);
#848=ORIENTED_EDGE('',*,*,#847,.T.);
#849=CARTESIAN_POINT('',(9.5964375,23.5664375,12.7079375));
#850=VERTEX_POINT('',#849);
#851=CARTESIAN_POINT('',(3.2464375,17.2164375,12.7079375));
#852=DIRECTION('',(0.707106781,0.707106781,0.));
#853=VECTOR('',#852,8.980256121);
#854=LINE('',#851,#853);
#855=EDGE_CURVE('',#842,#850,#854,.T.);
#856=ORIENTED_EDGE('',*,*,#855,.T.);
#857=CARTESIAN_POINT('',(9.5964375,17.2164375,12.7079375));
#858=DIRECTION('',(0.,1.,0.));
#859=VECTOR('',#858,6.35);
#860=LINE('',#857,#859);
#861=EDGE_CURVE('',#834,#850,#860,.T.);
#862=ORIENTED_EDGE('',*,*,#861,.F.);
#863=CARTESIAN_POINT('',(17.600582272,17.216437493,12.7079375));
#864=VERTEX_POINT('',#863);
#865=CARTESIAN_POINT('',(9.5964375,17.2164375,12.7079375));
#866=DIRECTION('',(1.,-0.,-0.));
#867=VECTOR('',#866,8.004144772);
#868=LINE('',#865,#867);
#869=EDGE_CURVE('',#834,#864,#868,.T.);
#870=ORIENTED_EDGE('',*,*,#869,.T.);
#871=CARTESIAN_POINT('',(17.600582272,23.5664375,12.7079375));
#872=VERTEX_POINT('',#871);
#873=CARTESIAN_POINT('',(17.600582272,17.216437493,12.7079375));
#874=DIRECTION('',(0.,1.,0.));
#875=VECTOR('',#874,6.350000007);
#876=LINE('',#873,#875);
#877=EDGE_CURVE('',#864,#872,#876,.T.);
#878=ORIENTED_EDGE('',*,*,#877,.T.);
#879=CARTESIAN_POINT('',(23.950582272,17.2164375,12.7079375));
#880=VERTEX_POINT('',#879);
#881=CARTESIAN_POINT('',(17.600582272,23.5664375,12.7079375));
#882=DIRECTION('',(0.707106781,-0.707106781,0.));
#883=VECTOR('',#882,8.980256121);
#884=LINE('',#881,#883);
#885=EDGE_CURVE('',#872,#880,#884,.T.);
#886=ORIENTED_EDGE('',*,*,#885,.T.);
#887=CARTESIAN_POINT('',(17.600582272,17.2164375,12.7079375));
#888=DIRECTION('',(1.,-0.,-0.));
#889=VECTOR('',#888,6.35);
#890=LINE('',#887,#889);
#891=EDGE_CURVE('',#864,#880,#890,.T.);
#892=ORIENTED_EDGE('',*,*,#891,.F.);
#893=CARTESIAN_POINT('',(17.5974375,9.2154375,12.7079375));
#894=VERTEX_POINT('',#893);
#895=CARTESIAN_POINT('',(17.600582272,17.216437493,12.7079375));
#896=DIRECTION('',(-0.000393047,-0.999999923,0.));
#897=VECTOR('',#896,8.001000611);
#898=LINE('',#895,#897);
#899=EDGE_CURVE('',#864,#894,#898,.T.);
#900=ORIENTED_EDGE('',*,*,#899,.T.);
#901=CARTESIAN_POINT('',(23.947437009,9.212941649,12.7079375));
#902=VERTEX_POINT('',#901);
#903=CARTESIAN_POINT('',(17.5974375,9.2154375,12.7079375));
#904=DIRECTION('',(0.999999923,-0.000393047,0.));
#905=VECTOR('',#904,6.349999999);
#906=LINE('',#903,#905);
#907=EDGE_CURVE('',#894,#902,#906,.T.);
#908=ORIENTED_EDGE('',*,*,#907,.T.);
#909=CARTESIAN_POINT('',(17.594941651,2.865437993,12.7079375));
#910=VERTEX_POINT('',#909);
#911=CARTESIAN_POINT('',(23.947437009,9.212941649,12.7079375));
#912=DIRECTION('',(-0.707384653,-0.7068288,0.));
#913=VECTOR('',#912,8.980256117);
#914=LINE('',#911,#913);
#915=EDGE_CURVE('',#902,#910,#914,.T.);
#916=ORIENTED_EDGE('',*,*,#915,.T.);
#917=CARTESIAN_POINT('',(17.597437499,9.2154375,12.7079375));
#918=DIRECTION('',(-0.000393047,-0.999999923,-0.));
#919=VECTOR('',#918,6.349999997);
#920=LINE('',#917,#919);
#921=EDGE_CURVE('',#894,#910,#920,.T.);
#922=ORIENTED_EDGE('',*,*,#921,.F.);
#923=CARTESIAN_POINT('',(17.5974375,9.2154375,12.7079375));
#924=DIRECTION('',(-1.,0.,0.));
#925=VECTOR('',#924,8.001);
#926=LINE('',#923,#925);
#927=EDGE_CURVE('',#894,#826,#926,.T.);
#928=ORIENTED_EDGE('',*,*,#927,.T.);
#929=CARTESIAN_POINT('',(9.5964375,9.2154375,12.7079375));
#930=DIRECTION('',(-0.,-1.,-0.));
#931=VECTOR('',#930,6.35);
#932=LINE('',#929,#931);
#933=EDGE_CURVE('',#826,#816,#932,.T.);
#934=ORIENTED_EDGE('',*,*,#933,.T.);
#935=EDGE_LOOP('',(#824,#832,#840,#848,#856,#862,#870,#878,#886,#892,#900,#908,#916,#922,#928,#934));
#936=FACE_BOUND('',#935,.T.);
#937=ADVANCED_FACE('',(#778,#789,#814,#936),#767,.T.);
#938=CARTESIAN_POINT('',(0.5953125,13.2159375,10.9299375));
#939=DIRECTION('',(0.,0.,-1.));
#940=DIRECTION('',(0.,1.,0.));
#941=AXIS2_PLACEMENT_3D('',#938,#939,#940);
#942=PLANE('',#941);
#943=ORIENTED_EDGE('',*,*,#570,.T.);
#944=CARTESIAN_POINT('',(1.7859375,1.7859375,10.9299375));
#945=DIRECTION('',(1.,0.,-0.));
#946=VECTOR('',#945,25.4);
#947=LINE('',#944,#946);
#948=EDGE_CURVE('',#599,#559,#947,.T.);
#949=ORIENTED_EDGE('',*,*,#948,.F.);
#950=ORIENTED_EDGE('',*,*,#604,.T.);
#951=CARTESIAN_POINT('',(1.7859375,24.6459375,10.9299375));
#952=DIRECTION('',(1.,0.,-0.));
#953=VECTOR('',#952,25.4);
#954=LINE('',#951,#953);
#955=EDGE_CURVE('',#591,#474,#954,.T.);
#956=ORIENTED_EDGE('',*,*,#955,.T.);
#957=EDGE_LOOP('',(#943,#949,#950,#956));
#958=FACE_BOUND('',#957,.T.);
#959=ORIENTED_EDGE('',*,*,#758,.F.);
#960=EDGE_LOOP('',(#959));
#961=FACE_BOUND('',#960,.T.);
#962=ORIENTED_EDGE('',*,*,#725,.F.);
#963=EDGE_LOOP('',(#962));
#964=FACE_BOUND('',#963,.T.);
#965=CARTESIAN_POINT('',(17.597437501,9.2154375,10.9299375));
#966=VERTEX_POINT('',#965);
#967=CARTESIAN_POINT('',(17.600582272,17.2164375,10.9299375));
#968=VERTEX_POINT('',#967);
#969=CARTESIAN_POINT('',(17.5974375,9.2154375,10.9299375));
#970=DIRECTION('',(0.000393047,0.999999923,0.));
#971=VECTOR('',#970,8.001000618);
#972=LINE('',#969,#971);
#973=EDGE_CURVE('',#966,#968,#972,.T.);
#974=ORIENTED_EDGE('',*,*,#973,.T.);
#975=CARTESIAN_POINT('',(9.5964375,17.2164375,10.9299375));
#976=VERTEX_POINT('',#975);
#977=CARTESIAN_POINT('',(17.600582272,17.2164375,10.9299375));
#978=DIRECTION('',(-1.,-0.,0.));
#979=VECTOR('',#978,8.004144772);
#980=LINE('',#977,#979);
#981=EDGE_CURVE('',#968,#976,#980,.T.);
#982=ORIENTED_EDGE('',*,*,#981,.T.);
#983=CARTESIAN_POINT('',(9.5964375,9.2154375,10.9299375));
#984=VERTEX_POINT('',#983);
#985=CARTESIAN_POINT('',(9.5964375,17.2164375,10.9299375));
#986=DIRECTION('',(-0.,-1.,-0.));
#987=VECTOR('',#986,8.001);
#988=LINE('',#985,#987);
#989=EDGE_CURVE('',#976,#984,#988,.T.);
#990=ORIENTED_EDGE('',*,*,#989,.T.);
#991=CARTESIAN_POINT('',(9.5964375,9.2154375,10.9299375));
#992=DIRECTION('',(1.,0.,-0.));
#993=VECTOR('',#992,8.001000001);
#994=LINE('',#991,#993);
#995=EDGE_CURVE('',#984,#966,#994,.T.);
#996=ORIENTED_EDGE('',*,*,#995,.T.);
#997=EDGE_LOOP('',(#974,#982,#990,#996));
#998=FACE_BOUND('',#997,.T.);
#999=ADVANCED_FACE('',(#958,#961,#964,#998),#942,.T.);
#1000=CARTESIAN_POINT('',(1.7859375,0.0079375,1.7859375));
#1001=DIRECTION('',(0.,-1.,0.));
#1002=DIRECTION('',(1.,0.,0.));
#1003=AXIS2_PLACEMENT_3D('',#1000,#1001,#1002);
#1004=PLANE('',#1003);
#1005=CARTESIAN_POINT('',(1.803988251,0.007909266,1.803988681));
#1006=VERTEX_POINT('',#1005);
#1007=CARTESIAN_POINT('',(1.803988251,0.0079375,1.803988724));
#1008=DIRECTION('',(1.,0.,-0.));
#1009=VECTOR('',#1008,25.381949249);
#1010=LINE('',#1007,#1009);
#1011=EDGE_CURVE('',#1006,#527,#1010,.T.);
#1012=ORIENTED_EDGE('',*,*,#1011,.T.);
#1013=ORIENTED_EDGE('',*,*,#532,.T.);
#1014=CARTESIAN_POINT('',(1.803986338,0.00790663,10.911887));
#1015=VERTEX_POINT('',#1014);
#1016=CARTESIAN_POINT('',(27.1859375,0.0079375,10.911886276));
#1017=DIRECTION('',(-1.,-0.,0.));
#1018=VECTOR('',#1017,25.381951162);
#1019=LINE('',#1016,#1018);
#1020=EDGE_CURVE('',#518,#1015,#1019,.T.);
#1021=ORIENTED_EDGE('',*,*,#1020,.T.);
#1022=CARTESIAN_POINT('',(1.80398683,0.0079375,10.911886921));
#1023=DIRECTION('',(-0.,-0.,-1.));
#1024=VECTOR('',#1023,9.107898197);
#1025=LINE('',#1022,#1024);
#1026=EDGE_CURVE('',#1015,#1006,#1025,.T.);
#1027=ORIENTED_EDGE('',*,*,#1026,.T.);
#1028=EDGE_LOOP('',(#1012,#1013,#1021,#1027));
#1029=FACE_BOUND('',#1028,.T.);
#1030=ADVANCED_FACE('',(#1029),#1004,.T.);
#1031=CARTESIAN_POINT('',(0.5953125,24.6459375,2.8019375));
#1032=DIRECTION('',(0.,1.,0.));
#1033=DIRECTION('',(0.,0.,1.));
#1034=AXIS2_PLACEMENT_3D('',#1031,#1032,#1033);
#1035=PLANE('',#1034);
#1036=ORIENTED_EDGE('',*,*,#339,.T.);
#1037=ORIENTED_EDGE('',*,*,#353,.F.);
#1038=ORIENTED_EDGE('',*,*,#307,.F.);
#1039=ORIENTED_EDGE('',*,*,#252,.F.);
#1040=EDGE_LOOP('',(#1036,#1037,#1038,#1039));
#1041=FACE_BOUND('',#1040,.T.);
#1042=ORIENTED_EDGE('',*,*,#383,.F.);
#1043=CARTESIAN_POINT('',(22.1059375,24.6459375,0.008028214));
#1044=DIRECTION('',(1.,-0.,-0.));
#1045=VECTOR('',#1044,5.08);
#1046=LINE('',#1043,#1045);
#1047=EDGE_CURVE('',#367,#476,#1046,.T.);
#1048=ORIENTED_EDGE('',*,*,#1047,.T.);
#1049=ORIENTED_EDGE('',*,*,#481,.F.);
#1050=ORIENTED_EDGE('',*,*,#955,.F.);
#1051=ORIENTED_EDGE('',*,*,#596,.F.);
#1052=CARTESIAN_POINT('',(1.7859375,24.6459375,1.7859375));
#1053=DIRECTION('',(1.,0.,-0.));
#1054=VECTOR('',#1053,20.32);
#1055=LINE('',#1052,#1054);
#1056=EDGE_CURVE('',#583,#378,#1055,.T.);
#1057=ORIENTED_EDGE('',*,*,#1056,.T.);
#1058=EDGE_LOOP('',(#1042,#1048,#1049,#1050,#1051,#1057));
#1059=FACE_BOUND('',#1058,.T.);
#1060=ADVANCED_FACE('',(#1041,#1059),#1035,.F.);
#1061=CARTESIAN_POINT('',(0.5953125,1.7859375,2.8019375));
#1062=DIRECTION('',(0.,-1.,0.));
#1063=DIRECTION('',(0.,0.,-1.));
#1064=AXIS2_PLACEMENT_3D('',#1061,#1062,#1063);
#1065=PLANE('',#1064);
#1066=CARTESIAN_POINT('',(14.4859375,1.7859375,5.509713112));
#1067=VERTEX_POINT('',#1066);
#1068=CARTESIAN_POINT('',(14.4859375,1.7859375,3.8179375));
#1069=VERTEX_POINT('',#1068);
#1070=CARTESIAN_POINT('',(14.4859375,1.7859375,5.509713112));
#1071=DIRECTION('',(-0.,-0.,-1.));
#1072=VECTOR('',#1071,1.691775612);
#1073=LINE('',#1070,#1072);
#1074=EDGE_CURVE('',#1067,#1069,#1073,.T.);
#1075=ORIENTED_EDGE('',*,*,#1074,.F.);
#1076=CARTESIAN_POINT('',(7.2469375,1.7859375,5.509713112));
#1077=VERTEX_POINT('',#1076);
#1078=CARTESIAN_POINT('',(14.4859375,1.7859375,5.509713112));
#1079=DIRECTION('',(-1.,0.,0.));
#1080=VECTOR('',#1079,7.239);
#1081=LINE('',#1078,#1080);
#1082=EDGE_CURVE('',#1067,#1077,#1081,.T.);
#1083=ORIENTED_EDGE('',*,*,#1082,.T.);
#1084=CARTESIAN_POINT('',(7.2469375,1.7859375,3.8179375));
#1085=VERTEX_POINT('',#1084);
#1086=CARTESIAN_POINT('',(7.2469375,1.7859375,5.509713112));
#1087=DIRECTION('',(0.,0.,-1.));
#1088=VECTOR('',#1087,1.691775612);
#1089=LINE('',#1086,#1088);
#1090=EDGE_CURVE('',#1077,#1085,#1089,.T.);
#1091=ORIENTED_EDGE('',*,*,#1090,.T.);
#1092=CARTESIAN_POINT('',(7.2469375,1.7859375,3.8179375));
#1093=DIRECTION('',(1.,0.,-0.));
#1094=VECTOR('',#1093,7.239);
#1095=LINE('',#1092,#1094);
#1096=EDGE_CURVE('',#1085,#1069,#1095,.T.);
#1097=ORIENTED_EDGE('',*,*,#1096,.T.);
#1098=EDGE_LOOP('',(#1075,#1083,#1091,#1097));
#1099=FACE_BOUND('',#1098,.T.);
#1100=ORIENTED_EDGE('',*,*,#564,.F.);
#1101=CARTESIAN_POINT('',(1.7859375,1.7859375,1.7859375));
#1102=DIRECTION('',(1.,-0.,-0.));
#1103=VECTOR('',#1102,25.4);
#1104=LINE('',#1101,#1103);
#1105=EDGE_CURVE('',#581,#551,#1104,.T.);
#1106=ORIENTED_EDGE('',*,*,#1105,.F.);
#1107=ORIENTED_EDGE('',*,*,#610,.F.);
#1108=ORIENTED_EDGE('',*,*,#948,.T.);
#1109=EDGE_LOOP('',(#1100,#1106,#1107,#1108));
#1110=FACE_BOUND('',#1109,.T.);
#1111=ADVANCED_FACE('',(#1099,#1110),#1065,.F.);
#1112=CARTESIAN_POINT('',(0.5953125,13.2159375,1.7859375));
#1113=DIRECTION('',(0.,0.,-1.));
#1114=DIRECTION('',(-1.,0.,0.));
#1115=AXIS2_PLACEMENT_3D('',#1112,#1113,#1114);
#1116=PLANE('',#1115);
#1117=ORIENTED_EDGE('',*,*,#391,.T.);
#1118=ORIENTED_EDGE('',*,*,#1056,.F.);
#1119=ORIENTED_EDGE('',*,*,#588,.F.);
#1120=ORIENTED_EDGE('',*,*,#1105,.T.);
#1121=ORIENTED_EDGE('',*,*,#556,.F.);
#1122=CARTESIAN_POINT('',(22.1059375,19.58578125,1.7859375));
#1123=DIRECTION('',(1.,0.,-0.));
#1124=VECTOR('',#1123,5.08);
#1125=LINE('',#1122,#1124);
#1126=EDGE_CURVE('',#386,#543,#1125,.T.);
#1127=ORIENTED_EDGE('',*,*,#1126,.F.);
#1128=EDGE_LOOP('',(#1117,#1118,#1119,#1120,#1121,#1127));
#1129=FACE_BOUND('',#1128,.T.);
#1130=CARTESIAN_POINT('',(26.7414375,4.3259375,1.7859375));
#1131=VERTEX_POINT('',#1130);
#1132=CARTESIAN_POINT('',(24.6459375,4.3259375,1.7859375));
#1133=DIRECTION('',(0.,0.,1.));
#1134=DIRECTION('',(1.,0.,-0.));
#1135=AXIS2_PLACEMENT_3D('',#1132,#1133,#1134);
#1136=CIRCLE('',#1135,2.0955);
#1137=EDGE_CURVE('',#1131,#1131,#1136,.T.);
#1138=ORIENTED_EDGE('',*,*,#1137,.F.);
#1139=EDGE_LOOP('',(#1138));
#1140=FACE_BOUND('',#1139,.T.);
#1141=ADVANCED_FACE('',(#1129,#1140),#1116,.F.);
#1142=CARTESIAN_POINT('',(1.7859375,1.803988724,10.911886276));
#1143=DIRECTION('',(1.,0.,0.));
#1144=DIRECTION('',(0.,0.,-1.));
#1145=AXIS2_PLACEMENT_3D('',#1142,#1143,#1144);
#1146=CYLINDRICAL_SURFACE('',#1145,1.796051224);
#1147=ORIENTED_EDGE('',*,*,#1020,.F.);
#1148=ORIENTED_EDGE('',*,*,#524,.T.);
#1149=ORIENTED_EDGE('',*,*,#796,.F.);
#1150=CARTESIAN_POINT('',(1.803987777,0.0079375,10.911886921));
#1151=CARTESIAN_POINT('',(1.803987856,0.007937584,11.146989423));
#1152=CARTESIAN_POINT('',(1.803987935,0.054684053,11.381999405));
#1153=CARTESIAN_POINT('',(1.803988014,0.144653944,11.59920577));
#1154=CARTESIAN_POINT('',(1.803988093,0.234623835,11.816412135));
#1155=CARTESIAN_POINT('',(1.803988172,0.367746349,12.015643961));
#1156=CARTESIAN_POINT('',(1.80398825,0.533988952,12.181886504));
#1157=CARTESIAN_POINT('',(1.803988329,0.700231555,12.348129047));
#1158=CARTESIAN_POINT('',(1.803988408,0.899463428,12.48125149));
#1159=CARTESIAN_POINT('',(1.803988487,1.116669826,12.571221303));
#1160=CARTESIAN_POINT('',(1.803988566,1.333876223,12.661191116));
#1161=CARTESIAN_POINT('',(1.803988645,1.568886222,12.7079375));
#1162=CARTESIAN_POINT('',(1.803988724,1.803988724,12.7079375));
#1163=B_SPLINE_CURVE_WITH_KNOTS('',3,(#1150,#1151,#1152,#1153,#1154,#1155,#1156,#1157,#1158,#1159,#1160,#1161,#1162),.UNSPECIFIED.,.F.,.F.,(4,3,3,3,4),(90.000020576,112.500015432,135.000010288,157.500005144,180.),.UNSPECIFIED.);
#1164=EDGE_CURVE('',#1015,#791,#1163,.T.);
#1165=ORIENTED_EDGE('',*,*,#1164,.F.);
#1166=EDGE_LOOP('',(#1147,#1148,#1149,#1165));
#1167=FACE_BOUND('',#1166,.T.);
#1168=ADVANCED_FACE('',(#1167),#1146,.T.);
#1169=CARTESIAN_POINT('',(1.7859375,24.627886276,10.911886276));
#1170=DIRECTION('',(-1.,0.,0.));
#1171=DIRECTION('',(0.,0.,1.));
#1172=AXIS2_PLACEMENT_3D('',#1169,#1170,#1171);
#1173=CYLINDRICAL_SURFACE('',#1172,1.796051224);
#1174=ORIENTED_EDGE('',*,*,#507,.T.);
#1175=CARTESIAN_POINT('',(1.803988719,26.423956462,10.911886293));
#1176=VERTEX_POINT('',#1175);
#1177=CARTESIAN_POINT('',(1.803988719,26.4239375,10.911886276));
#1178=DIRECTION('',(1.,-0.,-0.));
#1179=VECTOR('',#1178,25.381948781);
#1180=LINE('',#1177,#1179);
#1181=EDGE_CURVE('',#1176,#493,#1180,.T.);
#1182=ORIENTED_EDGE('',*,*,#1181,.F.);
#1183=CARTESIAN_POINT('',(1.803988894,24.628231545,12.707937467));
#1184=CARTESIAN_POINT('',(1.80398888,24.863305323,12.707892277));
#1185=CARTESIAN_POINT('',(1.803988866,25.098277671,12.661112281));
#1186=CARTESIAN_POINT('',(1.803988852,25.315444556,12.571122128));
#1187=CARTESIAN_POINT('',(1.803988838,25.53261144,12.481131974));
#1188=CARTESIAN_POINT('',(1.803988823,25.731802053,12.348002442));
#1189=CARTESIAN_POINT('',(1.803988809,25.898008341,12.181764199));
#1190=CARTESIAN_POINT('',(1.803988795,26.064214629,12.015525957));
#1191=CARTESIAN_POINT('',(1.803988781,26.197305867,11.816309756));
#1192=CARTESIAN_POINT('',(1.803988767,26.287254271,11.599125576));
#1193=CARTESIAN_POINT('',(1.803988752,26.377202676,11.381941396));
#1194=CARTESIAN_POINT('',(1.803988738,26.4239375,11.146960059));
#1195=CARTESIAN_POINT('',(1.803988724,26.4239375,10.911886276));
#1196=B_SPLINE_CURVE_WITH_KNOTS('',3,(#1183,#1184,#1185,#1186,#1187,#1188,#1189,#1190,#1191,#1192,#1193,#1194,#1195),.UNSPECIFIED.,.F.,.F.,(4,3,3,3,4),(0.011014404,22.508260803,45.005507202,67.502753601,90.),.UNSPECIFIED.);
#1197=EDGE_CURVE('',#800,#1176,#1196,.T.);
#1198=ORIENTED_EDGE('',*,*,#1197,.F.);
#1199=ORIENTED_EDGE('',*,*,#805,.F.);
#1200=EDGE_LOOP('',(#1174,#1182,#1198,#1199));
#1201=FACE_BOUND('',#1200,.T.);
#1202=ADVANCED_FACE('',(#1201),#1173,.T.);
#1203=CARTESIAN_POINT('',(1.7859375,24.627886276,1.803988724));
#1204=DIRECTION('',(-1.,0.,0.));
#1205=DIRECTION('',(0.,0.,1.));
#1206=AXIS2_PLACEMENT_3D('',#1203,#1204,#1205);
#1207=CYLINDRICAL_SURFACE('',#1206,1.796051224);
#1208=ORIENTED_EDGE('',*,*,#1047,.F.);
#1209=ORIENTED_EDGE('',*,*,#375,.T.);
#1210=ORIENTED_EDGE('',*,*,#463,.F.);
#1211=CARTESIAN_POINT('',(1.803988715,26.423954845,1.803988697));
#1212=VERTEX_POINT('',#1211);
#1213=CARTESIAN_POINT('',(1.803988721,26.4239375,1.803988706));
#1214=CARTESIAN_POINT('',(1.803988721,26.423937498,1.568886152));
#1215=CARTESIAN_POINT('',(1.803988721,26.37719109,1.333876101));
#1216=CARTESIAN_POINT('',(1.803988722,26.287221236,1.116669664));
#1217=CARTESIAN_POINT('',(1.803988722,26.197251382,0.899463227));
#1218=CARTESIAN_POINT('',(1.803988722,26.06412888,0.700231327));
#1219=CARTESIAN_POINT('',(1.803988722,25.897886269,0.533988718));
#1220=CARTESIAN_POINT('',(1.803988723,25.731643658,0.367746108));
#1221=CARTESIAN_POINT('',(1.803988723,25.532411757,0.234623609));
#1222=CARTESIAN_POINT('',(1.803988723,25.315205319,0.144653757));
#1223=CARTESIAN_POINT('',(1.803988723,25.097998881,0.054683905));
#1224=CARTESIAN_POINT('',(1.803988724,24.86298883,0.0079375));
#1225=CARTESIAN_POINT('',(1.803988724,24.627886276,0.0079375));
#1226=B_SPLINE_CURVE_WITH_KNOTS('',3,(#1213,#1214,#1215,#1216,#1217,#1218,#1219,#1220,#1221,#1222,#1223,#1224,#1225),.UNSPECIFIED.,.F.,.F.,(4,3,3,3,4),(90.000000574,112.500000431,135.000000287,157.500000144,180.),.UNSPECIFIED.);
#1227=EDGE_CURVE('',#1212,#452,#1226,.T.);
#1228=ORIENTED_EDGE('',*,*,#1227,.F.);
#1229=CARTESIAN_POINT('',(27.1859375,26.4239375,1.803988724));
#1230=DIRECTION('',(-1.,0.,0.));
#1231=VECTOR('',#1230,25.381948785);
#1232=LINE('',#1229,#1231);
#1233=EDGE_CURVE('',#484,#1212,#1232,.T.);
#1234=ORIENTED_EDGE('',*,*,#1233,.F.);
#1235=ORIENTED_EDGE('',*,*,#490,.T.);
#1236=EDGE_LOOP('',(#1208,#1209,#1210,#1228,#1234,#1235));
#1237=FACE_BOUND('',#1236,.T.);
#1238=ADVANCED_FACE('',(#1237),#1207,.T.);
#1239=CARTESIAN_POINT('',(1.7859375,1.803988724,1.803988724));
#1240=DIRECTION('',(1.,0.,0.));
#1241=DIRECTION('',(0.,0.,-1.));
#1242=AXIS2_PLACEMENT_3D('',#1239,#1240,#1241);
#1243=CYLINDRICAL_SURFACE('',#1242,1.796051224);
#1244=CARTESIAN_POINT('',(1.803988724,0.0079375,1.803988724));
#1245=CARTESIAN_POINT('',(1.803988723,0.0079375,1.568886171));
#1246=CARTESIAN_POINT('',(1.803988721,0.054683905,1.333876122));
#1247=CARTESIAN_POINT('',(1.80398872,0.144653756,1.116669685));
#1248=CARTESIAN_POINT('',(1.803988718,0.234623606,0.899463248));
#1249=CARTESIAN_POINT('',(1.803988717,0.367746104,0.700231347));
#1250=CARTESIAN_POINT('',(1.803988716,0.533988712,0.533988736));
#1251=CARTESIAN_POINT('',(1.803988714,0.70023132,0.367746125));
#1252=CARTESIAN_POINT('',(1.803988713,0.899463218,0.234623623));
#1253=CARTESIAN_POINT('',(1.803988712,1.116669653,0.144653769));
#1254=CARTESIAN_POINT('',(1.80398871,1.333876088,0.054683914));
#1255=CARTESIAN_POINT('',(1.803988709,1.568886137,0.007937504));
#1256=CARTESIAN_POINT('',(1.803988707,1.80398869,0.0079375));
#1257=B_SPLINE_CURVE_WITH_KNOTS('',3,(#1244,#1245,#1246,#1247,#1248,#1249,#1250,#1251,#1252,#1253,#1254,#1255,#1256),.UNSPECIFIED.,.F.,.F.,(4,3,3,3,4),(270.,292.499999729,314.999999458,337.499999187,359.999998915),.UNSPECIFIED.);
#1258=EDGE_CURVE('',#1006,#444,#1257,.T.);
#1259=ORIENTED_EDGE('',*,*,#1258,.T.);
#1260=ORIENTED_EDGE('',*,*,#449,.F.);
#1261=ORIENTED_EDGE('',*,*,#539,.T.);
#1262=ORIENTED_EDGE('',*,*,#1011,.F.);
#1263=EDGE_LOOP('',(#1259,#1260,#1261,#1262));
#1264=FACE_BOUND('',#1263,.T.);
#1265=ADVANCED_FACE('',(#1264),#1243,.T.);
#1266=CARTESIAN_POINT('',(1.7859375,26.4239375,1.7859375));
#1267=DIRECTION('',(0.,1.,0.));
#1268=DIRECTION('',(-1.,0.,0.));
#1269=AXIS2_PLACEMENT_3D('',#1266,#1267,#1268);
#1270=PLANE('',#1269);
#1271=ORIENTED_EDGE('',*,*,#498,.F.);
#1272=ORIENTED_EDGE('',*,*,#1233,.T.);
#1273=CARTESIAN_POINT('',(1.803988718,26.4239375,1.803988697));
#1274=DIRECTION('',(0.,0.,1.));
#1275=VECTOR('',#1274,9.107897596);
#1276=LINE('',#1273,#1275);
#1277=EDGE_CURVE('',#1212,#1176,#1276,.T.);
#1278=ORIENTED_EDGE('',*,*,#1277,.T.);
#1279=ORIENTED_EDGE('',*,*,#1181,.T.);
#1280=EDGE_LOOP('',(#1271,#1272,#1278,#1279));
#1281=FACE_BOUND('',#1280,.T.);
#1282=ADVANCED_FACE('',(#1281),#1270,.T.);
#1283=CARTESIAN_POINT('',(0.5953125,23.3759375,3.8179375));
#1284=DIRECTION('',(0.,0.,1.));
#1285=DIRECTION('',(1.,0.,0.));
#1286=AXIS2_PLACEMENT_3D('',#1283,#1284,#1285);
#1287=PLANE('',#1286);
#1288=ORIENTED_EDGE('',*,*,#1096,.F.);
#1289=CARTESIAN_POINT('',(7.2469375,3.427911888,3.8179375));
#1290=VERTEX_POINT('',#1289);
#1291=CARTESIAN_POINT('',(7.2469375,1.7859375,3.8179375));
#1292=DIRECTION('',(0.,1.,0.));
#1293=VECTOR('',#1292,1.641974388);
#1294=LINE('',#1291,#1293);
#1295=EDGE_CURVE('',#1085,#1290,#1294,.T.);
#1296=ORIENTED_EDGE('',*,*,#1295,.T.);
#1297=CARTESIAN_POINT('',(14.4859375,3.427911888,3.8179375));
#1298=VERTEX_POINT('',#1297);
#1299=CARTESIAN_POINT('',(7.2469375,3.427911888,3.8179375));
#1300=DIRECTION('',(1.,0.,-0.));
#1301=VECTOR('',#1300,7.239);
#1302=LINE('',#1299,#1301);
#1303=EDGE_CURVE('',#1290,#1298,#1302,.T.);
#1304=ORIENTED_EDGE('',*,*,#1303,.T.);
#1305=CARTESIAN_POINT('',(14.4859375,3.427911888,3.8179375));
#1306=DIRECTION('',(-0.,-1.,-0.));
#1307=VECTOR('',#1306,1.641974388);
#1308=LINE('',#1305,#1307);
#1309=EDGE_CURVE('',#1298,#1069,#1308,.T.);
#1310=ORIENTED_EDGE('',*,*,#1309,.T.);
#1311=EDGE_LOOP('',(#1288,#1296,#1304,#1310));
#1312=FACE_BOUND('',#1311,.T.);
#1313=ADVANCED_FACE('',(#1312),#1287,.F.);
#1314=CARTESIAN_POINT('',(1.803988724,1.803988724,1.7859375));
#1315=DIRECTION('',(0.,0.,1.));
#1316=DIRECTION('',(1.,0.,-0.));
#1317=AXIS2_PLACEMENT_3D('',#1314,#1315,#1316);
#1318=CYLINDRICAL_SURFACE('',#1317,1.796051224);
#1319=ORIENTED_EDGE('',*,*,#1026,.F.);
#1320=CARTESIAN_POINT('',(0.0079375,1.803988724,10.911886276));
#1321=CARTESIAN_POINT('',(0.0079375,1.568886326,10.911886303));
#1322=CARTESIAN_POINT('',(0.054683842,1.333876431,10.91188633));
#1323=CARTESIAN_POINT('',(0.144653578,1.116670114,10.911886357));
#1324=CARTESIAN_POINT('',(0.234623313,0.899463797,10.911886383));
#1325=CARTESIAN_POINT('',(0.367745643,0.700231981,10.91188641));
#1326=CARTESIAN_POINT('',(0.533988055,0.533989394,10.911886437));
#1327=CARTESIAN_POINT('',(0.700230467,0.367746806,10.911886464));
#1328=CARTESIAN_POINT('',(0.899462142,0.234624267,10.911886491));
#1329=CARTESIAN_POINT('',(1.116668365,0.144654302,10.911886518));
#1330=CARTESIAN_POINT('',(1.333874587,0.054684338,10.911886545));
#1331=CARTESIAN_POINT('',(1.568884432,0.007937748,10.911886572));
#1332=CARTESIAN_POINT('',(1.80398683,0.0079375,10.911886598));
#1333=B_SPLINE_CURVE_WITH_KNOTS('',3,(#1320,#1321,#1322,#1323,#1324,#1325,#1326,#1327,#1328,#1329,#1330,#1331,#1332),.UNSPECIFIED.,.F.,.F.,(4,3,3,3,4),(180.,202.499984895,224.99996979,247.499954685,269.999939581),.UNSPECIFIED.);
#1334=EDGE_CURVE('',#639,#1015,#1333,.T.);
#1335=ORIENTED_EDGE('',*,*,#1334,.F.);
#1336=ORIENTED_EDGE('',*,*,#644,.F.);
#1337=CARTESIAN_POINT('',(1.803988724,1.803988724,1.803988724));
#1338=DIRECTION('',(-0.,-0.,-1.));
#1339=DIRECTION('',(1.,0.,-0.));
#1340=AXIS2_PLACEMENT_3D('',#1337,#1338,#1339);
#1341=CIRCLE('',#1340,1.796051224);
#1342=EDGE_CURVE('',#1006,#631,#1341,.T.);
#1343=ORIENTED_EDGE('',*,*,#1342,.F.);
#1344=EDGE_LOOP('',(#1319,#1335,#1336,#1343));
#1345=FACE_BOUND('',#1344,.T.);
#1346=ADVANCED_FACE('',(#1345),#1318,.T.);
#1347=CARTESIAN_POINT('',(1.803988724,1.7859375,10.911886276));
#1348=DIRECTION('',(0.,1.,0.));
#1349=DIRECTION('',(0.,-0.,1.));
#1350=AXIS2_PLACEMENT_3D('',#1347,#1348,#1349);
#1351=CYLINDRICAL_SURFACE('',#1350,1.796051224);
#1352=ORIENTED_EDGE('',*,*,#811,.F.);
#1353=CARTESIAN_POINT('',(0.0079375,24.627886276,10.911886276));
#1354=CARTESIAN_POINT('',(0.0079375,24.627900662,11.14698886));
#1355=CARTESIAN_POINT('',(0.054683917,24.627915049,11.381998941));
#1356=CARTESIAN_POINT('',(0.144653791,24.627929435,11.599205402));
#1357=CARTESIAN_POINT('',(0.234623665,24.627943821,11.816411863));
#1358=CARTESIAN_POINT('',(0.367746198,24.627958207,12.015643781));
#1359=CARTESIAN_POINT('',(0.533988845,24.627972594,12.181886396));
#1360=CARTESIAN_POINT('',(0.700231492,24.62798698,12.348129012));
#1361=CARTESIAN_POINT('',(0.899463435,24.628001366,12.481251506));
#1362=CARTESIAN_POINT('',(1.116669913,24.628015752,12.571221339));
#1363=CARTESIAN_POINT('',(1.333876391,24.628030139,12.661191172));
#1364=CARTESIAN_POINT('',(1.568886481,24.628044525,12.707937545));
#1365=CARTESIAN_POINT('',(1.803989065,24.628058911,12.7079375));
#1366=B_SPLINE_CURVE_WITH_KNOTS('',3,(#1353,#1354,#1355,#1356,#1357,#1358,#1359,#1360,#1361,#1362,#1363,#1364,#1365),.UNSPECIFIED.,.F.,.F.,(4,3,3,3,4),(270.,292.50000272,315.000005439,337.500008159,360.000010878),.UNSPECIFIED.);
#1367=EDGE_CURVE('',#621,#800,#1366,.T.);
#1368=ORIENTED_EDGE('',*,*,#1367,.F.);
#1369=ORIENTED_EDGE('',*,*,#650,.F.);
#1370=CARTESIAN_POINT('',(1.803988724,1.803988724,10.911886276));
#1371=DIRECTION('',(0.,1.,0.));
#1372=DIRECTION('',(0.,-0.,1.));
#1373=AXIS2_PLACEMENT_3D('',#1370,#1371,#1372);
#1374=CIRCLE('',#1373,1.796051224);
#1375=EDGE_CURVE('',#639,#791,#1374,.T.);
#1376=ORIENTED_EDGE('',*,*,#1375,.T.);
#1377=EDGE_LOOP('',(#1352,#1368,#1369,#1376));
#1378=FACE_BOUND('',#1377,.T.);
#1379=ADVANCED_FACE('',(#1378),#1351,.T.);
#1380=CARTESIAN_POINT('',(0.028296716,1.742733605,10.639172306));
#1381=CARTESIAN_POINT('',(0.027014803,1.629016788,10.674975351));
#1382=CARTESIAN_POINT('',(0.048804814,1.402615416,10.745690481));
#1383=CARTESIAN_POINT('',(0.146781321,1.087205169,10.834209728));
#1384=CARTESIAN_POINT('',(0.308638021,0.789617026,10.895770842));
#1385=CARTESIAN_POINT('',(0.527531616,0.525019302,10.919540514));
#1386=CARTESIAN_POINT('',(0.791840261,0.307285165,10.896346099));
#1387=CARTESIAN_POINT('',(1.186150556,0.093164845,10.815550831));
#1388=CARTESIAN_POINT('',(1.509363539,0.026689802,10.716203182));
#1389=CARTESIAN_POINT('',(1.742321798,0.027739763,10.642451858));
#1390=CARTESIAN_POINT('',(0.020221205,1.755666424,10.693639033));
#1391=CARTESIAN_POINT('',(0.019157442,1.64186557,10.729702413));
#1392=CARTESIAN_POINT('',(0.041287285,1.415139742,10.801487593));
#1393=CARTESIAN_POINT('',(0.140878461,1.095387801,10.891964633));
#1394=CARTESIAN_POINT('',(0.305299833,0.793275743,10.954559935));
#1395=CARTESIAN_POINT('',(0.527404781,0.525169053,10.978935098));
#1396=CARTESIAN_POINT('',(0.795402848,0.304018146,10.955012032));
#1397=CARTESIAN_POINT('',(1.195660304,0.08660827,10.873061685));
#1398=CARTESIAN_POINT('',(1.523081967,0.018839246,10.77086281));
#1399=CARTESIAN_POINT('',(1.755607558,0.019737908,10.696708545));
#1400=CARTESIAN_POINT('',(0.008719331,1.780977948,10.803113323));
#1401=CARTESIAN_POINT('',(0.008107243,1.667049137,10.839590064));
#1402=CARTESIAN_POINT('',(0.03088099,1.440213953,10.91339992));
#1403=CARTESIAN_POINT('',(0.133599887,1.112664657,11.007625039));
#1404=CARTESIAN_POINT('',(0.302729133,0.803105804,11.072333594));
#1405=CARTESIAN_POINT('',(0.530569269,0.52882373,11.097568561));
#1406=CARTESIAN_POINT('',(0.804975412,0.301581175,11.072488214));
#1407=CARTESIAN_POINT('',(1.215150998,0.078113366,10.98831578));
#1408=CARTESIAN_POINT('',(1.550341501,0.00773744,10.880482453));
#1409=CARTESIAN_POINT('',(1.781402583,0.008467579,10.805811068));
#1410=CARTESIAN_POINT('',(0.006168031,1.81555957,10.966256571));
#1411=CARTESIAN_POINT('',(0.006568752,1.702015357,11.002307481));
#1412=CARTESIAN_POINT('',(0.030723405,1.474907477,11.077313878));
#1413=CARTESIAN_POINT('',(0.137349767,1.140757201,11.176852475));
#1414=CARTESIAN_POINT('',(0.312016599,0.825426757,11.245188116));
#1415=CARTESIAN_POINT('',(0.545887647,0.544640115,11.270800144));
#1416=CARTESIAN_POINT('',(0.826662759,0.311201178,11.245001362));
#1417=CARTESIAN_POINT('',(1.244957773,0.079991243,11.156449822));
#1418=CARTESIAN_POINT('',(1.587630794,0.006995673,11.04152572));
#1419=CARTESIAN_POINT('',(1.816178922,0.00627866,10.968702299));
#1420=CARTESIAN_POINT('',(0.019366903,1.850109757,11.1317408));
#1421=CARTESIAN_POINT('',(0.020778222,1.735191237,11.166030989));
#1422=CARTESIAN_POINT('',(0.046483192,1.506887002,11.23887617));
#1423=CARTESIAN_POINT('',(0.156398628,1.172403698,11.342852736));
#1424=CARTESIAN_POINT('',(0.334978442,0.855661218,11.414629891));
#1425=CARTESIAN_POINT('',(0.572552013,0.571751448,11.440595053));
#1426=CARTESIAN_POINT('',(0.856139074,0.334500665,11.414414773));
#1427=CARTESIAN_POINT('',(1.277153288,0.097357854,11.320257714));
#1428=CARTESIAN_POINT('',(1.620124076,0.02243739,11.202397077));
#1429=CARTESIAN_POINT('',(1.85072469,0.019676263,11.134302368));
#1430=CARTESIAN_POINT('',(0.057903252,1.901761127,11.3483631));
#1431=CARTESIAN_POINT('',(0.060402016,1.783468833,11.381153757));
#1432=CARTESIAN_POINT('',(0.088152638,1.552770259,11.451011373));
#1433=CARTESIAN_POINT('',(0.201871737,1.2216686,11.558338413));
#1434=CARTESIAN_POINT('',(0.383718299,0.907360733,11.633462715));
#1435=CARTESIAN_POINT('',(0.623409487,0.623224501,11.660198458));
#1436=CARTESIAN_POINT('',(0.906913821,0.383600649,11.633297194));
#1437=CARTESIAN_POINT('',(1.325568876,0.141367202,11.533056571));
#1438=CARTESIAN_POINT('',(1.665524066,0.063297387,11.415182808));
#1439=CARTESIAN_POINT('',(1.901990843,0.058636535,11.35138209));
#1440=CARTESIAN_POINT('',(0.142192549,1.987387111,11.599742346));
#1441=CARTESIAN_POINT('',(0.146766304,1.866429156,11.635780678));
#1442=CARTESIAN_POINT('',(0.177666073,1.630367861,11.709434571));
#1443=CARTESIAN_POINT('',(0.29511749,1.303036194,11.815772054));
#1444=CARTESIAN_POINT('',(0.478239872,0.996148932,11.89259635));
#1445=CARTESIAN_POINT('',(0.716186124,0.716817623,11.920398921));
#1446=CARTESIAN_POINT('',(0.995268477,0.478694859,11.892298063));
#1447=CARTESIAN_POINT('',(1.402717584,0.234049182,11.790183022));
#1448=CARTESIAN_POINT('',(1.744517192,0.151740702,11.673297232));
#1449=CARTESIAN_POINT('',(1.987440831,0.143547967,11.602662267));
#1450=CARTESIAN_POINT('',(0.287717155,2.119765414,11.854060004));
#1451=CARTESIAN_POINT('',(0.297146305,1.999838032,11.896763978));
#1452=CARTESIAN_POINT('',(0.335921461,1.767690865,11.98056055));
#1453=CARTESIAN_POINT('',(0.457303969,1.44541822,12.090628401));
#1454=CARTESIAN_POINT('',(0.641993408,1.145855251,12.17026033));
#1455=CARTESIAN_POINT('',(0.874778039,0.876220283,12.199631353));
#1456=CARTESIAN_POINT('',(1.144347649,0.643309877,12.17045201));
#1457=CARTESIAN_POINT('',(1.543914899,0.397376476,12.065530938));
#1458=CARTESIAN_POINT('',(1.878004341,0.308109274,11.942214144));
#1459=CARTESIAN_POINT('',(2.119019702,0.289373822,11.856639401));
#1460=CARTESIAN_POINT('',(0.460879976,2.28047508,12.053549706));
#1461=CARTESIAN_POINT('',(0.476402275,2.163746666,12.101551052));
#1462=CARTESIAN_POINT('',(0.525928523,1.938414586,12.193488724));
#1463=CARTESIAN_POINT('',(0.658427592,1.624283482,12.314360415));
#1464=CARTESIAN_POINT('',(0.848686113,1.33431246,12.399740183));
#1465=CARTESIAN_POINT('',(1.076514781,1.078518029,12.429309253));
#1466=CARTESIAN_POINT('',(1.33224621,0.850963094,12.400946131));
#1467=CARTESIAN_POINT('',(1.719786574,0.597501899,12.287570993));
#1468=CARTESIAN_POINT('',(2.044815004,0.494167561,12.151357195));
#1469=CARTESIAN_POINT('',(2.278369553,0.462748432,12.055196469));
#1470=CARTESIAN_POINT('',(0.713256213,2.533731398,12.24750251));
#1471=CARTESIAN_POINT('',(0.737992132,2.421459181,12.300880166));
#1472=CARTESIAN_POINT('',(0.805257243,2.204415915,12.401700794));
#1473=CARTESIAN_POINT('',(0.958699359,1.900635872,12.530230608));
#1474=CARTESIAN_POINT('',(1.160585723,1.630716767,12.620068993));
#1475=CARTESIAN_POINT('',(1.386912857,1.389176148,12.650781496));
#1476=CARTESIAN_POINT('',(1.628727869,1.163776378,12.621096469));
#1477=CARTESIAN_POINT('',(1.988706029,0.89488101,12.502753053));
#1478=CARTESIAN_POINT('',(2.308142226,0.765581226,12.35476964));
#1479=CARTESIAN_POINT('',(2.532239668,0.71542901,12.246563135));
#1480=CARTESIAN_POINT('',(0.910839592,2.754205715,12.30862984));
#1481=CARTESIAN_POINT('',(0.94073623,2.644499081,12.362864687));
#1482=CARTESIAN_POINT('',(1.017240281,2.432621115,12.464457778));
#1483=CARTESIAN_POINT('',(1.18290584,2.140427861,12.592342102));
#1484=CARTESIAN_POINT('',(1.398541562,1.877286191,12.68395845));
#1485=CARTESIAN_POINT('',(1.638997582,1.642519733,12.719418418));
#1486=CARTESIAN_POINT('',(1.875131195,1.403106795,12.685151387));
#1487=CARTESIAN_POINT('',(2.225924519,1.115990897,12.564354555));
#1488=CARTESIAN_POINT('',(2.533233679,0.974586541,12.417640173));
#1489=CARTESIAN_POINT('',(2.753418061,0.913740903,12.306822835));
#1490=CARTESIAN_POINT('',(1.043713675,2.904209407,12.314615865));
#1491=CARTESIAN_POINT('',(1.076889598,2.795897314,12.369305981));
#1492=CARTESIAN_POINT('',(1.159950721,2.586735895,12.471699995));
#1493=CARTESIAN_POINT('',(1.335694297,2.296786008,12.599439345));
#1494=CARTESIAN_POINT('',(1.559262847,2.036793154,12.687022493));
#1495=CARTESIAN_POINT('',(1.804433556,1.808604092,12.718159035));
#1496=CARTESIAN_POINT('',(2.034174145,1.56495356,12.68810862));
#1497=CARTESIAN_POINT('',(2.381234076,1.267357369,12.572759885));
#1498=CARTESIAN_POINT('',(2.686340443,1.115050997,12.424348723));
#1499=CARTESIAN_POINT('',(2.903663894,1.047569265,12.312443033));
#1500=B_SPLINE_SURFACE_WITH_KNOTS('',3,3,((#1380,#1381,#1382,#1383,#1384,#1385,#1386,#1387,#1388,#1389),(#1390,#1391,#1392,#1393,#1394,#1395,#1396,#1397,#1398,#1399),(#1400,#1401,#1402,#1403,#1404,#1405,#1406,#1407,#1408,#1409),(#1410,#1411,#1412,#1413,#1414,#1415,#1416,#1417,#1418,#1419),(#1420,#1421,#1422,#1423,#1424,#1425,#1426,#1427,#1428,#1429),(#1430,#1431,#1432,#1433,#1434,#1435,#1436,#1437,#1438,#1439),(#1440,#1441,#1442,#1443,#1444,#1445,#1446,#1447,#1448,#1449),(#1450,#1451,#1452,#1453,#1454,#1455,#1456,#1457,#1458,#1459),(#1460,#1461,#1462,#1463,#1464,#1465,#1466,#1467,#1468,#1469),(#1470,#1471,#1472,#1473,#1474,#1475,#1476,#1477,#1478,#1479),(#1480,#1481,#1482,#1483,#1484,#1485,#1486,#1487,#1488,#1489),(#1490,#1491,#1492,#1493,#1494,#1495,#1496,#1497,#1498,#1499)),.UNSPECIFIED.,.F.,.F.,.U.,(4,1,1,1,1,1,1,1,1,4),(4,1,1,1,1,1,1,4),(-0.001033436,-0.000881361,-0.000724772,-0.000568184,-0.000411595,-0.000098418,0.000214759,0.000527937,0.000841114,0.001467468),(-0.001271741,-0.000954012,-0.000636262,-0.000318513,-0.000000763,0.000316987,0.000634736,0.001270236),.UNSPECIFIED.);
#1501=ORIENTED_EDGE('',*,*,#1164,.T.);
#1502=ORIENTED_EDGE('',*,*,#1375,.F.);
#1503=ORIENTED_EDGE('',*,*,#1334,.T.);
#1504=EDGE_LOOP('',(#1501,#1502,#1503));
#1505=FACE_BOUND('',#1504,.T.);
#1506=ADVANCED_FACE('',(#1505),#1500,.F.);
#1507=CARTESIAN_POINT('',(1.803988724,24.627886276,1.7859375));
#1508=DIRECTION('',(0.,0.,-1.));
#1509=DIRECTION('',(-1.,0.,0.));
#1510=AXIS2_PLACEMENT_3D('',#1507,#1508,#1509);
#1511=CYLINDRICAL_SURFACE('',#1510,1.796051224);
#1512=ORIENTED_EDGE('',*,*,#1277,.F.);
#1513=CARTESIAN_POINT('',(0.0079375,24.627886276,1.803988724));
#1514=CARTESIAN_POINT('',(0.0079375,24.862988831,1.803988723));
#1515=CARTESIAN_POINT('',(0.054683906,25.097998883,1.803988722));
#1516=CARTESIAN_POINT('',(0.144653758,25.315205322,1.803988722));
#1517=CARTESIAN_POINT('',(0.234623611,25.53241176,1.803988721));
#1518=CARTESIAN_POINT('',(0.367746111,25.731643663,1.80398872));
#1519=CARTESIAN_POINT('',(0.533988722,25.897886274,1.803988719));
#1520=CARTESIAN_POINT('',(0.700231333,26.064128885,1.803988719));
#1521=CARTESIAN_POINT('',(0.899463234,26.197251386,1.803988718));
#1522=CARTESIAN_POINT('',(1.116669673,26.287221239,1.803988717));
#1523=CARTESIAN_POINT('',(1.333876111,26.377191093,1.803988716));
#1524=CARTESIAN_POINT('',(1.568886163,26.423937499,1.803988716));
#1525=CARTESIAN_POINT('',(1.803988718,26.4239375,1.803988715));
#1526=B_SPLINE_CURVE_WITH_KNOTS('',3,(#1513,#1514,#1515,#1516,#1517,#1518,#1519,#1520,#1521,#1522,#1523,#1524,#1525),.UNSPECIFIED.,.F.,.F.,(4,3,3,3,4),(0.,22.499999952,44.999999904,67.499999856,89.999999809),.UNSPECIFIED.);
#1527=EDGE_CURVE('',#623,#1212,#1526,.T.);
#1528=ORIENTED_EDGE('',*,*,#1527,.F.);
#1529=ORIENTED_EDGE('',*,*,#628,.F.);
#1530=CARTESIAN_POINT('',(1.803988724,24.627886276,10.911886276));
#1531=DIRECTION('',(0.,0.,-1.));
#1532=DIRECTION('',(-1.,0.,0.));
#1533=AXIS2_PLACEMENT_3D('',#1530,#1531,#1532);
#1534=CIRCLE('',#1533,1.796051224);
#1535=EDGE_CURVE('',#621,#1176,#1534,.T.);
#1536=ORIENTED_EDGE('',*,*,#1535,.T.);
#1537=EDGE_LOOP('',(#1512,#1528,#1529,#1536));
#1538=FACE_BOUND('',#1537,.T.);
#1539=ADVANCED_FACE('',(#1538),#1511,.T.);
#1540=CARTESIAN_POINT('',(1.742733601,26.403578299,10.639172428));
#1541=CARTESIAN_POINT('',(1.629016737,26.404860217,10.674975421));
#1542=CARTESIAN_POINT('',(1.402615352,26.38307017,10.7456905));
#1543=CARTESIAN_POINT('',(1.087205193,26.285093679,10.834209785));
#1544=CARTESIAN_POINT('',(0.78961704,26.123236988,10.895770885));
#1545=CARTESIAN_POINT('',(0.525019297,25.904343385,10.919540555));
#1546=CARTESIAN_POINT('',(0.307285158,25.640034727,10.896346146));
#1547=CARTESIAN_POINT('',(0.093164842,25.245724416,10.815550888));
#1548=CARTESIAN_POINT('',(0.026689823,24.922511564,10.716203221));
#1549=CARTESIAN_POINT('',(0.027739733,24.689553189,10.642451947));
#1550=CARTESIAN_POINT('',(1.755666414,26.411653794,10.693639082));
#1551=CARTESIAN_POINT('',(1.641865517,26.412717563,10.729702414));
#1552=CARTESIAN_POINT('',(1.415139691,26.390587696,10.801487556));
#1553=CARTESIAN_POINT('',(1.095387821,26.290996537,10.891964612));
#1554=CARTESIAN_POINT('',(0.793275741,26.126575176,10.954559902));
#1555=CARTESIAN_POINT('',(0.525169044,25.904470224,10.978935105));
#1556=CARTESIAN_POINT('',(0.304018134,25.636472152,10.955012));
#1557=CARTESIAN_POINT('',(0.086608274,25.236214665,10.873061669));
#1558=CARTESIAN_POINT('',(0.018839271,24.908793125,10.770862788));
#1559=CARTESIAN_POINT('',(0.019737897,24.676267444,10.696708569));
#1560=CARTESIAN_POINT('',(1.78097794,26.423155657,10.803113294));
#1561=CARTESIAN_POINT('',(1.667049093,26.423767751,10.839589995));
#1562=CARTESIAN_POINT('',(1.440213942,26.400993996,10.913399848));
#1563=CARTESIAN_POINT('',(1.11266468,26.298275124,11.007624957));
#1564=CARTESIAN_POINT('',(0.803105777,26.129145888,11.072333497));
#1565=CARTESIAN_POINT('',(0.528823709,25.901305748,11.097568559));
#1566=CARTESIAN_POINT('',(0.301581139,25.626899608,11.072488112));
#1567=CARTESIAN_POINT('',(0.078113374,25.216723957,10.988315719));
#1568=CARTESIAN_POINT('',(0.007737451,24.881533554,10.880482371));
#1569=CARTESIAN_POINT('',(0.008467588,24.650472436,10.805811031));
#1570=CARTESIAN_POINT('',(1.815559546,26.425706974,10.966256458));
#1571=CARTESIAN_POINT('',(1.70201534,26.425306252,11.002307324));
#1572=CARTESIAN_POINT('',(1.474907492,26.401151594,11.077313747));
#1573=CARTESIAN_POINT('',(1.140757224,26.294525274,11.17685235));
#1574=CARTESIAN_POINT('',(0.825426711,26.119858452,11.245187994));
#1575=CARTESIAN_POINT('',(0.54464006,25.8859874,11.270800104));
#1576=CARTESIAN_POINT('',(0.311201109,25.605212274,11.245001226));
#1577=CARTESIAN_POINT('',(0.079991239,25.18691719,11.156449749));
#1578=CARTESIAN_POINT('',(0.006995671,24.844244216,11.04152555));
#1579=CARTESIAN_POINT('',(0.006278657,24.615696116,10.968702191));
#1580=CARTESIAN_POINT('',(1.850109748,26.412508113,11.131740703));
#1581=CARTESIAN_POINT('',(1.735191248,26.411096793,11.166030842));
#1582=CARTESIAN_POINT('',(1.506887017,26.38539183,11.238876019));
#1583=CARTESIAN_POINT('',(1.172403715,26.27547643,11.342852638));
#1584=CARTESIAN_POINT('',(0.855661173,26.096896627,11.414629824));
#1585=CARTESIAN_POINT('',(0.571751374,25.859323051,11.44059503));
#1586=CARTESIAN_POINT('',(0.334500588,25.575735961,11.414414704));
#1587=CARTESIAN_POINT('',(0.097357826,25.154721693,11.32025764));
#1588=CARTESIAN_POINT('',(0.022437377,24.811750911,11.20239692));
#1589=CARTESIAN_POINT('',(0.019676245,24.581150322,11.134302264));
#1590=CARTESIAN_POINT('',(1.90176115,26.37397177,11.348363049));
#1591=CARTESIAN_POINT('',(1.783468833,26.371473014,11.381153646));
#1592=CARTESIAN_POINT('',(1.552770247,26.343722419,11.451011201));
#1593=CARTESIAN_POINT('',(1.221668599,26.230003328,11.558338352));
#1594=CARTESIAN_POINT('',(0.907360689,26.048156783,11.633462698));
#1595=CARTESIAN_POINT('',(0.623224419,25.808465586,11.660198463));
#1596=CARTESIAN_POINT('',(0.38360057,25.524961226,11.633297193));
#1597=CARTESIAN_POINT('',(0.141367155,25.106306121,11.533056503));
#1598=CARTESIAN_POINT('',(0.063297341,24.76635095,11.415182633));
#1599=CARTESIAN_POINT('',(0.058636513,24.529884144,11.351382027));
#1600=CARTESIAN_POINT('',(1.987387172,26.289682463,11.599742323));
#1601=CARTESIAN_POINT('',(1.866429188,26.285108729,11.635780601));
#1602=CARTESIAN_POINT('',(1.63036785,26.254208971,11.709434507));
#1603=CARTESIAN_POINT('',(1.303036172,26.13675757,11.815772026));
#1604=CARTESIAN_POINT('',(0.99614889,25.95363521,11.892596363));
#1605=CARTESIAN_POINT('',(0.716817549,25.715688952,11.920398964));
#1606=CARTESIAN_POINT('',(0.478694782,25.436606571,11.892298086));
#1607=CARTESIAN_POINT('',(0.23404915,25.029157462,11.790183027));
#1608=CARTESIAN_POINT('',(0.151740649,24.687357802,11.673297104));
#1609=CARTESIAN_POINT('',(0.143547957,24.444434137,11.602662248));
#1610=CARTESIAN_POINT('',(2.119765483,26.144157871,11.854059955));
#1611=CARTESIAN_POINT('',(1.999838071,26.134728722,11.896763929));
#1612=CARTESIAN_POINT('',(1.767690874,26.095953578,11.98056049));
#1613=CARTESIAN_POINT('',(1.445418229,25.974571092,12.090628342));
#1614=CARTESIAN_POINT('',(1.145855216,25.789881662,12.170260351));
#1615=CARTESIAN_POINT('',(0.876220212,25.557097038,12.199631427));
#1616=CARTESIAN_POINT('',(0.643309814,25.287527393,12.170452043));
#1617=CARTESIAN_POINT('',(0.397376424,24.887960083,12.065530862));
#1618=CARTESIAN_POINT('',(0.308109241,24.553870661,11.942214093));
#1619=CARTESIAN_POINT('',(0.289373791,24.312855232,11.856639349));
#1620=CARTESIAN_POINT('',(2.280475157,25.970995085,12.053549604));
#1621=CARTESIAN_POINT('',(2.163746718,25.95547278,12.101550965));
#1622=CARTESIAN_POINT('',(1.938414598,25.905946505,12.193488709));
#1623=CARTESIAN_POINT('',(1.624283521,25.77344745,12.314360365));
#1624=CARTESIAN_POINT('',(1.334312386,25.583188929,12.399740241));
#1625=CARTESIAN_POINT('',(1.078517975,25.355360275,12.429309297));
#1626=CARTESIAN_POINT('',(0.850963058,25.099628869,12.400946191));
#1627=CARTESIAN_POINT('',(0.597501859,24.712088358,12.28757092));
#1628=CARTESIAN_POINT('',(0.494167533,24.387060008,12.151357185));
#1629=CARTESIAN_POINT('',(0.462748387,24.153505411,12.055196417));
#1630=CARTESIAN_POINT('',(2.533719092,25.718631071,12.247493042));
#1631=CARTESIAN_POINT('',(2.42144663,25.693895589,12.300870465));
#1632=CARTESIAN_POINT('',(2.20440292,25.626631333,12.40169068));
#1633=CARTESIAN_POINT('',(1.900622404,25.473190342,12.530220048));
#1634=CARTESIAN_POINT('',(1.630702292,25.271304479,12.62005824));
#1635=CARTESIAN_POINT('',(1.38916096,25.044977302,12.650770607));
#1636=CARTESIAN_POINT('',(1.163761132,24.80316161,12.621085728));
#1637=CARTESIAN_POINT('',(0.89486643,24.443182061,12.502742508));
#1638=CARTESIAN_POINT('',(0.765568092,24.123745669,12.354759819));
#1639=CARTESIAN_POINT('',(0.715416772,23.899647742,12.246553884));
#1640=CARTESIAN_POINT('',(2.754177242,25.521061141,12.308621739));
#1641=CARTESIAN_POINT('',(2.644470257,25.491165179,12.36285649));
#1642=CARTESIAN_POINT('',(2.432591602,25.414662352,12.464449499));
#1643=CARTESIAN_POINT('',(2.140396779,25.248998365,12.592334001));
#1644=CARTESIAN_POINT('',(1.877254168,25.033364398,12.683950145));
#1645=CARTESIAN_POINT('',(1.64248679,24.792910203,12.719409513));
#1646=CARTESIAN_POINT('',(1.40307566,24.556775802,12.685143056));
#1647=CARTESIAN_POINT('',(1.11596209,24.205981216,12.564346523));
#1648=CARTESIAN_POINT('',(0.974559322,23.898670454,12.417631904));
#1649=CARTESIAN_POINT('',(0.913715115,23.678485564,12.306814917));
#1650=CARTESIAN_POINT('',(2.904165737,25.388200289,12.31461392));
#1651=CARTESIAN_POINT('',(2.795853206,25.355025327,12.369303935));
#1652=CARTESIAN_POINT('',(2.586690936,25.271966127,12.471697778));
#1653=CARTESIAN_POINT('',(2.296740267,25.096225472,12.599437291));
#1654=CARTESIAN_POINT('',(2.036746415,24.872659237,12.687021573));
#1655=CARTESIAN_POINT('',(1.808555519,24.627489833,12.71815941));
#1656=CARTESIAN_POINT('',(1.564906145,24.397747453,12.688107732));
#1657=CARTESIAN_POINT('',(1.267313036,24.050686359,12.572757479));
#1658=CARTESIAN_POINT('',(1.115009833,23.745579237,12.424346671));
#1659=CARTESIAN_POINT('',(1.047530061,23.528254915,12.312441266));
#1660=B_SPLINE_SURFACE_WITH_KNOTS('',3,3,((#1540,#1541,#1542,#1543,#1544,#1545,#1546,#1547,#1548,#1549),(#1550,#1551,#1552,#1553,#1554,#1555,#1556,#1557,#1558,#1559),(#1560,#1561,#1562,#1563,#1564,#1565,#1566,#1567,#1568,#1569),(#1570,#1571,#1572,#1573,#1574,#1575,#1576,#1577,#1578,#1579),(#1580,#1581,#1582,#1583,#1584,#1585,#1586,#1587,#1588,#1589),(#1590,#1591,#1592,#1593,#1594,#1595,#1596,#1597,#1598,#1599),(#1600,#1601,#1602,#1603,#1604,#1605,#1606,#1607,#1608,#1609),(#1610,#1611,#1612,#1613,#1614,#1615,#1616,#1617,#1618,#1619),(#1620,#1621,#1622,#1623,#1624,#1625,#1626,#1627,#1628,#1629),(#1630,#1631,#1632,#1633,#1634,#1635,#1636,#1637,#1638,#1639),(#1640,#1641,#1642,#1643,#1644,#1645,#1646,#1647,#1648,#1649),(#1650,#1651,#1652,#1653,#1654,#1655,#1656,#1657,#1658,#1659)),.UNSPECIFIED.,.F.,.F.,.U.,(4,1,1,1,1,1,1,1,1,4),(4,1,1,1,1,1,1,4),(-0.001033436,-0.000881361,-0.000724772,-0.000568184,-0.000411595,-0.000098418,0.000214759,0.000527937,0.000841114,0.001467407),(-0.001271741,-0.000954012,-0.000636262,-0.000318513,-0.000000763,0.000316987,0.000634736,0.001270236),.UNSPECIFIED.);
#1661=ORIENTED_EDGE('',*,*,#1367,.T.);
#1662=ORIENTED_EDGE('',*,*,#1197,.T.);
#1663=ORIENTED_EDGE('',*,*,#1535,.F.);
#1664=EDGE_LOOP('',(#1661,#1662,#1663));
#1665=FACE_BOUND('',#1664,.T.);
#1666=ADVANCED_FACE('',(#1665),#1660,.F.);
#1667=CARTESIAN_POINT('',(1.803988724,1.7859375,1.803988724));
#1668=DIRECTION('',(0.,1.,0.));
#1669=DIRECTION('',(0.,-0.,1.));
#1670=AXIS2_PLACEMENT_3D('',#1667,#1668,#1669);
#1671=CYLINDRICAL_SURFACE('',#1670,1.796051224);
#1672=ORIENTED_EDGE('',*,*,#457,.F.);
#1673=CARTESIAN_POINT('',(0.0079375,1.803988712,1.803988688));
#1674=CARTESIAN_POINT('',(0.007937505,1.803988706,1.568886142));
#1675=CARTESIAN_POINT('',(0.054683911,1.8039887,1.333876101));
#1676=CARTESIAN_POINT('',(0.144653761,1.803988694,1.116669671));
#1677=CARTESIAN_POINT('',(0.234623611,1.803988688,0.899463242));
#1678=CARTESIAN_POINT('',(0.367746105,1.803988682,0.700231347));
#1679=CARTESIAN_POINT('',(0.533988707,1.803988676,0.533988741));
#1680=CARTESIAN_POINT('',(0.700231309,1.80398867,0.367746135));
#1681=CARTESIAN_POINT('',(0.8994632,1.803988664,0.234623635));
#1682=CARTESIAN_POINT('',(1.116669627,1.803988658,0.144653779));
#1683=CARTESIAN_POINT('',(1.333876054,1.803988652,0.054683924));
#1684=CARTESIAN_POINT('',(1.568886095,1.803988645,0.007937511));
#1685=CARTESIAN_POINT('',(1.80398864,1.803988639,0.0079375));
#1686=B_SPLINE_CURVE_WITH_KNOTS('',3,(#1673,#1674,#1675,#1676,#1677,#1678,#1679,#1680,#1681,#1682,#1683,#1684,#1685),.UNSPECIFIED.,.F.,.F.,(4,3,3,3,4),(0.,0.25,0.5,0.75,1.),.UNSPECIFIED.);
#1687=EDGE_CURVE('',#631,#444,#1686,.T.);
#1688=ORIENTED_EDGE('',*,*,#1687,.F.);
#1689=ORIENTED_EDGE('',*,*,#636,.F.);
#1690=CARTESIAN_POINT('',(0.0079375,24.627886319,1.803988638));
#1691=CARTESIAN_POINT('',(0.007937511,24.627886321,1.568886096));
#1692=CARTESIAN_POINT('',(0.054683923,24.627886324,1.333876058));
#1693=CARTESIAN_POINT('',(0.144653777,24.627886326,1.116669634));
#1694=CARTESIAN_POINT('',(0.23462363,24.627886328,0.899463209));
#1695=CARTESIAN_POINT('',(0.367746127,24.62788633,0.70023132));
#1696=CARTESIAN_POINT('',(0.53398873,24.627886332,0.533988718));
#1697=CARTESIAN_POINT('',(0.700231333,24.627886334,0.367746117));
#1698=CARTESIAN_POINT('',(0.899463223,24.627886336,0.234623622));
#1699=CARTESIAN_POINT('',(1.116669649,24.627886338,0.14465377));
#1700=CARTESIAN_POINT('',(1.333876075,24.62788634,0.054683919));
#1701=CARTESIAN_POINT('',(1.568886113,24.627886342,0.007937509));
#1702=CARTESIAN_POINT('',(1.803988655,24.627886344,0.0079375));
#1703=B_SPLINE_CURVE_WITH_KNOTS('',3,(#1690,#1691,#1692,#1693,#1694,#1695,#1696,#1697,#1698,#1699,#1700,#1701,#1702),.UNSPECIFIED.,.F.,.F.,(4,3,3,3,4),(0.,0.25,0.5,0.75,1.),.UNSPECIFIED.);
#1704=EDGE_CURVE('',#623,#452,#1703,.T.);
#1705=ORIENTED_EDGE('',*,*,#1704,.T.);
#1706=EDGE_LOOP('',(#1672,#1688,#1689,#1705));
#1707=FACE_BOUND('',#1706,.T.);
#1708=ADVANCED_FACE('',(#1707),#1671,.T.);
#1709=CARTESIAN_POINT('',(2.917382151,25.380781221,0.397383031));
#1710=CARTESIAN_POINT('',(2.806681777,25.348096522,0.342743462));
#1711=CARTESIAN_POINT('',(2.593485678,25.265854482,0.240597191));
#1712=CARTESIAN_POINT('',(2.3001176,25.090993289,0.11409058));
#1713=CARTESIAN_POINT('',(2.036989085,24.866266037,0.028093894));
#1714=CARTESIAN_POINT('',(1.803798851,24.62483331,-0.002438826));
#1715=CARTESIAN_POINT('',(1.562112114,24.392095438,0.028934469));
#1716=CARTESIAN_POINT('',(1.262328762,24.041328793,0.144765621));
#1717=CARTESIAN_POINT('',(1.113131068,23.733031594,0.292924042));
#1718=CARTESIAN_POINT('',(1.047701911,23.511200467,0.404951216));
#1719=CARTESIAN_POINT('',(2.840869702,25.447829923,0.400329081));
#1720=CARTESIAN_POINT('',(2.729455793,25.416764991,0.345920121));
#1721=CARTESIAN_POINT('',(2.514974276,25.337804001,0.24416271));
#1722=CARTESIAN_POINT('',(2.219783733,25.1678865,0.117141152));
#1723=CARTESIAN_POINT('',(1.95602636,24.948644251,0.02942641));
#1724=CARTESIAN_POINT('',(1.720809682,24.707883053,-0.002823373));
#1725=CARTESIAN_POINT('',(1.479875215,24.473072331,0.030250453));
#1726=CARTESIAN_POINT('',(1.187410594,24.121543129,0.148328544));
#1727=CARTESIAN_POINT('',(1.042934404,23.811039382,0.296251825));
#1728=CARTESIAN_POINT('',(0.980763439,23.587846793,0.407671598));
#1729=CARTESIAN_POINT('',(2.690713734,25.580977651,0.424097445));
#1730=CARTESIAN_POINT('',(2.577875921,25.553209288,0.370269766));
#1731=CARTESIAN_POINT('',(2.360315136,25.480333885,0.269274381));
#1732=CARTESIAN_POINT('',(2.061038762,25.320107494,0.142640712));
#1733=CARTESIAN_POINT('',(1.793602577,25.110112854,0.052808292));
#1734=CARTESIAN_POINT('',(1.554259379,24.875141356,0.019195195));
#1735=CARTESIAN_POINT('',(1.318637477,24.63551512,0.053698321));
#1736=CARTESIAN_POINT('',(1.038837808,24.279624987,0.174222551));
#1737=CARTESIAN_POINT('',(0.903648864,23.964431782,0.32076192));
#1738=CARTESIAN_POINT('',(0.847770876,23.7382285,0.431013995));
#1739=CARTESIAN_POINT('',(2.477471306,25.777958419,0.51382886));
#1740=CARTESIAN_POINT('',(2.361875565,25.755722381,0.461907525));
#1741=CARTESIAN_POINT('',(2.139438069,25.693548499,0.363997408));
#1742=CARTESIAN_POINT('',(1.829964677,25.544521692,0.237290991));
#1743=CARTESIAN_POINT('',(1.552597164,25.346422779,0.149755509));
#1744=CARTESIAN_POINT('',(1.307356445,25.122387578,0.120072151));
#1745=CARTESIAN_POINT('',(1.082909116,24.877402751,0.150584032));
#1746=CARTESIAN_POINT('',(0.818250003,24.507178619,0.268465494));
#1747=CARTESIAN_POINT('',(0.695150506,24.182859803,0.414720262));
#1748=CARTESIAN_POINT('',(0.651160154,23.952253629,0.519603616));
#1749=CARTESIAN_POINT('',(2.284949349,25.96936536,0.660217424));
#1750=CARTESIAN_POINT('',(2.166249176,25.953669678,0.611824796));
#1751=CARTESIAN_POINT('',(1.936732674,25.903154552,0.519296639));
#1752=CARTESIAN_POINT('',(1.621694612,25.772197249,0.400565731));
#1753=CARTESIAN_POINT('',(1.33185271,25.581488097,0.315870741));
#1754=CARTESIAN_POINT('',(1.07567628,25.354241069,0.287135305));
#1755=CARTESIAN_POINT('',(0.847904035,25.098311658,0.316562745));
#1756=CARTESIAN_POINT('',(0.594280701,24.712393207,0.431037142));
#1757=CARTESIAN_POINT('',(0.492276086,24.384103972,0.5664207));
#1758=CARTESIAN_POINT('',(0.460531767,24.145902455,0.663924889));
#1759=CARTESIAN_POINT('',(2.12101526,26.143883494,0.86160596));
#1760=CARTESIAN_POINT('',(2.000329888,26.134677901,0.819126598));
#1761=CARTESIAN_POINT('',(1.766234545,26.095811656,0.734645539));
#1762=CARTESIAN_POINT('',(1.440585791,25.972996951,0.624179876));
#1763=CARTESIAN_POINT('',(1.143149372,25.788724376,0.545928647));
#1764=CARTESIAN_POINT('',(0.874078649,25.555975716,0.517382082));
#1765=CARTESIAN_POINT('',(0.640942607,25.287513895,0.547622834));
#1766=CARTESIAN_POINT('',(0.39545918,24.89158997,0.652473787));
#1767=CARTESIAN_POINT('',(0.304386767,24.55125143,0.778670359));
#1768=CARTESIAN_POINT('',(0.286664063,24.309993403,0.864506796));
#1769=CARTESIAN_POINT('',(2.009672286,26.264206454,1.071493375));
#1770=CARTESIAN_POINT('',(1.888516353,26.259075674,1.034625816));
#1771=CARTESIAN_POINT('',(1.653228269,26.227523445,0.960786047));
#1772=CARTESIAN_POINT('',(1.324845788,26.109013973,0.854274939));
#1773=CARTESIAN_POINT('',(1.018984664,25.925471208,0.777372692));
#1774=CARTESIAN_POINT('',(0.741735125,25.688580313,0.750072125));
#1775=CARTESIAN_POINT('',(0.504464305,25.4119156,0.779346163));
#1776=CARTESIAN_POINT('',(0.258934293,25.004920905,0.883839238));
#1777=CARTESIAN_POINT('',(0.175824015,24.664309161,1.001635245));
#1778=CARTESIAN_POINT('',(0.166821054,24.421398188,1.073833187));
#1779=CARTESIAN_POINT('',(1.936549589,26.33966086,1.265342202));
#1780=CARTESIAN_POINT('',(1.817126797,26.33647262,1.231242372));
#1781=CARTESIAN_POINT('',(1.583880465,26.307631411,1.160961031));
#1782=CARTESIAN_POINT('',(1.253491965,26.192335323,1.054939976));
#1783=CARTESIAN_POINT('',(0.941686358,26.00989828,0.979157308));
#1784=CARTESIAN_POINT('',(0.65951934,25.771144797,0.952377251));
#1785=CARTESIAN_POINT('',(0.420278699,25.48935716,0.981091132));
#1786=CARTESIAN_POINT('',(0.176628909,25.074493295,1.084597875));
#1787=CARTESIAN_POINT('',(0.097224934,24.734291905,1.201091528));
#1788=CARTESIAN_POINT('',(0.091499465,24.49494172,1.267663982));
#1789=CARTESIAN_POINT('',(1.889491311,26.38331635,1.420662308));
#1790=CARTESIAN_POINT('',(1.772081913,26.381052331,1.387087497));
#1791=CARTESIAN_POINT('',(1.54191296,26.35368489,1.316608615));
#1792=CARTESIAN_POINT('',(1.209423793,26.241017436,1.211594565));
#1793=CARTESIAN_POINT('',(0.894125374,26.060153745,1.137171342));
#1794=CARTESIAN_POINT('',(0.60971644,25.821190014,1.110860038));
#1795=CARTESIAN_POINT('',(0.370361678,25.537190958,1.139022267));
#1796=CARTESIAN_POINT('',(0.129179975,25.117118459,1.240201516));
#1797=CARTESIAN_POINT('',(0.052282321,24.777215484,1.356897106));
#1798=CARTESIAN_POINT('',(0.047973532,24.542462496,1.423211273));
#1799=CARTESIAN_POINT('',(1.850180704,26.412168139,1.58144329));
#1800=CARTESIAN_POINT('',(1.734828266,26.410717957,1.547035239));
#1801=CARTESIAN_POINT('',(1.506809744,26.384892346,1.475407172));
#1802=CARTESIAN_POINT('',(1.172836199,26.275147733,1.372837474));
#1803=CARTESIAN_POINT('',(0.855894777,26.096965962,1.30092533));
#1804=CARTESIAN_POINT('',(0.571635568,25.859592495,1.275173051));
#1805=CARTESIAN_POINT('',(0.333974038,25.575655964,1.302536612));
#1806=CARTESIAN_POINT('',(0.096670387,25.153190939,1.399683351));
#1807=CARTESIAN_POINT('',(0.022167146,24.812717042,1.5154301));
#1808=CARTESIAN_POINT('',(0.019322585,24.582038665,1.584215972));
#1809=CARTESIAN_POINT('',(1.804830037,26.429848441,1.798495959));
#1810=CARTESIAN_POINT('',(1.690598036,26.429732169,1.762036386));
#1811=CARTESIAN_POINT('',(1.463603229,26.405834965,1.688624194));
#1812=CARTESIAN_POINT('',(1.130820576,26.300439817,1.591904828));
#1813=CARTESIAN_POINT('',(0.816282873,26.12762973,1.524660022));
#1814=CARTESIAN_POINT('',(0.536447104,25.89538715,1.499665892));
#1815=CARTESIAN_POINT('',(0.303771101,25.615464535,1.525861246));
#1816=CARTESIAN_POINT('',(0.074224065,25.196602537,1.616019506));
#1817=CARTESIAN_POINT('',(0.002121297,24.856237286,1.727290776));
#1818=CARTESIAN_POINT('',(0.002046155,24.627692068,1.801392028));
#1819=CARTESIAN_POINT('',(1.771733467,26.420320669,1.962408822));
#1820=CARTESIAN_POINT('',(1.656518379,26.421231701,1.925523881));
#1821=CARTESIAN_POINT('',(1.427643601,26.398390497,1.853395656));
#1822=CARTESIAN_POINT('',(1.103667131,26.296899447,1.762884749));
#1823=CARTESIAN_POINT('',(0.797892114,26.130502077,1.69984623));
#1824=CARTESIAN_POINT('',(0.526435982,25.90587255,1.675584385));
#1825=CARTESIAN_POINT('',(0.301321659,25.634070029,1.70070983));
#1826=CARTESIAN_POINT('',(0.079985472,25.227080054,1.785446923));
#1827=CARTESIAN_POINT('',(0.010592374,24.894403709,1.889966647));
#1828=CARTESIAN_POINT('',(0.01168231,24.660771742,1.965277412));
#1829=CARTESIAN_POINT('',(1.747844068,26.404416314,2.072974403));
#1830=CARTESIAN_POINT('',(1.632445072,26.405754013,2.036347114));
#1831=CARTESIAN_POINT('',(1.402998161,26.383500879,1.965639401));
#1832=CARTESIAN_POINT('',(1.087087005,26.285034345,1.879568379));
#1833=CARTESIAN_POINT('',(0.790631022,26.123768184,1.819491281));
#1834=CARTESIAN_POINT('',(0.526635471,25.905940832,1.796271978));
#1835=CARTESIAN_POINT('',(0.308321589,25.641595142,1.820295396));
#1836=CARTESIAN_POINT('',(0.093382829,25.246603024,1.901193399));
#1837=CARTESIAN_POINT('',(0.026339625,24.920908918,2.000872187));
#1838=CARTESIAN_POINT('',(0.027779626,24.685295745,2.075950613));
#1839=B_SPLINE_SURFACE_WITH_KNOTS('',3,3,((#1709,#1710,#1711,#1712,#1713,#1714,#1715,#1716,#1717,#1718),(#1719,#1720,#1721,#1722,#1723,#1724,#1725,#1726,#1727,#1728),(#1729,#1730,#1731,#1732,#1733,#1734,#1735,#1736,#1737,#1738),(#1739,#1740,#1741,#1742,#1743,#1744,#1745,#1746,#1747,#1748),(#1749,#1750,#1751,#1752,#1753,#1754,#1755,#1756,#1757,#1758),(#1759,#1760,#1761,#1762,#1763,#1764,#1765,#1766,#1767,#1768),(#1769,#1770,#1771,#1772,#1773,#1774,#1775,#1776,#1777,#1778),(#1779,#1780,#1781,#1782,#1783,#1784,#1785,#1786,#1787,#1788),(#1789,#1790,#1791,#1792,#1793,#1794,#1795,#1796,#1797,#1798),(#1799,#1800,#1801,#1802,#1803,#1804,#1805,#1806,#1807,#1808),(#1809,#1810,#1811,#1812,#1813,#1814,#1815,#1816,#1817,#1818),(#1819,#1820,#1821,#1822,#1823,#1824,#1825,#1826,#1827,#1828),(#1829,#1830,#1831,#1832,#1833,#1834,#1835,#1836,#1837,#1838)),.UNSPECIFIED.,.F.,.F.,.U.,(4,1,1,1,1,1,1,1,1,1,4),(4,1,1,1,1,1,1,4),(-0.001467451,-0.001154291,-0.000841114,-0.000527937,-0.000214759,0.000098418,0.000255006,0.000411595,0.000568184,0.000724772,0.001033106),(-0.001270218,-0.000952486,-0.000634736,-0.000316987,0.000000763,0.000318513,0.000636262,0.001271752),.UNSPECIFIED.);
#1840=ORIENTED_EDGE('',*,*,#1527,.T.);
#1841=ORIENTED_EDGE('',*,*,#1227,.T.);
#1842=ORIENTED_EDGE('',*,*,#1704,.F.);
#1843=EDGE_LOOP('',(#1840,#1841,#1842));
#1844=FACE_BOUND('',#1843,.T.);
#1845=ADVANCED_FACE('',(#1844),#1839,.F.);
#1846=CARTESIAN_POINT('',(1.051093779,2.917382151,0.397383031));
#1847=CARTESIAN_POINT('',(1.083778478,2.806681777,0.342743462));
#1848=CARTESIAN_POINT('',(1.166020518,2.593485678,0.240597191));
#1849=CARTESIAN_POINT('',(1.340881711,2.3001176,0.11409058));
#1850=CARTESIAN_POINT('',(1.565608963,2.036989085,0.028093894));
#1851=CARTESIAN_POINT('',(1.80704169,1.803798851,-0.002438826));
#1852=CARTESIAN_POINT('',(2.039779562,1.562112114,0.028934469));
#1853=CARTESIAN_POINT('',(2.390546207,1.262328762,0.144765621));
#1854=CARTESIAN_POINT('',(2.698843406,1.113131068,0.292924042));
#1855=CARTESIAN_POINT('',(2.920674533,1.047701911,0.404951216));
#1856=CARTESIAN_POINT('',(0.984045077,2.840869702,0.400329081));
#1857=CARTESIAN_POINT('',(1.015110009,2.729455793,0.345920121));
#1858=CARTESIAN_POINT('',(1.094070999,2.514974276,0.24416271));
#1859=CARTESIAN_POINT('',(1.263988501,2.219783733,0.117141152));
#1860=CARTESIAN_POINT('',(1.483230749,1.95602636,0.02942641));
#1861=CARTESIAN_POINT('',(1.723991947,1.720809682,-0.002823373));
#1862=CARTESIAN_POINT('',(1.958802669,1.479875215,0.030250453));
#1863=CARTESIAN_POINT('',(2.310331871,1.187410594,0.148328544));
#1864=CARTESIAN_POINT('',(2.620835618,1.042934404,0.296251825));
#1865=CARTESIAN_POINT('',(2.844028207,0.980763439,0.407671598));
#1866=CARTESIAN_POINT('',(0.850897349,2.690713734,0.424097445));
#1867=CARTESIAN_POINT('',(0.878665712,2.577875921,0.370269766));
#1868=CARTESIAN_POINT('',(0.951541115,2.360315136,0.269274381));
#1869=CARTESIAN_POINT('',(1.111767506,2.061038762,0.142640712));
#1870=CARTESIAN_POINT('',(1.321762146,1.793602577,0.052808292));
#1871=CARTESIAN_POINT('',(1.556733644,1.554259379,0.019195195));
#1872=CARTESIAN_POINT('',(1.79635988,1.318637477,0.053698321));
#1873=CARTESIAN_POINT('',(2.152250013,1.038837808,0.174222551));
#1874=CARTESIAN_POINT('',(2.467443218,0.903648864,0.32076192));
#1875=CARTESIAN_POINT('',(2.6936465,0.847770876,0.431013995));
#1876=CARTESIAN_POINT('',(0.653916581,2.477471306,0.51382886));
#1877=CARTESIAN_POINT('',(0.676152619,2.361875565,0.461907525));
#1878=CARTESIAN_POINT('',(0.738326501,2.139438069,0.363997408));
#1879=CARTESIAN_POINT('',(0.887353308,1.829964677,0.237290991));
#1880=CARTESIAN_POINT('',(1.085452221,1.552597164,0.149755509));
#1881=CARTESIAN_POINT('',(1.309487422,1.307356445,0.120072151));
#1882=CARTESIAN_POINT('',(1.554472249,1.082909116,0.150584032));
#1883=CARTESIAN_POINT('',(1.924696381,0.818250003,0.268465494));
#1884=CARTESIAN_POINT('',(2.249015197,0.695150506,0.414720262));
#1885=CARTESIAN_POINT('',(2.479621371,0.651160154,0.519603616));
#1886=CARTESIAN_POINT('',(0.46250964,2.284949349,0.660217424));
#1887=CARTESIAN_POINT('',(0.478205322,2.166249176,0.611824796));
#1888=CARTESIAN_POINT('',(0.528720448,1.936732674,0.519296639));
#1889=CARTESIAN_POINT('',(0.659677751,1.621694612,0.400565731));
#1890=CARTESIAN_POINT('',(0.850386903,1.33185271,0.315870741));
#1891=CARTESIAN_POINT('',(1.077633931,1.07567628,0.287135305));
#1892=CARTESIAN_POINT('',(1.333563342,0.847904035,0.316562745));
#1893=CARTESIAN_POINT('',(1.719481793,0.594280701,0.431037142));
#1894=CARTESIAN_POINT('',(2.047771028,0.492276086,0.5664207));
#1895=CARTESIAN_POINT('',(2.285972545,0.460531767,0.663924889));
#1896=CARTESIAN_POINT('',(0.287991506,2.12101526,0.86160596));
#1897=CARTESIAN_POINT('',(0.297197099,2.000329888,0.819126598));
#1898=CARTESIAN_POINT('',(0.336063344,1.766234545,0.734645539));
#1899=CARTESIAN_POINT('',(0.458878049,1.440585791,0.624179876));
#1900=CARTESIAN_POINT('',(0.643150624,1.143149372,0.545928647));
#1901=CARTESIAN_POINT('',(0.875899284,0.874078649,0.517382082));
#1902=CARTESIAN_POINT('',(1.144361105,0.640942607,0.547622834));
#1903=CARTESIAN_POINT('',(1.54028503,0.39545918,0.652473787));
#1904=CARTESIAN_POINT('',(1.88062357,0.304386767,0.778670359));
#1905=CARTESIAN_POINT('',(2.121881597,0.286664063,0.864506796));
#1906=CARTESIAN_POINT('',(0.167668546,2.009672286,1.071493375));
#1907=CARTESIAN_POINT('',(0.172799326,1.888516353,1.034625816));
#1908=CARTESIAN_POINT('',(0.204351555,1.653228269,0.960786047));
#1909=CARTESIAN_POINT('',(0.322861027,1.324845788,0.854274939));
#1910=CARTESIAN_POINT('',(0.506403792,1.018984664,0.777372692));
#1911=CARTESIAN_POINT('',(0.743294687,0.741735125,0.750072125));
#1912=CARTESIAN_POINT('',(1.0199594,0.504464305,0.779346163));
#1913=CARTESIAN_POINT('',(1.426954095,0.258934293,0.883839238));
#1914=CARTESIAN_POINT('',(1.767565839,0.175824015,1.001635245));
#1915=CARTESIAN_POINT('',(2.010476813,0.166821054,1.073833187));
#1916=CARTESIAN_POINT('',(0.09221414,1.936549589,1.265342202));
#1917=CARTESIAN_POINT('',(0.09540238,1.817126797,1.231242372));
#1918=CARTESIAN_POINT('',(0.124243589,1.583880465,1.160961031));
#1919=CARTESIAN_POINT('',(0.239539677,1.253491965,1.054939976));
#1920=CARTESIAN_POINT('',(0.42197672,0.941686358,0.979157308));
#1921=CARTESIAN_POINT('',(0.660730203,0.65951934,0.952377251));
#1922=CARTESIAN_POINT('',(0.94251784,0.420278699,0.981091132));
#1923=CARTESIAN_POINT('',(1.357381705,0.176628909,1.084597875));
#1924=CARTESIAN_POINT('',(1.697583095,0.097224934,1.201091528));
#1925=CARTESIAN_POINT('',(1.93693328,0.091499465,1.267663982));
#1926=CARTESIAN_POINT('',(0.04855865,1.889491311,1.420662308));
#1927=CARTESIAN_POINT('',(0.050822669,1.772081913,1.387087497));
#1928=CARTESIAN_POINT('',(0.07819011,1.54191296,1.316608615));
#1929=CARTESIAN_POINT('',(0.190857564,1.209423793,1.211594565));
#1930=CARTESIAN_POINT('',(0.371721255,0.894125374,1.137171342));
#1931=CARTESIAN_POINT('',(0.610684986,0.60971644,1.110860038));
#1932=CARTESIAN_POINT('',(0.894684042,0.370361678,1.139022267));
#1933=CARTESIAN_POINT('',(1.314756541,0.129179975,1.240201516));
#1934=CARTESIAN_POINT('',(1.654659516,0.052282321,1.356897106));
#1935=CARTESIAN_POINT('',(1.889412504,0.047973532,1.423211273));
#1936=CARTESIAN_POINT('',(0.019706861,1.850180704,1.58144329));
#1937=CARTESIAN_POINT('',(0.021157043,1.734828266,1.547035239));
#1938=CARTESIAN_POINT('',(0.046982654,1.506809744,1.475407172));
#1939=CARTESIAN_POINT('',(0.156727267,1.172836199,1.372837474));
#1940=CARTESIAN_POINT('',(0.334909038,0.855894777,1.30092533));
#1941=CARTESIAN_POINT('',(0.572282505,0.571635568,1.275173051));
#1942=CARTESIAN_POINT('',(0.856219036,0.333974038,1.302536612));
#1943=CARTESIAN_POINT('',(1.278684061,0.096670387,1.399683351));
#1944=CARTESIAN_POINT('',(1.619157958,0.022167146,1.5154301));
#1945=CARTESIAN_POINT('',(1.849836335,0.019322585,1.584215972));
#1946=CARTESIAN_POINT('',(0.002026559,1.804830037,1.798495959));
#1947=CARTESIAN_POINT('',(0.002142831,1.690598036,1.762036386));
#1948=CARTESIAN_POINT('',(0.026040035,1.463603229,1.688624194));
#1949=CARTESIAN_POINT('',(0.131435183,1.130820576,1.591904828));
#1950=CARTESIAN_POINT('',(0.30424527,0.816282873,1.524660022));
#1951=CARTESIAN_POINT('',(0.53648785,0.536447104,1.499665892));
#1952=CARTESIAN_POINT('',(0.816410465,0.303771101,1.525861246));
#1953=CARTESIAN_POINT('',(1.235272463,0.074224065,1.616019506));
#1954=CARTESIAN_POINT('',(1.575637714,0.002121297,1.727290776));
#1955=CARTESIAN_POINT('',(1.804182932,0.002046155,1.801392028));
#1956=CARTESIAN_POINT('',(0.011554331,1.771733467,1.962408822));
#1957=CARTESIAN_POINT('',(0.010643299,1.656518379,1.925523881));
#1958=CARTESIAN_POINT('',(0.033484503,1.427643601,1.853395656));
#1959=CARTESIAN_POINT('',(0.134975553,1.103667131,1.762884748));
#1960=CARTESIAN_POINT('',(0.301372923,0.797892114,1.69984623));
#1961=CARTESIAN_POINT('',(0.52600245,0.526435982,1.675584385));
#1962=CARTESIAN_POINT('',(0.797804971,0.301321659,1.70070983));
#1963=CARTESIAN_POINT('',(1.204794946,0.079985472,1.785446923));
#1964=CARTESIAN_POINT('',(1.537471291,0.010592374,1.889966647));
#1965=CARTESIAN_POINT('',(1.771103258,0.01168231,1.965277412));
#1966=CARTESIAN_POINT('',(0.027458686,1.747844067,2.072974403));
#1967=CARTESIAN_POINT('',(0.026120987,1.632445072,2.036347114));
#1968=CARTESIAN_POINT('',(0.048374121,1.402998161,1.965639401));
#1969=CARTESIAN_POINT('',(0.146840655,1.087087004,1.879568379));
#1970=CARTESIAN_POINT('',(0.308106816,0.790631022,1.819491281));
#1971=CARTESIAN_POINT('',(0.525934168,0.526635471,1.796271978));
#1972=CARTESIAN_POINT('',(0.790279859,0.308321589,1.820295396));
#1973=CARTESIAN_POINT('',(1.185271976,0.093382829,1.901193399));
#1974=CARTESIAN_POINT('',(1.510966082,0.026339625,2.000872187));
#1975=CARTESIAN_POINT('',(1.746579255,0.027779626,2.075950613));
#1976=B_SPLINE_SURFACE_WITH_KNOTS('',3,3,((#1846,#1847,#1848,#1849,#1850,#1851,#1852,#1853,#1854,#1855),(#1856,#1857,#1858,#1859,#1860,#1861,#1862,#1863,#1864,#1865),(#1866,#1867,#1868,#1869,#1870,#1871,#1872,#1873,#1874,#1875),(#1876,#1877,#1878,#1879,#1880,#1881,#1882,#1883,#1884,#1885),(#1886,#1887,#1888,#1889,#1890,#1891,#1892,#1893,#1894,#1895),(#1896,#1897,#1898,#1899,#1900,#1901,#1902,#1903,#1904,#1905),(#1906,#1907,#1908,#1909,#1910,#1911,#1912,#1913,#1914,#1915),(#1916,#1917,#1918,#1919,#1920,#1921,#1922,#1923,#1924,#1925),(#1926,#1927,#1928,#1929,#1930,#1931,#1932,#1933,#1934,#1935),(#1936,#1937,#1938,#1939,#1940,#1941,#1942,#1943,#1944,#1945),(#1946,#1947,#1948,#1949,#1950,#1951,#1952,#1953,#1954,#1955),(#1956,#1957,#1958,#1959,#1960,#1961,#1962,#1963,#1964,#1965),(#1966,#1967,#1968,#1969,#1970,#1971,#1972,#1973,#1974,#1975)),.UNSPECIFIED.,.F.,.F.,.U.,(4,1,1,1,1,1,1,1,1,1,4),(4,1,1,1,1,1,1,4),(-0.001467451,-0.001154291,-0.000841114,-0.000527937,-0.000214759,0.000098418,0.000255006,0.000411595,0.000568184,0.000724772,0.001033106),(-0.001270218,-0.000952486,-0.000634736,-0.000316987,0.000000763,0.000318513,0.000636262,0.001271752),.UNSPECIFIED.);
#1977=ORIENTED_EDGE('',*,*,#1342,.T.);
#1978=ORIENTED_EDGE('',*,*,#1687,.T.);
#1979=ORIENTED_EDGE('',*,*,#1258,.F.);
#1980=EDGE_LOOP('',(#1977,#1978,#1979));
#1981=FACE_BOUND('',#1980,.T.);
#1982=ADVANCED_FACE('',(#1981),#1976,.F.);
#1983=CARTESIAN_POINT('',(0.5953125,3.427911888,4.715963112));
#1984=DIRECTION('',(-1.,0.,0.));
#1985=DIRECTION('',(0.,0.,1.));
#1986=AXIS2_PLACEMENT_3D('',#1983,#1984,#1985);
#1987=CYLINDRICAL_SURFACE('',#1986,0.898025612);
#1988=CARTESIAN_POINT('',(7.2469375,3.847924908,5.509713112));
#1989=VERTEX_POINT('',#1988);
#1990=CARTESIAN_POINT('',(7.2469375,3.427911888,4.715963112));
#1991=DIRECTION('',(-1.,-0.,-0.));
#1992=DIRECTION('',(0.,0.,-1.));
#1993=AXIS2_PLACEMENT_3D('',#1990,#1991,#1992);
#1994=CIRCLE('',#1993,0.898025612);
#1995=EDGE_CURVE('',#1989,#1290,#1994,.T.);
#1996=ORIENTED_EDGE('',*,*,#1995,.F.);
#1997=CARTESIAN_POINT('',(14.4859375,3.847924908,5.509713112));
#1998=VERTEX_POINT('',#1997);
#1999=CARTESIAN_POINT('',(14.4859375,3.847924908,5.509713112));
#2000=DIRECTION('',(-1.,0.,0.));
#2001=VECTOR('',#2000,7.239);
#2002=LINE('',#1999,#2001);
#2003=EDGE_CURVE('',#1998,#1989,#2002,.T.);
#2004=ORIENTED_EDGE('',*,*,#2003,.F.);
#2005=CARTESIAN_POINT('',(14.4859375,3.427911888,4.715963112));
#2006=DIRECTION('',(1.,-0.,-0.));
#2007=DIRECTION('',(0.,0.,1.));
#2008=AXIS2_PLACEMENT_3D('',#2005,#2006,#2007);
#2009=CIRCLE('',#2008,0.898025612);
#2010=EDGE_CURVE('',#1298,#1998,#2009,.T.);
#2011=ORIENTED_EDGE('',*,*,#2010,.F.);
#2012=ORIENTED_EDGE('',*,*,#1303,.F.);
#2013=EDGE_LOOP('',(#1996,#2004,#2011,#2012));
#2014=FACE_BOUND('',#2013,.T.);
#2015=ADVANCED_FACE('',(#2014),#1987,.T.);
#2016=CARTESIAN_POINT('',(11.5966875,17.2164375,10.62434375));
#2017=DIRECTION('',(0.,-1.,0.));
#2018=DIRECTION('',(1.,0.,0.));
#2019=AXIS2_PLACEMENT_3D('',#2016,#2017,#2018);
#2020=PLANE('',#2019);
#2021=ORIENTED_EDGE('',*,*,#981,.F.);
#2022=CARTESIAN_POINT('',(17.600582272,17.2164375,10.9299375));
#2023=DIRECTION('',(0.,0.,1.));
#2024=VECTOR('',#2023,1.778);
#2025=LINE('',#2022,#2024);
#2026=EDGE_CURVE('',#968,#864,#2025,.T.);
#2027=ORIENTED_EDGE('',*,*,#2026,.T.);
#2028=ORIENTED_EDGE('',*,*,#869,.F.);
#2029=CARTESIAN_POINT('',(9.5964375,17.2164375,10.9299375));
#2030=DIRECTION('',(-0.,-0.,1.));
#2031=VECTOR('',#2030,1.778);
#2032=LINE('',#2029,#2031);
#2033=EDGE_CURVE('',#976,#834,#2032,.T.);
#2034=ORIENTED_EDGE('',*,*,#2033,.F.);
#2035=EDGE_LOOP('',(#2021,#2027,#2028,#2034));
#2036=FACE_BOUND('',#2035,.T.);
#2037=ADVANCED_FACE('',(#2036),#2020,.T.);
#2038=CARTESIAN_POINT('',(9.5964375,15.2161875,10.62434375));
#2039=DIRECTION('',(1.,0.,0.));
#2040=DIRECTION('',(0.,0.,-1.));
#2041=AXIS2_PLACEMENT_3D('',#2038,#2039,#2040);
#2042=PLANE('',#2041);
#2043=ORIENTED_EDGE('',*,*,#2033,.T.);
#2044=ORIENTED_EDGE('',*,*,#839,.F.);
#2045=CARTESIAN_POINT('',(9.5964375,9.2154375,10.9299375));
#2046=DIRECTION('',(0.,0.,1.));
#2047=VECTOR('',#2046,1.778);
#2048=LINE('',#2045,#2047);
#2049=EDGE_CURVE('',#984,#826,#2048,.T.);
#2050=ORIENTED_EDGE('',*,*,#2049,.F.);
#2051=ORIENTED_EDGE('',*,*,#989,.F.);
#2052=EDGE_LOOP('',(#2043,#2044,#2050,#2051));
#2053=FACE_BOUND('',#2052,.T.);
#2054=ADVANCED_FACE('',(#2053),#2042,.T.);
#2055=CARTESIAN_POINT('',(13.5969375,9.2154375,10.62434375));
#2056=DIRECTION('',(0.,1.,0.));
#2057=DIRECTION('',(-1.,0.,0.));
#2058=AXIS2_PLACEMENT_3D('',#2055,#2056,#2057);
#2059=PLANE('',#2058);
#2060=ORIENTED_EDGE('',*,*,#2049,.T.);
#2061=ORIENTED_EDGE('',*,*,#927,.F.);
#2062=CARTESIAN_POINT('',(17.597437501,9.2154375,10.9299375));
#2063=DIRECTION('',(0.,0.,1.));
#2064=VECTOR('',#2063,1.778);
#2065=LINE('',#2062,#2064);
#2066=EDGE_CURVE('',#966,#894,#2065,.T.);
#2067=ORIENTED_EDGE('',*,*,#2066,.F.);
#2068=ORIENTED_EDGE('',*,*,#995,.F.);
#2069=EDGE_LOOP('',(#2060,#2061,#2067,#2068));
#2070=FACE_BOUND('',#2069,.T.);
#2071=ADVANCED_FACE('',(#2070),#2059,.T.);
#2072=CARTESIAN_POINT('',(14.4859375,1.7859375,1.7859375));
#2073=DIRECTION('',(1.,0.,0.));
#2074=DIRECTION('',(0.,1.,0.));
#2075=AXIS2_PLACEMENT_3D('',#2072,#2073,#2074);
#2076=PLANE('',#2075);
#2077=CARTESIAN_POINT('',(14.4859375,1.7859375,5.509713112));
#2078=DIRECTION('',(0.,1.,0.));
#2079=VECTOR('',#2078,2.061987408);
#2080=LINE('',#2077,#2079);
#2081=EDGE_CURVE('',#1067,#1998,#2080,.T.);
#2082=ORIENTED_EDGE('',*,*,#2081,.F.);
#2083=ORIENTED_EDGE('',*,*,#1074,.T.);
#2084=ORIENTED_EDGE('',*,*,#1309,.F.);
#2085=ORIENTED_EDGE('',*,*,#2010,.T.);
#2086=EDGE_LOOP('',(#2082,#2083,#2084,#2085));
#2087=FACE_BOUND('',#2086,.T.);
#2088=ADVANCED_FACE('',(#2087),#2076,.T.);
#2089=CARTESIAN_POINT('',(17.599009886,13.2159375,10.62434375));
#2090=DIRECTION('',(-0.999999923,0.000393047,0.));
#2091=DIRECTION('',(-0.000393047,-0.999999923,0.));
#2092=AXIS2_PLACEMENT_3D('',#2089,#2090,#2091);
#2093=PLANE('',#2092);
#2094=ORIENTED_EDGE('',*,*,#2066,.T.);
#2095=ORIENTED_EDGE('',*,*,#899,.F.);
#2096=ORIENTED_EDGE('',*,*,#2026,.F.);
#2097=ORIENTED_EDGE('',*,*,#973,.F.);
#2098=EDGE_LOOP('',(#2094,#2095,#2096,#2097));
#2099=FACE_BOUND('',#2098,.T.);
#2100=ADVANCED_FACE('',(#2099),#2093,.T.);
#2101=CARTESIAN_POINT('',(7.0564375,17.2164375,15.2479375));
#2102=DIRECTION('',(0.,-1.,0.));
#2103=DIRECTION('',(0.,0.,-1.));
#2104=AXIS2_PLACEMENT_3D('',#2101,#2102,#2103);
#2105=PLANE('',#2104);
#2106=ORIENTED_EDGE('',*,*,#847,.F.);
#2107=CARTESIAN_POINT('',(9.5964375,17.2164375,13.9779375));
#2108=VERTEX_POINT('',#2107);
#2109=CARTESIAN_POINT('',(9.5964375,17.2164375,13.9779375));
#2110=DIRECTION('',(-0.,-0.,-1.));
#2111=VECTOR('',#2110,1.27);
#2112=LINE('',#2109,#2111);
#2113=EDGE_CURVE('',#2108,#834,#2112,.T.);
#2114=ORIENTED_EDGE('',*,*,#2113,.F.);
#2115=CARTESIAN_POINT('',(4.5164375,17.2164375,13.9779375));
#2116=VERTEX_POINT('',#2115);
#2117=CARTESIAN_POINT('',(9.5964375,17.2164375,13.9779375));
#2118=DIRECTION('',(-1.,-0.,0.));
#2119=VECTOR('',#2118,5.08);
#2120=LINE('',#2117,#2119);
#2121=EDGE_CURVE('',#2108,#2116,#2120,.T.);
#2122=ORIENTED_EDGE('',*,*,#2121,.T.);
#2123=CARTESIAN_POINT('',(4.5164375,17.2164375,13.605963112));
#2124=VERTEX_POINT('',#2123);
#2125=CARTESIAN_POINT('',(4.5164375,17.2164375,13.9779375));
#2126=DIRECTION('',(0.,0.,-1.));
#2127=VECTOR('',#2126,0.371974388);
#2128=LINE('',#2125,#2127);
#2129=EDGE_CURVE('',#2116,#2124,#2128,.T.);
#2130=ORIENTED_EDGE('',*,*,#2129,.T.);
#2131=CARTESIAN_POINT('',(3.2464375,17.2164375,13.605963112));
#2132=DIRECTION('',(-0.,1.,-0.));
#2133=DIRECTION('',(-1.,0.,0.));
#2134=AXIS2_PLACEMENT_3D('',#2131,#2132,#2133);
#2135=ELLIPSE('',#2134,1.27,0.898025612);
#2136=EDGE_CURVE('',#2124,#842,#2135,.T.);
#2137=ORIENTED_EDGE('',*,*,#2136,.T.);
#2138=EDGE_LOOP('',(#2106,#2114,#2122,#2130,#2137));
#2139=FACE_BOUND('',#2138,.T.);
#2140=ADVANCED_FACE('',(#2139),#2105,.T.);
#2141=CARTESIAN_POINT('',(9.5964375,19.7564375,15.2479375));
#2142=DIRECTION('',(-1.,0.,0.));
#2143=DIRECTION('',(0.,0.,1.));
#2144=AXIS2_PLACEMENT_3D('',#2141,#2142,#2143);
#2145=PLANE('',#2144);
#2146=ORIENTED_EDGE('',*,*,#861,.T.);
#2147=CARTESIAN_POINT('',(9.5964375,22.2964375,13.605963112));
#2148=VERTEX_POINT('',#2147);
#2149=CARTESIAN_POINT('',(9.5964375,23.5664375,13.605963112));
#2150=DIRECTION('',(-1.,0.,0.));
#2151=DIRECTION('',(0.,-1.,0.));
#2152=AXIS2_PLACEMENT_3D('',#2149,#2150,#2151);
#2153=ELLIPSE('',#2152,1.27,0.898025612);
#2154=EDGE_CURVE('',#850,#2148,#2153,.T.);
#2155=ORIENTED_EDGE('',*,*,#2154,.T.);
#2156=CARTESIAN_POINT('',(9.5964375,22.2964375,13.9779375));
#2157=VERTEX_POINT('',#2156);
#2158=CARTESIAN_POINT('',(9.5964375,22.2964375,13.9779375));
#2159=DIRECTION('',(-0.,-0.,-1.));
#2160=VECTOR('',#2159,0.371974388);
#2161=LINE('',#2158,#2160);
#2162=EDGE_CURVE('',#2157,#2148,#2161,.T.);
#2163=ORIENTED_EDGE('',*,*,#2162,.F.);
#2164=CARTESIAN_POINT('',(9.5964375,17.2164375,13.9779375));
#2165=DIRECTION('',(0.,1.,0.));
#2166=VECTOR('',#2165,5.08);
#2167=LINE('',#2164,#2166);
#2168=EDGE_CURVE('',#2108,#2157,#2167,.T.);
#2169=ORIENTED_EDGE('',*,*,#2168,.F.);
#2170=ORIENTED_EDGE('',*,*,#2113,.T.);
#2171=EDGE_LOOP('',(#2146,#2155,#2163,#2169,#2170));
#2172=FACE_BOUND('',#2171,.T.);
#2173=ADVANCED_FACE('',(#2172),#2145,.F.);
#2174=CARTESIAN_POINT('',(7.0564375,19.7564375,15.2479375));
#2175=DIRECTION('',(-0.707106781,0.707106781,0.));
#2176=DIRECTION('',(-0.707106781,-0.707106781,0.));
#2177=AXIS2_PLACEMENT_3D('',#2174,#2175,#2176);
#2178=PLANE('',#2177);
#2179=ORIENTED_EDGE('',*,*,#2162,.T.);
#2180=CARTESIAN_POINT('',(9.5964375,22.2964375,13.605963112));
#2181=DIRECTION('',(-0.707106781,-0.707106781,-0.));
#2182=VECTOR('',#2181,7.184204897);
#2183=LINE('',#2180,#2182);
#2184=EDGE_CURVE('',#2148,#2124,#2183,.T.);
#2185=ORIENTED_EDGE('',*,*,#2184,.T.);
#2186=ORIENTED_EDGE('',*,*,#2129,.F.);
#2187=CARTESIAN_POINT('',(4.5164375,17.2164375,14.349911888));
#2188=VERTEX_POINT('',#2187);
#2189=CARTESIAN_POINT('',(4.5164375,17.2164375,14.349911888));
#2190=DIRECTION('',(-0.,-0.,-1.));
#2191=VECTOR('',#2190,0.371974388);
#2192=LINE('',#2189,#2191);
#2193=EDGE_CURVE('',#2188,#2116,#2192,.T.);
#2194=ORIENTED_EDGE('',*,*,#2193,.F.);
#2195=CARTESIAN_POINT('',(9.5964375,22.2964375,14.349911888));
#2196=VERTEX_POINT('',#2195);
#2197=CARTESIAN_POINT('',(4.5164375,17.2164375,14.349911888));
#2198=DIRECTION('',(0.707106781,0.707106781,-0.));
#2199=VECTOR('',#2198,7.184204897);
#2200=LINE('',#2197,#2199);
#2201=EDGE_CURVE('',#2188,#2196,#2200,.T.);
#2202=ORIENTED_EDGE('',*,*,#2201,.T.);
#2203=CARTESIAN_POINT('',(9.5964375,22.2964375,14.349911888));
#2204=DIRECTION('',(-0.,-0.,-1.));
#2205=VECTOR('',#2204,0.371974388);
#2206=LINE('',#2203,#2205);
#2207=EDGE_CURVE('',#2196,#2157,#2206,.T.);
#2208=ORIENTED_EDGE('',*,*,#2207,.T.);
#2209=EDGE_LOOP('',(#2179,#2185,#2186,#2194,#2202,#2208));
#2210=FACE_BOUND('',#2209,.T.);
#2211=ADVANCED_FACE('',(#2210),#2178,.T.);
#2212=CARTESIAN_POINT('',(20.140582272,19.7564375,15.2479375));
#2213=DIRECTION('',(0.707106781,0.707106781,0.));
#2214=DIRECTION('',(-0.707106781,0.707106781,0.));
#2215=AXIS2_PLACEMENT_3D('',#2212,#2213,#2214);
#2216=PLANE('',#2215);
#2217=CARTESIAN_POINT('',(22.680582271,17.2164375,13.9779375));
#2218=VERTEX_POINT('',#2217);
#2219=CARTESIAN_POINT('',(22.680582272,17.2164375,13.605963112));
#2220=VERTEX_POINT('',#2219);
#2221=CARTESIAN_POINT('',(22.680582272,17.2164375,13.9779375));
#2222=DIRECTION('',(-0.,-0.,-1.));
#2223=VECTOR('',#2222,0.371974388);
#2224=LINE('',#2221,#2223);
#2225=EDGE_CURVE('',#2218,#2220,#2224,.T.);
#2226=ORIENTED_EDGE('',*,*,#2225,.T.);
#2227=CARTESIAN_POINT('',(17.600582272,22.2964375,13.605963112));
#2228=VERTEX_POINT('',#2227);
#2229=CARTESIAN_POINT('',(22.680582272,17.2164375,13.605963112));
#2230=DIRECTION('',(-0.707106781,0.707106781,-0.));
#2231=VECTOR('',#2230,7.184204897);
#2232=LINE('',#2229,#2231);
#2233=EDGE_CURVE('',#2220,#2228,#2232,.T.);
#2234=ORIENTED_EDGE('',*,*,#2233,.T.);
#2235=CARTESIAN_POINT('',(17.600582272,22.2964375,13.9779375));
#2236=VERTEX_POINT('',#2235);
#2237=CARTESIAN_POINT('',(17.600582272,22.2964375,13.9779375));
#2238=DIRECTION('',(-0.,-0.,-1.));
#2239=VECTOR('',#2238,0.371974388);
#2240=LINE('',#2237,#2239);
#2241=EDGE_CURVE('',#2236,#2228,#2240,.T.);
#2242=ORIENTED_EDGE('',*,*,#2241,.F.);
#2243=CARTESIAN_POINT('',(17.600582272,22.2964375,14.349911888));
#2244=VERTEX_POINT('',#2243);
#2245=CARTESIAN_POINT('',(17.600582272,22.2964375,14.349911888));
#2246=DIRECTION('',(0.,0.,-1.));
#2247=VECTOR('',#2246,0.371974388);
#2248=LINE('',#2245,#2247);
#2249=EDGE_CURVE('',#2244,#2236,#2248,.T.);
#2250=ORIENTED_EDGE('',*,*,#2249,.F.);
#2251=CARTESIAN_POINT('',(22.680582272,17.2164375,14.349911888));
#2252=VERTEX_POINT('',#2251);
#2253=CARTESIAN_POINT('',(17.600582272,22.2964375,14.349911888));
#2254=DIRECTION('',(0.707106781,-0.707106781,-0.));
#2255=VECTOR('',#2254,7.184204897);
#2256=LINE('',#2253,#2255);
#2257=EDGE_CURVE('',#2244,#2252,#2256,.T.);
#2258=ORIENTED_EDGE('',*,*,#2257,.T.);
#2259=CARTESIAN_POINT('',(22.680582272,17.2164375,14.349911888));
#2260=DIRECTION('',(-0.,-0.,-1.));
#2261=VECTOR('',#2260,0.371974388);
#2262=LINE('',#2259,#2261);
#2263=EDGE_CURVE('',#2252,#2218,#2262,.T.);
#2264=ORIENTED_EDGE('',*,*,#2263,.T.);
#2265=EDGE_LOOP('',(#2226,#2234,#2242,#2250,#2258,#2264));
#2266=FACE_BOUND('',#2265,.T.);
#2267=ADVANCED_FACE('',(#2266),#2216,.T.);
#2268=CARTESIAN_POINT('',(17.600582272,19.7564375,15.2479375));
#2269=DIRECTION('',(-1.,0.,0.));
#2270=DIRECTION('',(0.,-1.,0.));
#2271=AXIS2_PLACEMENT_3D('',#2268,#2269,#2270);
#2272=PLANE('',#2271);
#2273=ORIENTED_EDGE('',*,*,#877,.F.);
#2274=CARTESIAN_POINT('',(17.600582272,17.2164375,13.9779375));
#2275=VERTEX_POINT('',#2274);
#2276=CARTESIAN_POINT('',(17.600582272,17.2164375,13.9779375));
#2277=DIRECTION('',(-0.,-0.,-1.));
#2278=VECTOR('',#2277,1.27);
#2279=LINE('',#2276,#2278);
#2280=EDGE_CURVE('',#2275,#864,#2279,.T.);
#2281=ORIENTED_EDGE('',*,*,#2280,.F.);
#2282=CARTESIAN_POINT('',(17.600582272,17.2164375,13.9779375));
#2283=DIRECTION('',(-0.,1.,-0.));
#2284=VECTOR('',#2283,5.08);
#2285=LINE('',#2282,#2284);
#2286=EDGE_CURVE('',#2275,#2236,#2285,.T.);
#2287=ORIENTED_EDGE('',*,*,#2286,.T.);
#2288=ORIENTED_EDGE('',*,*,#2241,.T.);
#2289=CARTESIAN_POINT('',(17.600582272,23.5664375,13.605963112));
#2290=DIRECTION('',(1.,-0.,-0.));
#2291=DIRECTION('',(0.,1.,0.));
#2292=AXIS2_PLACEMENT_3D('',#2289,#2290,#2291);
#2293=ELLIPSE('',#2292,1.27,0.898025612);
#2294=EDGE_CURVE('',#2228,#872,#2293,.T.);
#2295=ORIENTED_EDGE('',*,*,#2294,.T.);
#2296=EDGE_LOOP('',(#2273,#2281,#2287,#2288,#2295));
#2297=FACE_BOUND('',#2296,.T.);
#2298=ADVANCED_FACE('',(#2297),#2272,.T.);
#2299=CARTESIAN_POINT('',(20.140582272,17.2164375,15.2479375));
#2300=DIRECTION('',(0.,1.,0.));
#2301=DIRECTION('',(-1.,0.,0.));
#2302=AXIS2_PLACEMENT_3D('',#2299,#2300,#2301);
#2303=PLANE('',#2302);
#2304=ORIENTED_EDGE('',*,*,#891,.T.);
#2305=CARTESIAN_POINT('',(23.950582272,17.2164375,13.605963112));
#2306=DIRECTION('',(0.,1.,0.));
#2307=DIRECTION('',(-1.,0.,0.));
#2308=AXIS2_PLACEMENT_3D('',#2305,#2306,#2307);
#2309=ELLIPSE('',#2308,1.27,0.898025612);
#2310=EDGE_CURVE('',#880,#2220,#2309,.T.);
#2311=ORIENTED_EDGE('',*,*,#2310,.T.);
#2312=ORIENTED_EDGE('',*,*,#2225,.F.);
#2313=CARTESIAN_POINT('',(17.600582272,17.2164375,13.9779375));
#2314=DIRECTION('',(1.,0.,-0.));
#2315=VECTOR('',#2314,5.079999999);
#2316=LINE('',#2313,#2315);
#2317=EDGE_CURVE('',#2275,#2218,#2316,.T.);
#2318=ORIENTED_EDGE('',*,*,#2317,.F.);
#2319=ORIENTED_EDGE('',*,*,#2280,.T.);
#2320=EDGE_LOOP('',(#2304,#2311,#2312,#2318,#2319));
#2321=FACE_BOUND('',#2320,.T.);
#2322=ADVANCED_FACE('',(#2321),#2303,.F.);
#2323=CARTESIAN_POINT('',(20.137437304,9.21443916,15.2479375));
#2324=DIRECTION('',(0.000393047,0.999999923,0.));
#2325=DIRECTION('',(-0.999999923,0.000393047,0.));
#2326=AXIS2_PLACEMENT_3D('',#2323,#2324,#2325);
#2327=PLANE('',#2326);
#2328=ORIENTED_EDGE('',*,*,#907,.F.);
#2329=CARTESIAN_POINT('',(17.5974375,9.2154375,13.9779375));
#2330=VERTEX_POINT('',#2329);
#2331=CARTESIAN_POINT('',(17.597437499,9.2154375,13.9779375));
#2332=DIRECTION('',(-0.,-0.,-1.));
#2333=VECTOR('',#2332,1.27);
#2334=LINE('',#2331,#2333);
#2335=EDGE_CURVE('',#2330,#894,#2334,.T.);
#2336=ORIENTED_EDGE('',*,*,#2335,.F.);
#2337=CARTESIAN_POINT('',(22.677437109,9.21344082,13.9779375));
#2338=VERTEX_POINT('',#2337);
#2339=CARTESIAN_POINT('',(17.5974375,9.215437499,13.9779375));
#2340=DIRECTION('',(0.999999923,-0.000393047,-0.));
#2341=VECTOR('',#2340,5.080000001);
#2342=LINE('',#2339,#2341);
#2343=EDGE_CURVE('',#2330,#2338,#2342,.T.);
#2344=ORIENTED_EDGE('',*,*,#2343,.T.);
#2345=CARTESIAN_POINT('',(22.677437108,9.213440821,13.605963112));
#2346=VERTEX_POINT('',#2345);
#2347=CARTESIAN_POINT('',(22.677437108,9.213440821,13.9779375));
#2348=DIRECTION('',(-0.,-0.,-1.));
#2349=VECTOR('',#2348,0.371974388);
#2350=LINE('',#2347,#2349);
#2351=EDGE_CURVE('',#2338,#2346,#2350,.T.);
#2352=ORIENTED_EDGE('',*,*,#2351,.T.);
#2353=CARTESIAN_POINT('',(23.947437011,9.212941651,13.605963112));
#2354=DIRECTION('',(-0.000393047,-0.999999923,-0.));
#2355=DIRECTION('',(0.999999923,-0.000393047,0.));
#2356=AXIS2_PLACEMENT_3D('',#2353,#2354,#2355);
#2357=ELLIPSE('',#2356,1.270000001,0.898025612);
#2358=EDGE_CURVE('',#2346,#902,#2357,.T.);
#2359=ORIENTED_EDGE('',*,*,#2358,.T.);
#2360=EDGE_LOOP('',(#2328,#2336,#2344,#2352,#2359));
#2361=FACE_BOUND('',#2360,.T.);
#2362=ADVANCED_FACE('',(#2361),#2327,.T.);
#2363=CARTESIAN_POINT('',(17.59643916,6.675437696,15.2479375));
#2364=DIRECTION('',(0.999999923,-0.000393047,0.));
#2365=DIRECTION('',(0.000393047,0.999999923,0.));
#2366=AXIS2_PLACEMENT_3D('',#2363,#2364,#2365);
#2367=PLANE('',#2366);
#2368=ORIENTED_EDGE('',*,*,#921,.T.);
#2369=CARTESIAN_POINT('',(17.595440819,4.135437892,13.605963112));
#2370=VERTEX_POINT('',#2369);
#2371=CARTESIAN_POINT('',(17.594941651,2.865437993,13.605963112));
#2372=DIRECTION('',(0.999999923,-0.000393047,0.));
#2373=DIRECTION('',(0.000393047,0.999999923,0.));
#2374=AXIS2_PLACEMENT_3D('',#2371,#2372,#2373);
#2375=ELLIPSE('',#2374,1.269999999,0.898025612);
#2376=EDGE_CURVE('',#910,#2370,#2375,.T.);
#2377=ORIENTED_EDGE('',*,*,#2376,.T.);
#2378=CARTESIAN_POINT('',(17.595440819,4.135437892,13.9779375));
#2379=VERTEX_POINT('',#2378);
#2380=CARTESIAN_POINT('',(17.595440819,4.135437892,13.9779375));
#2381=DIRECTION('',(-0.,-0.,-1.));
#2382=VECTOR('',#2381,0.371974388);
#2383=LINE('',#2380,#2382);
#2384=EDGE_CURVE('',#2379,#2370,#2383,.T.);
#2385=ORIENTED_EDGE('',*,*,#2384,.F.);
#2386=CARTESIAN_POINT('',(17.5974375,9.2154375,13.9779375));
#2387=DIRECTION('',(-0.000393047,-0.999999923,0.));
#2388=VECTOR('',#2387,5.08);
#2389=LINE('',#2386,#2388);
#2390=EDGE_CURVE('',#2330,#2379,#2389,.T.);
#2391=ORIENTED_EDGE('',*,*,#2390,.F.);
#2392=ORIENTED_EDGE('',*,*,#2335,.T.);
#2393=EDGE_LOOP('',(#2368,#2377,#2385,#2391,#2392));
#2394=FACE_BOUND('',#2393,.T.);
#2395=ADVANCED_FACE('',(#2394),#2367,.F.);
#2396=CARTESIAN_POINT('',(20.136438963,6.674439356,15.2479375));
#2397=DIRECTION('',(0.7068288,-0.707384653,0.));
#2398=DIRECTION('',(0.707384653,0.7068288,0.));
#2399=AXIS2_PLACEMENT_3D('',#2396,#2397,#2398);
#2400=PLANE('',#2399);
#2401=ORIENTED_EDGE('',*,*,#2384,.T.);
#2402=CARTESIAN_POINT('',(17.595440819,4.135437892,13.605963112));
#2403=DIRECTION('',(0.707384653,0.7068288,-0.));
#2404=VECTOR('',#2403,7.184204899);
#2405=LINE('',#2402,#2404);
#2406=EDGE_CURVE('',#2370,#2346,#2405,.T.);
#2407=ORIENTED_EDGE('',*,*,#2406,.T.);
#2408=ORIENTED_EDGE('',*,*,#2351,.F.);
#2409=CARTESIAN_POINT('',(22.677437109,9.21344082,14.349911888));
#2410=VERTEX_POINT('',#2409);
#2411=CARTESIAN_POINT('',(22.677437109,9.213440819,14.349911888));
#2412=DIRECTION('',(-0.,-0.,-1.));
#2413=VECTOR('',#2412,0.371974388);
#2414=LINE('',#2411,#2413);
#2415=EDGE_CURVE('',#2410,#2338,#2414,.T.);
#2416=ORIENTED_EDGE('',*,*,#2415,.F.);
#2417=CARTESIAN_POINT('',(17.595440819,4.135437892,14.349911888));
#2418=VERTEX_POINT('',#2417);
#2419=CARTESIAN_POINT('',(22.677437109,9.213440821,14.349911888));
#2420=DIRECTION('',(-0.707384653,-0.7068288,-0.));
#2421=VECTOR('',#2420,7.184204899);
#2422=LINE('',#2419,#2421);
#2423=EDGE_CURVE('',#2410,#2418,#2422,.T.);
#2424=ORIENTED_EDGE('',*,*,#2423,.T.);
#2425=CARTESIAN_POINT('',(17.595440819,4.135437892,14.349911888));
#2426=DIRECTION('',(-0.,-0.,-1.));
#2427=VECTOR('',#2426,0.371974388);
#2428=LINE('',#2425,#2427);
#2429=EDGE_CURVE('',#2418,#2379,#2428,.T.);
#2430=ORIENTED_EDGE('',*,*,#2429,.T.);
#2431=EDGE_LOOP('',(#2401,#2407,#2408,#2416,#2424,#2430));
#2432=FACE_BOUND('',#2431,.T.);
#2433=ADVANCED_FACE('',(#2432),#2400,.T.);
#2434=CARTESIAN_POINT('',(9.5964375,6.6754375,15.2479375));
#2435=DIRECTION('',(1.,0.,0.));
#2436=DIRECTION('',(0.,1.,0.));
#2437=AXIS2_PLACEMENT_3D('',#2434,#2435,#2436);
#2438=PLANE('',#2437);
#2439=ORIENTED_EDGE('',*,*,#933,.F.);
#2440=CARTESIAN_POINT('',(9.5964375,9.2154375,13.9779375));
#2441=VERTEX_POINT('',#2440);
#2442=CARTESIAN_POINT('',(9.5964375,9.2154375,13.9779375));
#2443=DIRECTION('',(0.,0.,-1.));
#2444=VECTOR('',#2443,1.27);
#2445=LINE('',#2442,#2444);
#2446=EDGE_CURVE('',#2441,#826,#2445,.T.);
#2447=ORIENTED_EDGE('',*,*,#2446,.F.);
#2448=CARTESIAN_POINT('',(9.5964375,4.1354375,13.9779375));
#2449=VERTEX_POINT('',#2448);
#2450=CARTESIAN_POINT('',(9.5964375,9.2154375,13.9779375));
#2451=DIRECTION('',(-0.,-1.,-0.));
#2452=VECTOR('',#2451,5.08);
#2453=LINE('',#2450,#2452);
#2454=EDGE_CURVE('',#2441,#2449,#2453,.T.);
#2455=ORIENTED_EDGE('',*,*,#2454,.T.);
#2456=CARTESIAN_POINT('',(9.5964375,4.1354375,13.605963112));
#2457=VERTEX_POINT('',#2456);
#2458=CARTESIAN_POINT('',(9.5964375,4.1354375,13.9779375));
#2459=DIRECTION('',(-0.,-0.,-1.));
#2460=VECTOR('',#2459,0.371974388);
#2461=LINE('',#2458,#2460);
#2462=EDGE_CURVE('',#2449,#2457,#2461,.T.);
#2463=ORIENTED_EDGE('',*,*,#2462,.T.);
#2464=CARTESIAN_POINT('',(9.5964375,2.8654375,13.605963112));
#2465=DIRECTION('',(-1.,-0.,-0.));
#2466=DIRECTION('',(0.,-1.,0.));
#2467=AXIS2_PLACEMENT_3D('',#2464,#2465,#2466);
#2468=ELLIPSE('',#2467,1.27,0.898025612);
#2469=EDGE_CURVE('',#2457,#816,#2468,.T.);
#2470=ORIENTED_EDGE('',*,*,#2469,.T.);
#2471=EDGE_LOOP('',(#2439,#2447,#2455,#2463,#2470));
#2472=FACE_BOUND('',#2471,.T.);
#2473=ADVANCED_FACE('',(#2472),#2438,.T.);
#2474=CARTESIAN_POINT('',(7.0564375,9.2154375,15.2479375));
#2475=DIRECTION('',(0.,-1.,0.));
#2476=DIRECTION('',(0.,0.,-1.));
#2477=AXIS2_PLACEMENT_3D('',#2474,#2475,#2476);
#2478=PLANE('',#2477);
#2479=ORIENTED_EDGE('',*,*,#831,.T.);
#2480=CARTESIAN_POINT('',(4.5164375,9.2154375,13.605963112));
#2481=VERTEX_POINT('',#2480);
#2482=CARTESIAN_POINT('',(3.2464375,9.2154375,13.605963112));
#2483=DIRECTION('',(0.,-1.,0.));
#2484=DIRECTION('',(1.,0.,0.));
#2485=AXIS2_PLACEMENT_3D('',#2482,#2483,#2484);
#2486=ELLIPSE('',#2485,1.27,0.898025612);
#2487=EDGE_CURVE('',#818,#2481,#2486,.T.);
#2488=ORIENTED_EDGE('',*,*,#2487,.T.);
#2489=CARTESIAN_POINT('',(4.5164375,9.2154375,13.9779375));
#2490=VERTEX_POINT('',#2489);
#2491=CARTESIAN_POINT('',(4.5164375,9.2154375,13.9779375));
#2492=DIRECTION('',(-0.,-0.,-1.));
#2493=VECTOR('',#2492,0.371974388);
#2494=LINE('',#2491,#2493);
#2495=EDGE_CURVE('',#2490,#2481,#2494,.T.);
#2496=ORIENTED_EDGE('',*,*,#2495,.F.);
#2497=CARTESIAN_POINT('',(9.5964375,9.2154375,13.9779375));
#2498=DIRECTION('',(-1.,-0.,0.));
#2499=VECTOR('',#2498,5.08);
#2500=LINE('',#2497,#2499);
#2501=EDGE_CURVE('',#2441,#2490,#2500,.T.);
#2502=ORIENTED_EDGE('',*,*,#2501,.F.);
#2503=ORIENTED_EDGE('',*,*,#2446,.T.);
#2504=EDGE_LOOP('',(#2479,#2488,#2496,#2502,#2503));
#2505=FACE_BOUND('',#2504,.T.);
#2506=ADVANCED_FACE('',(#2505),#2478,.F.);
#2507=CARTESIAN_POINT('',(7.0564375,6.6754375,15.2479375));
#2508=DIRECTION('',(-0.707106781,-0.707106781,0.));
#2509=DIRECTION('',(0.707106781,-0.707106781,0.));
#2510=AXIS2_PLACEMENT_3D('',#2507,#2508,#2509);
#2511=PLANE('',#2510);
#2512=ORIENTED_EDGE('',*,*,#2495,.T.);
#2513=CARTESIAN_POINT('',(4.5164375,9.2154375,13.605963112));
#2514=DIRECTION('',(0.707106781,-0.707106781,-0.));
#2515=VECTOR('',#2514,7.184204897);
#2516=LINE('',#2513,#2515);
#2517=EDGE_CURVE('',#2481,#2457,#2516,.T.);
#2518=ORIENTED_EDGE('',*,*,#2517,.T.);
#2519=ORIENTED_EDGE('',*,*,#2462,.F.);
#2520=CARTESIAN_POINT('',(9.5964375,4.1354375,14.349911888));
#2521=VERTEX_POINT('',#2520);
#2522=CARTESIAN_POINT('',(9.5964375,4.1354375,14.349911888));
#2523=DIRECTION('',(-0.,-0.,-1.));
#2524=VECTOR('',#2523,0.371974388);
#2525=LINE('',#2522,#2524);
#2526=EDGE_CURVE('',#2521,#2449,#2525,.T.);
#2527=ORIENTED_EDGE('',*,*,#2526,.F.);
#2528=CARTESIAN_POINT('',(4.5164375,9.2154375,14.349911888));
#2529=VERTEX_POINT('',#2528);
#2530=CARTESIAN_POINT('',(9.5964375,4.1354375,14.349911888));
#2531=DIRECTION('',(-0.707106781,0.707106781,-0.));
#2532=VECTOR('',#2531,7.184204897);
#2533=LINE('',#2530,#2532);
#2534=EDGE_CURVE('',#2521,#2529,#2533,.T.);
#2535=ORIENTED_EDGE('',*,*,#2534,.T.);
#2536=CARTESIAN_POINT('',(4.5164375,9.2154375,14.349911888));
#2537=DIRECTION('',(-0.,-0.,-1.));
#2538=VECTOR('',#2537,0.371974388);
#2539=LINE('',#2536,#2538);
#2540=EDGE_CURVE('',#2529,#2490,#2539,.T.);
#2541=ORIENTED_EDGE('',*,*,#2540,.T.);
#2542=EDGE_LOOP('',(#2512,#2518,#2519,#2527,#2535,#2541));
#2543=FACE_BOUND('',#2542,.T.);
#2544=ADVANCED_FACE('',(#2543),#2511,.T.);
#2545=CARTESIAN_POINT('',(13.598509886,22.2964375,17.7879375));
#2546=DIRECTION('',(0.,-1.,0.));
#2547=DIRECTION('',(0.,0.,-1.));
#2548=AXIS2_PLACEMENT_3D('',#2545,#2546,#2547);
#2549=PLANE('',#2548);
#2550=CARTESIAN_POINT('',(16.330582272,22.2964375,15.2479375));
#2551=VERTEX_POINT('',#2550);
#2552=CARTESIAN_POINT('',(10.8664375,22.2964375,15.2479375));
#2553=VERTEX_POINT('',#2552);
#2554=CARTESIAN_POINT('',(16.330582272,22.2964375,15.2479375));
#2555=DIRECTION('',(-1.,-0.,0.));
#2556=VECTOR('',#2555,5.464144772);
#2557=LINE('',#2554,#2556);
#2558=EDGE_CURVE('',#2551,#2553,#2557,.T.);
#2559=ORIENTED_EDGE('',*,*,#2558,.F.);
#2560=CARTESIAN_POINT('',(16.330582272,22.2964375,14.349911888));
#2561=DIRECTION('',(-0.,1.,-0.));
#2562=DIRECTION('',(-1.,0.,0.));
#2563=AXIS2_PLACEMENT_3D('',#2560,#2561,#2562);
#2564=ELLIPSE('',#2563,1.27,0.898025612);
#2565=EDGE_CURVE('',#2551,#2244,#2564,.T.);
#2566=ORIENTED_EDGE('',*,*,#2565,.T.);
#2567=ORIENTED_EDGE('',*,*,#2249,.T.);
#2568=CARTESIAN_POINT('',(17.600582272,22.2964375,13.9779375));
#2569=DIRECTION('',(-1.,-0.,0.));
#2570=VECTOR('',#2569,8.004144772);
#2571=LINE('',#2568,#2570);
#2572=EDGE_CURVE('',#2236,#2157,#2571,.T.);
#2573=ORIENTED_EDGE('',*,*,#2572,.T.);
#2574=ORIENTED_EDGE('',*,*,#2207,.F.);
#2575=CARTESIAN_POINT('',(9.5964375,22.2964375,14.349911888));
#2576=CARTESIAN_POINT('',(9.5964375,22.2964375,15.2479375));
#2577=CARTESIAN_POINT('',(10.8664375,22.2964375,15.2479375));
#2578=(BOUNDED_CURVE()
B_SPLINE_CURVE(2,(#2575,#2576,#2577),.UNSPECIFIED.,.F.,.F.)
B_SPLINE_CURVE_WITH_KNOTS((3,3),(0.,90.),.UNSPECIFIED.)
CURVE()
GEOMETRIC_REPRESENTATION_ITEM()
RATIONAL_B_SPLINE_CURVE((1.,0.707106781,1.))
REPRESENTATION_ITEM(''));
#2579=EDGE_CURVE('',#2196,#2553,#2578,.T.);
#2580=ORIENTED_EDGE('',*,*,#2579,.T.);
#2581=EDGE_LOOP('',(#2559,#2566,#2567,#2573,#2574,#2580));
#2582=FACE_BOUND('',#2581,.T.);
#2583=ADVANCED_FACE('',(#2582),#2549,.F.);
#2584=CARTESIAN_POINT('',(4.5164375,13.2159375,17.7879375));
#2585=DIRECTION('',(1.,0.,0.));
#2586=DIRECTION('',(0.,1.,0.));
#2587=AXIS2_PLACEMENT_3D('',#2584,#2585,#2586);
#2588=PLANE('',#2587);
#2589=CARTESIAN_POINT('',(4.5164375,15.9464375,15.2479375));
#2590=VERTEX_POINT('',#2589);
#2591=CARTESIAN_POINT('',(4.5164375,10.4854375,15.2479375));
#2592=VERTEX_POINT('',#2591);
#2593=CARTESIAN_POINT('',(4.5164375,15.9464375,15.2479375));
#2594=DIRECTION('',(-0.,-1.,-0.));
#2595=VECTOR('',#2594,5.461);
#2596=LINE('',#2593,#2595);
#2597=EDGE_CURVE('',#2590,#2592,#2596,.T.);
#2598=ORIENTED_EDGE('',*,*,#2597,.F.);
#2599=CARTESIAN_POINT('',(4.5164375,15.9464375,15.2479375));
#2600=CARTESIAN_POINT('',(4.5164375,17.2164375,15.2479375));
#2601=CARTESIAN_POINT('',(4.5164375,17.2164375,14.349911888));
#2602=(BOUNDED_CURVE()
B_SPLINE_CURVE(2,(#2599,#2600,#2601),.UNSPECIFIED.,.F.,.F.)
B_SPLINE_CURVE_WITH_KNOTS((3,3),(90.,180.),.UNSPECIFIED.)
CURVE()
GEOMETRIC_REPRESENTATION_ITEM()
RATIONAL_B_SPLINE_CURVE((1.,0.707106781,1.))
REPRESENTATION_ITEM(''));
#2603=EDGE_CURVE('',#2590,#2188,#2602,.T.);
#2604=ORIENTED_EDGE('',*,*,#2603,.T.);
#2605=ORIENTED_EDGE('',*,*,#2193,.T.);
#2606=CARTESIAN_POINT('',(4.5164375,17.2164375,13.9779375));
#2607=DIRECTION('',(-0.,-1.,-0.));
#2608=VECTOR('',#2607,8.001);
#2609=LINE('',#2606,#2608);
#2610=EDGE_CURVE('',#2116,#2490,#2609,.T.);
#2611=ORIENTED_EDGE('',*,*,#2610,.T.);
#2612=ORIENTED_EDGE('',*,*,#2540,.F.);
#2613=CARTESIAN_POINT('',(4.5164375,9.2154375,14.349911888));
#2614=CARTESIAN_POINT('',(4.5164375,9.2154375,15.2479375));
#2615=CARTESIAN_POINT('',(4.5164375,10.4854375,15.2479375));
#2616=(BOUNDED_CURVE()
B_SPLINE_CURVE(2,(#2613,#2614,#2615),.UNSPECIFIED.,.F.,.F.)
B_SPLINE_CURVE_WITH_KNOTS((3,3),(0.,90.),.UNSPECIFIED.)
CURVE()
GEOMETRIC_REPRESENTATION_ITEM()
RATIONAL_B_SPLINE_CURVE((1.,0.707106781,1.))
REPRESENTATION_ITEM(''));
#2617=EDGE_CURVE('',#2529,#2592,#2616,.T.);
#2618=ORIENTED_EDGE('',*,*,#2617,.T.);
#2619=EDGE_LOOP('',(#2598,#2604,#2605,#2611,#2612,#2618));
#2620=FACE_BOUND('',#2619,.T.);
#2621=ADVANCED_FACE('',(#2620),#2588,.F.);
#2622=CARTESIAN_POINT('',(13.59593916,4.135437696,17.7879375));
#2623=DIRECTION('',(-0.000000049,1.,0.));
#2624=DIRECTION('',(-1.,-0.000000049,0.));
#2625=AXIS2_PLACEMENT_3D('',#2622,#2623,#2624);
#2626=PLANE('',#2625);
#2627=CARTESIAN_POINT('',(10.866437438,4.135437562,15.2479375));
#2628=VERTEX_POINT('',#2627);
#2629=CARTESIAN_POINT('',(16.324941158,4.135437696,15.2479375));
#2630=VERTEX_POINT('',#2629);
#2631=CARTESIAN_POINT('',(10.866437438,4.135437562,15.2479375));
#2632=DIRECTION('',(1.,0.,-0.));
#2633=VECTOR('',#2632,5.45850372);
#2634=LINE('',#2631,#2633);
#2635=EDGE_CURVE('',#2628,#2630,#2634,.T.);
#2636=ORIENTED_EDGE('',*,*,#2635,.F.);
#2637=CARTESIAN_POINT('',(10.866437438,4.135437562,15.2479375));
#2638=CARTESIAN_POINT('',(9.5964375,4.1354375,15.2479375));
#2639=CARTESIAN_POINT('',(9.5964375,4.1354375,14.349911888));
#2640=(BOUNDED_CURVE()
B_SPLINE_CURVE(2,(#2637,#2638,#2639),.UNSPECIFIED.,.F.,.F.)
B_SPLINE_CURVE_WITH_KNOTS((3,3),(90.,180.),.UNSPECIFIED.)
CURVE()
GEOMETRIC_REPRESENTATION_ITEM()
RATIONAL_B_SPLINE_CURVE((1.,0.707106781,1.))
REPRESENTATION_ITEM(''));
#2641=EDGE_CURVE('',#2628,#2521,#2640,.T.);
#2642=ORIENTED_EDGE('',*,*,#2641,.T.);
#2643=ORIENTED_EDGE('',*,*,#2526,.T.);
#2644=CARTESIAN_POINT('',(9.5964375,4.1354375,13.9779375));
#2645=DIRECTION('',(1.,0.000000049,-0.));
#2646=VECTOR('',#2645,7.999003319);
#2647=LINE('',#2644,#2646);
#2648=EDGE_CURVE('',#2449,#2379,#2647,.T.);
#2649=ORIENTED_EDGE('',*,*,#2648,.T.);
#2650=ORIENTED_EDGE('',*,*,#2429,.F.);
#2651=CARTESIAN_POINT('',(17.595440819,4.135437892,14.349911888));
#2652=CARTESIAN_POINT('',(17.595440819,4.135437892,15.2479375));
#2653=CARTESIAN_POINT('',(16.324941292,4.13543783,15.2479375));
#2654=(BOUNDED_CURVE()
B_SPLINE_CURVE(2,(#2651,#2652,#2653),.UNSPECIFIED.,.F.,.F.)
B_SPLINE_CURVE_WITH_KNOTS((3,3),(0.,90.),.UNSPECIFIED.)
CURVE()
GEOMETRIC_REPRESENTATION_ITEM()
RATIONAL_B_SPLINE_CURVE((1.,0.707106781,1.))
REPRESENTATION_ITEM(''));
#2655=EDGE_CURVE('',#2418,#2630,#2654,.T.);
#2656=ORIENTED_EDGE('',*,*,#2655,.T.);
#2657=EDGE_LOOP('',(#2636,#2642,#2643,#2649,#2650,#2656));
#2658=FACE_BOUND('',#2657,.T.);
#2659=ADVANCED_FACE('',(#2658),#2626,.F.);
#2660=CARTESIAN_POINT('',(22.67900969,13.21493916,17.7879375));
#2661=DIRECTION('',(-0.999999923,0.000392998,0.));
#2662=DIRECTION('',(-0.000392998,-0.999999923,0.));
#2663=AXIS2_PLACEMENT_3D('',#2660,#2661,#2662);
#2664=PLANE('',#2663);
#2665=ORIENTED_EDGE('',*,*,#2263,.F.);
#2666=CARTESIAN_POINT('',(22.68008336,15.946936412,15.2479375));
#2667=VERTEX_POINT('',#2666);
#2668=CARTESIAN_POINT('',(22.68008336,15.946936412,14.349911888));
#2669=DIRECTION('',(0.999999923,-0.000392998,-0.));
#2670=DIRECTION('',(0.000392998,0.999999923,0.));
#2671=AXIS2_PLACEMENT_3D('',#2668,#2669,#2670);
#2672=ELLIPSE('',#2671,1.269501187,0.898025612);
#2673=EDGE_CURVE('',#2252,#2667,#2672,.T.);
#2674=ORIENTED_EDGE('',*,*,#2673,.T.);
#2675=CARTESIAN_POINT('',(22.677936216,10.483440659,15.2479375));
#2676=VERTEX_POINT('',#2675);
#2677=CARTESIAN_POINT('',(22.677936216,10.483440659,15.2479375));
#2678=DIRECTION('',(0.000392998,0.999999923,0.));
#2679=VECTOR('',#2678,5.463496175);
#2680=LINE('',#2677,#2679);
#2681=EDGE_CURVE('',#2676,#2667,#2680,.T.);
#2682=ORIENTED_EDGE('',*,*,#2681,.F.);
#2683=CARTESIAN_POINT('',(22.677936216,10.483440659,15.2479375));
#2684=CARTESIAN_POINT('',(22.677437109,9.213440819,15.2479375));
#2685=CARTESIAN_POINT('',(22.677437109,9.213440819,14.349911888));
#2686=(BOUNDED_CURVE()
B_SPLINE_CURVE(2,(#2683,#2684,#2685),.UNSPECIFIED.,.F.,.F.)
B_SPLINE_CURVE_WITH_KNOTS((3,3),(90.,180.),.UNSPECIFIED.)
CURVE()
GEOMETRIC_REPRESENTATION_ITEM()
RATIONAL_B_SPLINE_CURVE((1.,0.707106781,1.))
REPRESENTATION_ITEM(''));
#2687=EDGE_CURVE('',#2676,#2410,#2686,.T.);
#2688=ORIENTED_EDGE('',*,*,#2687,.T.);
#2689=ORIENTED_EDGE('',*,*,#2415,.T.);
#2690=CARTESIAN_POINT('',(22.677437109,9.21344082,13.9779375));
#2691=DIRECTION('',(0.000392998,0.999999923,-0.));
#2692=VECTOR('',#2691,8.002997298);
#2693=LINE('',#2690,#2692);
#2694=EDGE_CURVE('',#2338,#2218,#2693,.T.);
#2695=ORIENTED_EDGE('',*,*,#2694,.T.);
#2696=EDGE_LOOP('',(#2665,#2674,#2682,#2688,#2689,#2695));
#2697=FACE_BOUND('',#2696,.T.);
#2698=ADVANCED_FACE('',(#2697),#2664,.F.);
#2699=CARTESIAN_POINT('',(-0.1984375,1.7859375,15.2479375));
#2700=DIRECTION('',(0.,0.,1.));
#2701=DIRECTION('',(1.,0.,0.));
#2702=AXIS2_PLACEMENT_3D('',#2699,#2700,#2701);
#2703=PLANE('',#2702);
#2704=ORIENTED_EDGE('',*,*,#2681,.T.);
#2705=CARTESIAN_POINT('',(22.68008336,15.946936412,15.2479375));
#2706=DIRECTION('',(-0.707106781,0.707106781,0.));
#2707=VECTOR('',#2706,8.979550553);
#2708=LINE('',#2705,#2707);
#2709=EDGE_CURVE('',#2667,#2551,#2708,.T.);
#2710=ORIENTED_EDGE('',*,*,#2709,.T.);
#2711=ORIENTED_EDGE('',*,*,#2558,.T.);
#2712=CARTESIAN_POINT('',(10.8664375,22.2964375,15.2479375));
#2713=DIRECTION('',(-0.707106781,-0.707106781,0.));
#2714=VECTOR('',#2713,8.980256121);
#2715=LINE('',#2712,#2714);
#2716=EDGE_CURVE('',#2553,#2590,#2715,.T.);
#2717=ORIENTED_EDGE('',*,*,#2716,.T.);
#2718=ORIENTED_EDGE('',*,*,#2597,.T.);
#2719=CARTESIAN_POINT('',(4.5164375,10.4854375,15.2479375));
#2720=DIRECTION('',(0.707106781,-0.707106781,0.));
#2721=VECTOR('',#2720,8.980256033);
#2722=LINE('',#2719,#2721);
#2723=EDGE_CURVE('',#2592,#2628,#2722,.T.);
#2724=ORIENTED_EDGE('',*,*,#2723,.T.);
#2725=ORIENTED_EDGE('',*,*,#2635,.T.);
#2726=CARTESIAN_POINT('',(16.324941158,4.135437696,15.2479375));
#2727=DIRECTION('',(0.707384653,0.7068288,0.));
#2728=VECTOR('',#2727,8.980962522);
#2729=LINE('',#2726,#2728);
#2730=EDGE_CURVE('',#2630,#2676,#2729,.T.);
#2731=ORIENTED_EDGE('',*,*,#2730,.T.);
#2732=EDGE_LOOP('',(#2704,#2710,#2711,#2717,#2718,#2724,#2725,#2731));
#2733=FACE_BOUND('',#2732,.T.);
#2734=ADVANCED_FACE('',(#2733),#2703,.T.);
#2735=CARTESIAN_POINT('',(-0.1984375,1.7859375,13.9779375));
#2736=DIRECTION('',(0.,0.,1.));
#2737=DIRECTION('',(1.,0.,0.));
#2738=AXIS2_PLACEMENT_3D('',#2735,#2736,#2737);
#2739=PLANE('',#2738);
#2740=ORIENTED_EDGE('',*,*,#2121,.F.);
#2741=ORIENTED_EDGE('',*,*,#2168,.T.);
#2742=ORIENTED_EDGE('',*,*,#2572,.F.);
#2743=ORIENTED_EDGE('',*,*,#2286,.F.);
#2744=ORIENTED_EDGE('',*,*,#2317,.T.);
#2745=ORIENTED_EDGE('',*,*,#2694,.F.);
#2746=ORIENTED_EDGE('',*,*,#2343,.F.);
#2747=ORIENTED_EDGE('',*,*,#2390,.T.);
#2748=ORIENTED_EDGE('',*,*,#2648,.F.);
#2749=ORIENTED_EDGE('',*,*,#2454,.F.);
#2750=ORIENTED_EDGE('',*,*,#2501,.T.);
#2751=ORIENTED_EDGE('',*,*,#2610,.F.);
#2752=EDGE_LOOP('',(#2740,#2741,#2742,#2743,#2744,#2745,#2746,#2747,#2748,#2749,#2750,#2751));
#2753=FACE_BOUND('',#2752,.T.);
#2754=ADVANCED_FACE('',(#2753),#2739,.F.);
#2755=CARTESIAN_POINT('',(6.882007624,-5.300075714,14.349911888));
#2756=DIRECTION('',(0.707384653,0.7068288,0.));
#2757=DIRECTION('',(-0.7068288,0.707384653,0.));
#2758=AXIS2_PLACEMENT_3D('',#2755,#2756,#2757);
#2759=CYLINDRICAL_SURFACE('',#2758,0.898025612);
#2760=ORIENTED_EDGE('',*,*,#2655,.F.);
#2761=ORIENTED_EDGE('',*,*,#2423,.F.);
#2762=ORIENTED_EDGE('',*,*,#2687,.F.);
#2763=ORIENTED_EDGE('',*,*,#2730,.F.);
#2764=EDGE_LOOP('',(#2760,#2761,#2762,#2763));
#2765=FACE_BOUND('',#2764,.T.);
#2766=ADVANCED_FACE('',(#2765),#2759,.T.);
#2767=CARTESIAN_POINT('',(6.50875,8.493125,14.349911888));
#2768=DIRECTION('',(0.707106781,-0.707106781,0.));
#2769=DIRECTION('',(0.707106781,0.707106781,0.));
#2770=AXIS2_PLACEMENT_3D('',#2767,#2768,#2769);
#2771=CYLINDRICAL_SURFACE('',#2770,0.898025612);
#2772=ORIENTED_EDGE('',*,*,#2617,.F.);
#2773=ORIENTED_EDGE('',*,*,#2534,.F.);
#2774=ORIENTED_EDGE('',*,*,#2641,.F.);
#2775=ORIENTED_EDGE('',*,*,#2723,.F.);
#2776=EDGE_LOOP('',(#2772,#2773,#2774,#2775));
#2777=FACE_BOUND('',#2776,.T.);
#2778=ADVANCED_FACE('',(#2777),#2771,.T.);
#2779=CARTESIAN_POINT('',(-4.92125,6.50875,14.349911888));
#2780=DIRECTION('',(-0.707106781,-0.707106781,0.));
#2781=DIRECTION('',(0.707106781,-0.707106781,0.));
#2782=AXIS2_PLACEMENT_3D('',#2779,#2780,#2781);
#2783=CYLINDRICAL_SURFACE('',#2782,0.898025612);
#2784=ORIENTED_EDGE('',*,*,#2579,.F.);
#2785=ORIENTED_EDGE('',*,*,#2201,.F.);
#2786=ORIENTED_EDGE('',*,*,#2603,.F.);
#2787=ORIENTED_EDGE('',*,*,#2716,.F.);
#2788=EDGE_LOOP('',(#2784,#2785,#2786,#2787));
#2789=FACE_BOUND('',#2788,.T.);
#2790=ADVANCED_FACE('',(#2789),#2783,.T.);
#2791=CARTESIAN_POINT('',(18.321322386,20.305697386,14.349911888));
#2792=DIRECTION('',(-0.707106781,0.707106781,0.));
#2793=DIRECTION('',(-0.707106781,-0.707106781,0.));
#2794=AXIS2_PLACEMENT_3D('',#2791,#2792,#2793);
#2795=CYLINDRICAL_SURFACE('',#2794,0.898025612);
#2796=ORIENTED_EDGE('',*,*,#2673,.F.);
#2797=ORIENTED_EDGE('',*,*,#2257,.F.);
#2798=ORIENTED_EDGE('',*,*,#2565,.F.);
#2799=ORIENTED_EDGE('',*,*,#2709,.F.);
#2800=EDGE_LOOP('',(#2796,#2797,#2798,#2799));
#2801=FACE_BOUND('',#2800,.T.);
#2802=ADVANCED_FACE('',(#2801),#2795,.T.);
#2803=CARTESIAN_POINT('',(9.144475808,-5.578387592,13.605963112));
#2804=DIRECTION('',(0.707384653,0.7068288,0.));
#2805=DIRECTION('',(-0.7068288,0.707384653,0.));
#2806=AXIS2_PLACEMENT_3D('',#2803,#2804,#2805);
#2807=CYLINDRICAL_SURFACE('',#2806,0.898025612);
#2808=ORIENTED_EDGE('',*,*,#2358,.F.);
#2809=ORIENTED_EDGE('',*,*,#2406,.F.);
#2810=ORIENTED_EDGE('',*,*,#2376,.F.);
#2811=ORIENTED_EDGE('',*,*,#915,.F.);
#2812=EDGE_LOOP('',(#2808,#2809,#2810,#2811));
#2813=FACE_BOUND('',#2812,.T.);
#2814=ADVANCED_FACE('',(#2813),#2807,.F.);
#2815=CARTESIAN_POINT('',(20.583509886,20.583509886,13.605963112));
#2816=DIRECTION('',(-0.707106781,0.707106781,0.));
#2817=DIRECTION('',(-0.707106781,-0.707106781,0.));
#2818=AXIS2_PLACEMENT_3D('',#2815,#2816,#2817);
#2819=CYLINDRICAL_SURFACE('',#2818,0.898025612);
#2820=ORIENTED_EDGE('',*,*,#2294,.F.);
#2821=ORIENTED_EDGE('',*,*,#2233,.F.);
#2822=ORIENTED_EDGE('',*,*,#2310,.F.);
#2823=ORIENTED_EDGE('',*,*,#885,.F.);
#2824=EDGE_LOOP('',(#2820,#2821,#2822,#2823));
#2825=FACE_BOUND('',#2824,.T.);
#2826=ADVANCED_FACE('',(#2825),#2819,.F.);
#2827=CARTESIAN_POINT('',(-5.1990625,8.7709375,13.605963112));
#2828=DIRECTION('',(-0.707106781,-0.707106781,0.));
#2829=DIRECTION('',(0.707106781,-0.707106781,0.));
#2830=AXIS2_PLACEMENT_3D('',#2827,#2828,#2829);
#2831=CYLINDRICAL_SURFACE('',#2830,0.898025612);
#2832=ORIENTED_EDGE('',*,*,#2136,.F.);
#2833=ORIENTED_EDGE('',*,*,#2184,.F.);
#2834=ORIENTED_EDGE('',*,*,#2154,.F.);
#2835=ORIENTED_EDGE('',*,*,#855,.F.);
#2836=EDGE_LOOP('',(#2832,#2833,#2834,#2835));
#2837=FACE_BOUND('',#2836,.T.);
#2838=ADVANCED_FACE('',(#2837),#2831,.F.);
#2839=CARTESIAN_POINT('',(6.2309375,6.2309375,13.605963112));
#2840=DIRECTION('',(0.707106781,-0.707106781,0.));
#2841=DIRECTION('',(0.707106781,0.707106781,0.));
#2842=AXIS2_PLACEMENT_3D('',#2839,#2840,#2841);
#2843=CYLINDRICAL_SURFACE('',#2842,0.898025612);
#2844=ORIENTED_EDGE('',*,*,#2469,.F.);
#2845=ORIENTED_EDGE('',*,*,#2517,.F.);
#2846=ORIENTED_EDGE('',*,*,#2487,.F.);
#2847=ORIENTED_EDGE('',*,*,#823,.F.);
#2848=EDGE_LOOP('',(#2844,#2845,#2846,#2847));
#2849=FACE_BOUND('',#2848,.T.);
#2850=ADVANCED_FACE('',(#2849),#2843,.F.);
#2851=CARTESIAN_POINT('',(24.6459375,22.1059375,12.1999375));
#2852=DIRECTION('',(0.,0.,1.));
#2853=DIRECTION('',(1.,0.,-0.));
#2854=AXIS2_PLACEMENT_3D('',#2851,#2852,#2853);
#2855=CYLINDRICAL_SURFACE('',#2854,2.0955);
#2856=CARTESIAN_POINT('',(26.7414375,22.1059375,12.1999375));
#2857=VERTEX_POINT('',#2856);
#2858=CARTESIAN_POINT('',(26.7414375,22.1059375,12.7079375));
#2859=DIRECTION('',(-0.,-0.,-1.));
#2860=VECTOR('',#2859,0.508);
#2861=LINE('',#2858,#2860);
#2862=EDGE_CURVE('',#780,#2857,#2861,.T.);
#2863=ORIENTED_EDGE('',*,*,#2862,.F.);
#2864=ORIENTED_EDGE('',*,*,#786,.T.);
#2865=ORIENTED_EDGE('',*,*,#2862,.T.);
#2866=CARTESIAN_POINT('',(24.6459375,22.1059375,12.1999375));
#2867=DIRECTION('',(0.,0.,1.));
#2868=DIRECTION('',(1.,0.,-0.));
#2869=AXIS2_PLACEMENT_3D('',#2866,#2867,#2868);
#2870=CIRCLE('',#2869,2.0955);
#2871=EDGE_CURVE('',#2857,#2857,#2870,.T.);
#2872=ORIENTED_EDGE('',*,*,#2871,.F.);
#2873=EDGE_LOOP('',(#2863,#2864,#2865,#2872));
#2874=FACE_BOUND('',#2873,.T.);
#2875=ADVANCED_FACE('',(#2874),#2855,.F.);
#2876=CARTESIAN_POINT('',(0.,0.,12.1999375));
#2877=DIRECTION('',(0.,0.,1.));
#2878=DIRECTION('',(1.,0.,0.));
#2879=AXIS2_PLACEMENT_3D('',#2876,#2877,#2878);
#2880=PLANE('',#2879);
#2881=ORIENTED_EDGE('',*,*,#750,.F.);
#2882=EDGE_LOOP('',(#2881));
#2883=FACE_BOUND('',#2882,.T.);
#2884=ORIENTED_EDGE('',*,*,#2871,.T.);
#2885=EDGE_LOOP('',(#2884));
#2886=FACE_BOUND('',#2885,.T.);
#2887=ADVANCED_FACE('',(#2883,#2886),#2880,.T.);
#2888=CARTESIAN_POINT('',(24.6459375,4.3259375,12.1999375));
#2889=DIRECTION('',(0.,0.,1.));
#2890=DIRECTION('',(1.,0.,-0.));
#2891=AXIS2_PLACEMENT_3D('',#2888,#2889,#2890);
#2892=CYLINDRICAL_SURFACE('',#2891,2.0955);
#2893=CARTESIAN_POINT('',(26.7414375,4.3259375,12.1999375));
#2894=VERTEX_POINT('',#2893);
#2895=CARTESIAN_POINT('',(26.7414375,4.3259375,12.7079375));
#2896=DIRECTION('',(-0.,-0.,-1.));
#2897=VECTOR('',#2896,0.508);
#2898=LINE('',#2895,#2897);
#2899=EDGE_CURVE('',#769,#2894,#2898,.T.);
#2900=ORIENTED_EDGE('',*,*,#2899,.F.);
#2901=ORIENTED_EDGE('',*,*,#775,.T.);
#2902=ORIENTED_EDGE('',*,*,#2899,.T.);
#2903=CARTESIAN_POINT('',(24.6459375,4.3259375,12.1999375));
#2904=DIRECTION('',(0.,0.,1.));
#2905=DIRECTION('',(1.,0.,-0.));
#2906=AXIS2_PLACEMENT_3D('',#2903,#2904,#2905);
#2907=CIRCLE('',#2906,2.0955);
#2908=EDGE_CURVE('',#2894,#2894,#2907,.T.);
#2909=ORIENTED_EDGE('',*,*,#2908,.F.);
#2910=EDGE_LOOP('',(#2900,#2901,#2902,#2909));
#2911=FACE_BOUND('',#2910,.T.);
#2912=ADVANCED_FACE('',(#2911),#2892,.F.);
#2913=CARTESIAN_POINT('',(0.,0.,12.1999375));
#2914=DIRECTION('',(0.,0.,1.));
#2915=DIRECTION('',(1.,0.,0.));
#2916=AXIS2_PLACEMENT_3D('',#2913,#2914,#2915);
#2917=PLANE('',#2916);
#2918=ORIENTED_EDGE('',*,*,#717,.F.);
#2919=EDGE_LOOP('',(#2918));
#2920=FACE_BOUND('',#2919,.T.);
#2921=ORIENTED_EDGE('',*,*,#2908,.T.);
#2922=EDGE_LOOP('',(#2921));
#2923=FACE_BOUND('',#2922,.T.);
#2924=ADVANCED_FACE('',(#2920,#2923),#2917,.T.);
#2925=CARTESIAN_POINT('',(24.6459375,4.3259375,0.5159375));
#2926=DIRECTION('',(0.,0.,-1.));
#2927=DIRECTION('',(-1.,0.,0.));
#2928=AXIS2_PLACEMENT_3D('',#2925,#2926,#2927);
#2929=CYLINDRICAL_SURFACE('',#2928,2.0955);
#2930=CARTESIAN_POINT('',(22.5504375,4.3259375,0.007441406));
#2931=VERTEX_POINT('',#2930);
#2932=CARTESIAN_POINT('',(24.6459375,4.3259375,0.007441406));
#2933=DIRECTION('',(0.,0.,-1.));
#2934=DIRECTION('',(-1.,0.,0.));
#2935=AXIS2_PLACEMENT_3D('',#2932,#2933,#2934);
#2936=CIRCLE('',#2935,2.0955);
#2937=EDGE_CURVE('',#2931,#2931,#2936,.T.);
#2938=ORIENTED_EDGE('',*,*,#2937,.F.);
#2939=EDGE_LOOP('',(#2938));
#2940=FACE_BOUND('',#2939,.T.);
#2941=ORIENTED_EDGE('',*,*,#422,.T.);
#2942=EDGE_LOOP('',(#2941));
#2943=FACE_BOUND('',#2942,.T.);
#2944=ADVANCED_FACE('',(#2940,#2943),#2929,.T.);
#2945=CARTESIAN_POINT('',(0.,0.,0.007441406));
#2946=DIRECTION('',(0.,0.,-1.));
#2947=DIRECTION('',(0.,1.,0.));
#2948=AXIS2_PLACEMENT_3D('',#2945,#2946,#2947);
#2949=PLANE('',#2948);
#2950=ORIENTED_EDGE('',*,*,#685,.F.);
#2951=ORIENTED_EDGE('',*,*,#692,.F.);
#2952=EDGE_LOOP('',(#2950,#2951));
#2953=FACE_BOUND('',#2952,.T.);
#2954=ORIENTED_EDGE('',*,*,#2937,.T.);
#2955=EDGE_LOOP('',(#2954));
#2956=FACE_BOUND('',#2955,.T.);
#2957=ADVANCED_FACE('',(#2953,#2956),#2949,.T.);
#2958=CARTESIAN_POINT('',(7.2469375,1.7859375,4.446326749));
#2959=DIRECTION('',(1.,0.,0.));
#2960=DIRECTION('',(0.,0.,-1.));
#2961=AXIS2_PLACEMENT_3D('',#2958,#2959,#2960);
#2962=PLANE('',#2961);
#2963=ORIENTED_EDGE('',*,*,#1090,.F.);
#2964=CARTESIAN_POINT('',(7.2469375,1.7859375,5.509713112));
#2965=DIRECTION('',(0.,1.,0.));
#2966=VECTOR('',#2965,2.061987408);
#2967=LINE('',#2964,#2966);
#2968=EDGE_CURVE('',#1077,#1989,#2967,.T.);
#2969=ORIENTED_EDGE('',*,*,#2968,.T.);
#2970=ORIENTED_EDGE('',*,*,#1995,.T.);
#2971=ORIENTED_EDGE('',*,*,#1295,.F.);
#2972=EDGE_LOOP('',(#2963,#2969,#2970,#2971));
#2973=FACE_BOUND('',#2972,.T.);
#2974=ADVANCED_FACE('',(#2973),#2962,.F.);
#2975=CARTESIAN_POINT('',(8.1359375,1.7859375,5.509713112));
#2976=DIRECTION('',(0.,0.,-1.));
#2977=DIRECTION('',(-1.,0.,0.));
#2978=AXIS2_PLACEMENT_3D('',#2975,#2976,#2977);
#2979=PLANE('',#2978);
#2980=ORIENTED_EDGE('',*,*,#2003,.T.);
#2981=ORIENTED_EDGE('',*,*,#2968,.F.);
#2982=ORIENTED_EDGE('',*,*,#1082,.F.);
#2983=ORIENTED_EDGE('',*,*,#2081,.T.);
#2984=EDGE_LOOP('',(#2980,#2981,#2982,#2983));
#2985=FACE_BOUND('',#2984,.T.);
#2986=ADVANCED_FACE('',(#2985),#2979,.F.);
#2987=CARTESIAN_POINT('',(24.6459375,4.3259375,1.2779375));
#2988=DIRECTION('',(0.,0.,1.));
#2989=DIRECTION('',(1.,0.,-0.));
#2990=AXIS2_PLACEMENT_3D('',#2987,#2988,#2989);
#2991=CYLINDRICAL_SURFACE('',#2990,2.0955);
#2992=CARTESIAN_POINT('',(26.7414375,4.3259375,1.786433594));
#2993=VERTEX_POINT('',#2992);
#2994=CARTESIAN_POINT('',(24.6459375,4.3259375,1.786433594));
#2995=DIRECTION('',(0.,0.,1.));
#2996=DIRECTION('',(1.,0.,-0.));
#2997=AXIS2_PLACEMENT_3D('',#2994,#2995,#2996);
#2998=CIRCLE('',#2997,2.0955);
#2999=EDGE_CURVE('',#2993,#2993,#2998,.T.);
#3000=ORIENTED_EDGE('',*,*,#2999,.F.);
#3001=EDGE_LOOP('',(#3000));
#3002=FACE_BOUND('',#3001,.T.);
#3003=ORIENTED_EDGE('',*,*,#1137,.T.);
#3004=EDGE_LOOP('',(#3003));
#3005=FACE_BOUND('',#3004,.T.);
#3006=ADVANCED_FACE('',(#3002,#3005),#2991,.T.);
#3007=CARTESIAN_POINT('',(0.,0.,1.786433594));
#3008=DIRECTION('',(0.,0.,1.));
#3009=DIRECTION('',(0.,1.,0.));
#3010=AXIS2_PLACEMENT_3D('',#3007,#3008,#3009);
#3011=PLANE('',#3010);
#3012=ORIENTED_EDGE('',*,*,#2999,.T.);
#3013=EDGE_LOOP('',(#3012));
#3014=FACE_BOUND('',#3013,.T.);
#3015=ORIENTED_EDGE('',*,*,#675,.T.);
#3016=EDGE_LOOP('',(#3015));
#3017=FACE_BOUND('',#3016,.T.);
#3018=ADVANCED_FACE('',(#3014,#3017),#3011,.T.);
#3019=CARTESIAN_POINT('',(22.1059375,19.58578125,0.9540875));
#3020=DIRECTION('',(0.,-1.,0.));
#3021=DIRECTION('',(0.,0.,-1.));
#3022=AXIS2_PLACEMENT_3D('',#3019,#3020,#3021);
#3023=PLANE('',#3022);
#3024=ORIENTED_EDGE('',*,*,#548,.T.);
#3025=ORIENTED_EDGE('',*,*,#433,.F.);
#3026=ORIENTED_EDGE('',*,*,#399,.F.);
#3027=ORIENTED_EDGE('',*,*,#1126,.T.);
#3028=EDGE_LOOP('',(#3024,#3025,#3026,#3027));
#3029=FACE_BOUND('',#3028,.T.);
#3030=ADVANCED_FACE('',(#3029),#3023,.F.);
#3031=CLOSED_SHELL('',(#262,#295,#319,#343,#360,#409,#467,#574,#614,#654,#696,#729,#762,#937,#999,#1030,#1060,#1111,#1141,#1168,#1202,#1238,#1265,#1282,#1313,#1346,
#1379,#1506,#1539,#1666,#1708,#1845,#1982,#2015,#2037,#2054,#2071,#2088,#2100,#2140,#2173,#2211,#2267,#2298,#2322,#2362,#2395,#2433,#2473,#2506,#2544,
#2583,#2621,#2659,#2698,#2734,#2754,#2766,#2778,#2790,#2802,#2814,#2826,#2838,#2850,#2875,#2887,#2912,#2924,#2944,#2957,#2974,#2986,#3006,#3018,#3030));
#3032=MANIFOLD_SOLID_BREP('Body 01',#3031);
#3033=DRAUGHTING_PRE_DEFINED_COLOUR('white');
#3034=FILL_AREA_STYLE_COLOUR('',#3033);
#3035=FILL_AREA_STYLE('',(#3034));
#3036=SURFACE_STYLE_FILL_AREA(#3035);
#3037=SURFACE_SIDE_STYLE('',(#3036));
#3038=SURFACE_STYLE_USAGE(.BOTH.,#3037);
#3039=PRESENTATION_STYLE_ASSIGNMENT((#3038));
#222=STYLED_ITEM('',(#3039),#3032);
#203=SHAPE_REPRESENTATION('knowco2-version1-sensor (Imported)',(#15),#201);
#204=ADVANCED_BREP_SHAPE_REPRESENTATION('knowco2-version1-sensor (Imported)',(#3032),#201);
#3047=SHAPE_REPRESENTATION_RELATIONSHIP('','',#203,#204);
#3048=CARTESIAN_POINT('',(0.,0.,0.));
#3049=DIRECTION('',(0.,0.,1.));
#3050=DIRECTION('',(1.,0.,0.));
#3051=AXIS2_PLACEMENT_3D('',#3048,#3049,#3050);
#3053=MAPPED_ITEM('',#3052,#3051);
#3052=REPRESENTATION_MAP(#3051,#203);
#3054=APPLICATION_CONTEXT('Managed model based 3d engineering');
#3055=APPLICATION_PROTOCOL_DEFINITION('international standard','ap242_managed_model_based_3d_engineering',2014,#3054);
#3056=PRODUCT_CONTEXT('',#3054,'mechanical');
#3057=PRODUCT_DEFINITION_CONTEXT('part definition',#3054,'design');
#211=PRODUCT('knowco2-version1-sensor (Imported)','knowco2-version1-sensor (Imported)','',(#3056));
#3058=PRODUCT_RELATED_PRODUCT_CATEGORY('part','',(#211));
#3059=PRODUCT_DEFINITION_FORMATION_WITH_SPECIFIED_SOURCE('','',#211,.NOT_KNOWN.);
#212=PRODUCT_DEFINITION('design','',#3059,#3057);
#210=PRODUCT_DEFINITION_SHAPE('','',#212);
#3060=SHAPE_DEFINITION_REPRESENTATION(#210,#203);
#202=DRAUGHTING_MODEL('',(#3053),#201);
#175=SHAPE_REPRESENTATION('knowco2-version2-sensor (Imported)',(#15,#216),#173);
#3061=CARTESIAN_POINT('',(0.,0.,0.));
#3062=DIRECTION('',(0.,0.,1.));
#3063=DIRECTION('',(1.,0.,0.));
#3064=AXIS2_PLACEMENT_3D('',#3061,#3062,#3063);
#3066=MAPPED_ITEM('',#3065,#3064);
#3065=REPRESENTATION_MAP(#3064,#175);
#183=PRODUCT('knowco2-version2-sensor (Imported)','knowco2-version2-sensor (Imported)','',(#3056));
#3067=PRODUCT_RELATED_PRODUCT_CATEGORY('part','',(#183));
#3068=PRODUCT_DEFINITION_FORMATION_WITH_SPECIFIED_SOURCE('','',#183,.NOT_KNOWN.);
#184=PRODUCT_DEFINITION('design','',#3068,#3057);
#182=PRODUCT_DEFINITION_SHAPE('','',#184);
#3069=SHAPE_DEFINITION_REPRESENTATION(#182,#175);
#174=DRAUGHTING_MODEL('',(#3066),#173);
#147=SHAPE_REPRESENTATION('knowco2-version6-sensor.step',(#15,#188),#145);
#3070=CARTESIAN_POINT('',(0.,0.,0.));
#3071=DIRECTION('',(0.,0.,1.));
#3072=DIRECTION('',(1.,0.,0.));
#3073=AXIS2_PLACEMENT_3D('',#3070,#3071,#3072);
#3075=MAPPED_ITEM('',#3074,#3073);
#3074=REPRESENTATION_MAP(#3073,#147);
#155=PRODUCT('knowco2-version6-sensor.step','knowco2-version6-sensor.step','',(#3056));
#3076=PRODUCT_RELATED_PRODUCT_CATEGORY('part','',(#155));
#3077=PRODUCT_DEFINITION_FORMATION_WITH_SPECIFIED_SOURCE('','',#155,.NOT_KNOWN.);
#156=PRODUCT_DEFINITION('design','',#3077,#3057);
#154=PRODUCT_DEFINITION_SHAPE('','',#156);
#3078=SHAPE_DEFINITION_REPRESENTATION(#154,#147);
#146=DRAUGHTING_MODEL('',(#3075),#145);
#119=SHAPE_REPRESENTATION('knowco2-version6-sensor-main (Imported)',(#15,#160),#117);
#3079=CARTESIAN_POINT('',(0.,0.,0.));
#3080=DIRECTION('',(0.,0.,1.));
#3081=DIRECTION('',(1.,0.,0.));
#3082=AXIS2_PLACEMENT_3D('',#3079,#3080,#3081);
#3084=MAPPED_ITEM('',#3083,#3082);
#3083=REPRESENTATION_MAP(#3082,#119);
#127=PRODUCT('knowco2-version6-sensor-main (Imported)','knowco2-version6-sensor-main (Imported)','',(#3056));
#3085=PRODUCT_RELATED_PRODUCT_CATEGORY('part','',(#127));
#3086=PRODUCT_DEFINITION_FORMATION_WITH_SPECIFIED_SOURCE('','',#127,.NOT_KNOWN.);
#128=PRODUCT_DEFINITION('design','',#3086,#3057);
#126=PRODUCT_DEFINITION_SHAPE('','',#128);
#3087=SHAPE_DEFINITION_REPRESENTATION(#126,#119);
#118=DRAUGHTING_MODEL('',(#3084),#117);
#91=SHAPE_REPRESENTATION('knowco2-sensor-main-version10 (Imported)',(#15,#132),#89);
#3088=CARTESIAN_POINT('',(0.,0.,0.));
#3089=DIRECTION('',(0.,0.,1.));
#3090=DIRECTION('',(1.,0.,0.));
#3091=AXIS2_PLACEMENT_3D('',#3088,#3089,#3090);
#3093=MAPPED_ITEM('',#3092,#3091);
#3092=REPRESENTATION_MAP(#3091,#91);
#99=PRODUCT('knowco2-sensor-main-version10 (Imported)','knowco2-sensor-main-version10 (Imported)','',(#3056));
#3094=PRODUCT_RELATED_PRODUCT_CATEGORY('part','',(#99));
#3095=PRODUCT_DEFINITION_FORMATION_WITH_SPECIFIED_SOURCE('','',#99,.NOT_KNOWN.);
#100=PRODUCT_DEFINITION('design','',#3095,#3057);
#98=PRODUCT_DEFINITION_SHAPE('','',#100);
#3096=SHAPE_DEFINITION_REPRESENTATION(#98,#91);
#90=DRAUGHTING_MODEL('',(#3093),#89);
#63=SHAPE_REPRESENTATION('knowco2-sensor-main-version11 (Imported)',(#15,#104),#61);
#3097=CARTESIAN_POINT('',(0.,0.,0.));
#3098=DIRECTION('',(0.,0.,1.));
#3099=DIRECTION('',(1.,0.,0.));
#3100=AXIS2_PLACEMENT_3D('',#3097,#3098,#3099);
#3102=MAPPED_ITEM('',#3101,#3100);
#3101=REPRESENTATION_MAP(#3100,#63);
#71=PRODUCT('knowco2-sensor-main-version11 (Imported)','knowco2-sensor-main-version11 (Imported)','',(#3056));
#3103=PRODUCT_RELATED_PRODUCT_CATEGORY('part','',(#71));
#3104=PRODUCT_DEFINITION_FORMATION_WITH_SPECIFIED_SOURCE('','',#71,.NOT_KNOWN.);
#72=PRODUCT_DEFINITION('design','',#3104,#3057);
#70=PRODUCT_DEFINITION_SHAPE('','',#72);
#3105=SHAPE_DEFINITION_REPRESENTATION(#70,#63);
#62=DRAUGHTING_MODEL('',(#3102),#61);
#35=SHAPE_REPRESENTATION('knowco2-main-sensor-version-13 (Imported)',(#15,#76),#33);
#3106=CARTESIAN_POINT('',(0.,0.,0.));
#3107=DIRECTION('',(0.,0.,1.));
#3108=DIRECTION('',(1.,0.,0.));
#3109=AXIS2_PLACEMENT_3D('',#3106,#3107,#3108);
#3111=MAPPED_ITEM('',#3110,#3109);
#3110=REPRESENTATION_MAP(#3109,#35);
#43=PRODUCT('knowco2-main-sensor-version-13 (Imported)','knowco2-main-sensor-version-13 (Imported)','',(#3056));
#3112=PRODUCT_RELATED_PRODUCT_CATEGORY('part','',(#43));
#3113=PRODUCT_DEFINITION_FORMATION_WITH_SPECIFIED_SOURCE('','',#43,.NOT_KNOWN.);
#44=PRODUCT_DEFINITION('design','',#3113,#3057);
#42=PRODUCT_DEFINITION_SHAPE('','',#44);
#3114=SHAPE_DEFINITION_REPRESENTATION(#42,#35);
#34=DRAUGHTING_MODEL('',(#3111),#33);
#16=SHAPE_REPRESENTATION('root',(#15,#48),#10);
#3115=CARTESIAN_POINT('',(0.,0.,0.));
#3116=DIRECTION('',(0.,0.,1.));
#3117=DIRECTION('',(1.,0.,0.));
#3118=AXIS2_PLACEMENT_3D('',#3115,#3116,#3117);
#3120=MAPPED_ITEM('',#3119,#3118);
#3119=REPRESENTATION_MAP(#3118,#16);
#24=PRODUCT('root','root','',(#3056));
#3121=PRODUCT_RELATED_PRODUCT_CATEGORY('part','',(#24));
#3122=PRODUCT_DEFINITION_FORMATION_WITH_SPECIFIED_SOURCE('','',#24,.NOT_KNOWN.);
#25=PRODUCT_DEFINITION('design','',#3122,#3057);
#23=PRODUCT_DEFINITION_SHAPE('','',#25);
#3123=SHAPE_DEFINITION_REPRESENTATION(#23,#16);
#11=DRAUGHTING_MODEL('',(#3120),#10);
#3124=DESCRIPTIVE_REPRESENTATION_ITEM('KEY','/Users/mike/Library/Containers/com.shapr3d.shapr/Data/tmp/707451DD-6E6E-459D-BA9C-E2AF60E32F66.tmp');
#3125=PROPERTY_DEFINITION('KEY','',#25);
#3126=REPRESENTATION('',(#3124),#10);
#3127=PROPERTY_DEFINITION_REPRESENTATION(#3125,#3126);
#3128=GENERAL_PROPERTY('','KEY','');
#3129=GENERAL_PROPERTY_ASSOCIATION('','',#3128,#3125);
#1=MECHANICAL_DESIGN_GEOMETRIC_PRESENTATION_REPRESENTATION('',(#222),#10);
ENDSEC;
END-ISO-10303-21;
