ISO-10303-21;
HEADER;

/* File generated by Shapr3D Version 26.91.0.11012 */

FILE_DESCRIPTION(('HOOPS Exchange Step'),'2;1');

FILE_NAME('/Users/mike/Library/Containers/com.shapr3d.shapr/Data/tmp/export/temp_export',
'2026-06-09T09:21:32-04:00',
('mike'),
('Shapr3D Limited'),
'HOOPS Exchange 2026.3',
'Shapr3D',
'Authorized');

FILE_SCHEMA( ('AP242_MANAGED_MODEL_BASED_3D_ENGINEERING_MIM_LF {1 0 10303 442 1 1 4}') );

ENDSEC;

DATA;
#3=(NAMED_UNIT(*)PLANE_ANGLE_UNIT()SI_UNIT($,.RADIAN.));
#4=PLANE_ANGLE_MEASURE_WITH_UNIT(PLANE_ANGLE_MEASURE(0.0174532925),#3);
#5=(CONVERSION_BASED_UNIT('DEGREE',#4)NAMED_UNIT(#6)PLANE_ANGLE_UNIT());
#6=DIMENSIONAL_EXPONENTS(0.,0.,0.,0.,0.,0.,0.);
#7=(NAMED_UNIT(*)SI_UNIT($,.STERADIAN.)SOLID_ANGLE_UNIT());
#8=(LENGTH_UNIT()NAMED_UNIT(*)SI_UNIT(.MILLI.,.METRE.));
#9=UNCERTAINTY_MEASURE_WITH_UNIT(LENGTH_MEASURE(1.000000E-05),#8,'DISTANCE_ACCURACY_VALUE','Maximum Tolerance applied to model');
#10=(GEOMETRIC_REPRESENTATION_CONTEXT(3)GLOBAL_UNCERTAINTY_ASSIGNED_CONTEXT((#9))GLOBAL_UNIT_ASSIGNED_CONTEXT((#8,#5,#7))REPRESENTATION_CONTEXT('','root'));
#12=CARTESIAN_POINT('',(0.,0.,0.));
#13=DIRECTION('',(0.,0.,1.));
#14=DIRECTION('',(1.,0.,0.));
#15=AXIS2_PLACEMENT_3D('',#12,#13,#14);
#27=CARTESIAN_POINT('',(2.002426224,1.7859375,8.352426224));
#28=DIRECTION('',(0.,-1.,0.));
#29=DIRECTION('',(0.,0.,-1.));
#30=AXIS2_PLACEMENT_3D('',#27,#28,#29);
#31=CYLINDRICAL_SURFACE('',#30,1.796051224);
#32=CARTESIAN_POINT('',(1.222375,24.119886276,6.734612858));
#33=VERTEX_POINT('',#32);
#34=CARTESIAN_POINT('',(1.222375,2.311988724,6.734612858));
#35=VERTEX_POINT('',#34);
#36=CARTESIAN_POINT('',(1.222375,24.119886276,6.734612858));
#37=DIRECTION('',(0.,-1.,0.));
#38=VECTOR('',#37,21.807897552);
#39=LINE('',#36,#38);
#40=EDGE_CURVE('',#33,#35,#39,.T.);
#41=ORIENTED_EDGE('',*,*,#40,.T.);
#42=CARTESIAN_POINT('',(1.730375,1.803988724,6.577098612));
#43=VERTEX_POINT('',#42);
#44=CARTESIAN_POINT('',(1.222375,2.311988724,6.734612858));
#45=CARTESIAN_POINT('',(1.222375,2.243378672,6.734612858));
#46=CARTESIAN_POINT('',(1.236332104,2.176146465,6.727706953));
#47=CARTESIAN_POINT('',(1.26230877,2.114560245,6.71595864));
#48=CARTESIAN_POINT('',(1.288285437,2.052974024,6.704210327));
#49=CARTESIAN_POINT('',(1.326339946,1.997193548,6.687743884));
#50=CARTESIAN_POINT('',(1.372789319,1.95116123,6.670356854));
#51=CARTESIAN_POINT('',(1.465688064,1.859096593,6.635582792));
#52=CARTESIAN_POINT('',(1.594855672,1.803988724,6.597865595));
#53=CARTESIAN_POINT('',(1.730375,1.803988724,6.577098612));
#54=B_SPLINE_CURVE_WITH_KNOTS('',3,(#44,#45,#46,#47,#48,#49,#50,#51,#52,#53),.UNSPECIFIED.,.F.,.F.,(4,3,3,4),(0.,0.000202705,0.000405411,0.000810821),.UNSPECIFIED.);
#55=EDGE_CURVE('',#35,#43,#54,.T.);
#56=ORIENTED_EDGE('',*,*,#55,.T.);
#57=CARTESIAN_POINT('',(1.984375,1.803988724,6.556465714));
#58=VERTEX_POINT('',#57);
#59=CARTESIAN_POINT('',(2.002426224,1.803988724,8.352426224));
#60=DIRECTION('',(-0.,-1.,0.));
#61=DIRECTION('',(1.,-0.,0.));
#62=AXIS2_PLACEMENT_3D('',#59,#60,#61);
#63=CIRCLE('',#62,1.796051224);
#64=EDGE_CURVE('',#43,#58,#63,.T.);
#65=ORIENTED_EDGE('',*,*,#64,.T.);
#66=CARTESIAN_POINT('',(1.984375,24.627886276,6.556465714));
#67=VERTEX_POINT('',#66);
#68=CARTESIAN_POINT('',(1.984375,24.627886276,6.556465714));
#69=DIRECTION('',(0.,-1.,0.));
#70=VECTOR('',#69,22.823897552);
#71=LINE('',#68,#70);
#72=EDGE_CURVE('',#67,#58,#71,.T.);
#73=ORIENTED_EDGE('',*,*,#72,.F.);
#74=CARTESIAN_POINT('',(1.730375,24.627886276,6.577098612));
#75=VERTEX_POINT('',#74);
#76=CARTESIAN_POINT('',(2.002426224,24.627886276,8.352426224));
#77=DIRECTION('',(0.,-1.,0.));
#78=DIRECTION('',(0.,0.,-1.));
#79=AXIS2_PLACEMENT_3D('',#76,#77,#78);
#80=CIRCLE('',#79,1.796051224);
#81=EDGE_CURVE('',#75,#67,#80,.T.);
#82=ORIENTED_EDGE('',*,*,#81,.F.);
#83=CARTESIAN_POINT('',(1.730375,24.627886276,6.577098612));
#84=CARTESIAN_POINT('',(1.662575973,24.627886276,6.587488136));
#85=CARTESIAN_POINT('',(1.596846753,24.614452407,6.60162741));
#86=CARTESIAN_POINT('',(1.535839894,24.589162413,6.618039532));
#87=CARTESIAN_POINT('',(1.474833036,24.563872419,6.634451655));
#88=CARTESIAN_POINT('',(1.419353101,24.526838416,6.652929603));
#89=CARTESIAN_POINT('',(1.372871836,24.480795528,6.670325968));
#90=CARTESIAN_POINT('',(1.326390571,24.43475264,6.687722332));
#91=CARTESIAN_POINT('',(1.288303586,24.378830016,6.704204706));
#92=CARTESIAN_POINT('',(1.262440812,24.317627509,6.715898929));
#93=CARTESIAN_POINT('',(1.236578037,24.256425002,6.727593151));
#94=CARTESIAN_POINT('',(1.222375,24.188541659,6.734612858));
#95=CARTESIAN_POINT('',(1.222375,24.119886276,6.734612858));
#96=B_SPLINE_CURVE_WITH_KNOTS('',3,(#83,#84,#85,#86,#87,#88,#89,#90,#91,#92,#93,#94,#95),.UNSPECIFIED.,.F.,.F.,(4,3,3,3,4),(0.,0.000202709,0.000405419,0.000608128,0.000810838),.UNSPECIFIED.);
#97=EDGE_CURVE('',#75,#33,#96,.T.);
#98=ORIENTED_EDGE('',*,*,#97,.T.);
#99=EDGE_LOOP('',(#41,#56,#65,#73,#82,#98));
#100=FACE_BOUND('',#99,.T.);
#101=ADVANCED_FACE('',(#100),#31,.F.);
#102=CARTESIAN_POINT('',(1.603375,1.803988724,10.150477448));
#103=DIRECTION('',(-0.,-1.,0.));
#104=DIRECTION('',(1.,-0.,0.));
#105=AXIS2_PLACEMENT_3D('',#102,#103,#104);
#106=PLANE('',#105);
#107=ORIENTED_EDGE('',*,*,#64,.F.);
#108=CARTESIAN_POINT('',(1.730375,1.803988724,4.524375));
#109=VERTEX_POINT('',#108);
#110=CARTESIAN_POINT('',(1.730375,1.803988724,6.577098612));
#111=DIRECTION('',(0.,0.,-1.));
#112=VECTOR('',#111,2.052723612);
#113=LINE('',#110,#112);
#114=EDGE_CURVE('',#43,#109,#113,.T.);
#115=ORIENTED_EDGE('',*,*,#114,.T.);
#116=CARTESIAN_POINT('',(1.984375,1.803988724,4.524375));
#117=VERTEX_POINT('',#116);
#118=CARTESIAN_POINT('',(1.984375,1.803988724,4.524375));
#119=DIRECTION('',(-1.,0.,0.));
#120=VECTOR('',#119,0.254);
#121=LINE('',#118,#120);
#122=EDGE_CURVE('',#117,#109,#121,.T.);
#123=ORIENTED_EDGE('',*,*,#122,.F.);
#124=CARTESIAN_POINT('',(1.984375,1.803988724,6.556465714));
#125=DIRECTION('',(0.,0.,-1.));
#126=VECTOR('',#125,2.032090714);
#127=LINE('',#124,#126);
#128=EDGE_CURVE('',#58,#117,#127,.T.);
#129=ORIENTED_EDGE('',*,*,#128,.F.);
#130=EDGE_LOOP('',(#107,#115,#123,#129));
#131=FACE_BOUND('',#130,.T.);
#132=ADVANCED_FACE('',(#131),#106,.T.);
#133=CARTESIAN_POINT('',(0.,0.,4.524375));
#134=DIRECTION('',(0.,0.,1.));
#135=DIRECTION('',(-1.,0.,0.));
#136=AXIS2_PLACEMENT_3D('',#133,#134,#135);
#137=PLANE('',#136);
#138=ORIENTED_EDGE('',*,*,#122,.T.);
#139=CARTESIAN_POINT('',(1.222375,2.311988724,4.524375));
#140=VERTEX_POINT('',#139);
#141=CARTESIAN_POINT('',(1.730375,2.311988724,4.524375));
#142=DIRECTION('',(-0.,-0.,-1.));
#143=DIRECTION('',(1.,0.,-0.));
#144=AXIS2_PLACEMENT_3D('',#141,#142,#143);
#145=CIRCLE('',#144,0.508);
#146=EDGE_CURVE('',#109,#140,#145,.T.);
#147=ORIENTED_EDGE('',*,*,#146,.T.);
#148=CARTESIAN_POINT('',(1.222375,24.119886276,4.524375));
#149=VERTEX_POINT('',#148);
#150=CARTESIAN_POINT('',(1.222375,2.311988724,4.524375));
#151=DIRECTION('',(0.,1.,0.));
#152=VECTOR('',#151,21.807897552);
#153=LINE('',#150,#152);
#154=EDGE_CURVE('',#140,#149,#153,.T.);
#155=ORIENTED_EDGE('',*,*,#154,.T.);
#156=CARTESIAN_POINT('',(1.730375,24.627886276,4.524375));
#157=VERTEX_POINT('',#156);
#158=CARTESIAN_POINT('',(1.730375,24.119886276,4.524375));
#159=DIRECTION('',(-0.,-0.,-1.));
#160=DIRECTION('',(1.,0.,-0.));
#161=AXIS2_PLACEMENT_3D('',#158,#159,#160);
#162=CIRCLE('',#161,0.508);
#163=EDGE_CURVE('',#149,#157,#162,.T.);
#164=ORIENTED_EDGE('',*,*,#163,.T.);
#165=CARTESIAN_POINT('',(1.984375,24.627886276,4.524375));
#166=VERTEX_POINT('',#165);
#167=CARTESIAN_POINT('',(1.984375,24.627886276,4.524375));
#168=DIRECTION('',(-1.,0.,0.));
#169=VECTOR('',#168,0.254);
#170=LINE('',#167,#169);
#171=EDGE_CURVE('',#166,#157,#170,.T.);
#172=ORIENTED_EDGE('',*,*,#171,.F.);
#173=CARTESIAN_POINT('',(1.984375,1.803988724,4.524375));
#174=DIRECTION('',(0.,1.,0.));
#175=VECTOR('',#174,22.823897552);
#176=LINE('',#173,#175);
#177=EDGE_CURVE('',#117,#166,#176,.T.);
#178=ORIENTED_EDGE('',*,*,#177,.F.);
#179=EDGE_LOOP('',(#138,#147,#155,#164,#172,#178));
#180=FACE_BOUND('',#179,.T.);
#181=ADVANCED_FACE('',(#180),#137,.F.);
#182=CARTESIAN_POINT('',(1.984375,13.2159375,10.150477448));
#183=DIRECTION('',(-1.,0.,0.));
#184=DIRECTION('',(-0.,-1.,0.));
#185=AXIS2_PLACEMENT_3D('',#182,#183,#184);
#186=PLANE('',#185);
#187=CARTESIAN_POINT('',(1.984375,24.627886276,6.556465714));
#188=DIRECTION('',(0.,0.,-1.));
#189=VECTOR('',#188,2.032090714);
#190=LINE('',#187,#189);
#191=EDGE_CURVE('',#67,#166,#190,.T.);
#192=ORIENTED_EDGE('',*,*,#191,.F.);
#193=ORIENTED_EDGE('',*,*,#72,.T.);
#194=ORIENTED_EDGE('',*,*,#128,.T.);
#195=ORIENTED_EDGE('',*,*,#177,.T.);
#196=EDGE_LOOP('',(#192,#193,#194,#195));
#197=FACE_BOUND('',#196,.T.);
#198=ADVANCED_FACE('',(#197),#186,.F.);
#199=CARTESIAN_POINT('',(1.222375,13.2159375,10.150477448));
#200=DIRECTION('',(-1.,0.,0.));
#201=DIRECTION('',(-0.,-1.,0.));
#202=AXIS2_PLACEMENT_3D('',#199,#200,#201);
#203=PLANE('',#202);
#204=ORIENTED_EDGE('',*,*,#154,.F.);
#205=CARTESIAN_POINT('',(1.222375,2.311988724,4.524375));
#206=DIRECTION('',(-0.,-0.,1.));
#207=VECTOR('',#206,2.210237858);
#208=LINE('',#205,#207);
#209=EDGE_CURVE('',#140,#35,#208,.T.);
#210=ORIENTED_EDGE('',*,*,#209,.T.);
#211=ORIENTED_EDGE('',*,*,#40,.F.);
#212=CARTESIAN_POINT('',(1.222375,24.119886276,6.734612858));
#213=DIRECTION('',(0.,0.,-1.));
#214=VECTOR('',#213,2.210237858);
#215=LINE('',#212,#214);
#216=EDGE_CURVE('',#33,#149,#215,.T.);
#217=ORIENTED_EDGE('',*,*,#216,.T.);
#218=EDGE_LOOP('',(#204,#210,#211,#217));
#219=FACE_BOUND('',#218,.T.);
#220=ADVANCED_FACE('',(#219),#203,.T.);
#221=CARTESIAN_POINT('',(1.603375,24.627886276,10.150477448));
#222=DIRECTION('',(0.,-1.,0.));
#223=DIRECTION('',(0.,0.,-1.));
#224=AXIS2_PLACEMENT_3D('',#221,#222,#223);
#225=PLANE('',#224);
#226=ORIENTED_EDGE('',*,*,#171,.T.);
#227=CARTESIAN_POINT('',(1.730375,24.627886276,4.524375));
#228=DIRECTION('',(-0.,-0.,1.));
#229=VECTOR('',#228,2.052723612);
#230=LINE('',#227,#229);
#231=EDGE_CURVE('',#157,#75,#230,.T.);
#232=ORIENTED_EDGE('',*,*,#231,.T.);
#233=ORIENTED_EDGE('',*,*,#81,.T.);
#234=ORIENTED_EDGE('',*,*,#191,.T.);
#235=EDGE_LOOP('',(#226,#232,#233,#234));
#236=FACE_BOUND('',#235,.T.);
#237=ADVANCED_FACE('',(#236),#225,.F.);
#238=CARTESIAN_POINT('',(1.730375,24.119886276,10.150477448));
#239=DIRECTION('',(0.,0.,1.));
#240=DIRECTION('',(1.,0.,-0.));
#241=AXIS2_PLACEMENT_3D('',#238,#239,#240);
#242=CYLINDRICAL_SURFACE('',#241,0.508);
#243=ORIENTED_EDGE('',*,*,#97,.F.);
#244=ORIENTED_EDGE('',*,*,#231,.F.);
#245=ORIENTED_EDGE('',*,*,#163,.F.);
#246=ORIENTED_EDGE('',*,*,#216,.F.);
#247=EDGE_LOOP('',(#243,#244,#245,#246));
#248=FACE_BOUND('',#247,.T.);
#249=ADVANCED_FACE('',(#248),#242,.T.);
#250=CARTESIAN_POINT('',(1.730375,2.311988724,10.150477448));
#251=DIRECTION('',(0.,0.,-1.));
#252=DIRECTION('',(-1.,0.,0.));
#253=AXIS2_PLACEMENT_3D('',#250,#251,#252);
#254=CYLINDRICAL_SURFACE('',#253,0.508);
#255=ORIENTED_EDGE('',*,*,#55,.F.);
#256=ORIENTED_EDGE('',*,*,#209,.F.);
#257=ORIENTED_EDGE('',*,*,#146,.F.);
#258=ORIENTED_EDGE('',*,*,#114,.F.);
#259=EDGE_LOOP('',(#255,#256,#257,#258));
#260=FACE_BOUND('',#259,.T.);
#261=ADVANCED_FACE('',(#260),#254,.T.);
#262=CLOSED_SHELL('',(#101,#132,#181,#198,#220,#237,#249,#261));
#263=MANIFOLD_SOLID_BREP('Body 02',#262);
#264=COLOUR_RGB('',0.968627453,0.674509823,0.105882354);
#265=FILL_AREA_STYLE_COLOUR('',#264);
#266=FILL_AREA_STYLE('',(#265));
#267=SURFACE_STYLE_FILL_AREA(#266);
#268=SURFACE_SIDE_STYLE('',(#267));
#269=SURFACE_STYLE_USAGE(.BOTH.,#268);
#270=PRESENTATION_STYLE_ASSIGNMENT((#269));
#26=STYLED_ITEM('',(#270),#263);
#271=(NAMED_UNIT(*)PLANE_ANGLE_UNIT()SI_UNIT($,.RADIAN.));
#272=PLANE_ANGLE_MEASURE_WITH_UNIT(PLANE_ANGLE_MEASURE(0.0174532925),#271);
#273=(CONVERSION_BASED_UNIT('DEGREE',#272)NAMED_UNIT(#274)PLANE_ANGLE_UNIT());
#274=DIMENSIONAL_EXPONENTS(0.,0.,0.,0.,0.,0.,0.);
#275=(NAMED_UNIT(*)SI_UNIT($,.STERADIAN.)SOLID_ANGLE_UNIT());
#276=(LENGTH_UNIT()NAMED_UNIT(*)SI_UNIT(.MILLI.,.METRE.));
#277=UNCERTAINTY_MEASURE_WITH_UNIT(LENGTH_MEASURE(1.000000E-03),#276,'DISTANCE_ACCURACY_VALUE','Maximum Tolerance applied to model');
#278=(GEOMETRIC_REPRESENTATION_CONTEXT(3)GLOBAL_UNCERTAINTY_ASSIGNED_CONTEXT((#277))GLOBAL_UNIT_ASSIGNED_CONTEXT((#276,#273,#275))REPRESENTATION_CONTEXT('','knowco2-main-version10 (Imported)'));
#290=CARTESIAN_POINT('',(0.,0.,0.));
#291=DIRECTION('',(0.,0.,1.));
#292=DIRECTION('',(1.,0.,-0.));
#293=AXIS2_PLACEMENT_3D('',#290,#291,#292);
#294=ITEM_DEFINED_TRANSFORMATION('','',#293,#15);
#295=(REPRESENTATION_RELATIONSHIP('','',#280,#16)REPRESENTATION_RELATIONSHIP_WITH_TRANSFORMATION(#294)SHAPE_REPRESENTATION_RELATIONSHIP());
#296=NEXT_ASSEMBLY_USAGE_OCCURRENCE('knowco2-main-version10 (Imported)_1','knowco2-main-version10 (Imported)','knowco2-main-version10 (Imported)',#25,#289,$);
#297=PRODUCT_DEFINITION_SHAPE('','',#296);
#298=CONTEXT_DEPENDENT_SHAPE_REPRESENTATION(#295,#297);
#299=(NAMED_UNIT(*)PLANE_ANGLE_UNIT()SI_UNIT($,.RADIAN.));
#300=PLANE_ANGLE_MEASURE_WITH_UNIT(PLANE_ANGLE_MEASURE(0.0174532925),#299);
#301=(CONVERSION_BASED_UNIT('DEGREE',#300)NAMED_UNIT(#302)PLANE_ANGLE_UNIT());
#302=DIMENSIONAL_EXPONENTS(0.,0.,0.,0.,0.,0.,0.);
#303=(NAMED_UNIT(*)SI_UNIT($,.STERADIAN.)SOLID_ANGLE_UNIT());
#304=(LENGTH_UNIT()NAMED_UNIT(*)SI_UNIT(.MILLI.,.METRE.));
#305=UNCERTAINTY_MEASURE_WITH_UNIT(LENGTH_MEASURE(1.000000E-03),#304,'DISTANCE_ACCURACY_VALUE','Maximum Tolerance applied to model');
#306=(GEOMETRIC_REPRESENTATION_CONTEXT(3)GLOBAL_UNCERTAINTY_ASSIGNED_CONTEXT((#305))GLOBAL_UNIT_ASSIGNED_CONTEXT((#304,#301,#303))REPRESENTATION_CONTEXT('','VERSION9-knowco2-main (Imported)'));
#318=CARTESIAN_POINT('',(0.,0.,0.));
#319=DIRECTION('',(0.,0.,1.));
#320=DIRECTION('',(1.,0.,-0.));
#321=AXIS2_PLACEMENT_3D('',#318,#319,#320);
#322=ITEM_DEFINED_TRANSFORMATION('','',#321,#15);
#323=(REPRESENTATION_RELATIONSHIP('','',#308,#280)REPRESENTATION_RELATIONSHIP_WITH_TRANSFORMATION(#322)SHAPE_REPRESENTATION_RELATIONSHIP());
#324=NEXT_ASSEMBLY_USAGE_OCCURRENCE('VERSION9-knowco2-main (Imported)_2','VERSION9-knowco2-main (Imported)','VERSION9-knowco2-main (Imported)',#289,#317,$);
#325=PRODUCT_DEFINITION_SHAPE('','',#324);
#326=CONTEXT_DEPENDENT_SHAPE_REPRESENTATION(#323,#325);
#327=(NAMED_UNIT(*)PLANE_ANGLE_UNIT()SI_UNIT($,.RADIAN.));
#328=PLANE_ANGLE_MEASURE_WITH_UNIT(PLANE_ANGLE_MEASURE(0.0174532925),#327);
#329=(CONVERSION_BASED_UNIT('DEGREE',#328)NAMED_UNIT(#330)PLANE_ANGLE_UNIT());
#330=DIMENSIONAL_EXPONENTS(0.,0.,0.,0.,0.,0.,0.);
#331=(NAMED_UNIT(*)SI_UNIT($,.STERADIAN.)SOLID_ANGLE_UNIT());
#332=(LENGTH_UNIT()NAMED_UNIT(*)SI_UNIT(.MILLI.,.METRE.));
#333=UNCERTAINTY_MEASURE_WITH_UNIT(LENGTH_MEASURE(1.000000E-03),#332,'DISTANCE_ACCURACY_VALUE','Maximum Tolerance applied to model');
#334=(GEOMETRIC_REPRESENTATION_CONTEXT(3)GLOBAL_UNCERTAINTY_ASSIGNED_CONTEXT((#333))GLOBAL_UNIT_ASSIGNED_CONTEXT((#332,#329,#331))REPRESENTATION_CONTEXT('','version8-main-knowco2 (Imported)'));
#346=CARTESIAN_POINT('',(0.,0.,0.));
#347=DIRECTION('',(0.,0.,1.));
#348=DIRECTION('',(1.,0.,-0.));
#349=AXIS2_PLACEMENT_3D('',#346,#347,#348);
#350=ITEM_DEFINED_TRANSFORMATION('','',#349,#15);
#351=(REPRESENTATION_RELATIONSHIP('','',#336,#308)REPRESENTATION_RELATIONSHIP_WITH_TRANSFORMATION(#350)SHAPE_REPRESENTATION_RELATIONSHIP());
#352=NEXT_ASSEMBLY_USAGE_OCCURRENCE('version8-main-knowco2 (Imported)_3','version8-main-knowco2 (Imported)','version8-main-knowco2 (Imported)',#317,#345,$);
#353=PRODUCT_DEFINITION_SHAPE('','',#352);
#354=CONTEXT_DEPENDENT_SHAPE_REPRESENTATION(#351,#353);
#355=(NAMED_UNIT(*)PLANE_ANGLE_UNIT()SI_UNIT($,.RADIAN.));
#356=PLANE_ANGLE_MEASURE_WITH_UNIT(PLANE_ANGLE_MEASURE(0.0174532925),#355);
#357=(CONVERSION_BASED_UNIT('DEGREE',#356)NAMED_UNIT(#358)PLANE_ANGLE_UNIT());
#358=DIMENSIONAL_EXPONENTS(0.,0.,0.,0.,0.,0.,0.);
#359=(NAMED_UNIT(*)SI_UNIT($,.STERADIAN.)SOLID_ANGLE_UNIT());
#360=(LENGTH_UNIT()NAMED_UNIT(*)SI_UNIT(.MILLI.,.METRE.));
#361=UNCERTAINTY_MEASURE_WITH_UNIT(LENGTH_MEASURE(1.000000E-03),#360,'DISTANCE_ACCURACY_VALUE','Maximum Tolerance applied to model');
#362=(GEOMETRIC_REPRESENTATION_CONTEXT(3)GLOBAL_UNCERTAINTY_ASSIGNED_CONTEXT((#361))GLOBAL_UNIT_ASSIGNED_CONTEXT((#360,#357,#359))REPRESENTATION_CONTEXT('','version7 (Imported)'));
#374=CARTESIAN_POINT('',(0.,0.,0.));
#375=DIRECTION('',(0.,0.,1.));
#376=DIRECTION('',(1.,0.,-0.));
#377=AXIS2_PLACEMENT_3D('',#374,#375,#376);
#378=ITEM_DEFINED_TRANSFORMATION('','',#377,#15);
#379=(REPRESENTATION_RELATIONSHIP('','',#364,#336)REPRESENTATION_RELATIONSHIP_WITH_TRANSFORMATION(#378)SHAPE_REPRESENTATION_RELATIONSHIP());
#380=NEXT_ASSEMBLY_USAGE_OCCURRENCE('version7 (Imported)_4','version7 (Imported)','version7 (Imported)',#345,#373,$);
#381=PRODUCT_DEFINITION_SHAPE('','',#380);
#382=CONTEXT_DEPENDENT_SHAPE_REPRESENTATION(#379,#381);
#383=(NAMED_UNIT(*)PLANE_ANGLE_UNIT()SI_UNIT($,.RADIAN.));
#384=PLANE_ANGLE_MEASURE_WITH_UNIT(PLANE_ANGLE_MEASURE(0.0174532925),#383);
#385=(CONVERSION_BASED_UNIT('DEGREE',#384)NAMED_UNIT(#386)PLANE_ANGLE_UNIT());
#386=DIMENSIONAL_EXPONENTS(0.,0.,0.,0.,0.,0.,0.);
#387=(NAMED_UNIT(*)SI_UNIT($,.STERADIAN.)SOLID_ANGLE_UNIT());
#388=(LENGTH_UNIT()NAMED_UNIT(*)SI_UNIT(.MILLI.,.METRE.));
#389=UNCERTAINTY_MEASURE_WITH_UNIT(LENGTH_MEASURE(1.000000E-03),#388,'DISTANCE_ACCURACY_VALUE','Maximum Tolerance applied to model');
#390=(GEOMETRIC_REPRESENTATION_CONTEXT(3)GLOBAL_UNCERTAINTY_ASSIGNED_CONTEXT((#389))GLOBAL_UNIT_ASSIGNED_CONTEXT((#388,#385,#387))REPRESENTATION_CONTEXT('','knowco2-logo-light-mm'));
#402=CARTESIAN_POINT('',(0.,0.,0.));
#403=DIRECTION('',(0.,0.,1.));
#404=DIRECTION('',(1.,0.,-0.));
#405=AXIS2_PLACEMENT_3D('',#402,#403,#404);
#406=ITEM_DEFINED_TRANSFORMATION('','',#405,#15);
#407=(REPRESENTATION_RELATIONSHIP('','',#392,#364)REPRESENTATION_RELATIONSHIP_WITH_TRANSFORMATION(#406)SHAPE_REPRESENTATION_RELATIONSHIP());
#408=NEXT_ASSEMBLY_USAGE_OCCURRENCE('knowco2-logo-light-mm_5','knowco2-logo-light-mm','knowco2-logo-light-mm',#373,#401,$);
#409=PRODUCT_DEFINITION_SHAPE('','',#408);
#410=CONTEXT_DEPENDENT_SHAPE_REPRESENTATION(#407,#409);
#392=SHAPE_REPRESENTATION('knowco2-logo-light-mm',(#15),#390);
#411=CARTESIAN_POINT('',(0.,0.,0.));
#412=DIRECTION('',(0.,0.,1.));
#413=DIRECTION('',(1.,0.,0.));
#414=AXIS2_PLACEMENT_3D('',#411,#412,#413);
#416=MAPPED_ITEM('',#415,#414);
#415=REPRESENTATION_MAP(#414,#392);
#417=APPLICATION_CONTEXT('Managed model based 3d engineering');
#418=APPLICATION_PROTOCOL_DEFINITION('international standard','ap242_managed_model_based_3d_engineering',2014,#417);
#419=PRODUCT_CONTEXT('',#417,'mechanical');
#420=PRODUCT_DEFINITION_CONTEXT('part definition',#417,'design');
#400=PRODUCT('knowco2-logo-light-mm','knowco2-logo-light-mm','',(#419));
#421=PRODUCT_RELATED_PRODUCT_CATEGORY('part','',(#400));
#422=PRODUCT_DEFINITION_FORMATION_WITH_SPECIFIED_SOURCE('','',#400,.NOT_KNOWN.);
#401=PRODUCT_DEFINITION('design','',#422,#420);
#399=PRODUCT_DEFINITION_SHAPE('','',#401);
#423=SHAPE_DEFINITION_REPRESENTATION(#399,#392);
#391=DRAUGHTING_MODEL('',(#416),#390);
#424=(NAMED_UNIT(*)PLANE_ANGLE_UNIT()SI_UNIT($,.RADIAN.));
#425=PLANE_ANGLE_MEASURE_WITH_UNIT(PLANE_ANGLE_MEASURE(0.0174532925),#424);
#426=(CONVERSION_BASED_UNIT('DEGREE',#425)NAMED_UNIT(#427)PLANE_ANGLE_UNIT());
#427=DIMENSIONAL_EXPONENTS(0.,0.,0.,0.,0.,0.,0.);
#428=(NAMED_UNIT(*)SI_UNIT($,.STERADIAN.)SOLID_ANGLE_UNIT());
#429=(LENGTH_UNIT()NAMED_UNIT(*)SI_UNIT(.MILLI.,.METRE.));
#430=UNCERTAINTY_MEASURE_WITH_UNIT(LENGTH_MEASURE(1.000000E-05),#429,'DISTANCE_ACCURACY_VALUE','Maximum Tolerance applied to model');
#431=(GEOMETRIC_REPRESENTATION_CONTEXT(3)GLOBAL_UNCERTAINTY_ASSIGNED_CONTEXT((#430))GLOBAL_UNIT_ASSIGNED_CONTEXT((#429,#426,#428))REPRESENTATION_CONTEXT('','knowco2-version6-main (Imported)'));
#443=CARTESIAN_POINT('',(0.,0.,0.));
#444=DIRECTION('',(0.,0.,1.));
#445=DIRECTION('',(1.,0.,-0.));
#446=AXIS2_PLACEMENT_3D('',#443,#444,#445);
#447=ITEM_DEFINED_TRANSFORMATION('','',#446,#15);
#448=(REPRESENTATION_RELATIONSHIP('','',#433,#364)REPRESENTATION_RELATIONSHIP_WITH_TRANSFORMATION(#447)SHAPE_REPRESENTATION_RELATIONSHIP());
#449=NEXT_ASSEMBLY_USAGE_OCCURRENCE('knowco2-version6-main (Imported)_6','knowco2-version6-main (Imported)','knowco2-version6-main (Imported)',#373,#442,$);
#450=PRODUCT_DEFINITION_SHAPE('','',#449);
#451=CONTEXT_DEPENDENT_SHAPE_REPRESENTATION(#448,#450);
#453=CARTESIAN_POINT('',(1.984375,1.7859375,12.144375));
#454=DIRECTION('',(0.,0.,1.));
#455=DIRECTION('',(1.,0.,0.));
#456=AXIS2_PLACEMENT_3D('',#453,#454,#455);
#457=PLANE('',#456);
#458=CARTESIAN_POINT('',(51.784946916,19.843011035,12.144375));
#459=VERTEX_POINT('',#458);
#460=CARTESIAN_POINT('',(51.542545496,20.084715954,12.144375));
#461=VERTEX_POINT('',#460);
#462=CARTESIAN_POINT('',(51.784946916,19.843011035,12.144375));
#463=CARTESIAN_POINT('',(51.752896725,19.810960844,12.144375));
#464=CARTESIAN_POINT('',(51.709023394,19.792026625,12.144375));
#465=CARTESIAN_POINT('',(51.664153108,19.791762139,12.144375));
#466=CARTESIAN_POINT('',(51.619282821,19.791497653,12.144375));
#467=CARTESIAN_POINT('',(51.574886014,19.810946744,12.144375));
#468=CARTESIAN_POINT('',(51.543104436,19.842452558,12.144375));
#469=CARTESIAN_POINT('',(51.511322859,19.873958373,12.144375));
#470=CARTESIAN_POINT('',(51.492998745,19.918374155,12.144375));
#471=CARTESIAN_POINT('',(51.492685192,19.963538025,12.144375));
#472=CARTESIAN_POINT('',(51.492371638,20.008701896,12.144375));
#473=CARTESIAN_POINT('',(51.510000047,20.053127724,12.144375));
#474=CARTESIAN_POINT('',(51.542545496,20.084715954,12.144375));
#475=B_SPLINE_CURVE_WITH_KNOTS('',3,(#462,#463,#464,#465,#466,#467,#468,#469,#470,#471,#472,#473,#474),.UNSPECIFIED.,.F.,.F.,(4,3,3,3,4),(0.,0.000134091,0.000268183,0.000402274,0.000536366),.UNSPECIFIED.);
#476=EDGE_CURVE('',#459,#461,#475,.T.);
#477=ORIENTED_EDGE('',*,*,#476,.T.);
#478=CARTESIAN_POINT('',(51.542545496,20.084715954,12.144375));
#479=CARTESIAN_POINT('',(51.57501362,20.116229133,12.144375));
#480=CARTESIAN_POINT('',(51.619257722,20.134113635,12.144375));
#481=CARTESIAN_POINT('',(51.664052189,20.133885876,12.144375));
#482=CARTESIAN_POINT('',(51.708846656,20.133658117,12.144375));
#483=CARTESIAN_POINT('',(51.753468454,20.115471227,12.144375));
#484=CARTESIAN_POINT('',(51.785363051,20.084308803,12.144375));
#485=CARTESIAN_POINT('',(51.817257648,20.05314638,12.144375));
#486=CARTESIAN_POINT('',(51.836438887,20.00885889,12.144375));
#487=CARTESIAN_POINT('',(51.836192318,19.963877737,12.144375));
#488=CARTESIAN_POINT('',(51.835945749,19.918896583,12.144375));
#489=CARTESIAN_POINT('',(51.816954418,19.875018537,12.144375));
#490=CARTESIAN_POINT('',(51.784946916,19.843011035,12.144375));
#491=B_SPLINE_CURVE_WITH_KNOTS('',3,(#478,#479,#480,#481,#482,#483,#484,#485,#486,#487,#488,#489,#490),.UNSPECIFIED.,.F.,.F.,(4,3,3,3,4),(0.,0.000133778,0.000267556,0.000401333,0.000535111),.UNSPECIFIED.);
#492=EDGE_CURVE('',#461,#459,#491,.T.);
#493=ORIENTED_EDGE('',*,*,#492,.T.);
#494=EDGE_LOOP('',(#477,#493));
#495=FACE_BOUND('',#494,.T.);
#496=CARTESIAN_POINT('',(52.120146786,13.436183894,12.144375));
#497=VERTEX_POINT('',#496);
#498=CARTESIAN_POINT('',(51.877749313,13.67789276,12.144375));
#499=VERTEX_POINT('',#498);
#500=CARTESIAN_POINT('',(52.120146786,13.436183894,12.144375));
#501=CARTESIAN_POINT('',(52.088096659,13.404133767,12.144375));
#502=CARTESIAN_POINT('',(52.044222214,13.385202357,12.144375));
#503=CARTESIAN_POINT('',(51.999352591,13.38493892,12.144375));
#504=CARTESIAN_POINT('',(51.954482967,13.384675482,12.144375));
#505=CARTESIAN_POINT('',(51.910087116,13.404125291,12.144375));
#506=CARTESIAN_POINT('',(51.878306316,13.435631286,12.144375));
#507=CARTESIAN_POINT('',(51.846525515,13.46713728,12.144375));
#508=CARTESIAN_POINT('',(51.82820233,13.511552502,12.144375));
#509=CARTESIAN_POINT('',(51.827889002,13.556715791,12.144375));
#510=CARTESIAN_POINT('',(51.827575674,13.60187908,12.144375));
#511=CARTESIAN_POINT('',(51.845204007,13.64630467,12.144375));
#512=CARTESIAN_POINT('',(51.877749313,13.67789276,12.144375));
#513=B_SPLINE_CURVE_WITH_KNOTS('',3,(#500,#501,#502,#503,#504,#505,#506,#507,#508,#509,#510,#511,#512),.UNSPECIFIED.,.F.,.F.,(4,3,3,3,4),(0.,0.000134091,0.000268181,0.000402272,0.000536363),.UNSPECIFIED.);
#514=EDGE_CURVE('',#497,#499,#513,.T.);
#515=ORIENTED_EDGE('',*,*,#514,.T.);
#516=CARTESIAN_POINT('',(51.877749313,13.67789276,12.144375));
#517=CARTESIAN_POINT('',(51.910217771,13.709406264,12.144375));
#518=CARTESIAN_POINT('',(51.954462486,13.727290753,12.144375));
#519=CARTESIAN_POINT('',(51.99925739,13.727062675,12.144375));
#520=CARTESIAN_POINT('',(52.044052295,13.726834598,12.144375));
#521=CARTESIAN_POINT('',(52.088674392,13.708646937,12.144375));
#522=CARTESIAN_POINT('',(52.12056884,13.677483684,12.144375));
#523=CARTESIAN_POINT('',(52.152463288,13.64632043,12.144375));
#524=CARTESIAN_POINT('',(52.171643692,13.602032114,12.144375));
#525=CARTESIAN_POINT('',(52.171396112,13.557050373,12.144375));
#526=CARTESIAN_POINT('',(52.171148532,13.512068631,12.144375));
#527=CARTESIAN_POINT('',(52.15215457,13.468191678,12.144375));
#528=CARTESIAN_POINT('',(52.120146786,13.436183894,12.144375));
#529=B_SPLINE_CURVE_WITH_KNOTS('',3,(#516,#517,#518,#519,#520,#521,#522,#523,#524,#525,#526,#527,#528),.UNSPECIFIED.,.F.,.F.,(4,3,3,3,4),(0.,0.000133779,0.000267558,0.000401337,0.000535117),.UNSPECIFIED.);
#530=EDGE_CURVE('',#499,#497,#529,.T.);
#531=ORIENTED_EDGE('',*,*,#530,.T.);
#532=EDGE_LOOP('',(#515,#531));
#533=FACE_BOUND('',#532,.T.);
#534=CARTESIAN_POINT('',(52.120148768,12.754697123,12.144375));
#535=VERTEX_POINT('',#534);
#536=CARTESIAN_POINT('',(51.877751259,12.997791037,12.144375));
#537=VERTEX_POINT('',#536);
#538=CARTESIAN_POINT('',(52.120148768,12.754697123,12.144375));
#539=CARTESIAN_POINT('',(52.088093837,12.722642193,12.144375));
#540=CARTESIAN_POINT('',(52.043548907,12.704939788,12.144375));
#541=CARTESIAN_POINT('',(51.998727022,12.704832655,12.144375));
#542=CARTESIAN_POINT('',(51.953905137,12.704725521,12.144375));
#543=CARTESIAN_POINT('',(51.909088514,12.723228958,12.144375));
#544=CARTESIAN_POINT('',(51.877497789,12.754949162,12.144375));
#545=CARTESIAN_POINT('',(51.845907064,12.786669366,12.144375));
#546=CARTESIAN_POINT('',(51.827908066,12.831227113,12.144375));
#547=CARTESIAN_POINT('',(51.827884318,12.876470167,12.144375));
#548=CARTESIAN_POINT('',(51.827860569,12.921713221,12.144375));
#549=CARTESIAN_POINT('',(51.845189893,12.966187358,12.144375));
#550=CARTESIAN_POINT('',(51.877751259,12.997791037,12.144375));
#551=B_SPLINE_CURVE_WITH_KNOTS('',3,(#538,#539,#540,#541,#542,#543,#544,#545,#546,#547,#548,#549,#550),.UNSPECIFIED.,.F.,.F.,(4,3,3,3,4),(0.,0.000134071,0.000268142,0.000402213,0.000536285),.UNSPECIFIED.);
#552=EDGE_CURVE('',#535,#537,#551,.T.);
#553=ORIENTED_EDGE('',*,*,#552,.T.);
#554=CARTESIAN_POINT('',(51.877751259,12.997791037,12.144375));
#555=CARTESIAN_POINT('',(51.910297006,13.029379555,12.144375));
#556=CARTESIAN_POINT('',(51.954697001,13.047261445,12.144375));
#557=CARTESIAN_POINT('',(51.99958798,13.0469571,12.144375));
#558=CARTESIAN_POINT('',(52.044478959,13.046652755,12.144375));
#559=CARTESIAN_POINT('',(52.089182794,13.028290241,12.144375));
#560=CARTESIAN_POINT('',(52.121026925,12.996930609,12.144375));
#561=CARTESIAN_POINT('',(52.152871055,12.965570978,12.144375));
#562=CARTESIAN_POINT('',(52.171578672,12.920948327,12.144375));
#563=CARTESIAN_POINT('',(52.171397431,12.875838573,12.144375));
#564=CARTESIAN_POINT('',(52.171216189,12.830728819,12.144375));
#565=CARTESIAN_POINT('',(52.152226415,12.78677477,12.144375));
#566=CARTESIAN_POINT('',(52.120148768,12.754697123,12.144375));
#567=B_SPLINE_CURVE_WITH_KNOTS('',3,(#554,#555,#556,#557,#558,#559,#560,#561,#562,#563,#564,#565,#566),.UNSPECIFIED.,.F.,.F.,(4,3,3,3,4),(0.,0.000134108,0.000268216,0.000402324,0.000536431),.UNSPECIFIED.);
#568=EDGE_CURVE('',#537,#535,#567,.T.);
#569=ORIENTED_EDGE('',*,*,#568,.T.);
#570=EDGE_LOOP('',(#553,#569));
#571=FACE_BOUND('',#570,.T.);
#572=CARTESIAN_POINT('',(52.457430295,19.843009069,12.144375));
#573=VERTEX_POINT('',#572);
#574=CARTESIAN_POINT('',(52.2136457,20.084715954,12.144375));
#575=VERTEX_POINT('',#574);
#576=CARTESIAN_POINT('',(52.457430295,19.843009069,12.144375));
#577=CARTESIAN_POINT('',(52.42573602,19.810354362,12.144375));
#578=CARTESIAN_POINT('',(52.3810724,19.792075709,12.144375));
#579=CARTESIAN_POINT('',(52.336143098,19.791763404,12.144375));
#580=CARTESIAN_POINT('',(52.291213795,19.791451099,12.144375));
#581=CARTESIAN_POINT('',(52.246070951,19.810118226,12.144375));
#582=CARTESIAN_POINT('',(52.21454631,19.842088477,12.144375));
#583=CARTESIAN_POINT('',(52.183021668,19.874058729,12.144375));
#584=CARTESIAN_POINT('',(52.163499396,19.91800314,12.144375));
#585=CARTESIAN_POINT('',(52.163095518,19.963237094,12.144375));
#586=CARTESIAN_POINT('',(52.16269164,20.008471047,12.144375));
#587=CARTESIAN_POINT('',(52.181540124,20.052610378,12.144375));
#588=CARTESIAN_POINT('',(52.2136457,20.084715954,12.144375));
#589=B_SPLINE_CURVE_WITH_KNOTS('',3,(#576,#577,#578,#579,#580,#581,#582,#583,#584,#585,#586,#587,#588),.UNSPECIFIED.,.F.,.F.,(4,3,3,3,4),(0.,0.000134455,0.00026891,0.000403365,0.000537821),.UNSPECIFIED.);
#590=EDGE_CURVE('',#573,#575,#589,.T.);
#591=ORIENTED_EDGE('',*,*,#590,.T.);
#592=CARTESIAN_POINT('',(52.2136457,20.084715954,12.144375));
#593=CARTESIAN_POINT('',(52.245649852,20.116720106,12.144375));
#594=CARTESIAN_POINT('',(52.290452511,20.133953091,12.144375));
#595=CARTESIAN_POINT('',(52.335131524,20.133888207,12.144375));
#596=CARTESIAN_POINT('',(52.379810538,20.133823323,12.144375));
#597=CARTESIAN_POINT('',(52.425064672,20.116682894,12.144375));
#598=CARTESIAN_POINT('',(52.456728288,20.085413577,12.144375));
#599=CARTESIAN_POINT('',(52.488391903,20.05414426,12.144375));
#600=CARTESIAN_POINT('',(52.506682937,20.00961459,12.144375));
#601=CARTESIAN_POINT('',(52.506602441,19.964549597,12.144375));
#602=CARTESIAN_POINT('',(52.506521946,19.919484604,12.144375));
#603=CARTESIAN_POINT('',(52.488912147,19.875444918,12.144375));
#604=CARTESIAN_POINT('',(52.457430295,19.843009069,12.144375));
#605=B_SPLINE_CURVE_WITH_KNOTS('',3,(#592,#593,#594,#595,#596,#597,#598,#599,#600,#601,#602,#603,#604),.UNSPECIFIED.,.F.,.F.,(4,3,3,3,4),(0.,0.000133655,0.00026731,0.000400965,0.00053462),.UNSPECIFIED.);
#606=EDGE_CURVE('',#575,#573,#605,.T.);
#607=ORIENTED_EDGE('',*,*,#606,.T.);
#608=EDGE_LOOP('',(#591,#607));
#609=FACE_BOUND('',#608,.T.);
#610=CARTESIAN_POINT('',(52.120045164,6.349246383,12.144375));
#611=VERTEX_POINT('',#610);
#612=CARTESIAN_POINT('',(51.877650033,6.590957539,12.144375));
#613=VERTEX_POINT('',#612);
#614=CARTESIAN_POINT('',(52.120045164,6.349246383,12.144375));
#615=CARTESIAN_POINT('',(52.087994907,6.317196125,12.144375));
#616=CARTESIAN_POINT('',(52.044120051,6.298265107,12.144375));
#617=CARTESIAN_POINT('',(51.999250295,6.298001968,12.144375));
#618=CARTESIAN_POINT('',(51.954380539,6.297738829,12.144375));
#619=CARTESIAN_POINT('',(51.909984697,6.317189119,12.144375));
#620=CARTESIAN_POINT('',(51.878204078,6.348695514,12.144375));
#621=CARTESIAN_POINT('',(51.846423458,6.38020191,12.144375));
#622=CARTESIAN_POINT('',(51.828100774,6.424617469,12.144375));
#623=CARTESIAN_POINT('',(51.827787933,6.469780961,12.144375));
#624=CARTESIAN_POINT('',(51.827475091,6.514944453,12.144375));
#625=CARTESIAN_POINT('',(51.845104809,6.559369527,12.144375));
#626=CARTESIAN_POINT('',(51.877650033,6.590957539,12.144375));
#627=B_SPLINE_CURVE_WITH_KNOTS('',3,(#614,#615,#616,#617,#618,#619,#620,#621,#622,#623,#624,#625,#626),.UNSPECIFIED.,.F.,.F.,(4,3,3,3,4),(0.,0.000134091,0.000268182,0.000402273,0.000536364),.UNSPECIFIED.);
#628=EDGE_CURVE('',#611,#613,#627,.T.);
#629=ORIENTED_EDGE('',*,*,#628,.T.);
#630=CARTESIAN_POINT('',(51.877650033,6.590957539,12.144375));
#631=CARTESIAN_POINT('',(51.91011847,6.622471023,12.144375));
#632=CARTESIAN_POINT('',(51.954363616,6.640354264,12.144375));
#633=CARTESIAN_POINT('',(51.999158375,6.640125721,12.144375));
#634=CARTESIAN_POINT('',(52.043953134,6.639897178,12.144375));
#635=CARTESIAN_POINT('',(52.088574876,6.621709059,12.144375));
#636=CARTESIAN_POINT('',(52.120468934,6.590545617,12.144375));
#637=CARTESIAN_POINT('',(52.152362991,6.559382175,12.144375));
#638=CARTESIAN_POINT('',(52.171542919,6.515093824,12.144375));
#639=CARTESIAN_POINT('',(52.171295051,6.470112232,12.144375));
#640=CARTESIAN_POINT('',(52.171047183,6.425130641,12.144375));
#641=CARTESIAN_POINT('',(52.152052855,6.381254073,12.144375));
#642=CARTESIAN_POINT('',(52.120045164,6.349246383,12.144375));
#643=B_SPLINE_CURVE_WITH_KNOTS('',3,(#630,#631,#632,#633,#634,#635,#636,#637,#638,#639,#640,#641,#642),.UNSPECIFIED.,.F.,.F.,(4,3,3,3,4),(0.,0.000133779,0.000267558,0.000401336,0.000535115),.UNSPECIFIED.);
#644=EDGE_CURVE('',#613,#611,#643,.T.);
#645=ORIENTED_EDGE('',*,*,#644,.T.);
#646=EDGE_LOOP('',(#629,#645));
#647=FACE_BOUND('',#646,.T.);
#648=CARTESIAN_POINT('',(51.085580986,5.961409804,12.144375));
#649=VERTEX_POINT('',#648);
#650=CARTESIAN_POINT('',(50.932523045,5.961409804,12.144375));
#651=VERTEX_POINT('',#650);
#652=CARTESIAN_POINT('',(51.085580986,5.961409804,12.144375));
#653=DIRECTION('',(-1.,0.,0.));
#654=VECTOR('',#653,0.153057941);
#655=LINE('',#652,#654);
#656=EDGE_CURVE('',#649,#651,#655,.T.);
#657=ORIENTED_EDGE('',*,*,#656,.T.);
#658=CARTESIAN_POINT('',(50.814093597,6.268910827,12.144375));
#659=VERTEX_POINT('',#658);
#660=CARTESIAN_POINT('',(50.932523045,5.961409804,12.144375));
#661=DIRECTION('',(-0.359401562,0.933183003,0.));
#662=VECTOR('',#661,0.329518456);
#663=LINE('',#660,#662);
#664=EDGE_CURVE('',#651,#659,#663,.T.);
#665=ORIENTED_EDGE('',*,*,#664,.T.);
#666=CARTESIAN_POINT('',(50.389548267,6.268910827,12.144375));
#667=VERTEX_POINT('',#666);
#668=CARTESIAN_POINT('',(50.814093597,6.268910827,12.144375));
#669=DIRECTION('',(-1.,0.,0.));
#670=VECTOR('',#669,0.424545331);
#671=LINE('',#668,#670);
#672=EDGE_CURVE('',#659,#667,#671,.T.);
#673=ORIENTED_EDGE('',*,*,#672,.T.);
#674=CARTESIAN_POINT('',(50.278044517,5.961409804,12.144375));
#675=VERTEX_POINT('',#674);
#676=CARTESIAN_POINT('',(50.389548267,6.268910827,12.144375));
#677=DIRECTION('',(-0.340892893,-0.940102141,0.));
#678=VECTOR('',#677,0.327093205);
#679=LINE('',#676,#678);
#680=EDGE_CURVE('',#667,#675,#679,.T.);
#681=ORIENTED_EDGE('',*,*,#680,.T.);
#682=CARTESIAN_POINT('',(50.135375124,5.961409804,12.144375));
#683=VERTEX_POINT('',#682);
#684=CARTESIAN_POINT('',(50.278044517,5.961409804,12.144375));
#685=DIRECTION('',(-1.,0.,0.));
#686=VECTOR('',#685,0.142669393);
#687=LINE('',#684,#686);
#688=EDGE_CURVE('',#675,#683,#687,.T.);
#689=ORIENTED_EDGE('',*,*,#688,.T.);
#690=CARTESIAN_POINT('',(50.525291961,6.976717234,12.144375));
#691=VERTEX_POINT('',#690);
#692=CARTESIAN_POINT('',(50.135375124,5.961409804,12.144375));
#693=DIRECTION('',(0.358509652,0.93352602,0.));
#694=VECTOR('',#693,1.087604854);
#695=LINE('',#692,#694);
#696=EDGE_CURVE('',#683,#691,#695,.T.);
#697=ORIENTED_EDGE('',*,*,#696,.T.);
#698=CARTESIAN_POINT('',(50.670039064,6.976717234,12.144375));
#699=VERTEX_POINT('',#698);
#700=CARTESIAN_POINT('',(50.525291961,6.976717234,12.144375));
#701=DIRECTION('',(1.,0.,-0.));
#702=VECTOR('',#701,0.144747103);
#703=LINE('',#700,#702);
#704=EDGE_CURVE('',#691,#699,#703,.T.);
#705=ORIENTED_EDGE('',*,*,#704,.T.);
#706=CARTESIAN_POINT('',(50.670039064,6.976717234,12.144375));
#707=DIRECTION('',(0.378780331,-0.925486608,0.));
#708=VECTOR('',#707,1.097052536);
#709=LINE('',#706,#708);
#710=EDGE_CURVE('',#699,#649,#709,.T.);
#711=ORIENTED_EDGE('',*,*,#710,.T.);
#712=EDGE_LOOP('',(#657,#665,#673,#681,#689,#697,#705,#711));
#713=FACE_BOUND('',#712,.T.);
#714=CARTESIAN_POINT('',(50.825686026,19.910359468,12.144375));
#715=VERTEX_POINT('',#714);
#716=CARTESIAN_POINT('',(50.960044581,19.876423544,12.144375));
#717=VERTEX_POINT('',#716);
#718=CARTESIAN_POINT('',(50.825686026,19.910359468,12.144375));
#719=DIRECTION('',(0.969551686,-0.244886766,0.));
#720=VECTOR('',#719,0.138578022);
#721=LINE('',#718,#720);
#722=EDGE_CURVE('',#715,#717,#721,.T.);
#723=ORIENTED_EDGE('',*,*,#722,.T.);
#724=CARTESIAN_POINT('',(50.942730335,20.291272896,12.144375));
#725=VERTEX_POINT('',#724);
#726=CARTESIAN_POINT('',(50.960044581,19.876423544,12.144375));
#727=CARTESIAN_POINT('',(50.917797819,19.710899345,12.144375));
#728=CARTESIAN_POINT('',(50.808025495,19.623981826,12.144375));
#729=CARTESIAN_POINT('',(50.69825317,19.537064307,12.144375));
#730=CARTESIAN_POINT('',(50.53965467,19.537064307,12.144375));
#731=CARTESIAN_POINT('',(50.375515611,19.537064307,12.144375));
#732=CARTESIAN_POINT('',(50.272668985,19.6038973,12.144375));
#733=CARTESIAN_POINT('',(50.169822359,19.670730292,12.144375));
#734=CARTESIAN_POINT('',(50.116148194,19.797470579,12.144375));
#735=CARTESIAN_POINT('',(50.062474029,19.924210865,12.144375));
#736=CARTESIAN_POINT('',(50.062474029,20.069650538,12.144375));
#737=CARTESIAN_POINT('',(50.062474029,20.228249038,12.144375));
#738=CARTESIAN_POINT('',(50.123073893,20.346332201,12.144375));
#739=CARTESIAN_POINT('',(50.183673756,20.464415364,12.144375));
#740=CARTESIAN_POINT('',(50.295523791,20.525707797,12.144375));
#741=CARTESIAN_POINT('',(50.407373825,20.587000231,12.144375));
#742=CARTESIAN_POINT('',(50.54173238,20.587000231,12.144375));
#743=CARTESIAN_POINT('',(50.694097751,20.587000231,12.144375));
#744=CARTESIAN_POINT('',(50.797983232,20.509432406,12.144375));
#745=CARTESIAN_POINT('',(50.901868712,20.43186458,12.144375));
#746=CARTESIAN_POINT('',(50.942730335,20.291272896,12.144375));
#747=B_SPLINE_CURVE_WITH_KNOTS('',2,(#726,#727,#728,#729,#730,#731,#732,#733,#734,#735,#736,#737,#738,#739,#740,#741,#742,#743,#744,#745,#746),.UNSPECIFIED.,.F.,.F.,(3,2,2,2,2,2,2,2,2,2,3),(0.,0.090496392,0.180992784,0.274650622,0.368308459,0.461966297,0.564097939,0.666229582,0.768361224,0.884180612,1.),.UNSPECIFIED.);
#748=EDGE_CURVE('',#717,#725,#747,.T.);
#749=ORIENTED_EDGE('',*,*,#748,.T.);
#750=CARTESIAN_POINT('',(50.810449489,20.260107252,12.144375));
#751=VERTEX_POINT('',#750);
#752=CARTESIAN_POINT('',(50.942730335,20.291272896,12.144375));
#753=DIRECTION('',(-0.973350293,-0.229323367,0.));
#754=VECTOR('',#753,0.13590261);
#755=LINE('',#752,#754);
#756=EDGE_CURVE('',#725,#751,#755,.T.);
#757=ORIENTED_EDGE('',*,*,#756,.T.);
#758=CARTESIAN_POINT('',(50.810449489,20.260107252,12.144375));
#759=CARTESIAN_POINT('',(50.775128426,20.370918431,12.144375));
#760=CARTESIAN_POINT('',(50.707949148,20.421476032,12.144375));
#761=CARTESIAN_POINT('',(50.640769871,20.472033633,12.144375));
#762=CARTESIAN_POINT('',(50.5389621,20.472033633,12.144375));
#763=CARTESIAN_POINT('',(50.421917792,20.472033633,12.144375));
#764=CARTESIAN_POINT('',(50.343311112,20.415935473,12.144375));
#765=CARTESIAN_POINT('',(50.264704431,20.359837314,12.144375));
#766=CARTESIAN_POINT('',(50.232846217,20.265301526,12.144375));
#767=CARTESIAN_POINT('',(50.200988003,20.170765739,12.144375));
#768=CARTESIAN_POINT('',(50.200988003,20.070343108,12.144375));
#769=CARTESIAN_POINT('',(50.200988003,19.940832542,12.144375));
#770=CARTESIAN_POINT('',(50.238733061,19.844219045,12.144375));
#771=CARTESIAN_POINT('',(50.276478119,19.747605548,12.144375));
#772=CARTESIAN_POINT('',(50.356123654,19.699818227,12.144375));
#773=CARTESIAN_POINT('',(50.435769189,19.652030906,12.144375));
#774=CARTESIAN_POINT('',(50.528573552,19.652030906,12.144375));
#775=CARTESIAN_POINT('',(50.641462441,19.652030906,12.144375));
#776=CARTESIAN_POINT('',(50.719722836,19.717132474,12.144375));
#777=CARTESIAN_POINT('',(50.797983232,19.782234042,12.144375));
#778=CARTESIAN_POINT('',(50.825686026,19.910359468,12.144375));
#779=B_SPLINE_CURVE_WITH_KNOTS('',2,(#758,#759,#760,#761,#762,#763,#764,#765,#766,#767,#768,#769,#770,#771,#772,#773,#774,#775,#776,#777,#778),.UNSPECIFIED.,.F.,.F.,(3,2,2,2,2,2,2,2,2,2,3),(0.,0.074051837,0.148103673,0.233238098,0.318372523,0.403506947,0.513300998,0.623095049,0.7328891,0.86644455,1.),.UNSPECIFIED.);
#780=EDGE_CURVE('',#751,#715,#779,.T.);
#781=ORIENTED_EDGE('',*,*,#780,.T.);
#782=EDGE_LOOP('',(#723,#749,#757,#781));
#783=FACE_BOUND('',#782,.T.);
#784=CARTESIAN_POINT('',(50.802666194,13.248489303,12.144375));
#785=VERTEX_POINT('',#784);
#786=CARTESIAN_POINT('',(50.61428719,12.708284804,12.144375));
#787=VERTEX_POINT('',#786);
#788=CARTESIAN_POINT('',(50.802666194,13.248489303,12.144375));
#789=CARTESIAN_POINT('',(50.894777987,13.221479078,12.144375));
#790=CARTESIAN_POINT('',(50.944296733,13.15637751,12.144375));
#791=CARTESIAN_POINT('',(50.993815479,13.091275942,12.144375));
#792=CARTESIAN_POINT('',(50.993815479,13.002626999,12.144375));
#793=CARTESIAN_POINT('',(50.993815479,12.931292302,12.144375));
#794=CARTESIAN_POINT('',(50.963688689,12.869999869,12.144375));
#795=CARTESIAN_POINT('',(50.9335619,12.808707435,12.144375));
#796=CARTESIAN_POINT('',(50.889237428,12.775464082,12.144375));
#797=CARTESIAN_POINT('',(50.844912956,12.742220728,12.144375));
#798=CARTESIAN_POINT('',(50.778079964,12.725252766,12.144375));
#799=CARTESIAN_POINT('',(50.711246971,12.708284804,12.144375));
#800=CARTESIAN_POINT('',(50.61428719,12.708284804,12.144375));
#801=B_SPLINE_CURVE_WITH_KNOTS('',2,(#788,#789,#790,#791,#792,#793,#794,#795,#796,#797,#798,#799,#800),.UNSPECIFIED.,.F.,.F.,(3,2,2,2,2,2,3),(0.453550075,0.558259043,0.66296801,0.747226008,0.831484005,0.915742003,1.),.UNSPECIFIED.);
#802=EDGE_CURVE('',#785,#787,#801,.T.);
#803=ORIENTED_EDGE('',*,*,#802,.T.);
#804=CARTESIAN_POINT('',(50.227140632,12.708284804,12.144375));
#805=VERTEX_POINT('',#804);
#806=CARTESIAN_POINT('',(50.61428719,12.708284804,12.144375));
#807=DIRECTION('',(-1.,0.,0.));
#808=VECTOR('',#807,0.387146558);
#809=LINE('',#806,#808);
#810=EDGE_CURVE('',#787,#805,#809,.T.);
#811=ORIENTED_EDGE('',*,*,#810,.T.);
#812=CARTESIAN_POINT('',(50.227140632,13.723592234,12.144375));
#813=VERTEX_POINT('',#812);
#814=CARTESIAN_POINT('',(50.227140632,12.708284804,12.144375));
#815=DIRECTION('',(0.,1.,0.));
#816=VECTOR('',#815,1.01530743);
#817=LINE('',#814,#816);
#818=EDGE_CURVE('',#805,#813,#817,.T.);
#819=ORIENTED_EDGE('',*,*,#818,.T.);
#820=CARTESIAN_POINT('',(50.608054061,13.723592234,12.144375));
#821=VERTEX_POINT('',#820);
#822=CARTESIAN_POINT('',(50.227140632,13.723592234,12.144375));
#823=DIRECTION('',(1.,0.,-0.));
#824=VECTOR('',#823,0.380913429);
#825=LINE('',#822,#824);
#826=EDGE_CURVE('',#813,#821,#825,.T.);
#827=ORIENTED_EDGE('',*,*,#826,.T.);
#828=CARTESIAN_POINT('',(50.608054061,13.723592234,12.144375));
#829=CARTESIAN_POINT('',(50.724405799,13.723592234,12.144375));
#830=CARTESIAN_POINT('',(50.794701641,13.692772875,12.144375));
#831=CARTESIAN_POINT('',(50.864997483,13.661953516,12.144375));
#832=CARTESIAN_POINT('',(50.90482025,13.597890803,12.144375));
#833=CARTESIAN_POINT('',(50.944643018,13.53382809,12.144375));
#834=CARTESIAN_POINT('',(50.944643018,13.463878533,12.144375));
#835=CARTESIAN_POINT('',(50.944643018,13.398776965,12.144375));
#836=CARTESIAN_POINT('',(50.909321954,13.341293666,12.144375));
#837=CARTESIAN_POINT('',(50.874000891,13.283810366,12.144375));
#838=CARTESIAN_POINT('',(50.802666194,13.248489303,12.144375));
#839=B_SPLINE_CURVE_WITH_KNOTS('',2,(#828,#829,#830,#831,#832,#833,#834,#835,#836,#837,#838),.UNSPECIFIED.,.F.,.F.,(3,2,2,2,2,3),(0.,0.093296451,0.186592902,0.279889354,0.366719714,0.453550075),.UNSPECIFIED.);
#840=EDGE_CURVE('',#821,#785,#839,.T.);
#841=ORIENTED_EDGE('',*,*,#840,.T.);
#842=EDGE_LOOP('',(#803,#811,#819,#827,#841));
#843=FACE_BOUND('',#842,.T.);
#844=CARTESIAN_POINT('',(9.096375,13.2159375,12.144375));
#845=VERTEX_POINT('',#844);
#846=CARTESIAN_POINT('',(7.826375,13.2159375,12.144375));
#847=DIRECTION('',(0.,0.,1.));
#848=DIRECTION('',(1.,0.,-0.));
#849=AXIS2_PLACEMENT_3D('',#846,#847,#848);
#850=CIRCLE('',#849,1.27);
#851=EDGE_CURVE('',#845,#845,#850,.T.);
#852=ORIENTED_EDGE('',*,*,#851,.F.);
#853=EDGE_LOOP('',(#852));
#854=FACE_BOUND('',#853,.T.);
#855=CARTESIAN_POINT('',(40.592375,4.9609375,12.144375));
#856=VERTEX_POINT('',#855);
#857=CARTESIAN_POINT('',(14.938375,4.9609375,12.144375));
#858=VERTEX_POINT('',#857);
#859=CARTESIAN_POINT('',(40.592375,4.9609375,12.144375));
#860=DIRECTION('',(-1.,0.,0.));
#861=VECTOR('',#860,25.654);
#862=LINE('',#859,#861);
#863=EDGE_CURVE('',#856,#858,#862,.T.);
#864=ORIENTED_EDGE('',*,*,#863,.T.);
#865=CARTESIAN_POINT('',(14.938375,21.4709375,12.144375));
#866=VERTEX_POINT('',#865);
#867=CARTESIAN_POINT('',(14.938375,4.9609375,12.144375));
#868=DIRECTION('',(0.,1.,0.));
#869=VECTOR('',#868,16.51);
#870=LINE('',#867,#869);
#871=EDGE_CURVE('',#858,#866,#870,.T.);
#872=ORIENTED_EDGE('',*,*,#871,.T.);
#873=CARTESIAN_POINT('',(40.592375,21.4709375,12.144375));
#874=VERTEX_POINT('',#873);
#875=CARTESIAN_POINT('',(40.592375,21.4709375,12.144375));
#876=DIRECTION('',(-1.,0.,0.));
#877=VECTOR('',#876,25.654);
#878=LINE('',#875,#877);
#879=EDGE_CURVE('',#874,#866,#878,.T.);
#880=ORIENTED_EDGE('',*,*,#879,.F.);
#881=CARTESIAN_POINT('',(40.592375,21.4709375,12.144375));
#882=DIRECTION('',(0.,-1.,0.));
#883=VECTOR('',#882,16.51);
#884=LINE('',#881,#883);
#885=EDGE_CURVE('',#874,#856,#884,.T.);
#886=ORIENTED_EDGE('',*,*,#885,.T.);
#887=EDGE_LOOP('',(#864,#872,#880,#886));
#888=FACE_BOUND('',#887,.T.);
#889=CARTESIAN_POINT('',(2.002408359,1.803970715,12.144394118));
#890=VERTEX_POINT('',#889);
#891=CARTESIAN_POINT('',(52.784375,1.803988716,12.144375));
#892=VERTEX_POINT('',#891);
#893=CARTESIAN_POINT('',(2.002408359,1.803988709,12.144375));
#894=DIRECTION('',(1.,0.,-0.));
#895=VECTOR('',#894,50.781966642);
#896=LINE('',#893,#895);
#897=EDGE_CURVE('',#890,#892,#896,.T.);
#898=ORIENTED_EDGE('',*,*,#897,.T.);
#899=CARTESIAN_POINT('',(52.784375,24.627886276,12.144375));
#900=VERTEX_POINT('',#899);
#901=CARTESIAN_POINT('',(52.784375,1.803988716,12.144375));
#902=DIRECTION('',(0.,1.,0.));
#903=VECTOR('',#902,22.82389756);
#904=LINE('',#901,#903);
#905=EDGE_CURVE('',#892,#900,#904,.T.);
#906=ORIENTED_EDGE('',*,*,#905,.T.);
#907=CARTESIAN_POINT('',(2.00240372,24.627908605,12.144394118));
#908=VERTEX_POINT('',#907);
#909=CARTESIAN_POINT('',(52.784375,24.627886276,12.144375));
#910=DIRECTION('',(-1.,0.000000352,0.));
#911=VECTOR('',#910,50.78197128);
#912=LINE('',#909,#911);
#913=EDGE_CURVE('',#900,#908,#912,.T.);
#914=ORIENTED_EDGE('',*,*,#913,.T.);
#915=CARTESIAN_POINT('',(2.00240822,24.627908605,12.144375));
#916=DIRECTION('',(0.000000788,-1.,0.));
#917=VECTOR('',#916,22.823937889);
#918=LINE('',#915,#917);
#919=EDGE_CURVE('',#908,#890,#918,.T.);
#920=ORIENTED_EDGE('',*,*,#919,.T.);
#921=EDGE_LOOP('',(#898,#906,#914,#920));
#922=FACE_BOUND('',#921,.T.);
#923=CARTESIAN_POINT('',(47.704375,7.7549375,12.144375));
#924=VERTEX_POINT('',#923);
#925=CARTESIAN_POINT('',(47.704375,8.0089375,12.144375));
#926=VERTEX_POINT('',#925);
#927=CARTESIAN_POINT('',(47.704375,7.7549375,12.144375));
#928=DIRECTION('',(0.,1.,0.));
#929=VECTOR('',#928,0.254);
#930=LINE('',#927,#929);
#931=EDGE_CURVE('',#924,#926,#930,.T.);
#932=ORIENTED_EDGE('',*,*,#931,.F.);
#933=CARTESIAN_POINT('',(48.326745154,7.7549375,12.144375));
#934=VERTEX_POINT('',#933);
#935=CARTESIAN_POINT('',(47.704375,7.7549375,12.144375));
#936=DIRECTION('',(1.,0.,-0.));
#937=VECTOR('',#936,0.622370154);
#938=LINE('',#935,#937);
#939=EDGE_CURVE('',#924,#934,#938,.T.);
#940=ORIENTED_EDGE('',*,*,#939,.T.);
#941=CARTESIAN_POINT('',(48.694065777,7.395727255,12.144375));
#942=VERTEX_POINT('',#941);
#943=CARTESIAN_POINT('',(48.326745154,7.7549375,12.144375));
#944=CARTESIAN_POINT('',(48.422708454,7.7549375,12.144375));
#945=CARTESIAN_POINT('',(48.516890471,7.717451195,12.144375));
#946=CARTESIAN_POINT('',(48.585119792,7.651469919,12.144375));
#947=CARTESIAN_POINT('',(48.653349112,7.585488643,12.144375));
#948=CARTESIAN_POINT('',(48.694065777,7.491761111,12.144375));
#949=CARTESIAN_POINT('',(48.694065777,7.395727255,12.144375));
#950=B_SPLINE_CURVE_WITH_KNOTS('',3,(#943,#944,#945,#946,#947,#948,#949),.UNSPECIFIED.,.F.,.F.,(4,3,4),(0.,0.00028388,0.000567761),.UNSPECIFIED.);
#951=EDGE_CURVE('',#934,#942,#950,.T.);
#952=ORIENTED_EDGE('',*,*,#951,.T.);
#953=CARTESIAN_POINT('',(48.694065777,5.574147745,12.144375));
#954=VERTEX_POINT('',#953);
#955=CARTESIAN_POINT('',(48.694065777,5.574147745,12.144375));
#956=DIRECTION('',(0.,1.,0.));
#957=VECTOR('',#956,1.82157951);
#958=LINE('',#955,#957);
#959=EDGE_CURVE('',#954,#942,#958,.T.);
#960=ORIENTED_EDGE('',*,*,#959,.F.);
#961=CARTESIAN_POINT('',(48.326745154,5.2149375,12.144375));
#962=VERTEX_POINT('',#961);
#963=CARTESIAN_POINT('',(48.694065777,5.574147745,12.144375));
#964=CARTESIAN_POINT('',(48.694065777,5.478152529,12.144375));
#965=CARTESIAN_POINT('',(48.653360825,5.384499255,12.144375));
#966=CARTESIAN_POINT('',(48.585319904,5.31859875,12.144375));
#967=CARTESIAN_POINT('',(48.517278983,5.252698244,12.144375));
#968=CARTESIAN_POINT('',(48.42267962,5.2149375,12.144375));
#969=CARTESIAN_POINT('',(48.326745154,5.2149375,12.144375));
#970=B_SPLINE_CURVE_WITH_KNOTS('',3,(#963,#964,#965,#966,#967,#968,#969),.UNSPECIFIED.,.F.,.F.,(4,3,4),(0.,0.000283875,0.00056775),.UNSPECIFIED.);
#971=EDGE_CURVE('',#954,#962,#970,.T.);
#972=ORIENTED_EDGE('',*,*,#971,.T.);
#973=CARTESIAN_POINT('',(47.704375,5.2149375,12.144375));
#974=VERTEX_POINT('',#973);
#975=CARTESIAN_POINT('',(47.704375,5.2149375,12.144375));
#976=DIRECTION('',(1.,0.,-0.));
#977=VECTOR('',#976,0.622370154);
#978=LINE('',#975,#977);
#979=EDGE_CURVE('',#974,#962,#978,.T.);
#980=ORIENTED_EDGE('',*,*,#979,.F.);
#981=CARTESIAN_POINT('',(47.704375,4.9609375,12.144375));
#982=VERTEX_POINT('',#981);
#983=CARTESIAN_POINT('',(47.704375,4.9609375,12.144375));
#984=DIRECTION('',(0.,1.,0.));
#985=VECTOR('',#984,0.254);
#986=LINE('',#983,#985);
#987=EDGE_CURVE('',#982,#974,#986,.T.);
#988=ORIENTED_EDGE('',*,*,#987,.F.);
#989=CARTESIAN_POINT('',(43.640375,4.9609375,12.144375));
#990=VERTEX_POINT('',#989);
#991=CARTESIAN_POINT('',(47.704375,4.9609375,12.144375));
#992=DIRECTION('',(-1.,-0.,0.));
#993=VECTOR('',#992,4.064);
#994=LINE('',#991,#993);
#995=EDGE_CURVE('',#982,#990,#994,.T.);
#996=ORIENTED_EDGE('',*,*,#995,.T.);
#997=CARTESIAN_POINT('',(43.640375,21.4709375,12.144375));
#998=VERTEX_POINT('',#997);
#999=CARTESIAN_POINT('',(43.640375,4.9609375,12.144375));
#1000=DIRECTION('',(0.,1.,0.));
#1001=VECTOR('',#1000,16.51);
#1002=LINE('',#999,#1001);
#1003=EDGE_CURVE('',#990,#998,#1002,.T.);
#1004=ORIENTED_EDGE('',*,*,#1003,.T.);
#1005=CARTESIAN_POINT('',(47.704375,21.4709375,12.144375));
#1006=VERTEX_POINT('',#1005);
#1007=CARTESIAN_POINT('',(47.704375,21.4709375,12.144375));
#1008=DIRECTION('',(-1.,-0.,0.));
#1009=VECTOR('',#1008,4.064);
#1010=LINE('',#1007,#1009);
#1011=EDGE_CURVE('',#1006,#998,#1010,.T.);
#1012=ORIENTED_EDGE('',*,*,#1011,.F.);
#1013=CARTESIAN_POINT('',(47.704375,21.2169375,12.144375));
#1014=VERTEX_POINT('',#1013);
#1015=CARTESIAN_POINT('',(47.704375,21.2169375,12.144375));
#1016=DIRECTION('',(0.,1.,0.));
#1017=VECTOR('',#1016,0.254);
#1018=LINE('',#1015,#1017);
#1019=EDGE_CURVE('',#1014,#1006,#1018,.T.);
#1020=ORIENTED_EDGE('',*,*,#1019,.F.);
#1021=CARTESIAN_POINT('',(48.326745154,21.2169375,12.144375));
#1022=VERTEX_POINT('',#1021);
#1023=CARTESIAN_POINT('',(47.704375,21.2169375,12.144375));
#1024=DIRECTION('',(1.,0.,-0.));
#1025=VECTOR('',#1024,0.622370154);
#1026=LINE('',#1023,#1025);
#1027=EDGE_CURVE('',#1014,#1022,#1026,.T.);
#1028=ORIENTED_EDGE('',*,*,#1027,.T.);
#1029=CARTESIAN_POINT('',(48.694065777,20.857727255,12.144375));
#1030=VERTEX_POINT('',#1029);
#1031=CARTESIAN_POINT('',(48.326745154,21.2169375,12.144375));
#1032=CARTESIAN_POINT('',(48.422708454,21.2169375,12.144375));
#1033=CARTESIAN_POINT('',(48.516890471,21.179451195,12.144375));
#1034=CARTESIAN_POINT('',(48.585119792,21.113469919,12.144375));
#1035=CARTESIAN_POINT('',(48.653349112,21.047488643,12.144375));
#1036=CARTESIAN_POINT('',(48.694065777,20.953761111,12.144375));
#1037=CARTESIAN_POINT('',(48.694065777,20.857727255,12.144375));
#1038=B_SPLINE_CURVE_WITH_KNOTS('',3,(#1031,#1032,#1033,#1034,#1035,#1036,#1037),.UNSPECIFIED.,.F.,.F.,(4,3,4),(0.,0.00028388,0.000567761),.UNSPECIFIED.);
#1039=EDGE_CURVE('',#1022,#1030,#1038,.T.);
#1040=ORIENTED_EDGE('',*,*,#1039,.T.);
#1041=CARTESIAN_POINT('',(48.694065777,19.036147745,12.144375));
#1042=VERTEX_POINT('',#1041);
#1043=CARTESIAN_POINT('',(48.694065777,19.036147745,12.144375));
#1044=DIRECTION('',(0.,1.,0.));
#1045=VECTOR('',#1044,1.82157951);
#1046=LINE('',#1043,#1045);
#1047=EDGE_CURVE('',#1042,#1030,#1046,.T.);
#1048=ORIENTED_EDGE('',*,*,#1047,.F.);
#1049=CARTESIAN_POINT('',(48.326745154,18.6769375,12.144375));
#1050=VERTEX_POINT('',#1049);
#1051=CARTESIAN_POINT('',(48.694065777,19.036147745,12.144375));
#1052=CARTESIAN_POINT('',(48.694065777,18.940152529,12.144375));
#1053=CARTESIAN_POINT('',(48.653360825,18.846499255,12.144375));
#1054=CARTESIAN_POINT('',(48.585319904,18.78059875,12.144375));
#1055=CARTESIAN_POINT('',(48.517278983,18.714698244,12.144375));
#1056=CARTESIAN_POINT('',(48.42267962,18.6769375,12.144375));
#1057=CARTESIAN_POINT('',(48.326745154,18.6769375,12.144375));
#1058=B_SPLINE_CURVE_WITH_KNOTS('',3,(#1051,#1052,#1053,#1054,#1055,#1056,#1057),.UNSPECIFIED.,.F.,.F.,(4,3,4),(0.,0.000283875,0.00056775),.UNSPECIFIED.);
#1059=EDGE_CURVE('',#1042,#1050,#1058,.T.);
#1060=ORIENTED_EDGE('',*,*,#1059,.T.);
#1061=CARTESIAN_POINT('',(47.704375,18.6769375,12.144375));
#1062=VERTEX_POINT('',#1061);
#1063=CARTESIAN_POINT('',(47.704375,18.6769375,12.144375));
#1064=DIRECTION('',(1.,0.,-0.));
#1065=VECTOR('',#1064,0.622370154);
#1066=LINE('',#1063,#1065);
#1067=EDGE_CURVE('',#1062,#1050,#1066,.T.);
#1068=ORIENTED_EDGE('',*,*,#1067,.F.);
#1069=CARTESIAN_POINT('',(47.704375,18.4229375,12.144375));
#1070=VERTEX_POINT('',#1069);
#1071=CARTESIAN_POINT('',(47.704375,18.4229375,12.144375));
#1072=DIRECTION('',(0.,1.,0.));
#1073=VECTOR('',#1072,0.254);
#1074=LINE('',#1071,#1073);
#1075=EDGE_CURVE('',#1070,#1062,#1074,.T.);
#1076=ORIENTED_EDGE('',*,*,#1075,.F.);
#1077=CARTESIAN_POINT('',(44.253585245,18.4229375,12.144375));
#1078=VERTEX_POINT('',#1077);
#1079=CARTESIAN_POINT('',(47.704375,18.4229375,12.144375));
#1080=DIRECTION('',(-1.,-0.,0.));
#1081=VECTOR('',#1080,3.450789755);
#1082=LINE('',#1079,#1081);
#1083=EDGE_CURVE('',#1070,#1078,#1082,.T.);
#1084=ORIENTED_EDGE('',*,*,#1083,.T.);
#1085=CARTESIAN_POINT('',(44.253585245,14.7399375,12.144375));
#1086=VERTEX_POINT('',#1085);
#1087=CARTESIAN_POINT('',(44.253585245,18.4229375,12.144375));
#1088=DIRECTION('',(-0.,-1.,-0.));
#1089=VECTOR('',#1088,3.683);
#1090=LINE('',#1087,#1089);
#1091=EDGE_CURVE('',#1078,#1086,#1090,.T.);
#1092=ORIENTED_EDGE('',*,*,#1091,.T.);
#1093=CARTESIAN_POINT('',(47.704375,14.7399375,12.144375));
#1094=VERTEX_POINT('',#1093);
#1095=CARTESIAN_POINT('',(47.704375,14.7399375,12.144375));
#1096=DIRECTION('',(-1.,-0.,0.));
#1097=VECTOR('',#1096,3.450789755);
#1098=LINE('',#1095,#1097);
#1099=EDGE_CURVE('',#1094,#1086,#1098,.T.);
#1100=ORIENTED_EDGE('',*,*,#1099,.F.);
#1101=CARTESIAN_POINT('',(47.704375,14.4859375,12.144375));
#1102=VERTEX_POINT('',#1101);
#1103=CARTESIAN_POINT('',(47.704375,14.4859375,12.144375));
#1104=DIRECTION('',(0.,1.,0.));
#1105=VECTOR('',#1104,0.254);
#1106=LINE('',#1103,#1105);
#1107=EDGE_CURVE('',#1102,#1094,#1106,.T.);
#1108=ORIENTED_EDGE('',*,*,#1107,.F.);
#1109=CARTESIAN_POINT('',(48.326745154,14.4859375,12.144375));
#1110=VERTEX_POINT('',#1109);
#1111=CARTESIAN_POINT('',(47.704375,14.4859375,12.144375));
#1112=DIRECTION('',(1.,0.,-0.));
#1113=VECTOR('',#1112,0.622370154);
#1114=LINE('',#1111,#1113);
#1115=EDGE_CURVE('',#1102,#1110,#1114,.T.);
#1116=ORIENTED_EDGE('',*,*,#1115,.T.);
#1117=CARTESIAN_POINT('',(48.694065777,14.126727255,12.144375));
#1118=VERTEX_POINT('',#1117);
#1119=CARTESIAN_POINT('',(48.326745154,14.4859375,12.144375));
#1120=CARTESIAN_POINT('',(48.422708454,14.4859375,12.144375));
#1121=CARTESIAN_POINT('',(48.516890471,14.448451195,12.144375));
#1122=CARTESIAN_POINT('',(48.585119791,14.382469919,12.144375));
#1123=CARTESIAN_POINT('',(48.653349112,14.316488643,12.144375));
#1124=CARTESIAN_POINT('',(48.694065777,14.222761111,12.144375));
#1125=CARTESIAN_POINT('',(48.694065777,14.126727255,12.144375));
#1126=B_SPLINE_CURVE_WITH_KNOTS('',3,(#1119,#1120,#1121,#1122,#1123,#1124,#1125),.UNSPECIFIED.,.F.,.F.,(4,3,4),(0.,0.00028388,0.000567761),.UNSPECIFIED.);
#1127=EDGE_CURVE('',#1110,#1118,#1126,.T.);
#1128=ORIENTED_EDGE('',*,*,#1127,.T.);
#1129=CARTESIAN_POINT('',(48.694065777,12.305147745,12.144375));
#1130=VERTEX_POINT('',#1129);
#1131=CARTESIAN_POINT('',(48.694065777,12.305147745,12.144375));
#1132=DIRECTION('',(0.,1.,0.));
#1133=VECTOR('',#1132,1.82157951);
#1134=LINE('',#1131,#1133);
#1135=EDGE_CURVE('',#1130,#1118,#1134,.T.);
#1136=ORIENTED_EDGE('',*,*,#1135,.F.);
#1137=CARTESIAN_POINT('',(48.326745154,11.9459375,12.144375));
#1138=VERTEX_POINT('',#1137);
#1139=CARTESIAN_POINT('',(48.694065777,12.305147745,12.144375));
#1140=CARTESIAN_POINT('',(48.694065777,12.209152529,12.144375));
#1141=CARTESIAN_POINT('',(48.653360825,12.115499255,12.144375));
#1142=CARTESIAN_POINT('',(48.585319904,12.04959875,12.144375));
#1143=CARTESIAN_POINT('',(48.517278983,11.983698244,12.144375));
#1144=CARTESIAN_POINT('',(48.42267962,11.9459375,12.144375));
#1145=CARTESIAN_POINT('',(48.326745154,11.9459375,12.144375));
#1146=B_SPLINE_CURVE_WITH_KNOTS('',3,(#1139,#1140,#1141,#1142,#1143,#1144,#1145),.UNSPECIFIED.,.F.,.F.,(4,3,4),(0.,0.000283875,0.00056775),.UNSPECIFIED.);
#1147=EDGE_CURVE('',#1130,#1138,#1146,.T.);
#1148=ORIENTED_EDGE('',*,*,#1147,.T.);
#1149=CARTESIAN_POINT('',(47.704375,11.9459375,12.144375));
#1150=VERTEX_POINT('',#1149);
#1151=CARTESIAN_POINT('',(47.704375,11.9459375,12.144375));
#1152=DIRECTION('',(1.,0.,-0.));
#1153=VECTOR('',#1152,0.622370154);
#1154=LINE('',#1151,#1153);
#1155=EDGE_CURVE('',#1150,#1138,#1154,.T.);
#1156=ORIENTED_EDGE('',*,*,#1155,.F.);
#1157=CARTESIAN_POINT('',(47.704375,11.6919375,12.144375));
#1158=VERTEX_POINT('',#1157);
#1159=CARTESIAN_POINT('',(47.704375,11.6919375,12.144375));
#1160=DIRECTION('',(0.,1.,0.));
#1161=VECTOR('',#1160,0.254);
#1162=LINE('',#1159,#1161);
#1163=EDGE_CURVE('',#1158,#1150,#1162,.T.);
#1164=ORIENTED_EDGE('',*,*,#1163,.F.);
#1165=CARTESIAN_POINT('',(44.253585245,11.6919375,12.144375));
#1166=VERTEX_POINT('',#1165);
#1167=CARTESIAN_POINT('',(47.704375,11.6919375,12.144375));
#1168=DIRECTION('',(-1.,-0.,0.));
#1169=VECTOR('',#1168,3.450789755);
#1170=LINE('',#1167,#1169);
#1171=EDGE_CURVE('',#1158,#1166,#1170,.T.);
#1172=ORIENTED_EDGE('',*,*,#1171,.T.);
#1173=CARTESIAN_POINT('',(44.253585245,8.0089375,12.144375));
#1174=VERTEX_POINT('',#1173);
#1175=CARTESIAN_POINT('',(44.253585245,11.6919375,12.144375));
#1176=DIRECTION('',(-0.,-1.,-0.));
#1177=VECTOR('',#1176,3.683);
#1178=LINE('',#1175,#1177);
#1179=EDGE_CURVE('',#1166,#1174,#1178,.T.);
#1180=ORIENTED_EDGE('',*,*,#1179,.T.);
#1181=CARTESIAN_POINT('',(47.704375,8.0089375,12.144375));
#1182=DIRECTION('',(-1.,-0.,0.));
#1183=VECTOR('',#1182,3.450789755);
#1184=LINE('',#1181,#1183);
#1185=EDGE_CURVE('',#926,#1174,#1184,.T.);
#1186=ORIENTED_EDGE('',*,*,#1185,.F.);
#1187=EDGE_LOOP('',(#932,#940,#952,#960,#972,#980,#988,#996,#1004,#1012,#1020,#1028,#1040,#1048,#1060,#1068,#1076,#1084,#1092,#1100,#1108,#1116,#1128,#1136,#1148,#1156,
#1164,#1172,#1180,#1186));
#1188=FACE_BOUND('',#1187,.T.);
#1189=ADVANCED_FACE('',(#495,#533,#571,#609,#647,#713,#783,#843,#854,#888,#922,#1188),#457,.T.);
#1190=CARTESIAN_POINT('',(47.704375,13.2159375,7.9771875));
#1191=DIRECTION('',(-1.,0.,0.));
#1192=DIRECTION('',(0.,0.,1.));
#1193=AXIS2_PLACEMENT_3D('',#1190,#1191,#1192);
#1194=PLANE('',#1193);
#1195=CARTESIAN_POINT('',(47.704375,14.4859375,11.859559633));
#1196=VERTEX_POINT('',#1195);
#1197=CARTESIAN_POINT('',(47.704375,14.4859375,12.144375));
#1198=DIRECTION('',(0.,0.,-1.));
#1199=VECTOR('',#1198,0.284815367);
#1200=LINE('',#1197,#1199);
#1201=EDGE_CURVE('',#1102,#1196,#1200,.T.);
#1202=ORIENTED_EDGE('',*,*,#1201,.F.);
#1203=ORIENTED_EDGE('',*,*,#1107,.T.);
#1204=CARTESIAN_POINT('',(47.704375,14.7399375,10.874375));
#1205=VERTEX_POINT('',#1204);
#1206=CARTESIAN_POINT('',(47.704375,14.7399375,10.874375));
#1207=DIRECTION('',(0.,0.,1.));
#1208=VECTOR('',#1207,1.27);
#1209=LINE('',#1206,#1208);
#1210=EDGE_CURVE('',#1205,#1094,#1209,.T.);
#1211=ORIENTED_EDGE('',*,*,#1210,.F.);
#1212=CARTESIAN_POINT('',(47.704375,14.126727255,10.874375));
#1213=VERTEX_POINT('',#1212);
#1214=CARTESIAN_POINT('',(47.704375,14.126727255,10.874375));
#1215=DIRECTION('',(0.,1.,0.));
#1216=VECTOR('',#1215,0.613210245);
#1217=LINE('',#1214,#1216);
#1218=EDGE_CURVE('',#1213,#1205,#1217,.T.);
#1219=ORIENTED_EDGE('',*,*,#1218,.F.);
#1220=CARTESIAN_POINT('',(47.704375,14.126727255,11.859559633));
#1221=VERTEX_POINT('',#1220);
#1222=CARTESIAN_POINT('',(47.704375,14.126727255,10.874375));
#1223=DIRECTION('',(0.,0.,1.));
#1224=VECTOR('',#1223,0.985184633);
#1225=LINE('',#1222,#1224);
#1226=EDGE_CURVE('',#1213,#1221,#1225,.T.);
#1227=ORIENTED_EDGE('',*,*,#1226,.T.);
#1228=CARTESIAN_POINT('',(47.704375,14.4859375,11.859559633));
#1229=DIRECTION('',(0.,-1.,0.));
#1230=VECTOR('',#1229,0.359210245);
#1231=LINE('',#1228,#1230);
#1232=EDGE_CURVE('',#1196,#1221,#1231,.T.);
#1233=ORIENTED_EDGE('',*,*,#1232,.F.);
#1234=EDGE_LOOP('',(#1202,#1203,#1211,#1219,#1227,#1233));
#1235=FACE_BOUND('',#1234,.T.);
#1236=ADVANCED_FACE('',(#1235),#1194,.T.);
#1237=CARTESIAN_POINT('',(47.704375,13.2159375,7.9771875));
#1238=DIRECTION('',(-1.,0.,0.));
#1239=DIRECTION('',(0.,0.,1.));
#1240=AXIS2_PLACEMENT_3D('',#1237,#1238,#1239);
#1241=PLANE('',#1240);
#1242=CARTESIAN_POINT('',(47.704375,21.2169375,11.859559633));
#1243=VERTEX_POINT('',#1242);
#1244=CARTESIAN_POINT('',(47.704375,21.2169375,12.144375));
#1245=DIRECTION('',(0.,0.,-1.));
#1246=VECTOR('',#1245,0.284815367);
#1247=LINE('',#1244,#1246);
#1248=EDGE_CURVE('',#1014,#1243,#1247,.T.);
#1249=ORIENTED_EDGE('',*,*,#1248,.F.);
#1250=ORIENTED_EDGE('',*,*,#1019,.T.);
#1251=CARTESIAN_POINT('',(47.704375,21.4709375,10.874375));
#1252=VERTEX_POINT('',#1251);
#1253=CARTESIAN_POINT('',(47.704375,21.4709375,12.144375));
#1254=DIRECTION('',(-0.,-0.,-1.));
#1255=VECTOR('',#1254,1.27);
#1256=LINE('',#1253,#1255);
#1257=EDGE_CURVE('',#1006,#1252,#1256,.T.);
#1258=ORIENTED_EDGE('',*,*,#1257,.T.);
#1259=CARTESIAN_POINT('',(47.704375,20.857727255,10.874375));
#1260=VERTEX_POINT('',#1259);
#1261=CARTESIAN_POINT('',(47.704375,20.857727255,10.874375));
#1262=DIRECTION('',(0.,1.,0.));
#1263=VECTOR('',#1262,0.613210245);
#1264=LINE('',#1261,#1263);
#1265=EDGE_CURVE('',#1260,#1252,#1264,.T.);
#1266=ORIENTED_EDGE('',*,*,#1265,.F.);
#1267=CARTESIAN_POINT('',(47.704375,20.857727255,11.859559633));
#1268=VERTEX_POINT('',#1267);
#1269=CARTESIAN_POINT('',(47.704375,20.857727255,10.874375));
#1270=DIRECTION('',(0.,0.,1.));
#1271=VECTOR('',#1270,0.985184633);
#1272=LINE('',#1269,#1271);
#1273=EDGE_CURVE('',#1260,#1268,#1272,.T.);
#1274=ORIENTED_EDGE('',*,*,#1273,.T.);
#1275=CARTESIAN_POINT('',(47.704375,21.2169375,11.859559633));
#1276=DIRECTION('',(0.,-1.,0.));
#1277=VECTOR('',#1276,0.359210245);
#1278=LINE('',#1275,#1277);
#1279=EDGE_CURVE('',#1243,#1268,#1278,.T.);
#1280=ORIENTED_EDGE('',*,*,#1279,.F.);
#1281=EDGE_LOOP('',(#1249,#1250,#1258,#1266,#1274,#1280));
#1282=FACE_BOUND('',#1281,.T.);
#1283=ADVANCED_FACE('',(#1282),#1241,.T.);
#1284=CARTESIAN_POINT('',(47.704375,13.2159375,7.9771875));
#1285=DIRECTION('',(-1.,0.,0.));
#1286=DIRECTION('',(0.,0.,1.));
#1287=AXIS2_PLACEMENT_3D('',#1284,#1285,#1286);
#1288=PLANE('',#1287);
#1289=CARTESIAN_POINT('',(47.704375,7.7549375,11.859559633));
#1290=VERTEX_POINT('',#1289);
#1291=CARTESIAN_POINT('',(47.704375,7.7549375,12.144375));
#1292=DIRECTION('',(0.,0.,-1.));
#1293=VECTOR('',#1292,0.284815367);
#1294=LINE('',#1291,#1293);
#1295=EDGE_CURVE('',#924,#1290,#1294,.T.);
#1296=ORIENTED_EDGE('',*,*,#1295,.F.);
#1297=ORIENTED_EDGE('',*,*,#931,.T.);
#1298=CARTESIAN_POINT('',(47.704375,8.0089375,10.874375));
#1299=VERTEX_POINT('',#1298);
#1300=CARTESIAN_POINT('',(47.704375,8.0089375,10.874375));
#1301=DIRECTION('',(0.,0.,1.));
#1302=VECTOR('',#1301,1.27);
#1303=LINE('',#1300,#1302);
#1304=EDGE_CURVE('',#1299,#926,#1303,.T.);
#1305=ORIENTED_EDGE('',*,*,#1304,.F.);
#1306=CARTESIAN_POINT('',(47.704375,7.395727255,10.874375));
#1307=VERTEX_POINT('',#1306);
#1308=CARTESIAN_POINT('',(47.704375,7.395727255,10.874375));
#1309=DIRECTION('',(0.,1.,0.));
#1310=VECTOR('',#1309,0.613210245);
#1311=LINE('',#1308,#1310);
#1312=EDGE_CURVE('',#1307,#1299,#1311,.T.);
#1313=ORIENTED_EDGE('',*,*,#1312,.F.);
#1314=CARTESIAN_POINT('',(47.704375,7.395727255,11.859559633));
#1315=VERTEX_POINT('',#1314);
#1316=CARTESIAN_POINT('',(47.704375,7.395727255,10.874375));
#1317=DIRECTION('',(0.,0.,1.));
#1318=VECTOR('',#1317,0.985184633);
#1319=LINE('',#1316,#1318);
#1320=EDGE_CURVE('',#1307,#1315,#1319,.T.);
#1321=ORIENTED_EDGE('',*,*,#1320,.T.);
#1322=CARTESIAN_POINT('',(47.704375,7.7549375,11.859559633));
#1323=DIRECTION('',(0.,-1.,0.));
#1324=VECTOR('',#1323,0.359210245);
#1325=LINE('',#1322,#1324);
#1326=EDGE_CURVE('',#1290,#1315,#1325,.T.);
#1327=ORIENTED_EDGE('',*,*,#1326,.F.);
#1328=EDGE_LOOP('',(#1296,#1297,#1305,#1313,#1321,#1327));
#1329=FACE_BOUND('',#1328,.T.);
#1330=ADVANCED_FACE('',(#1329),#1288,.T.);
#1331=CARTESIAN_POINT('',(47.345164755,19.036147745,11.859559633));
#1332=DIRECTION('',(0.,0.,-1.));
#1333=DIRECTION('',(-1.,0.,0.));
#1334=AXIS2_PLACEMENT_3D('',#1331,#1332,#1333);
#1335=PLANE('',#1334);
#1336=CARTESIAN_POINT('',(47.704375,19.036147745,11.859559633));
#1337=VERTEX_POINT('',#1336);
#1338=CARTESIAN_POINT('',(47.345164755,18.6769375,11.859559633));
#1339=VERTEX_POINT('',#1338);
#1340=CARTESIAN_POINT('',(47.345164755,19.036147745,11.859559633));
#1341=DIRECTION('',(-0.,-0.,-1.));
#1342=DIRECTION('',(1.,0.,-0.));
#1343=AXIS2_PLACEMENT_3D('',#1340,#1341,#1342);
#1344=CIRCLE('',#1343,0.359210245);
#1345=EDGE_CURVE('',#1337,#1339,#1344,.T.);
#1346=ORIENTED_EDGE('',*,*,#1345,.F.);
#1347=CARTESIAN_POINT('',(47.704375,18.6769375,11.859559633));
#1348=VERTEX_POINT('',#1347);
#1349=CARTESIAN_POINT('',(47.704375,18.6769375,11.859559633));
#1350=DIRECTION('',(0.,1.,0.));
#1351=VECTOR('',#1350,0.359210245);
#1352=LINE('',#1349,#1351);
#1353=EDGE_CURVE('',#1348,#1337,#1352,.T.);
#1354=ORIENTED_EDGE('',*,*,#1353,.F.);
#1355=CARTESIAN_POINT('',(47.704375,18.6769375,11.859559633));
#1356=DIRECTION('',(-1.,0.,0.));
#1357=VECTOR('',#1356,0.359210245);
#1358=LINE('',#1355,#1357);
#1359=EDGE_CURVE('',#1348,#1339,#1358,.T.);
#1360=ORIENTED_EDGE('',*,*,#1359,.T.);
#1361=EDGE_LOOP('',(#1346,#1354,#1360));
#1362=FACE_BOUND('',#1361,.T.);
#1363=ADVANCED_FACE('',(#1362),#1335,.T.);
#1364=CARTESIAN_POINT('',(47.345164755,20.857727255,11.859559633));
#1365=DIRECTION('',(-0.,0.,1.));
#1366=DIRECTION('',(1.,0.,0.));
#1367=AXIS2_PLACEMENT_3D('',#1364,#1365,#1366);
#1368=PLANE('',#1367);
#1369=CARTESIAN_POINT('',(47.345164755,21.2169375,11.859559633));
#1370=VERTEX_POINT('',#1369);
#1371=CARTESIAN_POINT('',(47.345164755,20.857727255,11.859559633));
#1372=DIRECTION('',(-0.,-0.,1.));
#1373=DIRECTION('',(-1.,0.,-0.));
#1374=AXIS2_PLACEMENT_3D('',#1371,#1372,#1373);
#1375=CIRCLE('',#1374,0.359210245);
#1376=EDGE_CURVE('',#1268,#1370,#1375,.T.);
#1377=ORIENTED_EDGE('',*,*,#1376,.T.);
#1378=CARTESIAN_POINT('',(47.704375,21.2169375,11.859559633));
#1379=DIRECTION('',(-1.,-0.,-0.));
#1380=VECTOR('',#1379,0.359210245);
#1381=LINE('',#1378,#1380);
#1382=EDGE_CURVE('',#1243,#1370,#1381,.T.);
#1383=ORIENTED_EDGE('',*,*,#1382,.F.);
#1384=ORIENTED_EDGE('',*,*,#1279,.T.);
#1385=EDGE_LOOP('',(#1377,#1383,#1384));
#1386=FACE_BOUND('',#1385,.T.);
#1387=ADVANCED_FACE('',(#1386),#1368,.F.);
#1388=CARTESIAN_POINT('',(47.345164755,14.126727255,11.859559633));
#1389=DIRECTION('',(0.,0.,1.));
#1390=DIRECTION('',(1.,0.,0.));
#1391=AXIS2_PLACEMENT_3D('',#1388,#1389,#1390);
#1392=PLANE('',#1391);
#1393=CARTESIAN_POINT('',(47.345164755,14.4859375,11.859559633));
#1394=VERTEX_POINT('',#1393);
#1395=CARTESIAN_POINT('',(47.345164755,14.126727255,11.859559633));
#1396=DIRECTION('',(0.,0.,-1.));
#1397=DIRECTION('',(-1.,0.,0.));
#1398=AXIS2_PLACEMENT_3D('',#1395,#1396,#1397);
#1399=CIRCLE('',#1398,0.359210245);
#1400=EDGE_CURVE('',#1394,#1221,#1399,.T.);
#1401=ORIENTED_EDGE('',*,*,#1400,.F.);
#1402=CARTESIAN_POINT('',(47.704375,14.4859375,11.859559633));
#1403=DIRECTION('',(-1.,-0.,0.));
#1404=VECTOR('',#1403,0.359210245);
#1405=LINE('',#1402,#1404);
#1406=EDGE_CURVE('',#1196,#1394,#1405,.T.);
#1407=ORIENTED_EDGE('',*,*,#1406,.F.);
#1408=ORIENTED_EDGE('',*,*,#1232,.T.);
#1409=EDGE_LOOP('',(#1401,#1407,#1408));
#1410=FACE_BOUND('',#1409,.T.);
#1411=ADVANCED_FACE('',(#1410),#1392,.F.);
#1412=CARTESIAN_POINT('',(47.345164755,12.305147745,11.859559633));
#1413=DIRECTION('',(0.,0.,-1.));
#1414=DIRECTION('',(-1.,0.,0.));
#1415=AXIS2_PLACEMENT_3D('',#1412,#1413,#1414);
#1416=PLANE('',#1415);
#1417=CARTESIAN_POINT('',(47.704375,12.305147745,11.859559633));
#1418=VERTEX_POINT('',#1417);
#1419=CARTESIAN_POINT('',(47.345164755,11.9459375,11.859559633));
#1420=VERTEX_POINT('',#1419);
#1421=CARTESIAN_POINT('',(47.345164755,12.305147745,11.859559633));
#1422=DIRECTION('',(-0.,-0.,-1.));
#1423=DIRECTION('',(1.,0.,-0.));
#1424=AXIS2_PLACEMENT_3D('',#1421,#1422,#1423);
#1425=CIRCLE('',#1424,0.359210245);
#1426=EDGE_CURVE('',#1418,#1420,#1425,.T.);
#1427=ORIENTED_EDGE('',*,*,#1426,.F.);
#1428=CARTESIAN_POINT('',(47.704375,11.9459375,11.859559633));
#1429=VERTEX_POINT('',#1428);
#1430=CARTESIAN_POINT('',(47.704375,11.9459375,11.859559633));
#1431=DIRECTION('',(0.,1.,0.));
#1432=VECTOR('',#1431,0.359210245);
#1433=LINE('',#1430,#1432);
#1434=EDGE_CURVE('',#1429,#1418,#1433,.T.);
#1435=ORIENTED_EDGE('',*,*,#1434,.F.);
#1436=CARTESIAN_POINT('',(47.704375,11.9459375,11.859559633));
#1437=DIRECTION('',(-1.,0.,0.));
#1438=VECTOR('',#1437,0.359210245);
#1439=LINE('',#1436,#1438);
#1440=EDGE_CURVE('',#1429,#1420,#1439,.T.);
#1441=ORIENTED_EDGE('',*,*,#1440,.T.);
#1442=EDGE_LOOP('',(#1427,#1435,#1441));
#1443=FACE_BOUND('',#1442,.T.);
#1444=ADVANCED_FACE('',(#1443),#1416,.T.);
#1445=CARTESIAN_POINT('',(47.345164755,7.395727255,11.859559633));
#1446=DIRECTION('',(0.,0.,1.));
#1447=DIRECTION('',(1.,0.,0.));
#1448=AXIS2_PLACEMENT_3D('',#1445,#1446,#1447);
#1449=PLANE('',#1448);
#1450=CARTESIAN_POINT('',(47.345164755,7.7549375,11.859559633));
#1451=VERTEX_POINT('',#1450);
#1452=CARTESIAN_POINT('',(47.345164755,7.395727255,11.859559633));
#1453=DIRECTION('',(0.,0.,-1.));
#1454=DIRECTION('',(-1.,0.,0.));
#1455=AXIS2_PLACEMENT_3D('',#1452,#1453,#1454);
#1456=CIRCLE('',#1455,0.359210245);
#1457=EDGE_CURVE('',#1451,#1315,#1456,.T.);
#1458=ORIENTED_EDGE('',*,*,#1457,.F.);
#1459=CARTESIAN_POINT('',(47.704375,7.7549375,11.859559633));
#1460=DIRECTION('',(-1.,-0.,0.));
#1461=VECTOR('',#1460,0.359210245);
#1462=LINE('',#1459,#1461);
#1463=EDGE_CURVE('',#1290,#1451,#1462,.T.);
#1464=ORIENTED_EDGE('',*,*,#1463,.F.);
#1465=ORIENTED_EDGE('',*,*,#1326,.T.);
#1466=EDGE_LOOP('',(#1458,#1464,#1465));
#1467=FACE_BOUND('',#1466,.T.);
#1468=ADVANCED_FACE('',(#1467),#1449,.F.);
#1469=CARTESIAN_POINT('',(47.345164755,5.574147745,11.859559633));
#1470=DIRECTION('',(-0.,0.,1.));
#1471=DIRECTION('',(1.,0.,0.));
#1472=AXIS2_PLACEMENT_3D('',#1469,#1470,#1471);
#1473=PLANE('',#1472);
#1474=CARTESIAN_POINT('',(47.345164755,5.2149375,11.859559633));
#1475=VERTEX_POINT('',#1474);
#1476=CARTESIAN_POINT('',(47.704375,5.574147745,11.859559633));
#1477=VERTEX_POINT('',#1476);
#1478=CARTESIAN_POINT('',(47.345164755,5.574147745,11.859559633));
#1479=DIRECTION('',(-0.,-0.,1.));
#1480=DIRECTION('',(-1.,0.,-0.));
#1481=AXIS2_PLACEMENT_3D('',#1478,#1479,#1480);
#1482=CIRCLE('',#1481,0.359210245);
#1483=EDGE_CURVE('',#1475,#1477,#1482,.T.);
#1484=ORIENTED_EDGE('',*,*,#1483,.T.);
#1485=CARTESIAN_POINT('',(47.704375,5.2149375,11.859559633));
#1486=VERTEX_POINT('',#1485);
#1487=CARTESIAN_POINT('',(47.704375,5.2149375,11.859559633));
#1488=DIRECTION('',(-0.,1.,-0.));
#1489=VECTOR('',#1488,0.359210245);
#1490=LINE('',#1487,#1489);
#1491=EDGE_CURVE('',#1486,#1477,#1490,.T.);
#1492=ORIENTED_EDGE('',*,*,#1491,.F.);
#1493=CARTESIAN_POINT('',(47.704375,5.2149375,11.859559633));
#1494=DIRECTION('',(-1.,-0.,-0.));
#1495=VECTOR('',#1494,0.359210245);
#1496=LINE('',#1493,#1495);
#1497=EDGE_CURVE('',#1486,#1475,#1496,.T.);
#1498=ORIENTED_EDGE('',*,*,#1497,.T.);
#1499=EDGE_LOOP('',(#1484,#1492,#1498));
#1500=FACE_BOUND('',#1499,.T.);
#1501=ADVANCED_FACE('',(#1500),#1473,.F.);
#1502=CARTESIAN_POINT('',(14.938375,18.4229375,11.636375));
#1503=DIRECTION('',(1.,0.,0.));
#1504=DIRECTION('',(0.,0.,-1.));
#1505=AXIS2_PLACEMENT_3D('',#1502,#1503,#1504);
#1506=PLANE('',#1505);
#1507=CARTESIAN_POINT('',(14.938375,4.9609375,11.0410625));
#1508=VERTEX_POINT('',#1507);
#1509=CARTESIAN_POINT('',(14.938375,4.9609375,11.0410625));
#1510=DIRECTION('',(0.,0.,1.));
#1511=VECTOR('',#1510,1.1033125);
#1512=LINE('',#1509,#1511);
#1513=EDGE_CURVE('',#1508,#858,#1512,.T.);
#1514=ORIENTED_EDGE('',*,*,#1513,.F.);
#1515=CARTESIAN_POINT('',(14.938375,21.4709375,11.0410625));
#1516=VERTEX_POINT('',#1515);
#1517=CARTESIAN_POINT('',(14.938375,4.9609375,11.0410625));
#1518=DIRECTION('',(0.,1.,0.));
#1519=VECTOR('',#1518,16.51);
#1520=LINE('',#1517,#1519);
#1521=EDGE_CURVE('',#1508,#1516,#1520,.T.);
#1522=ORIENTED_EDGE('',*,*,#1521,.T.);
#1523=CARTESIAN_POINT('',(14.938375,21.4709375,11.0410625));
#1524=DIRECTION('',(0.,0.,1.));
#1525=VECTOR('',#1524,1.1033125);
#1526=LINE('',#1523,#1525);
#1527=EDGE_CURVE('',#1516,#866,#1526,.T.);
#1528=ORIENTED_EDGE('',*,*,#1527,.T.);
#1529=ORIENTED_EDGE('',*,*,#871,.F.);
#1530=EDGE_LOOP('',(#1514,#1522,#1528,#1529));
#1531=FACE_BOUND('',#1530,.T.);
#1532=ADVANCED_FACE('',(#1531),#1506,.T.);
#1533=CARTESIAN_POINT('',(64.690625,13.2159375,8.080375));
#1534=DIRECTION('',(0.,0.,-1.));
#1535=DIRECTION('',(-1.,0.,0.));
#1536=AXIS2_PLACEMENT_3D('',#1533,#1534,#1535);
#1537=PLANE('',#1536);
#1538=CARTESIAN_POINT('',(40.084375,24.6459375,8.080375));
#1539=VERTEX_POINT('',#1538);
#1540=CARTESIAN_POINT('',(1.984375,24.6459375,8.080375));
#1541=VERTEX_POINT('',#1540);
#1542=CARTESIAN_POINT('',(40.084375,24.6459375,8.080375));
#1543=DIRECTION('',(-1.,0.,0.));
#1544=VECTOR('',#1543,38.1);
#1545=LINE('',#1542,#1544);
#1546=EDGE_CURVE('',#1539,#1541,#1545,.T.);
#1547=ORIENTED_EDGE('',*,*,#1546,.F.);
#1548=CARTESIAN_POINT('',(40.084375,23.989147745,8.080375));
#1549=VERTEX_POINT('',#1548);
#1550=CARTESIAN_POINT('',(40.084375,24.6459375,8.080375));
#1551=DIRECTION('',(-0.,-1.,-0.));
#1552=VECTOR('',#1551,0.656789755);
#1553=LINE('',#1550,#1552);
#1554=EDGE_CURVE('',#1539,#1549,#1553,.T.);
#1555=ORIENTED_EDGE('',*,*,#1554,.T.);
#1556=CARTESIAN_POINT('',(1.984375,23.989147745,8.080375));
#1557=VERTEX_POINT('',#1556);
#1558=CARTESIAN_POINT('',(40.084375,23.989147745,8.080375));
#1559=DIRECTION('',(-1.,0.,0.));
#1560=VECTOR('',#1559,38.1);
#1561=LINE('',#1558,#1560);
#1562=EDGE_CURVE('',#1549,#1557,#1561,.T.);
#1563=ORIENTED_EDGE('',*,*,#1562,.T.);
#1564=CARTESIAN_POINT('',(1.984375,24.6459375,8.080375));
#1565=DIRECTION('',(0.,-1.,0.));
#1566=VECTOR('',#1565,0.656789755);
#1567=LINE('',#1564,#1566);
#1568=EDGE_CURVE('',#1541,#1557,#1567,.T.);
#1569=ORIENTED_EDGE('',*,*,#1568,.F.);
#1570=EDGE_LOOP('',(#1547,#1555,#1563,#1569));
#1571=FACE_BOUND('',#1570,.T.);
#1572=ADVANCED_FACE('',(#1571),#1537,.T.);
#1573=CARTESIAN_POINT('',(52.784375,0.906008469,15.287625));
#1574=DIRECTION('',(1.,0.,0.));
#1575=DIRECTION('',(0.,0.,-1.));
#1576=AXIS2_PLACEMENT_3D('',#1573,#1574,#1575);
#1577=PLANE('',#1576);
#1578=CARTESIAN_POINT('',(52.784375,16.77177993,0.206375));
#1579=VERTEX_POINT('',#1578);
#1580=CARTESIAN_POINT('',(52.784375,1.803988724,0.206375));
#1581=VERTEX_POINT('',#1580);
#1582=CARTESIAN_POINT('',(52.784375,16.77177993,0.206375));
#1583=DIRECTION('',(-0.,-1.,-0.));
#1584=VECTOR('',#1583,14.967791206);
#1585=LINE('',#1582,#1584);
#1586=EDGE_CURVE('',#1579,#1581,#1585,.T.);
#1587=ORIENTED_EDGE('',*,*,#1586,.F.);
#1588=CARTESIAN_POINT('',(52.784375,15.737886276,1.222375));
#1589=VERTEX_POINT('',#1588);
#1590=CARTESIAN_POINT('',(52.784375,15.737886276,0.188323776));
#1591=DIRECTION('',(1.,0.,0.));
#1592=DIRECTION('',(0.,0.,-1.));
#1593=AXIS2_PLACEMENT_3D('',#1590,#1591,#1592);
#1594=CIRCLE('',#1593,1.034051224);
#1595=EDGE_CURVE('',#1579,#1589,#1594,.T.);
#1596=ORIENTED_EDGE('',*,*,#1595,.T.);
#1597=CARTESIAN_POINT('',(52.784375,1.7859375,1.222375));
#1598=VERTEX_POINT('',#1597);
#1599=CARTESIAN_POINT('',(52.784375,15.737886276,1.222375));
#1600=DIRECTION('',(0.,-1.,0.));
#1601=VECTOR('',#1600,13.951948776);
#1602=LINE('',#1599,#1601);
#1603=EDGE_CURVE('',#1589,#1598,#1602,.T.);
#1604=ORIENTED_EDGE('',*,*,#1603,.T.);
#1605=CARTESIAN_POINT('',(52.784375,1.7859375,10.874375));
#1606=VERTEX_POINT('',#1605);
#1607=CARTESIAN_POINT('',(52.784375,1.7859375,10.874375));
#1608=DIRECTION('',(-0.,-0.,-1.));
#1609=VECTOR('',#1608,9.652);
#1610=LINE('',#1607,#1609);
#1611=EDGE_CURVE('',#1606,#1598,#1610,.T.);
#1612=ORIENTED_EDGE('',*,*,#1611,.F.);
#1613=CARTESIAN_POINT('',(52.784375,24.6459375,10.874375));
#1614=VERTEX_POINT('',#1613);
#1615=CARTESIAN_POINT('',(52.784375,1.7859375,10.874375));
#1616=DIRECTION('',(0.,1.,0.));
#1617=VECTOR('',#1616,22.86);
#1618=LINE('',#1615,#1617);
#1619=EDGE_CURVE('',#1606,#1614,#1618,.T.);
#1620=ORIENTED_EDGE('',*,*,#1619,.T.);
#1621=CARTESIAN_POINT('',(52.784375,24.6459375,6.175375));
#1622=VERTEX_POINT('',#1621);
#1623=CARTESIAN_POINT('',(52.784375,24.6459375,10.874375));
#1624=DIRECTION('',(0.,0.,-1.));
#1625=VECTOR('',#1624,4.699);
#1626=LINE('',#1623,#1625);
#1627=EDGE_CURVE('',#1614,#1622,#1626,.T.);
#1628=ORIENTED_EDGE('',*,*,#1627,.T.);
#1629=CARTESIAN_POINT('',(52.784375,26.4239375,6.175375));
#1630=VERTEX_POINT('',#1629);
#1631=CARTESIAN_POINT('',(52.784375,24.6459375,6.175375));
#1632=DIRECTION('',(0.,1.,0.));
#1633=VECTOR('',#1632,1.778);
#1634=LINE('',#1631,#1633);
#1635=EDGE_CURVE('',#1622,#1630,#1634,.T.);
#1636=ORIENTED_EDGE('',*,*,#1635,.T.);
#1637=CARTESIAN_POINT('',(52.784375,26.4239375,10.348323785));
#1638=VERTEX_POINT('',#1637);
#1639=CARTESIAN_POINT('',(52.784375,26.4239375,10.348323785));
#1640=DIRECTION('',(-0.,-0.,-1.));
#1641=VECTOR('',#1640,4.172948785);
#1642=LINE('',#1639,#1641);
#1643=EDGE_CURVE('',#1638,#1630,#1642,.T.);
#1644=ORIENTED_EDGE('',*,*,#1643,.F.);
#1645=CARTESIAN_POINT('',(52.784375,24.627886276,10.348323776));
#1646=DIRECTION('',(-1.,-0.,-0.));
#1647=DIRECTION('',(0.,0.,-1.));
#1648=AXIS2_PLACEMENT_3D('',#1645,#1646,#1647);
#1649=CIRCLE('',#1648,1.796051224);
#1650=EDGE_CURVE('',#900,#1638,#1649,.T.);
#1651=ORIENTED_EDGE('',*,*,#1650,.F.);
#1652=ORIENTED_EDGE('',*,*,#905,.F.);
#1653=CARTESIAN_POINT('',(52.784375,0.0079375,10.348323776));
#1654=VERTEX_POINT('',#1653);
#1655=CARTESIAN_POINT('',(52.784375,1.803988724,10.348323776));
#1656=DIRECTION('',(-1.,0.,0.));
#1657=DIRECTION('',(0.,0.,1.));
#1658=AXIS2_PLACEMENT_3D('',#1655,#1656,#1657);
#1659=CIRCLE('',#1658,1.796051224);
#1660=EDGE_CURVE('',#1654,#892,#1659,.T.);
#1661=ORIENTED_EDGE('',*,*,#1660,.F.);
#1662=CARTESIAN_POINT('',(52.784375,0.0079375,2.002426224));
#1663=VERTEX_POINT('',#1662);
#1664=CARTESIAN_POINT('',(52.784375,0.0079375,10.348323776));
#1665=DIRECTION('',(0.,0.,-1.));
#1666=VECTOR('',#1665,8.345897552);
#1667=LINE('',#1664,#1666);
#1668=EDGE_CURVE('',#1654,#1663,#1667,.T.);
#1669=ORIENTED_EDGE('',*,*,#1668,.T.);
#1670=CARTESIAN_POINT('',(52.784375,1.803988724,2.002426224));
#1671=DIRECTION('',(1.,0.,0.));
#1672=DIRECTION('',(0.,0.,-1.));
#1673=AXIS2_PLACEMENT_3D('',#1670,#1671,#1672);
#1674=CIRCLE('',#1673,1.796051224);
#1675=EDGE_CURVE('',#1663,#1581,#1674,.T.);
#1676=ORIENTED_EDGE('',*,*,#1675,.T.);
#1677=EDGE_LOOP('',(#1587,#1596,#1604,#1612,#1620,#1628,#1636,#1644,#1651,#1652,#1661,#1669,#1676));
#1678=FACE_BOUND('',#1677,.T.);
#1679=ADVANCED_FACE('',(#1678),#1577,.T.);
#1680=CARTESIAN_POINT('',(28.654375,23.989147745,8.439585245));
#1681=DIRECTION('',(-1.,0.,0.));
#1682=DIRECTION('',(0.,0.,1.));
#1683=AXIS2_PLACEMENT_3D('',#1680,#1681,#1682);
#1684=CYLINDRICAL_SURFACE('',#1683,0.359210245);
#1685=ORIENTED_EDGE('',*,*,#1562,.F.);
#1686=CARTESIAN_POINT('',(40.084375,23.6299375,8.439585245));
#1687=VERTEX_POINT('',#1686);
#1688=CARTESIAN_POINT('',(40.084375,23.989147745,8.439585245));
#1689=DIRECTION('',(-1.,0.,0.));
#1690=DIRECTION('',(0.,0.,1.));
#1691=AXIS2_PLACEMENT_3D('',#1688,#1689,#1690);
#1692=CIRCLE('',#1691,0.359210245);
#1693=EDGE_CURVE('',#1549,#1687,#1692,.T.);
#1694=ORIENTED_EDGE('',*,*,#1693,.T.);
#1695=CARTESIAN_POINT('',(1.984375,23.6299375,8.439585245));
#1696=VERTEX_POINT('',#1695);
#1697=CARTESIAN_POINT('',(1.984375,23.6299375,8.439585245));
#1698=DIRECTION('',(1.,0.,-0.));
#1699=VECTOR('',#1698,38.1);
#1700=LINE('',#1697,#1699);
#1701=EDGE_CURVE('',#1696,#1687,#1700,.T.);
#1702=ORIENTED_EDGE('',*,*,#1701,.F.);
#1703=CARTESIAN_POINT('',(1.984375,23.989147745,8.439585245));
#1704=DIRECTION('',(-1.,0.,0.));
#1705=DIRECTION('',(0.,0.,1.));
#1706=AXIS2_PLACEMENT_3D('',#1703,#1704,#1705);
#1707=CIRCLE('',#1706,0.359210245);
#1708=EDGE_CURVE('',#1557,#1696,#1707,.T.);
#1709=ORIENTED_EDGE('',*,*,#1708,.F.);
#1710=EDGE_LOOP('',(#1685,#1694,#1702,#1709));
#1711=FACE_BOUND('',#1710,.T.);
#1712=ADVANCED_FACE('',(#1711),#1684,.T.);
#1713=CARTESIAN_POINT('',(64.690625,13.2159375,8.080375));
#1714=DIRECTION('',(0.,0.,-1.));
#1715=DIRECTION('',(-1.,0.,0.));
#1716=AXIS2_PLACEMENT_3D('',#1713,#1714,#1715);
#1717=PLANE('',#1716);
#1718=CARTESIAN_POINT('',(1.984375,2.442727255,8.080375));
#1719=VERTEX_POINT('',#1718);
#1720=CARTESIAN_POINT('',(40.084375,2.442727255,8.080375));
#1721=VERTEX_POINT('',#1720);
#1722=CARTESIAN_POINT('',(1.984375,2.442727255,8.080375));
#1723=DIRECTION('',(1.,-0.,-0.));
#1724=VECTOR('',#1723,38.1);
#1725=LINE('',#1722,#1724);
#1726=EDGE_CURVE('',#1719,#1721,#1725,.T.);
#1727=ORIENTED_EDGE('',*,*,#1726,.T.);
#1728=CARTESIAN_POINT('',(40.084375,1.7859375,8.080375));
#1729=VERTEX_POINT('',#1728);
#1730=CARTESIAN_POINT('',(40.084375,2.442727255,8.080375));
#1731=DIRECTION('',(-0.,-1.,-0.));
#1732=VECTOR('',#1731,0.656789755);
#1733=LINE('',#1730,#1732);
#1734=EDGE_CURVE('',#1721,#1729,#1733,.T.);
#1735=ORIENTED_EDGE('',*,*,#1734,.T.);
#1736=CARTESIAN_POINT('',(1.984375,1.7859375,8.080375));
#1737=VERTEX_POINT('',#1736);
#1738=CARTESIAN_POINT('',(40.084375,1.7859375,8.080375));
#1739=DIRECTION('',(-1.,0.,0.));
#1740=VECTOR('',#1739,38.1);
#1741=LINE('',#1738,#1740);
#1742=EDGE_CURVE('',#1729,#1737,#1741,.T.);
#1743=ORIENTED_EDGE('',*,*,#1742,.T.);
#1744=CARTESIAN_POINT('',(1.984375,2.442727255,8.080375));
#1745=DIRECTION('',(0.,-1.,0.));
#1746=VECTOR('',#1745,0.656789755);
#1747=LINE('',#1744,#1746);
#1748=EDGE_CURVE('',#1719,#1737,#1747,.T.);
#1749=ORIENTED_EDGE('',*,*,#1748,.F.);
#1750=EDGE_LOOP('',(#1727,#1735,#1743,#1749));
#1751=FACE_BOUND('',#1750,.T.);
#1752=ADVANCED_FACE('',(#1751),#1717,.T.);
#1753=CARTESIAN_POINT('',(28.654375,2.8019375,7.9771875));
#1754=DIRECTION('',(0.,1.,0.));
#1755=DIRECTION('',(-1.,0.,0.));
#1756=AXIS2_PLACEMENT_3D('',#1753,#1754,#1755);
#1757=PLANE('',#1756);
#1758=CARTESIAN_POINT('',(40.084375,2.8019375,10.874375));
#1759=VERTEX_POINT('',#1758);
#1760=CARTESIAN_POINT('',(47.704375,2.8019375,10.874375));
#1761=VERTEX_POINT('',#1760);
#1762=CARTESIAN_POINT('',(40.084375,2.8019375,10.874375));
#1763=DIRECTION('',(1.,0.,-0.));
#1764=VECTOR('',#1763,7.62);
#1765=LINE('',#1762,#1764);
#1766=EDGE_CURVE('',#1759,#1761,#1765,.T.);
#1767=ORIENTED_EDGE('',*,*,#1766,.F.);
#1768=CARTESIAN_POINT('',(40.084375,2.8019375,8.439585245));
#1769=VERTEX_POINT('',#1768);
#1770=CARTESIAN_POINT('',(40.084375,2.8019375,10.874375));
#1771=DIRECTION('',(-0.,-0.,-1.));
#1772=VECTOR('',#1771,2.434789755);
#1773=LINE('',#1770,#1772);
#1774=EDGE_CURVE('',#1759,#1769,#1773,.T.);
#1775=ORIENTED_EDGE('',*,*,#1774,.T.);
#1776=CARTESIAN_POINT('',(1.984375,2.8019375,8.439585245));
#1777=VERTEX_POINT('',#1776);
#1778=CARTESIAN_POINT('',(40.084375,2.8019375,8.439585245));
#1779=DIRECTION('',(-1.,0.,0.));
#1780=VECTOR('',#1779,38.1);
#1781=LINE('',#1778,#1780);
#1782=EDGE_CURVE('',#1769,#1777,#1781,.T.);
#1783=ORIENTED_EDGE('',*,*,#1782,.T.);
#1784=CARTESIAN_POINT('',(1.984375,2.8019375,10.366375));
#1785=VERTEX_POINT('',#1784);
#1786=CARTESIAN_POINT('',(1.984375,2.8019375,8.439585245));
#1787=DIRECTION('',(0.,0.,1.));
#1788=VECTOR('',#1787,1.926789755);
#1789=LINE('',#1786,#1788);
#1790=EDGE_CURVE('',#1777,#1785,#1789,.T.);
#1791=ORIENTED_EDGE('',*,*,#1790,.T.);
#1792=CARTESIAN_POINT('',(3.744323776,2.8019375,10.366375));
#1793=VERTEX_POINT('',#1792);
#1794=CARTESIAN_POINT('',(1.984375,2.8019375,10.366375));
#1795=DIRECTION('',(1.,-0.,-0.));
#1796=VECTOR('',#1795,1.759948776);
#1797=LINE('',#1794,#1796);
#1798=EDGE_CURVE('',#1785,#1793,#1797,.T.);
#1799=ORIENTED_EDGE('',*,*,#1798,.T.);
#1800=CARTESIAN_POINT('',(3.744323776,2.8019375,11.0410625));
#1801=VERTEX_POINT('',#1800);
#1802=CARTESIAN_POINT('',(3.744323776,2.8019375,11.0410625));
#1803=DIRECTION('',(-0.,-0.,-1.));
#1804=VECTOR('',#1803,0.6746875);
#1805=LINE('',#1802,#1804);
#1806=EDGE_CURVE('',#1801,#1793,#1805,.T.);
#1807=ORIENTED_EDGE('',*,*,#1806,.F.);
#1808=CARTESIAN_POINT('',(47.704375,2.8019375,11.0410625));
#1809=VERTEX_POINT('',#1808);
#1810=CARTESIAN_POINT('',(47.704375,2.8019375,11.0410625));
#1811=DIRECTION('',(-1.,-0.,0.));
#1812=VECTOR('',#1811,43.960051224);
#1813=LINE('',#1810,#1812);
#1814=EDGE_CURVE('',#1809,#1801,#1813,.T.);
#1815=ORIENTED_EDGE('',*,*,#1814,.F.);
#1816=CARTESIAN_POINT('',(47.704375,2.8019375,10.874375));
#1817=DIRECTION('',(0.,0.,1.));
#1818=VECTOR('',#1817,0.1666875);
#1819=LINE('',#1816,#1818);
#1820=EDGE_CURVE('',#1761,#1809,#1819,.T.);
#1821=ORIENTED_EDGE('',*,*,#1820,.F.);
#1822=EDGE_LOOP('',(#1767,#1775,#1783,#1791,#1799,#1807,#1815,#1821));
#1823=FACE_BOUND('',#1822,.T.);
#1824=ADVANCED_FACE('',(#1823),#1757,.T.);
#1825=CARTESIAN_POINT('',(64.690625,2.442727255,8.439585245));
#1826=DIRECTION('',(1.,0.,0.));
#1827=DIRECTION('',(-0.,1.,0.));
#1828=AXIS2_PLACEMENT_3D('',#1825,#1826,#1827);
#1829=CYLINDRICAL_SURFACE('',#1828,0.359210245);
#1830=ORIENTED_EDGE('',*,*,#1782,.F.);
#1831=CARTESIAN_POINT('',(40.084375,2.442727255,8.439585245));
#1832=DIRECTION('',(-1.,-0.,-0.));
#1833=DIRECTION('',(0.,0.,-1.));
#1834=AXIS2_PLACEMENT_3D('',#1831,#1832,#1833);
#1835=CIRCLE('',#1834,0.359210245);
#1836=EDGE_CURVE('',#1769,#1721,#1835,.T.);
#1837=ORIENTED_EDGE('',*,*,#1836,.T.);
#1838=ORIENTED_EDGE('',*,*,#1726,.F.);
#1839=CARTESIAN_POINT('',(1.984375,2.442727255,8.439585245));
#1840=DIRECTION('',(-1.,-0.,-0.));
#1841=DIRECTION('',(0.,0.,-1.));
#1842=AXIS2_PLACEMENT_3D('',#1839,#1840,#1841);
#1843=CIRCLE('',#1842,0.359210245);
#1844=EDGE_CURVE('',#1777,#1719,#1843,.T.);
#1845=ORIENTED_EDGE('',*,*,#1844,.F.);
#1846=EDGE_LOOP('',(#1830,#1837,#1838,#1845));
#1847=FACE_BOUND('',#1846,.T.);
#1848=ADVANCED_FACE('',(#1847),#1829,.T.);
#1849=CARTESIAN_POINT('',(-9.525,2.442727255,5.689164755));
#1850=DIRECTION('',(1.,0.,0.));
#1851=DIRECTION('',(0.,0.,-1.));
#1852=AXIS2_PLACEMENT_3D('',#1849,#1850,#1851);
#1853=CYLINDRICAL_SURFACE('',#1852,0.359210245);
#1854=CARTESIAN_POINT('',(40.084375,2.442727255,6.048375));
#1855=VERTEX_POINT('',#1854);
#1856=CARTESIAN_POINT('',(9.1201875,2.442727255,6.048375));
#1857=VERTEX_POINT('',#1856);
#1858=CARTESIAN_POINT('',(40.084375,2.442727255,6.048375));
#1859=DIRECTION('',(-1.,-0.,0.));
#1860=VECTOR('',#1859,30.9641875);
#1861=LINE('',#1858,#1860);
#1862=EDGE_CURVE('',#1855,#1857,#1861,.T.);
#1863=ORIENTED_EDGE('',*,*,#1862,.F.);
#1864=CARTESIAN_POINT('',(40.084375,2.8019375,5.689164755));
#1865=VERTEX_POINT('',#1864);
#1866=CARTESIAN_POINT('',(40.084375,2.442727255,5.689164755));
#1867=DIRECTION('',(-1.,-0.,-0.));
#1868=DIRECTION('',(0.,0.,-1.));
#1869=AXIS2_PLACEMENT_3D('',#1866,#1867,#1868);
#1870=CIRCLE('',#1869,0.359210245);
#1871=EDGE_CURVE('',#1855,#1865,#1870,.T.);
#1872=ORIENTED_EDGE('',*,*,#1871,.T.);
#1873=CARTESIAN_POINT('',(9.1201875,2.8019375,5.689164755));
#1874=VERTEX_POINT('',#1873);
#1875=CARTESIAN_POINT('',(9.1201875,2.8019375,5.689164755));
#1876=DIRECTION('',(1.,0.,-0.));
#1877=VECTOR('',#1876,30.9641875);
#1878=LINE('',#1875,#1877);
#1879=EDGE_CURVE('',#1874,#1865,#1878,.T.);
#1880=ORIENTED_EDGE('',*,*,#1879,.F.);
#1881=CARTESIAN_POINT('',(9.1201875,2.442727255,5.689164755));
#1882=DIRECTION('',(1.,0.,0.));
#1883=DIRECTION('',(0.,0.,-1.));
#1884=AXIS2_PLACEMENT_3D('',#1881,#1882,#1883);
#1885=CIRCLE('',#1884,0.359210245);
#1886=EDGE_CURVE('',#1874,#1857,#1885,.T.);
#1887=ORIENTED_EDGE('',*,*,#1886,.T.);
#1888=EDGE_LOOP('',(#1863,#1872,#1880,#1887));
#1889=FACE_BOUND('',#1888,.T.);
#1890=ADVANCED_FACE('',(#1889),#1853,.T.);
#1891=CARTESIAN_POINT('',(-29.36875,2.442727255,4.629585245));
#1892=DIRECTION('',(1.,0.,0.));
#1893=DIRECTION('',(0.,0.,-1.));
#1894=AXIS2_PLACEMENT_3D('',#1891,#1892,#1893);
#1895=CYLINDRICAL_SURFACE('',#1894,0.359210245);
#1896=CARTESIAN_POINT('',(40.084375,2.8019375,4.629585245));
#1897=VERTEX_POINT('',#1896);
#1898=CARTESIAN_POINT('',(9.1201875,2.8019375,4.629585245));
#1899=VERTEX_POINT('',#1898);
#1900=CARTESIAN_POINT('',(40.084375,2.8019375,4.629585245));
#1901=DIRECTION('',(-1.,-0.,0.));
#1902=VECTOR('',#1901,30.9641875);
#1903=LINE('',#1900,#1902);
#1904=EDGE_CURVE('',#1897,#1899,#1903,.T.);
#1905=ORIENTED_EDGE('',*,*,#1904,.F.);
#1906=CARTESIAN_POINT('',(40.084375,2.442727255,4.270375));
#1907=VERTEX_POINT('',#1906);
#1908=CARTESIAN_POINT('',(40.084375,2.442727255,4.629585245));
#1909=DIRECTION('',(-1.,-0.,-0.));
#1910=DIRECTION('',(0.,0.,-1.));
#1911=AXIS2_PLACEMENT_3D('',#1908,#1909,#1910);
#1912=CIRCLE('',#1911,0.359210245);
#1913=EDGE_CURVE('',#1897,#1907,#1912,.T.);
#1914=ORIENTED_EDGE('',*,*,#1913,.T.);
#1915=CARTESIAN_POINT('',(7.3421875,2.442727255,4.270375));
#1916=VERTEX_POINT('',#1915);
#1917=CARTESIAN_POINT('',(7.3421875,2.442727255,4.270375));
#1918=DIRECTION('',(1.,0.,-0.));
#1919=VECTOR('',#1918,32.7421875);
#1920=LINE('',#1917,#1919);
#1921=EDGE_CURVE('',#1916,#1907,#1920,.T.);
#1922=ORIENTED_EDGE('',*,*,#1921,.F.);
#1923=CARTESIAN_POINT('',(7.3421875,2.786184391,4.524375));
#1924=VERTEX_POINT('',#1923);
#1925=CARTESIAN_POINT('',(7.3421875,2.442727255,4.629585245));
#1926=DIRECTION('',(-1.,-0.,-0.));
#1927=DIRECTION('',(0.,0.,-1.));
#1928=AXIS2_PLACEMENT_3D('',#1925,#1926,#1927);
#1929=CIRCLE('',#1928,0.359210245);
#1930=EDGE_CURVE('',#1924,#1916,#1929,.T.);
#1931=ORIENTED_EDGE('',*,*,#1930,.F.);
#1932=CARTESIAN_POINT('',(9.1201875,2.786184391,4.524375));
#1933=VERTEX_POINT('',#1932);
#1934=CARTESIAN_POINT('',(7.3421875,2.786184391,4.524375));
#1935=DIRECTION('',(1.,0.,-0.));
#1936=VECTOR('',#1935,1.778);
#1937=LINE('',#1934,#1936);
#1938=EDGE_CURVE('',#1924,#1933,#1937,.T.);
#1939=ORIENTED_EDGE('',*,*,#1938,.T.);
#1940=CARTESIAN_POINT('',(9.1201875,2.442727255,4.629585245));
#1941=DIRECTION('',(1.,0.,0.));
#1942=DIRECTION('',(0.,0.,-1.));
#1943=AXIS2_PLACEMENT_3D('',#1940,#1941,#1942);
#1944=CIRCLE('',#1943,0.359210245);
#1945=EDGE_CURVE('',#1933,#1899,#1944,.T.);
#1946=ORIENTED_EDGE('',*,*,#1945,.T.);
#1947=EDGE_LOOP('',(#1905,#1914,#1922,#1931,#1939,#1946));
#1948=FACE_BOUND('',#1947,.T.);
#1949=ADVANCED_FACE('',(#1948),#1895,.T.);
#1950=CARTESIAN_POINT('',(28.654375,23.6299375,7.9771875));
#1951=DIRECTION('',(0.,1.,0.));
#1952=DIRECTION('',(0.,0.,1.));
#1953=AXIS2_PLACEMENT_3D('',#1950,#1951,#1952);
#1954=PLANE('',#1953);
#1955=CARTESIAN_POINT('',(40.084375,23.6299375,10.874375));
#1956=VERTEX_POINT('',#1955);
#1957=CARTESIAN_POINT('',(40.084375,23.6299375,10.874375));
#1958=DIRECTION('',(-0.,-0.,-1.));
#1959=VECTOR('',#1958,2.434789755);
#1960=LINE('',#1957,#1959);
#1961=EDGE_CURVE('',#1956,#1687,#1960,.T.);
#1962=ORIENTED_EDGE('',*,*,#1961,.F.);
#1963=CARTESIAN_POINT('',(47.704375,23.6299375,10.874375));
#1964=VERTEX_POINT('',#1963);
#1965=CARTESIAN_POINT('',(40.084375,23.6299375,10.874375));
#1966=DIRECTION('',(1.,0.,-0.));
#1967=VECTOR('',#1966,7.62);
#1968=LINE('',#1965,#1967);
#1969=EDGE_CURVE('',#1956,#1964,#1968,.T.);
#1970=ORIENTED_EDGE('',*,*,#1969,.T.);
#1971=CARTESIAN_POINT('',(47.704375,23.6299375,11.0410625));
#1972=VERTEX_POINT('',#1971);
#1973=CARTESIAN_POINT('',(47.704375,23.6299375,10.874375));
#1974=DIRECTION('',(0.,0.,1.));
#1975=VECTOR('',#1974,0.1666875);
#1976=LINE('',#1973,#1975);
#1977=EDGE_CURVE('',#1964,#1972,#1976,.T.);
#1978=ORIENTED_EDGE('',*,*,#1977,.T.);
#1979=CARTESIAN_POINT('',(3.744323776,23.6299375,11.0410625));
#1980=VERTEX_POINT('',#1979);
#1981=CARTESIAN_POINT('',(3.744323776,23.6299375,11.0410625));
#1982=DIRECTION('',(1.,0.,-0.));
#1983=VECTOR('',#1982,43.960051224);
#1984=LINE('',#1981,#1983);
#1985=EDGE_CURVE('',#1980,#1972,#1984,.T.);
#1986=ORIENTED_EDGE('',*,*,#1985,.F.);
#1987=CARTESIAN_POINT('',(3.744323776,23.6299375,10.366375));
#1988=VERTEX_POINT('',#1987);
#1989=CARTESIAN_POINT('',(3.744323776,23.6299375,11.0410625));
#1990=DIRECTION('',(-0.,-0.,-1.));
#1991=VECTOR('',#1990,0.6746875);
#1992=LINE('',#1989,#1991);
#1993=EDGE_CURVE('',#1980,#1988,#1992,.T.);
#1994=ORIENTED_EDGE('',*,*,#1993,.T.);
#1995=CARTESIAN_POINT('',(1.984375,23.6299375,10.366375));
#1996=VERTEX_POINT('',#1995);
#1997=CARTESIAN_POINT('',(1.984375,23.6299375,10.366375));
#1998=DIRECTION('',(1.,-0.,-0.));
#1999=VECTOR('',#1998,1.759948776);
#2000=LINE('',#1997,#1999);
#2001=EDGE_CURVE('',#1996,#1988,#2000,.T.);
#2002=ORIENTED_EDGE('',*,*,#2001,.F.);
#2003=CARTESIAN_POINT('',(1.984375,23.6299375,8.439585245));
#2004=DIRECTION('',(0.,0.,1.));
#2005=VECTOR('',#2004,1.926789755);
#2006=LINE('',#2003,#2005);
#2007=EDGE_CURVE('',#1696,#1996,#2006,.T.);
#2008=ORIENTED_EDGE('',*,*,#2007,.F.);
#2009=ORIENTED_EDGE('',*,*,#1701,.T.);
#2010=EDGE_LOOP('',(#1962,#1970,#1978,#1986,#1994,#2002,#2008,#2009));
#2011=FACE_BOUND('',#2010,.T.);
#2012=ADVANCED_FACE('',(#2011),#1954,.F.);
#2013=CARTESIAN_POINT('',(64.690625,13.2159375,6.048375));
#2014=DIRECTION('',(0.,0.,1.));
#2015=DIRECTION('',(1.,0.,0.));
#2016=AXIS2_PLACEMENT_3D('',#2013,#2014,#2015);
#2017=PLANE('',#2016);
#2018=CARTESIAN_POINT('',(40.084375,1.7859375,6.048375));
#2019=VERTEX_POINT('',#2018);
#2020=CARTESIAN_POINT('',(40.084375,2.442727255,6.048375));
#2021=DIRECTION('',(-0.,-1.,-0.));
#2022=VECTOR('',#2021,0.656789755);
#2023=LINE('',#2020,#2022);
#2024=EDGE_CURVE('',#1855,#2019,#2023,.T.);
#2025=ORIENTED_EDGE('',*,*,#2024,.F.);
#2026=ORIENTED_EDGE('',*,*,#1862,.T.);
#2027=CARTESIAN_POINT('',(9.1201875,1.7859375,6.048375));
#2028=VERTEX_POINT('',#2027);
#2029=CARTESIAN_POINT('',(9.1201875,2.442727255,6.048375));
#2030=DIRECTION('',(-0.,-1.,-0.));
#2031=VECTOR('',#2030,0.656789755);
#2032=LINE('',#2029,#2031);
#2033=EDGE_CURVE('',#1857,#2028,#2032,.T.);
#2034=ORIENTED_EDGE('',*,*,#2033,.T.);
#2035=CARTESIAN_POINT('',(40.084375,1.7859375,6.048375));
#2036=DIRECTION('',(-1.,-0.,0.));
#2037=VECTOR('',#2036,30.9641875);
#2038=LINE('',#2035,#2037);
#2039=EDGE_CURVE('',#2019,#2028,#2038,.T.);
#2040=ORIENTED_EDGE('',*,*,#2039,.F.);
#2041=EDGE_LOOP('',(#2025,#2026,#2034,#2040));
#2042=FACE_BOUND('',#2041,.T.);
#2043=ADVANCED_FACE('',(#2042),#2017,.T.);
#2044=CARTESIAN_POINT('',(-9.525,2.8019375,5.032375));
#2045=DIRECTION('',(0.,1.,0.));
#2046=DIRECTION('',(0.,0.,1.));
#2047=AXIS2_PLACEMENT_3D('',#2044,#2045,#2046);
#2048=PLANE('',#2047);
#2049=CARTESIAN_POINT('',(40.084375,2.8019375,4.629585245));
#2050=DIRECTION('',(0.,0.,1.));
#2051=VECTOR('',#2050,1.05957951);
#2052=LINE('',#2049,#2051);
#2053=EDGE_CURVE('',#1897,#1865,#2052,.T.);
#2054=ORIENTED_EDGE('',*,*,#2053,.F.);
#2055=ORIENTED_EDGE('',*,*,#1904,.T.);
#2056=CARTESIAN_POINT('',(9.1201875,2.8019375,4.629585245));
#2057=DIRECTION('',(0.,0.,1.));
#2058=VECTOR('',#2057,1.05957951);
#2059=LINE('',#2056,#2058);
#2060=EDGE_CURVE('',#1899,#1874,#2059,.T.);
#2061=ORIENTED_EDGE('',*,*,#2060,.T.);
#2062=ORIENTED_EDGE('',*,*,#1879,.T.);
#2063=EDGE_LOOP('',(#2054,#2055,#2061,#2062));
#2064=FACE_BOUND('',#2063,.T.);
#2065=ADVANCED_FACE('',(#2064),#2048,.T.);
#2066=CARTESIAN_POINT('',(1.984375,26.4239375,1.984375));
#2067=DIRECTION('',(0.,1.,0.));
#2068=DIRECTION('',(-1.,0.,0.));
#2069=AXIS2_PLACEMENT_3D('',#2066,#2067,#2068);
#2070=PLANE('',#2069);
#2071=CARTESIAN_POINT('',(8.376238724,26.4239375,2.002426224));
#2072=VERTEX_POINT('',#2071);
#2073=CARTESIAN_POINT('',(8.376238724,26.4239375,8.352426224));
#2074=VERTEX_POINT('',#2073);
#2075=CARTESIAN_POINT('',(8.376238724,26.4239375,2.002426224));
#2076=DIRECTION('',(0.,0.,1.));
#2077=VECTOR('',#2076,6.35);
#2078=LINE('',#2075,#2077);
#2079=EDGE_CURVE('',#2072,#2074,#2078,.T.);
#2080=ORIENTED_EDGE('',*,*,#2079,.T.);
#2081=CARTESIAN_POINT('',(2.002426224,26.4239375,8.352426224));
#2082=VERTEX_POINT('',#2081);
#2083=CARTESIAN_POINT('',(8.376238724,26.4239375,8.352426224));
#2084=DIRECTION('',(-1.,0.,0.));
#2085=VECTOR('',#2084,6.3738125);
#2086=LINE('',#2083,#2085);
#2087=EDGE_CURVE('',#2074,#2082,#2086,.T.);
#2088=ORIENTED_EDGE('',*,*,#2087,.T.);
#2089=CARTESIAN_POINT('',(2.002426199,26.4239614,10.348323803));
#2090=VERTEX_POINT('',#2089);
#2091=CARTESIAN_POINT('',(2.002426224,26.4239375,8.352426224));
#2092=DIRECTION('',(0.,0.,1.));
#2093=VECTOR('',#2092,1.99589757);
#2094=LINE('',#2091,#2093);
#2095=EDGE_CURVE('',#2082,#2090,#2094,.T.);
#2096=ORIENTED_EDGE('',*,*,#2095,.T.);
#2097=CARTESIAN_POINT('',(2.002426207,26.4239375,10.348323794));
#2098=DIRECTION('',(1.,-0.,-0.));
#2099=VECTOR('',#2098,50.781948793);
#2100=LINE('',#2097,#2099);
#2101=EDGE_CURVE('',#2090,#1638,#2100,.T.);
#2102=ORIENTED_EDGE('',*,*,#2101,.T.);
#2103=ORIENTED_EDGE('',*,*,#1643,.T.);
#2104=CARTESIAN_POINT('',(37.7993275,26.4239375,6.175375));
#2105=VERTEX_POINT('',#2104);
#2106=CARTESIAN_POINT('',(37.7993275,26.4239375,6.175375));
#2107=DIRECTION('',(1.,0.,-0.));
#2108=VECTOR('',#2107,14.9850475);
#2109=LINE('',#2106,#2108);
#2110=EDGE_CURVE('',#2105,#1630,#2109,.T.);
#2111=ORIENTED_EDGE('',*,*,#2110,.F.);
#2112=CARTESIAN_POINT('',(37.7993275,26.4239375,2.002426224));
#2113=VERTEX_POINT('',#2112);
#2114=CARTESIAN_POINT('',(37.7993275,26.4239375,2.002426224));
#2115=DIRECTION('',(0.,0.,1.));
#2116=VECTOR('',#2115,4.172948776);
#2117=LINE('',#2114,#2116);
#2118=EDGE_CURVE('',#2113,#2105,#2117,.T.);
#2119=ORIENTED_EDGE('',*,*,#2118,.F.);
#2120=CARTESIAN_POINT('',(37.7993275,26.4239375,2.002426224));
#2121=DIRECTION('',(-1.,0.,0.));
#2122=VECTOR('',#2121,29.423088776);
#2123=LINE('',#2120,#2122);
#2124=EDGE_CURVE('',#2113,#2072,#2123,.T.);
#2125=ORIENTED_EDGE('',*,*,#2124,.T.);
#2126=EDGE_LOOP('',(#2080,#2088,#2096,#2102,#2103,#2111,#2119,#2125));
#2127=FACE_BOUND('',#2126,.T.);
#2128=ADVANCED_FACE('',(#2127),#2070,.T.);
#2129=CARTESIAN_POINT('',(1.984375,1.7859375,1.984375));
#2130=DIRECTION('',(0.,-1.,0.));
#2131=DIRECTION('',(1.,0.,0.));
#2132=AXIS2_PLACEMENT_3D('',#2129,#2130,#2131);
#2133=PLANE('',#2132);
#2134=CARTESIAN_POINT('',(6.580278214,1.7859375,4.524375));
#2135=VERTEX_POINT('',#2134);
#2136=CARTESIAN_POINT('',(6.580278214,1.7859375,6.556465714));
#2137=VERTEX_POINT('',#2136);
#2138=CARTESIAN_POINT('',(6.580278214,1.7859375,4.524375));
#2139=DIRECTION('',(0.,0.,1.));
#2140=VECTOR('',#2139,2.032090714);
#2141=LINE('',#2138,#2140);
#2142=EDGE_CURVE('',#2135,#2137,#2141,.T.);
#2143=ORIENTED_EDGE('',*,*,#2142,.T.);
#2144=CARTESIAN_POINT('',(2.002426224,1.7859375,6.556465714));
#2145=VERTEX_POINT('',#2144);
#2146=CARTESIAN_POINT('',(6.580278214,1.7859375,6.556465714));
#2147=DIRECTION('',(-1.,-0.,0.));
#2148=VECTOR('',#2147,4.57785199);
#2149=LINE('',#2146,#2148);
#2150=EDGE_CURVE('',#2137,#2145,#2149,.T.);
#2151=ORIENTED_EDGE('',*,*,#2150,.T.);
#2152=CARTESIAN_POINT('',(1.984375,1.7859375,6.556556433));
#2153=VERTEX_POINT('',#2152);
#2154=CARTESIAN_POINT('',(2.002426224,1.7859375,6.556465714));
#2155=CARTESIAN_POINT('',(1.996409073,1.7859375,6.556465714));
#2156=CARTESIAN_POINT('',(1.990391847,1.7859375,6.556495954));
#2157=CARTESIAN_POINT('',(1.984375,1.7859375,6.556556433));
#2158=B_SPLINE_CURVE_WITH_KNOTS('',3,(#2154,#2155,#2156,#2157),.UNSPECIFIED.,.F.,.F.,(4,4),(0.,0.575890371),.UNSPECIFIED.);
#2159=EDGE_CURVE('',#2145,#2153,#2158,.T.);
#2160=ORIENTED_EDGE('',*,*,#2159,.T.);
#2161=CARTESIAN_POINT('',(1.984375,1.7859375,8.080375));
#2162=DIRECTION('',(-0.,-0.,-1.));
#2163=VECTOR('',#2162,1.523818567);
#2164=LINE('',#2161,#2163);
#2165=EDGE_CURVE('',#1737,#2153,#2164,.T.);
#2166=ORIENTED_EDGE('',*,*,#2165,.F.);
#2167=ORIENTED_EDGE('',*,*,#1742,.F.);
#2168=CARTESIAN_POINT('',(40.084375,1.7859375,10.874375));
#2169=VERTEX_POINT('',#2168);
#2170=CARTESIAN_POINT('',(40.084375,1.7859375,10.874375));
#2171=DIRECTION('',(-0.,-0.,-1.));
#2172=VECTOR('',#2171,2.794);
#2173=LINE('',#2170,#2172);
#2174=EDGE_CURVE('',#2169,#1729,#2173,.T.);
#2175=ORIENTED_EDGE('',*,*,#2174,.F.);
#2176=CARTESIAN_POINT('',(40.084375,1.7859375,10.874375));
#2177=DIRECTION('',(1.,0.,-0.));
#2178=VECTOR('',#2177,12.7);
#2179=LINE('',#2176,#2178);
#2180=EDGE_CURVE('',#2169,#1606,#2179,.T.);
#2181=ORIENTED_EDGE('',*,*,#2180,.T.);
#2182=ORIENTED_EDGE('',*,*,#1611,.T.);
#2183=CARTESIAN_POINT('',(7.3421875,1.7859375,1.222375));
#2184=VERTEX_POINT('',#2183);
#2185=CARTESIAN_POINT('',(7.3421875,1.7859375,1.222375));
#2186=DIRECTION('',(1.,0.,-0.));
#2187=VECTOR('',#2186,45.4421875);
#2188=LINE('',#2185,#2187);
#2189=EDGE_CURVE('',#2184,#1598,#2188,.T.);
#2190=ORIENTED_EDGE('',*,*,#2189,.F.);
#2191=CARTESIAN_POINT('',(7.3421875,1.7859375,4.270375));
#2192=VERTEX_POINT('',#2191);
#2193=CARTESIAN_POINT('',(7.3421875,1.7859375,4.270375));
#2194=DIRECTION('',(-0.,-0.,-1.));
#2195=VECTOR('',#2194,3.048);
#2196=LINE('',#2193,#2195);
#2197=EDGE_CURVE('',#2192,#2184,#2196,.T.);
#2198=ORIENTED_EDGE('',*,*,#2197,.F.);
#2199=CARTESIAN_POINT('',(40.084375,1.7859375,4.270375));
#2200=VERTEX_POINT('',#2199);
#2201=CARTESIAN_POINT('',(7.3421875,1.7859375,4.270375));
#2202=DIRECTION('',(1.,0.,-0.));
#2203=VECTOR('',#2202,32.7421875);
#2204=LINE('',#2201,#2203);
#2205=EDGE_CURVE('',#2192,#2200,#2204,.T.);
#2206=ORIENTED_EDGE('',*,*,#2205,.T.);
#2207=CARTESIAN_POINT('',(40.084375,1.7859375,6.048375));
#2208=DIRECTION('',(-0.,-0.,-1.));
#2209=VECTOR('',#2208,1.778);
#2210=LINE('',#2207,#2209);
#2211=EDGE_CURVE('',#2019,#2200,#2210,.T.);
#2212=ORIENTED_EDGE('',*,*,#2211,.F.);
#2213=ORIENTED_EDGE('',*,*,#2039,.T.);
#2214=CARTESIAN_POINT('',(9.1201875,1.7859375,4.524375));
#2215=VERTEX_POINT('',#2214);
#2216=CARTESIAN_POINT('',(9.1201875,1.7859375,6.048375));
#2217=DIRECTION('',(-0.,-0.,-1.));
#2218=VECTOR('',#2217,1.524);
#2219=LINE('',#2216,#2218);
#2220=EDGE_CURVE('',#2028,#2215,#2219,.T.);
#2221=ORIENTED_EDGE('',*,*,#2220,.T.);
#2222=CARTESIAN_POINT('',(9.1201875,1.7859375,4.524375));
#2223=DIRECTION('',(-1.,-0.,0.));
#2224=VECTOR('',#2223,2.539909286);
#2225=LINE('',#2222,#2224);
#2226=EDGE_CURVE('',#2215,#2135,#2225,.T.);
#2227=ORIENTED_EDGE('',*,*,#2226,.T.);
#2228=EDGE_LOOP('',(#2143,#2151,#2160,#2166,#2167,#2175,#2181,#2182,#2190,#2198,#2206,#2212,#2213,#2221,#2227));
#2229=FACE_BOUND('',#2228,.T.);
#2230=ADVANCED_FACE('',(#2229),#2133,.F.);
#2231=CARTESIAN_POINT('',(1.984375,24.6459375,1.984375));
#2232=DIRECTION('',(0.,1.,0.));
#2233=DIRECTION('',(-1.,0.,0.));
#2234=AXIS2_PLACEMENT_3D('',#2231,#2232,#2233);
#2235=PLANE('',#2234);
#2236=CARTESIAN_POINT('',(1.984375,24.6459375,6.556556433));
#2237=VERTEX_POINT('',#2236);
#2238=CARTESIAN_POINT('',(1.984375,24.6459375,6.556556433));
#2239=DIRECTION('',(0.,0.,1.));
#2240=VECTOR('',#2239,1.523818567);
#2241=LINE('',#2238,#2240);
#2242=EDGE_CURVE('',#2237,#1541,#2241,.T.);
#2243=ORIENTED_EDGE('',*,*,#2242,.F.);
#2244=CARTESIAN_POINT('',(2.002426224,24.6459375,6.556465714));
#2245=VERTEX_POINT('',#2244);
#2246=CARTESIAN_POINT('',(1.984375,24.6459375,6.556556433));
#2247=CARTESIAN_POINT('',(1.990391847,24.6459375,6.556495954));
#2248=CARTESIAN_POINT('',(1.996409073,24.6459375,6.556465714));
#2249=CARTESIAN_POINT('',(2.002426224,24.6459375,6.556465714));
#2250=B_SPLINE_CURVE_WITH_KNOTS('',3,(#2246,#2247,#2248,#2249),.UNSPECIFIED.,.F.,.F.,(4,4),(179.424109629,180.),.UNSPECIFIED.);
#2251=EDGE_CURVE('',#2237,#2245,#2250,.T.);
#2252=ORIENTED_EDGE('',*,*,#2251,.T.);
#2253=CARTESIAN_POINT('',(6.580278214,24.6459375,6.556465714));
#2254=VERTEX_POINT('',#2253);
#2255=CARTESIAN_POINT('',(2.002426224,24.6459375,6.556465714));
#2256=DIRECTION('',(1.,-0.,-0.));
#2257=VECTOR('',#2256,4.57785199);
#2258=LINE('',#2255,#2257);
#2259=EDGE_CURVE('',#2245,#2254,#2258,.T.);
#2260=ORIENTED_EDGE('',*,*,#2259,.T.);
#2261=CARTESIAN_POINT('',(6.580278214,24.6459375,4.524375));
#2262=VERTEX_POINT('',#2261);
#2263=CARTESIAN_POINT('',(6.580278214,24.6459375,6.556465714));
#2264=DIRECTION('',(-0.,-0.,-1.));
#2265=VECTOR('',#2264,2.032090714);
#2266=LINE('',#2263,#2265);
#2267=EDGE_CURVE('',#2254,#2262,#2266,.T.);
#2268=ORIENTED_EDGE('',*,*,#2267,.T.);
#2269=CARTESIAN_POINT('',(9.1201875,24.6459375,4.524375));
#2270=VERTEX_POINT('',#2269);
#2271=CARTESIAN_POINT('',(9.1201875,24.6459375,4.524375));
#2272=DIRECTION('',(-1.,-0.,0.));
#2273=VECTOR('',#2272,2.539909286);
#2274=LINE('',#2271,#2273);
#2275=EDGE_CURVE('',#2270,#2262,#2274,.T.);
#2276=ORIENTED_EDGE('',*,*,#2275,.F.);
#2277=CARTESIAN_POINT('',(9.1201875,24.6459375,6.048375));
#2278=VERTEX_POINT('',#2277);
#2279=CARTESIAN_POINT('',(9.1201875,24.6459375,4.524375));
#2280=DIRECTION('',(0.,0.,1.));
#2281=VECTOR('',#2280,1.524);
#2282=LINE('',#2279,#2281);
#2283=EDGE_CURVE('',#2270,#2278,#2282,.T.);
#2284=ORIENTED_EDGE('',*,*,#2283,.T.);
#2285=CARTESIAN_POINT('',(37.7993275,24.6459375,6.048375));
#2286=VERTEX_POINT('',#2285);
#2287=CARTESIAN_POINT('',(37.7993275,24.6459375,6.048375));
#2288=DIRECTION('',(-1.,-0.,0.));
#2289=VECTOR('',#2288,28.67914);
#2290=LINE('',#2287,#2289);
#2291=EDGE_CURVE('',#2286,#2278,#2290,.T.);
#2292=ORIENTED_EDGE('',*,*,#2291,.F.);
#2293=CARTESIAN_POINT('',(37.7993275,24.6459375,6.175375));
#2294=VERTEX_POINT('',#2293);
#2295=CARTESIAN_POINT('',(37.7993275,24.6459375,6.048375));
#2296=DIRECTION('',(0.,0.,1.));
#2297=VECTOR('',#2296,0.127);
#2298=LINE('',#2295,#2297);
#2299=EDGE_CURVE('',#2286,#2294,#2298,.T.);
#2300=ORIENTED_EDGE('',*,*,#2299,.T.);
#2301=CARTESIAN_POINT('',(37.7993275,24.6459375,6.175375));
#2302=DIRECTION('',(1.,-0.,-0.));
#2303=VECTOR('',#2302,14.9850475);
#2304=LINE('',#2301,#2303);
#2305=EDGE_CURVE('',#2294,#1622,#2304,.T.);
#2306=ORIENTED_EDGE('',*,*,#2305,.T.);
#2307=ORIENTED_EDGE('',*,*,#1627,.F.);
#2308=CARTESIAN_POINT('',(40.084375,24.6459375,10.874375));
#2309=VERTEX_POINT('',#2308);
#2310=CARTESIAN_POINT('',(40.084375,24.6459375,10.874375));
#2311=DIRECTION('',(1.,0.,-0.));
#2312=VECTOR('',#2311,12.7);
#2313=LINE('',#2310,#2312);
#2314=EDGE_CURVE('',#2309,#1614,#2313,.T.);
#2315=ORIENTED_EDGE('',*,*,#2314,.F.);
#2316=CARTESIAN_POINT('',(40.084375,24.6459375,10.874375));
#2317=DIRECTION('',(-0.,-0.,-1.));
#2318=VECTOR('',#2317,2.794);
#2319=LINE('',#2316,#2318);
#2320=EDGE_CURVE('',#2309,#1539,#2319,.T.);
#2321=ORIENTED_EDGE('',*,*,#2320,.T.);
#2322=ORIENTED_EDGE('',*,*,#1546,.T.);
#2323=EDGE_LOOP('',(#2243,#2252,#2260,#2268,#2276,#2284,#2292,#2300,#2306,#2307,#2315,#2321,#2322));
#2324=FACE_BOUND('',#2323,.T.);
#2325=ADVANCED_FACE('',(#2324),#2235,.F.);
#2326=CARTESIAN_POINT('',(-9.525,13.2159375,1.222375));
#2327=DIRECTION('',(0.,0.,-1.));
#2328=DIRECTION('',(-1.,0.,0.));
#2329=AXIS2_PLACEMENT_3D('',#2326,#2327,#2328);
#2330=PLANE('',#2329);
#2331=CARTESIAN_POINT('',(27.97204935,17.026102753,1.222375));
#2332=VERTEX_POINT('',#2331);
#2333=CARTESIAN_POINT('',(33.05204915,17.027528642,1.222375));
#2334=VERTEX_POINT('',#2333);
#2335=CARTESIAN_POINT('',(27.97204935,17.026102753,1.222375));
#2336=DIRECTION('',(0.999999961,0.000280687,0.));
#2337=VECTOR('',#2336,5.08);
#2338=LINE('',#2335,#2337);
#2339=EDGE_CURVE('',#2332,#2334,#2338,.T.);
#2340=ORIENTED_EDGE('',*,*,#2339,.T.);
#2341=CARTESIAN_POINT('',(33.054187984,9.407528942,1.222375));
#2342=VERTEX_POINT('',#2341);
#2343=CARTESIAN_POINT('',(33.05204915,17.027528642,1.222375));
#2344=DIRECTION('',(0.000280687,-0.999999961,0.));
#2345=VECTOR('',#2344,7.62);
#2346=LINE('',#2343,#2345);
#2347=EDGE_CURVE('',#2334,#2342,#2346,.T.);
#2348=ORIENTED_EDGE('',*,*,#2347,.T.);
#2349=CARTESIAN_POINT('',(27.974188184,9.406103053,1.222375));
#2350=VERTEX_POINT('',#2349);
#2351=CARTESIAN_POINT('',(33.054187984,9.407528942,1.222375));
#2352=DIRECTION('',(-0.999999961,-0.000280687,0.));
#2353=VECTOR('',#2352,5.08);
#2354=LINE('',#2351,#2353);
#2355=EDGE_CURVE('',#2342,#2350,#2354,.T.);
#2356=ORIENTED_EDGE('',*,*,#2355,.T.);
#2357=CARTESIAN_POINT('',(27.974188184,9.406103053,1.222375));
#2358=DIRECTION('',(-0.000280687,0.999999961,0.));
#2359=VECTOR('',#2358,7.62);
#2360=LINE('',#2357,#2359);
#2361=EDGE_CURVE('',#2350,#2332,#2360,.T.);
#2362=ORIENTED_EDGE('',*,*,#2361,.T.);
#2363=EDGE_LOOP('',(#2340,#2348,#2356,#2362));
#2364=FACE_BOUND('',#2363,.T.);
#2365=CARTESIAN_POINT('',(49.228375,4.0719375,1.222375));
#2366=VERTEX_POINT('',#2365);
#2367=CARTESIAN_POINT('',(51.768375,4.0719375,1.222375));
#2368=VERTEX_POINT('',#2367);
#2369=CARTESIAN_POINT('',(50.498375,4.0719375,1.222375));
#2370=DIRECTION('',(0.,0.,-1.));
#2371=DIRECTION('',(-1.,0.,0.));
#2372=AXIS2_PLACEMENT_3D('',#2369,#2370,#2371);
#2373=CIRCLE('',#2372,1.27);
#2374=EDGE_CURVE('',#2366,#2368,#2373,.T.);
#2375=ORIENTED_EDGE('',*,*,#2374,.T.);
#2376=CARTESIAN_POINT('',(50.498375,4.0719375,1.222375));
#2377=DIRECTION('',(0.,0.,-1.));
#2378=DIRECTION('',(-1.,0.,0.));
#2379=AXIS2_PLACEMENT_3D('',#2376,#2377,#2378);
#2380=CIRCLE('',#2379,1.27);
#2381=EDGE_CURVE('',#2368,#2366,#2380,.T.);
#2382=ORIENTED_EDGE('',*,*,#2381,.T.);
#2383=EDGE_LOOP('',(#2375,#2382));
#2384=FACE_BOUND('',#2383,.T.);
#2385=CARTESIAN_POINT('',(36.003276276,15.737886276,1.222375));
#2386=VERTEX_POINT('',#2385);
#2387=CARTESIAN_POINT('',(52.784375,15.737886276,1.222375));
#2388=DIRECTION('',(-1.,0.,0.));
#2389=VECTOR('',#2388,16.781098724);
#2390=LINE('',#2387,#2389);
#2391=EDGE_CURVE('',#1589,#2386,#2390,.T.);
#2392=ORIENTED_EDGE('',*,*,#2391,.T.);
#2393=CARTESIAN_POINT('',(36.003276276,24.6459375,1.222375));
#2394=VERTEX_POINT('',#2393);
#2395=CARTESIAN_POINT('',(36.003276276,15.737886276,1.222375));
#2396=DIRECTION('',(0.,1.,0.));
#2397=VECTOR('',#2396,8.908051224);
#2398=LINE('',#2395,#2397);
#2399=EDGE_CURVE('',#2386,#2394,#2398,.T.);
#2400=ORIENTED_EDGE('',*,*,#2399,.T.);
#2401=CARTESIAN_POINT('',(7.3421875,24.6459375,1.222375));
#2402=VERTEX_POINT('',#2401);
#2403=CARTESIAN_POINT('',(7.3421875,24.6459375,1.222375));
#2404=DIRECTION('',(1.,0.,-0.));
#2405=VECTOR('',#2404,28.661088776);
#2406=LINE('',#2403,#2405);
#2407=EDGE_CURVE('',#2402,#2394,#2406,.T.);
#2408=ORIENTED_EDGE('',*,*,#2407,.F.);
#2409=CARTESIAN_POINT('',(7.3421875,1.7859375,1.222375));
#2410=DIRECTION('',(0.,1.,0.));
#2411=VECTOR('',#2410,22.86);
#2412=LINE('',#2409,#2411);
#2413=EDGE_CURVE('',#2184,#2402,#2412,.T.);
#2414=ORIENTED_EDGE('',*,*,#2413,.F.);
#2415=ORIENTED_EDGE('',*,*,#2189,.T.);
#2416=ORIENTED_EDGE('',*,*,#1603,.F.);
#2417=EDGE_LOOP('',(#2392,#2400,#2408,#2414,#2415,#2416));
#2418=FACE_BOUND('',#2417,.T.);
#2419=ADVANCED_FACE('',(#2364,#2384,#2418),#2330,.F.);
#2420=CARTESIAN_POINT('',(-29.36875,2.2939375,4.270375));
#2421=DIRECTION('',(0.,0.,-1.));
#2422=DIRECTION('',(0.,1.,0.));
#2423=AXIS2_PLACEMENT_3D('',#2420,#2421,#2422);
#2424=PLANE('',#2423);
#2425=CARTESIAN_POINT('',(40.084375,1.7859375,4.270375));
#2426=DIRECTION('',(0.,1.,0.));
#2427=VECTOR('',#2426,0.656789755);
#2428=LINE('',#2425,#2427);
#2429=EDGE_CURVE('',#2200,#1907,#2428,.T.);
#2430=ORIENTED_EDGE('',*,*,#2429,.F.);
#2431=ORIENTED_EDGE('',*,*,#2205,.F.);
#2432=CARTESIAN_POINT('',(7.3421875,2.442727255,4.270375));
#2433=DIRECTION('',(0.,-1.,0.));
#2434=VECTOR('',#2433,0.656789755);
#2435=LINE('',#2432,#2434);
#2436=EDGE_CURVE('',#1916,#2192,#2435,.T.);
#2437=ORIENTED_EDGE('',*,*,#2436,.F.);
#2438=ORIENTED_EDGE('',*,*,#1921,.T.);
#2439=EDGE_LOOP('',(#2430,#2431,#2437,#2438));
#2440=FACE_BOUND('',#2439,.T.);
#2441=ADVANCED_FACE('',(#2440),#2424,.T.);
#2442=CARTESIAN_POINT('',(44.529375,17.5339375,6.175375));
#2443=DIRECTION('',(0.,0.,1.));
#2444=DIRECTION('',(1.,0.,0.));
#2445=AXIS2_PLACEMENT_3D('',#2442,#2443,#2444);
#2446=PLANE('',#2445);
#2447=ORIENTED_EDGE('',*,*,#1635,.F.);
#2448=ORIENTED_EDGE('',*,*,#2305,.F.);
#2449=CARTESIAN_POINT('',(37.7993275,24.6459375,6.175375));
#2450=DIRECTION('',(0.,1.,0.));
#2451=VECTOR('',#2450,1.778);
#2452=LINE('',#2449,#2451);
#2453=EDGE_CURVE('',#2294,#2105,#2452,.T.);
#2454=ORIENTED_EDGE('',*,*,#2453,.T.);
#2455=ORIENTED_EDGE('',*,*,#2110,.T.);
#2456=EDGE_LOOP('',(#2447,#2448,#2454,#2455));
#2457=FACE_BOUND('',#2456,.T.);
#2458=ADVANCED_FACE('',(#2457),#2446,.F.);
#2459=CARTESIAN_POINT('',(1.984375,1.803988724,10.348323776));
#2460=DIRECTION('',(-1.,0.,0.));
#2461=DIRECTION('',(0.,0.,1.));
#2462=AXIS2_PLACEMENT_3D('',#2459,#2460,#2461);
#2463=CYLINDRICAL_SURFACE('',#2462,1.796051224);
#2464=CARTESIAN_POINT('',(2.002364437,0.007914,10.348340192));
#2465=VERTEX_POINT('',#2464);
#2466=CARTESIAN_POINT('',(52.784375,0.0079375,10.348323776));
#2467=DIRECTION('',(-1.,0.,0.000000267));
#2468=VECTOR('',#2467,50.781998114);
#2469=LINE('',#2466,#2468);
#2470=EDGE_CURVE('',#1654,#2465,#2469,.T.);
#2471=ORIENTED_EDGE('',*,*,#2470,.F.);
#2472=ORIENTED_EDGE('',*,*,#1660,.T.);
#2473=ORIENTED_EDGE('',*,*,#897,.F.);
#2474=CARTESIAN_POINT('',(2.002401555,0.0079375,10.348340192));
#2475=CARTESIAN_POINT('',(2.00240361,0.007939649,10.583439878));
#2476=CARTESIAN_POINT('',(2.002405665,0.054687048,10.818446641));
#2477=CARTESIAN_POINT('',(2.00240772,0.144656747,11.035650038));
#2478=CARTESIAN_POINT('',(2.002409775,0.234626447,11.252853436));
#2479=CARTESIAN_POINT('',(2.002411831,0.367747652,11.452082556));
#2480=CARTESIAN_POINT('',(2.002413886,0.533988161,11.618323213));
#2481=CARTESIAN_POINT('',(2.002415941,0.70022867,11.784563869));
#2482=CARTESIAN_POINT('',(2.002417996,0.899457672,11.917685251));
#2483=CARTESIAN_POINT('',(2.002420051,1.11666099,12.007655143));
#2484=CARTESIAN_POINT('',(2.002422106,1.333864308,12.097625035));
#2485=CARTESIAN_POINT('',(2.002424161,1.568871029,12.144372643));
#2486=CARTESIAN_POINT('',(2.002426216,1.803970715,12.144375));
#2487=B_SPLINE_CURVE_WITH_KNOTS('',3,(#2474,#2475,#2476,#2477,#2478,#2479,#2480,#2481,#2482,#2483,#2484,#2485,#2486),.UNSPECIFIED.,.F.,.F.,(4,3,3,3,4),(270.001006076,292.500677527,315.000348977,337.500020428,359.999691878),.UNSPECIFIED.);
#2488=EDGE_CURVE('',#2465,#890,#2487,.T.);
#2489=ORIENTED_EDGE('',*,*,#2488,.F.);
#2490=EDGE_LOOP('',(#2471,#2472,#2473,#2489));
#2491=FACE_BOUND('',#2490,.T.);
#2492=ADVANCED_FACE('',(#2491),#2463,.T.);
#2493=CARTESIAN_POINT('',(1.984375,24.627886276,10.348323776));
#2494=DIRECTION('',(1.,0.,0.));
#2495=DIRECTION('',(0.,0.,-1.));
#2496=AXIS2_PLACEMENT_3D('',#2493,#2494,#2495);
#2497=CYLINDRICAL_SURFACE('',#2496,1.796051224);
#2498=ORIENTED_EDGE('',*,*,#913,.F.);
#2499=ORIENTED_EDGE('',*,*,#1650,.T.);
#2500=ORIENTED_EDGE('',*,*,#2101,.F.);
#2501=CARTESIAN_POINT('',(2.002417222,24.627908604,12.144375));
#2502=CARTESIAN_POINT('',(2.002417971,24.863009298,12.144372077));
#2503=CARTESIAN_POINT('',(2.002418721,25.098016911,12.097623499));
#2504=CARTESIAN_POINT('',(2.00241947,25.315220791,12.007652334));
#2505=CARTESIAN_POINT('',(2.00242022,25.53242467,11.917681169));
#2506=CARTESIAN_POINT('',(2.002420969,25.731653902,11.784558215));
#2507=CARTESIAN_POINT('',(2.002421719,25.897894164,11.618315888));
#2508=CARTESIAN_POINT('',(2.002422468,26.064134426,11.452073561));
#2509=CARTESIAN_POINT('',(2.002423218,26.197254905,11.252842676));
#2510=CARTESIAN_POINT('',(2.002423967,26.287223372,11.035637678));
#2511=CARTESIAN_POINT('',(2.002424717,26.377191839,10.818432681));
#2512=CARTESIAN_POINT('',(2.002425466,26.423937498,10.583424487));
#2513=CARTESIAN_POINT('',(2.002426215,26.4239375,10.348323794));
#2514=B_SPLINE_CURVE_WITH_KNOTS('',3,(#2501,#2502,#2503,#2504,#2505,#2506,#2507,#2508,#2509,#2510,#2511,#2512,#2513),.UNSPECIFIED.,.F.,.F.,(4,3,3,3,4),(180.000569841,202.500391622,225.000213404,247.500035185,269.999856967),.UNSPECIFIED.);
#2515=EDGE_CURVE('',#908,#2090,#2514,.T.);
#2516=ORIENTED_EDGE('',*,*,#2515,.F.);
#2517=EDGE_LOOP('',(#2498,#2499,#2500,#2516));
#2518=FACE_BOUND('',#2517,.T.);
#2519=ADVANCED_FACE('',(#2518),#2497,.T.);
#2520=CARTESIAN_POINT('',(1.984375,1.803988724,2.002426224));
#2521=DIRECTION('',(-1.,0.,0.));
#2522=DIRECTION('',(0.,0.,1.));
#2523=AXIS2_PLACEMENT_3D('',#2520,#2521,#2522);
#2524=CYLINDRICAL_SURFACE('',#2523,1.796051224);
#2525=CARTESIAN_POINT('',(8.376238724,0.0079375,2.002426224));
#2526=VERTEX_POINT('',#2525);
#2527=CARTESIAN_POINT('',(8.376238724,0.0079375,2.002426224));
#2528=DIRECTION('',(1.,0.,-0.));
#2529=VECTOR('',#2528,44.408136276);
#2530=LINE('',#2527,#2529);
#2531=EDGE_CURVE('',#2526,#1663,#2530,.T.);
#2532=ORIENTED_EDGE('',*,*,#2531,.F.);
#2533=CARTESIAN_POINT('',(8.376238724,1.803988724,0.206375));
#2534=VERTEX_POINT('',#2533);
#2535=CARTESIAN_POINT('',(8.376238724,1.803988724,2.002426224));
#2536=DIRECTION('',(1.,-0.,-0.));
#2537=DIRECTION('',(0.,0.,1.));
#2538=AXIS2_PLACEMENT_3D('',#2535,#2536,#2537);
#2539=CIRCLE('',#2538,1.796051224);
#2540=EDGE_CURVE('',#2526,#2534,#2539,.T.);
#2541=ORIENTED_EDGE('',*,*,#2540,.T.);
#2542=CARTESIAN_POINT('',(52.784375,1.803988724,0.206375));
#2543=DIRECTION('',(-1.,-0.,0.));
#2544=VECTOR('',#2543,44.408136276);
#2545=LINE('',#2542,#2544);
#2546=EDGE_CURVE('',#1581,#2534,#2545,.T.);
#2547=ORIENTED_EDGE('',*,*,#2546,.F.);
#2548=ORIENTED_EDGE('',*,*,#1675,.F.);
#2549=EDGE_LOOP('',(#2532,#2541,#2547,#2548));
#2550=FACE_BOUND('',#2549,.T.);
#2551=ADVANCED_FACE('',(#2550),#2524,.T.);
#2552=CARTESIAN_POINT('',(38.6953125,18.4229375,10.874375));
#2553=DIRECTION('',(0.,0.,1.));
#2554=DIRECTION('',(1.,0.,0.));
#2555=AXIS2_PLACEMENT_3D('',#2552,#2553,#2554);
#2556=PLANE('',#2555);
#2557=ORIENTED_EDGE('',*,*,#1619,.F.);
#2558=ORIENTED_EDGE('',*,*,#2180,.F.);
#2559=CARTESIAN_POINT('',(40.084375,2.8019375,10.874375));
#2560=DIRECTION('',(-0.,-1.,-0.));
#2561=VECTOR('',#2560,1.016);
#2562=LINE('',#2559,#2561);
#2563=EDGE_CURVE('',#1759,#2169,#2562,.T.);
#2564=ORIENTED_EDGE('',*,*,#2563,.F.);
#2565=ORIENTED_EDGE('',*,*,#1766,.T.);
#2566=CARTESIAN_POINT('',(47.704375,4.0719375,10.874375));
#2567=VERTEX_POINT('',#2566);
#2568=CARTESIAN_POINT('',(47.704375,2.8019375,10.874375));
#2569=DIRECTION('',(0.,1.,0.));
#2570=VECTOR('',#2569,1.27);
#2571=LINE('',#2568,#2570);
#2572=EDGE_CURVE('',#1761,#2567,#2571,.T.);
#2573=ORIENTED_EDGE('',*,*,#2572,.T.);
#2574=CARTESIAN_POINT('',(47.047585245,4.0719375,10.874375));
#2575=VERTEX_POINT('',#2574);
#2576=CARTESIAN_POINT('',(47.047585245,4.0719375,10.874375));
#2577=DIRECTION('',(1.,0.,-0.));
#2578=VECTOR('',#2577,0.656789755);
#2579=LINE('',#2576,#2578);
#2580=EDGE_CURVE('',#2575,#2567,#2579,.T.);
#2581=ORIENTED_EDGE('',*,*,#2580,.F.);
#2582=CARTESIAN_POINT('',(47.047585245,4.9609375,10.874375));
#2583=VERTEX_POINT('',#2582);
#2584=CARTESIAN_POINT('',(47.047585245,4.0719375,10.874375));
#2585=DIRECTION('',(0.,1.,0.));
#2586=VECTOR('',#2585,0.889);
#2587=LINE('',#2584,#2586);
#2588=EDGE_CURVE('',#2575,#2583,#2587,.T.);
#2589=ORIENTED_EDGE('',*,*,#2588,.T.);
#2590=CARTESIAN_POINT('',(47.704375,4.9609375,10.874375));
#2591=VERTEX_POINT('',#2590);
#2592=CARTESIAN_POINT('',(47.047585245,4.9609375,10.874375));
#2593=DIRECTION('',(1.,0.,-0.));
#2594=VECTOR('',#2593,0.656789755);
#2595=LINE('',#2592,#2594);
#2596=EDGE_CURVE('',#2583,#2591,#2595,.T.);
#2597=ORIENTED_EDGE('',*,*,#2596,.T.);
#2598=CARTESIAN_POINT('',(47.704375,5.574147745,10.874375));
#2599=VERTEX_POINT('',#2598);
#2600=CARTESIAN_POINT('',(47.704375,4.9609375,10.874375));
#2601=DIRECTION('',(0.,1.,0.));
#2602=VECTOR('',#2601,0.613210245);
#2603=LINE('',#2600,#2602);
#2604=EDGE_CURVE('',#2591,#2599,#2603,.T.);
#2605=ORIENTED_EDGE('',*,*,#2604,.T.);
#2606=CARTESIAN_POINT('',(47.375980122,5.216261711,10.874375));
#2607=VERTEX_POINT('',#2606);
#2608=CARTESIAN_POINT('',(47.345164755,5.574147745,10.874375));
#2609=DIRECTION('',(-0.,-0.,-1.));
#2610=DIRECTION('',(1.,0.,-0.));
#2611=AXIS2_PLACEMENT_3D('',#2608,#2609,#2610);
#2612=CIRCLE('',#2611,0.359210245);
#2613=EDGE_CURVE('',#2599,#2607,#2612,.T.);
#2614=ORIENTED_EDGE('',*,*,#2613,.T.);
#2615=CARTESIAN_POINT('',(47.375980122,7.753613289,10.874375));
#2616=VERTEX_POINT('',#2615);
#2617=CARTESIAN_POINT('',(47.375980122,5.216261711,10.874375));
#2618=DIRECTION('',(0.,1.,0.));
#2619=VECTOR('',#2618,2.537351578);
#2620=LINE('',#2617,#2619);
#2621=EDGE_CURVE('',#2607,#2616,#2620,.T.);
#2622=ORIENTED_EDGE('',*,*,#2621,.T.);
#2623=CARTESIAN_POINT('',(47.345164755,7.395727255,10.874375));
#2624=DIRECTION('',(0.,0.,-1.));
#2625=DIRECTION('',(-1.,0.,0.));
#2626=AXIS2_PLACEMENT_3D('',#2623,#2624,#2625);
#2627=CIRCLE('',#2626,0.359210245);
#2628=EDGE_CURVE('',#2616,#1307,#2627,.T.);
#2629=ORIENTED_EDGE('',*,*,#2628,.T.);
#2630=ORIENTED_EDGE('',*,*,#1312,.T.);
#2631=CARTESIAN_POINT('',(46.942375,8.0089375,10.874375));
#2632=VERTEX_POINT('',#2631);
#2633=CARTESIAN_POINT('',(46.942375,8.0089375,10.874375));
#2634=DIRECTION('',(1.,0.,-0.));
#2635=VECTOR('',#2634,0.762);
#2636=LINE('',#2633,#2635);
#2637=EDGE_CURVE('',#2632,#1299,#2636,.T.);
#2638=ORIENTED_EDGE('',*,*,#2637,.F.);
#2639=CARTESIAN_POINT('',(46.942375,11.6919375,10.874375));
#2640=VERTEX_POINT('',#2639);
#2641=CARTESIAN_POINT('',(46.942375,8.0089375,10.874375));
#2642=DIRECTION('',(0.,1.,0.));
#2643=VECTOR('',#2642,3.683);
#2644=LINE('',#2641,#2643);
#2645=EDGE_CURVE('',#2632,#2640,#2644,.T.);
#2646=ORIENTED_EDGE('',*,*,#2645,.T.);
#2647=CARTESIAN_POINT('',(47.704375,11.6919375,10.874375));
#2648=VERTEX_POINT('',#2647);
#2649=CARTESIAN_POINT('',(46.942375,11.6919375,10.874375));
#2650=DIRECTION('',(1.,0.,-0.));
#2651=VECTOR('',#2650,0.762);
#2652=LINE('',#2649,#2651);
#2653=EDGE_CURVE('',#2640,#2648,#2652,.T.);
#2654=ORIENTED_EDGE('',*,*,#2653,.T.);
#2655=CARTESIAN_POINT('',(47.704375,12.305147745,10.874375));
#2656=VERTEX_POINT('',#2655);
#2657=CARTESIAN_POINT('',(47.704375,11.6919375,10.874375));
#2658=DIRECTION('',(0.,1.,0.));
#2659=VECTOR('',#2658,0.613210245);
#2660=LINE('',#2657,#2659);
#2661=EDGE_CURVE('',#2648,#2656,#2660,.T.);
#2662=ORIENTED_EDGE('',*,*,#2661,.T.);
#2663=CARTESIAN_POINT('',(47.375980122,11.947261711,10.874375));
#2664=VERTEX_POINT('',#2663);
#2665=CARTESIAN_POINT('',(47.345164755,12.305147745,10.874375));
#2666=DIRECTION('',(-0.,-0.,-1.));
#2667=DIRECTION('',(1.,0.,-0.));
#2668=AXIS2_PLACEMENT_3D('',#2665,#2666,#2667);
#2669=CIRCLE('',#2668,0.359210245);
#2670=EDGE_CURVE('',#2656,#2664,#2669,.T.);
#2671=ORIENTED_EDGE('',*,*,#2670,.T.);
#2672=CARTESIAN_POINT('',(47.375980122,14.484613289,10.874375));
#2673=VERTEX_POINT('',#2672);
#2674=CARTESIAN_POINT('',(47.375980122,11.947261711,10.874375));
#2675=DIRECTION('',(0.,1.,0.));
#2676=VECTOR('',#2675,2.537351578);
#2677=LINE('',#2674,#2676);
#2678=EDGE_CURVE('',#2664,#2673,#2677,.T.);
#2679=ORIENTED_EDGE('',*,*,#2678,.T.);
#2680=CARTESIAN_POINT('',(47.345164755,14.126727255,10.874375));
#2681=DIRECTION('',(0.,0.,-1.));
#2682=DIRECTION('',(-1.,0.,0.));
#2683=AXIS2_PLACEMENT_3D('',#2680,#2681,#2682);
#2684=CIRCLE('',#2683,0.359210245);
#2685=EDGE_CURVE('',#2673,#1213,#2684,.T.);
#2686=ORIENTED_EDGE('',*,*,#2685,.T.);
#2687=ORIENTED_EDGE('',*,*,#1218,.T.);
#2688=CARTESIAN_POINT('',(47.196375,14.7399375,10.874375));
#2689=VERTEX_POINT('',#2688);
#2690=CARTESIAN_POINT('',(47.196375,14.7399375,10.874375));
#2691=DIRECTION('',(1.,0.,-0.));
#2692=VECTOR('',#2691,0.508);
#2693=LINE('',#2690,#2692);
#2694=EDGE_CURVE('',#2689,#1205,#2693,.T.);
#2695=ORIENTED_EDGE('',*,*,#2694,.F.);
#2696=CARTESIAN_POINT('',(47.196375,18.4229375,10.874375));
#2697=VERTEX_POINT('',#2696);
#2698=CARTESIAN_POINT('',(47.196375,14.7399375,10.874375));
#2699=DIRECTION('',(0.,1.,0.));
#2700=VECTOR('',#2699,3.683);
#2701=LINE('',#2698,#2700);
#2702=EDGE_CURVE('',#2689,#2697,#2701,.T.);
#2703=ORIENTED_EDGE('',*,*,#2702,.T.);
#2704=CARTESIAN_POINT('',(47.704375,18.4229375,10.874375));
#2705=VERTEX_POINT('',#2704);
#2706=CARTESIAN_POINT('',(47.196375,18.4229375,10.874375));
#2707=DIRECTION('',(1.,0.,-0.));
#2708=VECTOR('',#2707,0.508);
#2709=LINE('',#2706,#2708);
#2710=EDGE_CURVE('',#2697,#2705,#2709,.T.);
#2711=ORIENTED_EDGE('',*,*,#2710,.T.);
#2712=CARTESIAN_POINT('',(47.704375,19.036147745,10.874375));
#2713=VERTEX_POINT('',#2712);
#2714=CARTESIAN_POINT('',(47.704375,18.4229375,10.874375));
#2715=DIRECTION('',(0.,1.,0.));
#2716=VECTOR('',#2715,0.613210245);
#2717=LINE('',#2714,#2716);
#2718=EDGE_CURVE('',#2705,#2713,#2717,.T.);
#2719=ORIENTED_EDGE('',*,*,#2718,.T.);
#2720=CARTESIAN_POINT('',(47.375980122,18.678261711,10.874375));
#2721=VERTEX_POINT('',#2720);
#2722=CARTESIAN_POINT('',(47.345164755,19.036147745,10.874375));
#2723=DIRECTION('',(-0.,-0.,-1.));
#2724=DIRECTION('',(1.,0.,-0.));
#2725=AXIS2_PLACEMENT_3D('',#2722,#2723,#2724);
#2726=CIRCLE('',#2725,0.359210245);
#2727=EDGE_CURVE('',#2713,#2721,#2726,.T.);
#2728=ORIENTED_EDGE('',*,*,#2727,.T.);
#2729=CARTESIAN_POINT('',(47.375980122,21.215613289,10.874375));
#2730=VERTEX_POINT('',#2729);
#2731=CARTESIAN_POINT('',(47.375980122,18.678261711,10.874375));
#2732=DIRECTION('',(0.,1.,0.));
#2733=VECTOR('',#2732,2.537351578);
#2734=LINE('',#2731,#2733);
#2735=EDGE_CURVE('',#2721,#2730,#2734,.T.);
#2736=ORIENTED_EDGE('',*,*,#2735,.T.);
#2737=CARTESIAN_POINT('',(47.345164755,20.857727255,10.874375));
#2738=DIRECTION('',(0.,0.,-1.));
#2739=DIRECTION('',(-1.,0.,0.));
#2740=AXIS2_PLACEMENT_3D('',#2737,#2738,#2739);
#2741=CIRCLE('',#2740,0.359210245);
#2742=EDGE_CURVE('',#2730,#1260,#2741,.T.);
#2743=ORIENTED_EDGE('',*,*,#2742,.T.);
#2744=ORIENTED_EDGE('',*,*,#1265,.T.);
#2745=CARTESIAN_POINT('',(47.047585245,21.4709375,10.874375));
#2746=VERTEX_POINT('',#2745);
#2747=CARTESIAN_POINT('',(47.047585245,21.4709375,10.874375));
#2748=DIRECTION('',(1.,0.,-0.));
#2749=VECTOR('',#2748,0.656789755);
#2750=LINE('',#2747,#2749);
#2751=EDGE_CURVE('',#2746,#1252,#2750,.T.);
#2752=ORIENTED_EDGE('',*,*,#2751,.F.);
#2753=CARTESIAN_POINT('',(47.047585245,22.378789063,10.874375));
#2754=VERTEX_POINT('',#2753);
#2755=CARTESIAN_POINT('',(47.047585245,21.4709375,10.874375));
#2756=DIRECTION('',(0.,1.,0.));
#2757=VECTOR('',#2756,0.907851563);
#2758=LINE('',#2755,#2757);
#2759=EDGE_CURVE('',#2746,#2754,#2758,.T.);
#2760=ORIENTED_EDGE('',*,*,#2759,.T.);
#2761=CARTESIAN_POINT('',(47.704375,22.378789063,10.874375));
#2762=VERTEX_POINT('',#2761);
#2763=CARTESIAN_POINT('',(47.047585245,22.378789063,10.874375));
#2764=DIRECTION('',(1.,0.,-0.));
#2765=VECTOR('',#2764,0.656789755);
#2766=LINE('',#2763,#2765);
#2767=EDGE_CURVE('',#2754,#2762,#2766,.T.);
#2768=ORIENTED_EDGE('',*,*,#2767,.T.);
#2769=CARTESIAN_POINT('',(47.704375,22.378789063,10.874375));
#2770=DIRECTION('',(0.,1.,0.));
#2771=VECTOR('',#2770,1.251148437);
#2772=LINE('',#2769,#2771);
#2773=EDGE_CURVE('',#2762,#1964,#2772,.T.);
#2774=ORIENTED_EDGE('',*,*,#2773,.T.);
#2775=ORIENTED_EDGE('',*,*,#1969,.F.);
#2776=CARTESIAN_POINT('',(40.084375,23.6299375,10.874375));
#2777=DIRECTION('',(0.,1.,0.));
#2778=VECTOR('',#2777,1.016);
#2779=LINE('',#2776,#2778);
#2780=EDGE_CURVE('',#1956,#2309,#2779,.T.);
#2781=ORIENTED_EDGE('',*,*,#2780,.T.);
#2782=ORIENTED_EDGE('',*,*,#2314,.T.);
#2783=EDGE_LOOP('',(#2557,#2558,#2564,#2565,#2573,#2581,#2589,#2597,#2605,#2614,#2622,#2629,#2630,#2638,#2646,#2654,#2662,#2671,#2679,#2686,#2687,#2695,#2703,#2711,#2719,#2728,
#2736,#2743,#2744,#2752,#2760,#2768,#2774,#2775,#2781,#2782));
#2784=FACE_BOUND('',#2783,.T.);
#2785=ADVANCED_FACE('',(#2784),#2556,.F.);
#2786=CARTESIAN_POINT('',(47.047585245,18.4229375,11.233585245));
#2787=DIRECTION('',(0.,-1.,0.));
#2788=DIRECTION('',(0.,0.,-1.));
#2789=AXIS2_PLACEMENT_3D('',#2786,#2787,#2788);
#2790=CYLINDRICAL_SURFACE('',#2789,0.359210245);
#2791=CARTESIAN_POINT('',(46.744324643,4.0719375,11.0410625));
#2792=VERTEX_POINT('',#2791);
#2793=CARTESIAN_POINT('',(47.047585245,4.0719375,11.233585245));
#2794=DIRECTION('',(0.,-1.,0.));
#2795=DIRECTION('',(0.,0.,-1.));
#2796=AXIS2_PLACEMENT_3D('',#2793,#2794,#2795);
#2797=CIRCLE('',#2796,0.359210245);
#2798=EDGE_CURVE('',#2792,#2575,#2797,.T.);
#2799=ORIENTED_EDGE('',*,*,#2798,.F.);
#2800=CARTESIAN_POINT('',(46.744324643,4.9609375,11.0410625));
#2801=VERTEX_POINT('',#2800);
#2802=CARTESIAN_POINT('',(46.744324643,4.0719375,11.0410625));
#2803=DIRECTION('',(-0.,1.,-0.));
#2804=VECTOR('',#2803,0.889);
#2805=LINE('',#2802,#2804);
#2806=EDGE_CURVE('',#2792,#2801,#2805,.T.);
#2807=ORIENTED_EDGE('',*,*,#2806,.T.);
#2808=CARTESIAN_POINT('',(47.047585245,4.9609375,11.233585245));
#2809=DIRECTION('',(-0.,1.,-0.));
#2810=DIRECTION('',(0.,0.,-1.));
#2811=AXIS2_PLACEMENT_3D('',#2808,#2809,#2810);
#2812=CIRCLE('',#2811,0.359210245);
#2813=EDGE_CURVE('',#2583,#2801,#2812,.T.);
#2814=ORIENTED_EDGE('',*,*,#2813,.F.);
#2815=ORIENTED_EDGE('',*,*,#2588,.F.);
#2816=EDGE_LOOP('',(#2799,#2807,#2814,#2815));
#2817=FACE_BOUND('',#2816,.T.);
#2818=ADVANCED_FACE('',(#2817),#2790,.T.);
#2819=CARTESIAN_POINT('',(47.047585245,18.4229375,11.233585245));
#2820=DIRECTION('',(0.,-1.,0.));
#2821=DIRECTION('',(0.,0.,-1.));
#2822=AXIS2_PLACEMENT_3D('',#2819,#2820,#2821);
#2823=CYLINDRICAL_SURFACE('',#2822,0.359210245);
#2824=CARTESIAN_POINT('',(46.744324643,21.4709375,11.0410625));
#2825=VERTEX_POINT('',#2824);
#2826=CARTESIAN_POINT('',(47.047585245,21.4709375,11.233585245));
#2827=DIRECTION('',(0.,-1.,0.));
#2828=DIRECTION('',(0.,0.,-1.));
#2829=AXIS2_PLACEMENT_3D('',#2826,#2827,#2828);
#2830=CIRCLE('',#2829,0.359210245);
#2831=EDGE_CURVE('',#2825,#2746,#2830,.T.);
#2832=ORIENTED_EDGE('',*,*,#2831,.F.);
#2833=CARTESIAN_POINT('',(46.744324643,22.378789063,11.0410625));
#2834=VERTEX_POINT('',#2833);
#2835=CARTESIAN_POINT('',(46.744324643,21.4709375,11.0410625));
#2836=DIRECTION('',(-0.,1.,-0.));
#2837=VECTOR('',#2836,0.907851563);
#2838=LINE('',#2835,#2837);
#2839=EDGE_CURVE('',#2825,#2834,#2838,.T.);
#2840=ORIENTED_EDGE('',*,*,#2839,.T.);
#2841=CARTESIAN_POINT('',(47.047585245,22.378789063,11.233585245));
#2842=DIRECTION('',(-0.,1.,-0.));
#2843=DIRECTION('',(0.,0.,-1.));
#2844=AXIS2_PLACEMENT_3D('',#2841,#2842,#2843);
#2845=CIRCLE('',#2844,0.359210245);
#2846=EDGE_CURVE('',#2754,#2834,#2845,.T.);
#2847=ORIENTED_EDGE('',*,*,#2846,.F.);
#2848=ORIENTED_EDGE('',*,*,#2759,.F.);
#2849=EDGE_LOOP('',(#2832,#2840,#2847,#2848));
#2850=FACE_BOUND('',#2849,.T.);
#2851=ADVANCED_FACE('',(#2850),#2823,.T.);
#2852=CARTESIAN_POINT('',(46.688375,22.378789063,11.255375));
#2853=DIRECTION('',(0.,1.,0.));
#2854=DIRECTION('',(0.,0.,1.));
#2855=AXIS2_PLACEMENT_3D('',#2852,#2853,#2854);
#2856=PLANE('',#2855);
#2857=ORIENTED_EDGE('',*,*,#2846,.T.);
#2858=CARTESIAN_POINT('',(47.704375,22.378789063,11.0410625));
#2859=VERTEX_POINT('',#2858);
#2860=CARTESIAN_POINT('',(47.704375,22.378789063,11.0410625));
#2861=DIRECTION('',(-1.,-0.,0.));
#2862=VECTOR('',#2861,0.960050357);
#2863=LINE('',#2860,#2862);
#2864=EDGE_CURVE('',#2859,#2834,#2863,.T.);
#2865=ORIENTED_EDGE('',*,*,#2864,.F.);
#2866=CARTESIAN_POINT('',(47.704375,22.378789063,10.874375));
#2867=DIRECTION('',(0.,0.,1.));
#2868=VECTOR('',#2867,0.1666875);
#2869=LINE('',#2866,#2868);
#2870=EDGE_CURVE('',#2762,#2859,#2869,.T.);
#2871=ORIENTED_EDGE('',*,*,#2870,.F.);
#2872=ORIENTED_EDGE('',*,*,#2767,.F.);
#2873=EDGE_LOOP('',(#2857,#2865,#2871,#2872));
#2874=FACE_BOUND('',#2873,.T.);
#2875=ADVANCED_FACE('',(#2874),#2856,.T.);
#2876=CARTESIAN_POINT('',(47.704375,13.2159375,7.9771875));
#2877=DIRECTION('',(-1.,0.,0.));
#2878=DIRECTION('',(0.,0.,1.));
#2879=AXIS2_PLACEMENT_3D('',#2876,#2877,#2878);
#2880=PLANE('',#2879);
#2881=ORIENTED_EDGE('',*,*,#1163,.T.);
#2882=CARTESIAN_POINT('',(47.704375,11.9459375,12.144375));
#2883=DIRECTION('',(0.,0.,-1.));
#2884=VECTOR('',#2883,0.284815367);
#2885=LINE('',#2882,#2884);
#2886=EDGE_CURVE('',#1150,#1429,#2885,.T.);
#2887=ORIENTED_EDGE('',*,*,#2886,.T.);
#2888=ORIENTED_EDGE('',*,*,#1434,.T.);
#2889=CARTESIAN_POINT('',(47.704375,12.305147745,11.859559633));
#2890=DIRECTION('',(-0.,-0.,-1.));
#2891=VECTOR('',#2890,0.985184633);
#2892=LINE('',#2889,#2891);
#2893=EDGE_CURVE('',#1418,#2656,#2892,.T.);
#2894=ORIENTED_EDGE('',*,*,#2893,.T.);
#2895=ORIENTED_EDGE('',*,*,#2661,.F.);
#2896=CARTESIAN_POINT('',(47.704375,11.6919375,12.144375));
#2897=DIRECTION('',(0.,0.,-1.));
#2898=VECTOR('',#2897,1.27);
#2899=LINE('',#2896,#2898);
#2900=EDGE_CURVE('',#1158,#2648,#2899,.T.);
#2901=ORIENTED_EDGE('',*,*,#2900,.F.);
#2902=EDGE_LOOP('',(#2881,#2887,#2888,#2894,#2895,#2901));
#2903=FACE_BOUND('',#2902,.T.);
#2904=ADVANCED_FACE('',(#2903),#2880,.T.);
#2905=CARTESIAN_POINT('',(47.704375,13.2159375,7.9771875));
#2906=DIRECTION('',(-1.,0.,0.));
#2907=DIRECTION('',(0.,0.,1.));
#2908=AXIS2_PLACEMENT_3D('',#2905,#2906,#2907);
#2909=PLANE('',#2908);
#2910=ORIENTED_EDGE('',*,*,#987,.T.);
#2911=CARTESIAN_POINT('',(47.704375,5.2149375,12.144375));
#2912=DIRECTION('',(-0.,-0.,-1.));
#2913=VECTOR('',#2912,0.284815367);
#2914=LINE('',#2911,#2913);
#2915=EDGE_CURVE('',#974,#1486,#2914,.T.);
#2916=ORIENTED_EDGE('',*,*,#2915,.T.);
#2917=ORIENTED_EDGE('',*,*,#1491,.T.);
#2918=CARTESIAN_POINT('',(47.704375,5.574147745,11.859559633));
#2919=DIRECTION('',(-0.,-0.,-1.));
#2920=VECTOR('',#2919,0.985184633);
#2921=LINE('',#2918,#2920);
#2922=EDGE_CURVE('',#1477,#2599,#2921,.T.);
#2923=ORIENTED_EDGE('',*,*,#2922,.T.);
#2924=ORIENTED_EDGE('',*,*,#2604,.F.);
#2925=CARTESIAN_POINT('',(47.704375,4.9609375,10.874375));
#2926=DIRECTION('',(0.,0.,1.));
#2927=VECTOR('',#2926,1.27);
#2928=LINE('',#2925,#2927);
#2929=EDGE_CURVE('',#2591,#982,#2928,.T.);
#2930=ORIENTED_EDGE('',*,*,#2929,.T.);
#2931=EDGE_LOOP('',(#2910,#2916,#2917,#2923,#2924,#2930));
#2932=FACE_BOUND('',#2931,.T.);
#2933=ADVANCED_FACE('',(#2932),#2909,.T.);
#2934=CARTESIAN_POINT('',(47.704375,13.2159375,7.9771875));
#2935=DIRECTION('',(-1.,0.,0.));
#2936=DIRECTION('',(0.,0.,1.));
#2937=AXIS2_PLACEMENT_3D('',#2934,#2935,#2936);
#2938=PLANE('',#2937);
#2939=ORIENTED_EDGE('',*,*,#1075,.T.);
#2940=CARTESIAN_POINT('',(47.704375,18.6769375,12.144375));
#2941=DIRECTION('',(0.,0.,-1.));
#2942=VECTOR('',#2941,0.284815367);
#2943=LINE('',#2940,#2942);
#2944=EDGE_CURVE('',#1062,#1348,#2943,.T.);
#2945=ORIENTED_EDGE('',*,*,#2944,.T.);
#2946=ORIENTED_EDGE('',*,*,#1353,.T.);
#2947=CARTESIAN_POINT('',(47.704375,19.036147745,11.859559633));
#2948=DIRECTION('',(-0.,-0.,-1.));
#2949=VECTOR('',#2948,0.985184633);
#2950=LINE('',#2947,#2949);
#2951=EDGE_CURVE('',#1337,#2713,#2950,.T.);
#2952=ORIENTED_EDGE('',*,*,#2951,.T.);
#2953=ORIENTED_EDGE('',*,*,#2718,.F.);
#2954=CARTESIAN_POINT('',(47.704375,18.4229375,12.144375));
#2955=DIRECTION('',(0.,0.,-1.));
#2956=VECTOR('',#2955,1.27);
#2957=LINE('',#2954,#2956);
#2958=EDGE_CURVE('',#1070,#2705,#2957,.T.);
#2959=ORIENTED_EDGE('',*,*,#2958,.F.);
#2960=EDGE_LOOP('',(#2939,#2945,#2946,#2952,#2953,#2959));
#2961=FACE_BOUND('',#2960,.T.);
#2962=ADVANCED_FACE('',(#2961),#2938,.T.);
#2963=CARTESIAN_POINT('',(3.744323776,8.0089375,14.3271875));
#2964=DIRECTION('',(-1.,0.,0.));
#2965=DIRECTION('',(0.,-1.,0.));
#2966=AXIS2_PLACEMENT_3D('',#2963,#2964,#2965);
#2967=PLANE('',#2966);
#2968=CARTESIAN_POINT('',(3.744323776,2.8019375,11.0410625));
#2969=DIRECTION('',(0.,1.,0.));
#2970=VECTOR('',#2969,20.828);
#2971=LINE('',#2968,#2970);
#2972=EDGE_CURVE('',#1801,#1980,#2971,.T.);
#2973=ORIENTED_EDGE('',*,*,#2972,.F.);
#2974=ORIENTED_EDGE('',*,*,#1806,.T.);
#2975=CARTESIAN_POINT('',(3.744323776,2.8019375,10.366375));
#2976=DIRECTION('',(-0.,1.,-0.));
#2977=VECTOR('',#2976,20.828);
#2978=LINE('',#2975,#2977);
#2979=EDGE_CURVE('',#1793,#1988,#2978,.T.);
#2980=ORIENTED_EDGE('',*,*,#2979,.T.);
#2981=ORIENTED_EDGE('',*,*,#1993,.F.);
#2982=EDGE_LOOP('',(#2973,#2974,#2980,#2981));
#2983=FACE_BOUND('',#2982,.T.);
#2984=ADVANCED_FACE('',(#2983),#2967,.F.);
#2985=CARTESIAN_POINT('',(47.704375,13.2159375,7.9771875));
#2986=DIRECTION('',(-1.,0.,0.));
#2987=DIRECTION('',(0.,0.,1.));
#2988=AXIS2_PLACEMENT_3D('',#2985,#2986,#2987);
#2989=PLANE('',#2988);
#2990=ORIENTED_EDGE('',*,*,#1820,.T.);
#2991=CARTESIAN_POINT('',(47.704375,4.0719375,11.0410625));
#2992=VERTEX_POINT('',#2991);
#2993=CARTESIAN_POINT('',(47.704375,2.8019375,11.0410625));
#2994=DIRECTION('',(0.,1.,0.));
#2995=VECTOR('',#2994,1.27);
#2996=LINE('',#2993,#2995);
#2997=EDGE_CURVE('',#1809,#2992,#2996,.T.);
#2998=ORIENTED_EDGE('',*,*,#2997,.T.);
#2999=CARTESIAN_POINT('',(47.704375,4.0719375,11.0410625));
#3000=DIRECTION('',(-0.,-0.,-1.));
#3001=VECTOR('',#3000,0.1666875);
#3002=LINE('',#2999,#3001);
#3003=EDGE_CURVE('',#2992,#2567,#3002,.T.);
#3004=ORIENTED_EDGE('',*,*,#3003,.T.);
#3005=ORIENTED_EDGE('',*,*,#2572,.F.);
#3006=EDGE_LOOP('',(#2990,#2998,#3004,#3005));
#3007=FACE_BOUND('',#3006,.T.);
#3008=ADVANCED_FACE('',(#3007),#2989,.T.);
#3009=CARTESIAN_POINT('',(47.704375,13.2159375,7.9771875));
#3010=DIRECTION('',(-1.,0.,0.));
#3011=DIRECTION('',(0.,0.,1.));
#3012=AXIS2_PLACEMENT_3D('',#3009,#3010,#3011);
#3013=PLANE('',#3012);
#3014=ORIENTED_EDGE('',*,*,#2870,.T.);
#3015=CARTESIAN_POINT('',(47.704375,23.6299375,11.0410625));
#3016=DIRECTION('',(-0.,-1.,-0.));
#3017=VECTOR('',#3016,1.251148437);
#3018=LINE('',#3015,#3017);
#3019=EDGE_CURVE('',#1972,#2859,#3018,.T.);
#3020=ORIENTED_EDGE('',*,*,#3019,.F.);
#3021=ORIENTED_EDGE('',*,*,#1977,.F.);
#3022=ORIENTED_EDGE('',*,*,#2773,.F.);
#3023=EDGE_LOOP('',(#3014,#3020,#3021,#3022));
#3024=FACE_BOUND('',#3023,.T.);
#3025=ADVANCED_FACE('',(#3024),#3013,.T.);
#3026=CARTESIAN_POINT('',(-9.525,23.6299375,2.873375));
#3027=DIRECTION('',(0.,-1.,0.));
#3028=DIRECTION('',(0.,0.,-1.));
#3029=AXIS2_PLACEMENT_3D('',#3026,#3027,#3028);
#3030=PLANE('',#3029);
#3031=CARTESIAN_POINT('',(37.7993275,23.6299375,5.689164755));
#3032=VERTEX_POINT('',#3031);
#3033=CARTESIAN_POINT('',(9.1201875,23.6299375,5.689164755));
#3034=VERTEX_POINT('',#3033);
#3035=CARTESIAN_POINT('',(37.7993275,23.6299375,5.689164755));
#3036=DIRECTION('',(-1.,-0.,0.));
#3037=VECTOR('',#3036,28.67914);
#3038=LINE('',#3035,#3037);
#3039=EDGE_CURVE('',#3032,#3034,#3038,.T.);
#3040=ORIENTED_EDGE('',*,*,#3039,.T.);
#3041=CARTESIAN_POINT('',(9.1201875,23.6299375,4.629585245));
#3042=VERTEX_POINT('',#3041);
#3043=CARTESIAN_POINT('',(9.1201875,23.6299375,5.689164755));
#3044=DIRECTION('',(0.,0.,-1.));
#3045=VECTOR('',#3044,1.05957951);
#3046=LINE('',#3043,#3045);
#3047=EDGE_CURVE('',#3034,#3042,#3046,.T.);
#3048=ORIENTED_EDGE('',*,*,#3047,.T.);
#3049=CARTESIAN_POINT('',(37.7993275,23.6299375,4.629585245));
#3050=VERTEX_POINT('',#3049);
#3051=CARTESIAN_POINT('',(9.1201875,23.6299375,4.629585245));
#3052=DIRECTION('',(1.,0.,-0.));
#3053=VECTOR('',#3052,28.67914);
#3054=LINE('',#3051,#3053);
#3055=EDGE_CURVE('',#3042,#3050,#3054,.T.);
#3056=ORIENTED_EDGE('',*,*,#3055,.T.);
#3057=CARTESIAN_POINT('',(37.7993275,23.6299375,5.689164755));
#3058=DIRECTION('',(-0.,-0.,-1.));
#3059=VECTOR('',#3058,1.05957951);
#3060=LINE('',#3057,#3059);
#3061=EDGE_CURVE('',#3032,#3050,#3060,.T.);
#3062=ORIENTED_EDGE('',*,*,#3061,.F.);
#3063=EDGE_LOOP('',(#3040,#3048,#3056,#3062));
#3064=FACE_BOUND('',#3063,.T.);
#3065=ADVANCED_FACE('',(#3064),#3030,.T.);
#3066=CARTESIAN_POINT('',(64.690625,13.2159375,6.048375));
#3067=DIRECTION('',(0.,0.,1.));
#3068=DIRECTION('',(1.,0.,0.));
#3069=AXIS2_PLACEMENT_3D('',#3066,#3067,#3068);
#3070=PLANE('',#3069);
#3071=ORIENTED_EDGE('',*,*,#2291,.T.);
#3072=CARTESIAN_POINT('',(9.1201875,23.989147745,6.048375));
#3073=VERTEX_POINT('',#3072);
#3074=CARTESIAN_POINT('',(9.1201875,24.6459375,6.048375));
#3075=DIRECTION('',(-0.,-1.,-0.));
#3076=VECTOR('',#3075,0.656789755);
#3077=LINE('',#3074,#3076);
#3078=EDGE_CURVE('',#2278,#3073,#3077,.T.);
#3079=ORIENTED_EDGE('',*,*,#3078,.T.);
#3080=CARTESIAN_POINT('',(37.7993275,23.989147745,6.048375));
#3081=VERTEX_POINT('',#3080);
#3082=CARTESIAN_POINT('',(9.1201875,23.989147745,6.048375));
#3083=DIRECTION('',(1.,0.,-0.));
#3084=VECTOR('',#3083,28.67914);
#3085=LINE('',#3082,#3084);
#3086=EDGE_CURVE('',#3073,#3081,#3085,.T.);
#3087=ORIENTED_EDGE('',*,*,#3086,.T.);
#3088=CARTESIAN_POINT('',(37.7993275,24.6459375,6.048375));
#3089=DIRECTION('',(-0.,-1.,-0.));
#3090=VECTOR('',#3089,0.656789755);
#3091=LINE('',#3088,#3090);
#3092=EDGE_CURVE('',#2286,#3081,#3091,.T.);
#3093=ORIENTED_EDGE('',*,*,#3092,.F.);
#3094=EDGE_LOOP('',(#3071,#3079,#3087,#3093));
#3095=FACE_BOUND('',#3094,.T.);
#3096=ADVANCED_FACE('',(#3095),#3070,.T.);
#3097=CARTESIAN_POINT('',(64.690625,23.989147745,5.689164755));
#3098=DIRECTION('',(1.,0.,0.));
#3099=DIRECTION('',(0.,0.,-1.));
#3100=AXIS2_PLACEMENT_3D('',#3097,#3098,#3099);
#3101=CYLINDRICAL_SURFACE('',#3100,0.359210245);
#3102=ORIENTED_EDGE('',*,*,#3086,.F.);
#3103=CARTESIAN_POINT('',(9.1201875,23.989147745,5.689164755));
#3104=DIRECTION('',(1.,0.,0.));
#3105=DIRECTION('',(0.,0.,-1.));
#3106=AXIS2_PLACEMENT_3D('',#3103,#3104,#3105);
#3107=CIRCLE('',#3106,0.359210245);
#3108=EDGE_CURVE('',#3073,#3034,#3107,.T.);
#3109=ORIENTED_EDGE('',*,*,#3108,.T.);
#3110=ORIENTED_EDGE('',*,*,#3039,.F.);
#3111=CARTESIAN_POINT('',(37.7993275,23.989147745,5.689164755));
#3112=DIRECTION('',(1.,0.,0.));
#3113=DIRECTION('',(0.,0.,-1.));
#3114=AXIS2_PLACEMENT_3D('',#3111,#3112,#3113);
#3115=CIRCLE('',#3114,0.359210245);
#3116=EDGE_CURVE('',#3081,#3032,#3115,.T.);
#3117=ORIENTED_EDGE('',*,*,#3116,.F.);
#3118=EDGE_LOOP('',(#3102,#3109,#3110,#3117));
#3119=FACE_BOUND('',#3118,.T.);
#3120=ADVANCED_FACE('',(#3119),#3101,.T.);
#3121=CARTESIAN_POINT('',(-9.525,23.989147745,4.629585245));
#3122=DIRECTION('',(-1.,0.,0.));
#3123=DIRECTION('',(0.,0.,1.));
#3124=AXIS2_PLACEMENT_3D('',#3121,#3122,#3123);
#3125=CYLINDRICAL_SURFACE('',#3124,0.359210245);
#3126=CARTESIAN_POINT('',(9.1201875,23.645690609,4.524375));
#3127=VERTEX_POINT('',#3126);
#3128=CARTESIAN_POINT('',(9.1201875,23.989147745,4.629585245));
#3129=DIRECTION('',(1.,-0.,-0.));
#3130=DIRECTION('',(0.,0.,1.));
#3131=AXIS2_PLACEMENT_3D('',#3128,#3129,#3130);
#3132=CIRCLE('',#3131,0.359210245);
#3133=EDGE_CURVE('',#3042,#3127,#3132,.T.);
#3134=ORIENTED_EDGE('',*,*,#3133,.T.);
#3135=CARTESIAN_POINT('',(7.3421875,23.645690609,4.524375));
#3136=VERTEX_POINT('',#3135);
#3137=CARTESIAN_POINT('',(9.1201875,23.645690609,4.524375));
#3138=DIRECTION('',(-1.,0.,0.));
#3139=VECTOR('',#3138,1.778);
#3140=LINE('',#3137,#3139);
#3141=EDGE_CURVE('',#3127,#3136,#3140,.T.);
#3142=ORIENTED_EDGE('',*,*,#3141,.T.);
#3143=CARTESIAN_POINT('',(7.3421875,23.989147745,4.270375));
#3144=VERTEX_POINT('',#3143);
#3145=CARTESIAN_POINT('',(7.3421875,23.989147745,4.629585245));
#3146=DIRECTION('',(-1.,0.,0.));
#3147=DIRECTION('',(0.,0.,1.));
#3148=AXIS2_PLACEMENT_3D('',#3145,#3146,#3147);
#3149=CIRCLE('',#3148,0.359210245);
#3150=EDGE_CURVE('',#3144,#3136,#3149,.T.);
#3151=ORIENTED_EDGE('',*,*,#3150,.F.);
#3152=CARTESIAN_POINT('',(37.7993275,23.989147745,4.270375));
#3153=VERTEX_POINT('',#3152);
#3154=CARTESIAN_POINT('',(37.7993275,23.989147745,4.270375));
#3155=DIRECTION('',(-1.,-0.,0.));
#3156=VECTOR('',#3155,30.45714);
#3157=LINE('',#3154,#3156);
#3158=EDGE_CURVE('',#3153,#3144,#3157,.T.);
#3159=ORIENTED_EDGE('',*,*,#3158,.F.);
#3160=CARTESIAN_POINT('',(37.7993275,23.989147745,4.629585245));
#3161=DIRECTION('',(1.,-0.,-0.));
#3162=DIRECTION('',(0.,0.,1.));
#3163=AXIS2_PLACEMENT_3D('',#3160,#3161,#3162);
#3164=CIRCLE('',#3163,0.359210245);
#3165=EDGE_CURVE('',#3050,#3153,#3164,.T.);
#3166=ORIENTED_EDGE('',*,*,#3165,.F.);
#3167=ORIENTED_EDGE('',*,*,#3055,.F.);
#3168=EDGE_LOOP('',(#3134,#3142,#3151,#3159,#3166,#3167));
#3169=FACE_BOUND('',#3168,.T.);
#3170=ADVANCED_FACE('',(#3169),#3125,.T.);
#3171=CARTESIAN_POINT('',(6.5801875,1.7859375,1.984375));
#3172=DIRECTION('',(-1.,0.,0.));
#3173=DIRECTION('',(0.,-1.,0.));
#3174=AXIS2_PLACEMENT_3D('',#3171,#3172,#3173);
#3175=PLANE('',#3174);
#3176=CARTESIAN_POINT('',(6.5801875,24.119886276,3.762375));
#3177=VERTEX_POINT('',#3176);
#3178=CARTESIAN_POINT('',(6.5801875,2.311988724,3.762375));
#3179=VERTEX_POINT('',#3178);
#3180=CARTESIAN_POINT('',(6.5801875,24.119886276,3.762375));
#3181=DIRECTION('',(0.,-1.,0.));
#3182=VECTOR('',#3181,21.807897552);
#3183=LINE('',#3180,#3182);
#3184=EDGE_CURVE('',#3177,#3179,#3183,.T.);
#3185=ORIENTED_EDGE('',*,*,#3184,.F.);
#3186=CARTESIAN_POINT('',(6.5801875,24.627886276,4.270375));
#3187=VERTEX_POINT('',#3186);
#3188=CARTESIAN_POINT('',(6.5801875,24.119886276,4.270375));
#3189=DIRECTION('',(1.,-0.,-0.));
#3190=DIRECTION('',(0.,0.,1.));
#3191=AXIS2_PLACEMENT_3D('',#3188,#3189,#3190);
#3192=CIRCLE('',#3191,0.508);
#3193=EDGE_CURVE('',#3177,#3187,#3192,.T.);
#3194=ORIENTED_EDGE('',*,*,#3193,.T.);
#3195=CARTESIAN_POINT('',(6.5801875,24.627886276,2.002426224));
#3196=VERTEX_POINT('',#3195);
#3197=CARTESIAN_POINT('',(6.5801875,24.627886276,4.270375));
#3198=DIRECTION('',(-0.,-0.,-1.));
#3199=VECTOR('',#3198,2.267948776);
#3200=LINE('',#3197,#3199);
#3201=EDGE_CURVE('',#3187,#3196,#3200,.T.);
#3202=ORIENTED_EDGE('',*,*,#3201,.T.);
#3203=CARTESIAN_POINT('',(6.5801875,1.803988724,2.002426224));
#3204=VERTEX_POINT('',#3203);
#3205=CARTESIAN_POINT('',(6.5801875,24.627886276,2.002426224));
#3206=DIRECTION('',(0.,-1.,0.));
#3207=VECTOR('',#3206,22.823897552);
#3208=LINE('',#3205,#3207);
#3209=EDGE_CURVE('',#3196,#3204,#3208,.T.);
#3210=ORIENTED_EDGE('',*,*,#3209,.T.);
#3211=CARTESIAN_POINT('',(6.5801875,1.803988724,4.270375));
#3212=VERTEX_POINT('',#3211);
#3213=CARTESIAN_POINT('',(6.5801875,1.803988724,2.002426224));
#3214=DIRECTION('',(0.,0.,1.));
#3215=VECTOR('',#3214,2.267948776);
#3216=LINE('',#3213,#3215);
#3217=EDGE_CURVE('',#3204,#3212,#3216,.T.);
#3218=ORIENTED_EDGE('',*,*,#3217,.T.);
#3219=CARTESIAN_POINT('',(6.5801875,2.311988724,4.270375));
#3220=DIRECTION('',(1.,-0.,-0.));
#3221=DIRECTION('',(0.,0.,1.));
#3222=AXIS2_PLACEMENT_3D('',#3219,#3220,#3221);
#3223=CIRCLE('',#3222,0.508);
#3224=EDGE_CURVE('',#3212,#3179,#3223,.T.);
#3225=ORIENTED_EDGE('',*,*,#3224,.T.);
#3226=EDGE_LOOP('',(#3185,#3194,#3202,#3210,#3218,#3225));
#3227=FACE_BOUND('',#3226,.T.);
#3228=ADVANCED_FACE('',(#3227),#3175,.T.);
#3229=CARTESIAN_POINT('',(7.3421875,1.7859375,1.984375));
#3230=DIRECTION('',(-1.,0.,0.));
#3231=DIRECTION('',(0.,-1.,0.));
#3232=AXIS2_PLACEMENT_3D('',#3229,#3230,#3231);
#3233=PLANE('',#3232);
#3234=CARTESIAN_POINT('',(7.3421875,2.786184391,4.524375));
#3235=DIRECTION('',(0.,1.,0.));
#3236=VECTOR('',#3235,20.859506217);
#3237=LINE('',#3234,#3236);
#3238=EDGE_CURVE('',#1924,#3136,#3237,.T.);
#3239=ORIENTED_EDGE('',*,*,#3238,.F.);
#3240=ORIENTED_EDGE('',*,*,#1930,.T.);
#3241=ORIENTED_EDGE('',*,*,#2436,.T.);
#3242=ORIENTED_EDGE('',*,*,#2197,.T.);
#3243=ORIENTED_EDGE('',*,*,#2413,.T.);
#3244=CARTESIAN_POINT('',(7.3421875,24.6459375,4.270375));
#3245=VERTEX_POINT('',#3244);
#3246=CARTESIAN_POINT('',(7.3421875,24.6459375,4.270375));
#3247=DIRECTION('',(-0.,-0.,-1.));
#3248=VECTOR('',#3247,3.048);
#3249=LINE('',#3246,#3248);
#3250=EDGE_CURVE('',#3245,#2402,#3249,.T.);
#3251=ORIENTED_EDGE('',*,*,#3250,.F.);
#3252=CARTESIAN_POINT('',(7.3421875,23.989147745,4.270375));
#3253=DIRECTION('',(-0.,1.,-0.));
#3254=VECTOR('',#3253,0.656789755);
#3255=LINE('',#3252,#3254);
#3256=EDGE_CURVE('',#3144,#3245,#3255,.T.);
#3257=ORIENTED_EDGE('',*,*,#3256,.F.);
#3258=ORIENTED_EDGE('',*,*,#3150,.T.);
#3259=EDGE_LOOP('',(#3239,#3240,#3241,#3242,#3243,#3251,#3257,#3258));
#3260=FACE_BOUND('',#3259,.T.);
#3261=ADVANCED_FACE('',(#3260),#3233,.F.);
#3262=CARTESIAN_POINT('',(1.984375,1.7859375,0.206375));
#3263=DIRECTION('',(0.,0.,1.));
#3264=DIRECTION('',(1.,0.,0.));
#3265=AXIS2_PLACEMENT_3D('',#3262,#3263,#3264);
#3266=PLANE('',#3265);
#3267=CARTESIAN_POINT('',(48.402875,4.0719375,0.206375));
#3268=VERTEX_POINT('',#3267);
#3269=CARTESIAN_POINT('',(52.593875,4.0719375,0.206375));
#3270=VERTEX_POINT('',#3269);
#3271=CARTESIAN_POINT('',(50.498375,4.0719375,0.206375));
#3272=DIRECTION('',(-0.,-0.,-1.));
#3273=DIRECTION('',(1.,0.,-0.));
#3274=AXIS2_PLACEMENT_3D('',#3271,#3272,#3273);
#3275=CIRCLE('',#3274,2.0955);
#3276=EDGE_CURVE('',#3268,#3270,#3275,.T.);
#3277=ORIENTED_EDGE('',*,*,#3276,.F.);
#3278=CARTESIAN_POINT('',(50.498375,4.0719375,0.206375));
#3279=DIRECTION('',(-0.,-0.,-1.));
#3280=DIRECTION('',(1.,0.,-0.));
#3281=AXIS2_PLACEMENT_3D('',#3278,#3279,#3280);
#3282=CIRCLE('',#3281,2.0955);
#3283=EDGE_CURVE('',#3270,#3268,#3282,.T.);
#3284=ORIENTED_EDGE('',*,*,#3283,.F.);
#3285=EDGE_LOOP('',(#3277,#3284));
#3286=FACE_BOUND('',#3285,.T.);
#3287=CARTESIAN_POINT('',(33.054187984,9.407528942,0.206375));
#3288=VERTEX_POINT('',#3287);
#3289=CARTESIAN_POINT('',(27.974188184,9.406103053,0.206375));
#3290=VERTEX_POINT('',#3289);
#3291=CARTESIAN_POINT('',(33.054187984,9.407528942,0.206375));
#3292=DIRECTION('',(-0.999999961,-0.000280687,-0.));
#3293=VECTOR('',#3292,5.08);
#3294=LINE('',#3291,#3293);
#3295=EDGE_CURVE('',#3288,#3290,#3294,.T.);
#3296=ORIENTED_EDGE('',*,*,#3295,.F.);
#3297=CARTESIAN_POINT('',(33.05204915,17.027528642,0.206375));
#3298=VERTEX_POINT('',#3297);
#3299=CARTESIAN_POINT('',(33.05204915,17.027528642,0.206375));
#3300=DIRECTION('',(0.000280687,-0.999999961,-0.));
#3301=VECTOR('',#3300,7.62);
#3302=LINE('',#3299,#3301);
#3303=EDGE_CURVE('',#3298,#3288,#3302,.T.);
#3304=ORIENTED_EDGE('',*,*,#3303,.F.);
#3305=CARTESIAN_POINT('',(27.97204935,17.026102753,0.206375));
#3306=VERTEX_POINT('',#3305);
#3307=CARTESIAN_POINT('',(27.97204935,17.026102753,0.206375));
#3308=DIRECTION('',(0.999999961,0.000280687,-0.));
#3309=VECTOR('',#3308,5.08);
#3310=LINE('',#3307,#3309);
#3311=EDGE_CURVE('',#3306,#3298,#3310,.T.);
#3312=ORIENTED_EDGE('',*,*,#3311,.F.);
#3313=CARTESIAN_POINT('',(27.974188184,9.406103053,0.206375));
#3314=DIRECTION('',(-0.000280687,0.999999961,-0.));
#3315=VECTOR('',#3314,7.62);
#3316=LINE('',#3313,#3315);
#3317=EDGE_CURVE('',#3290,#3306,#3316,.T.);
#3318=ORIENTED_EDGE('',*,*,#3317,.F.);
#3319=EDGE_LOOP('',(#3296,#3304,#3312,#3318));
#3320=FACE_BOUND('',#3319,.T.);
#3321=ORIENTED_EDGE('',*,*,#2546,.T.);
#3322=CARTESIAN_POINT('',(8.376238724,24.627886276,0.206375));
#3323=VERTEX_POINT('',#3322);
#3324=CARTESIAN_POINT('',(8.376238724,1.803988724,0.206375));
#3325=DIRECTION('',(0.,1.,0.));
#3326=VECTOR('',#3325,22.823897552);
#3327=LINE('',#3324,#3326);
#3328=EDGE_CURVE('',#2534,#3323,#3327,.T.);
#3329=ORIENTED_EDGE('',*,*,#3328,.T.);
#3330=CARTESIAN_POINT('',(37.037169957,24.627886276,0.206375));
#3331=VERTEX_POINT('',#3330);
#3332=CARTESIAN_POINT('',(8.376238724,24.627886276,0.206375));
#3333=DIRECTION('',(1.,0.,-0.));
#3334=VECTOR('',#3333,28.660931233);
#3335=LINE('',#3332,#3334);
#3336=EDGE_CURVE('',#3323,#3331,#3335,.T.);
#3337=ORIENTED_EDGE('',*,*,#3336,.T.);
#3338=CARTESIAN_POINT('',(37.03716993,16.77177993,0.206375));
#3339=VERTEX_POINT('',#3338);
#3340=CARTESIAN_POINT('',(37.037169957,24.627886276,0.206375));
#3341=DIRECTION('',(-0.,-1.,-0.));
#3342=VECTOR('',#3341,7.856106346);
#3343=LINE('',#3340,#3342);
#3344=EDGE_CURVE('',#3331,#3339,#3343,.T.);
#3345=ORIENTED_EDGE('',*,*,#3344,.T.);
#3346=CARTESIAN_POINT('',(37.03716993,16.77177993,0.206375));
#3347=DIRECTION('',(1.,-0.,-0.));
#3348=VECTOR('',#3347,15.74720507);
#3349=LINE('',#3346,#3348);
#3350=EDGE_CURVE('',#3339,#1579,#3349,.T.);
#3351=ORIENTED_EDGE('',*,*,#3350,.T.);
#3352=ORIENTED_EDGE('',*,*,#1586,.T.);
#3353=EDGE_LOOP('',(#3321,#3329,#3337,#3345,#3351,#3352));
#3354=FACE_BOUND('',#3353,.T.);
#3355=ADVANCED_FACE('',(#3286,#3320,#3354),#3266,.F.);
#3356=CARTESIAN_POINT('',(1.984375,13.2159375,10.366375));
#3357=DIRECTION('',(0.,0.,-1.));
#3358=DIRECTION('',(-1.,0.,0.));
#3359=AXIS2_PLACEMENT_3D('',#3356,#3357,#3358);
#3360=PLANE('',#3359);
#3361=ORIENTED_EDGE('',*,*,#2979,.F.);
#3362=ORIENTED_EDGE('',*,*,#1798,.F.);
#3363=CARTESIAN_POINT('',(1.984375,2.8019375,10.366375));
#3364=DIRECTION('',(0.,1.,0.));
#3365=VECTOR('',#3364,20.828);
#3366=LINE('',#3363,#3365);
#3367=EDGE_CURVE('',#1785,#1996,#3366,.T.);
#3368=ORIENTED_EDGE('',*,*,#3367,.T.);
#3369=ORIENTED_EDGE('',*,*,#2001,.T.);
#3370=EDGE_LOOP('',(#3361,#3362,#3368,#3369));
#3371=FACE_BOUND('',#3370,.T.);
#3372=ADVANCED_FACE('',(#3371),#3360,.T.);
#3373=CARTESIAN_POINT('',(0.206375,1.7859375,1.984375));
#3374=DIRECTION('',(-1.,0.,0.));
#3375=DIRECTION('',(0.,-1.,0.));
#3376=AXIS2_PLACEMENT_3D('',#3373,#3374,#3375);
#3377=PLANE('',#3376);
#3378=CARTESIAN_POINT('',(0.206351499,24.627948603,10.348337788));
#3379=VERTEX_POINT('',#3378);
#3380=CARTESIAN_POINT('',(0.206375,24.627886276,8.352426224));
#3381=VERTEX_POINT('',#3380);
#3382=CARTESIAN_POINT('',(0.206375,24.627936138,10.348334983));
#3383=DIRECTION('',(0.,-0.000024982,-1.));
#3384=VECTOR('',#3383,1.99590876);
#3385=LINE('',#3382,#3384);
#3386=EDGE_CURVE('',#3379,#3381,#3385,.T.);
#3387=ORIENTED_EDGE('',*,*,#3386,.T.);
#3388=CARTESIAN_POINT('',(0.206375,1.803988724,8.352426224));
#3389=VERTEX_POINT('',#3388);
#3390=CARTESIAN_POINT('',(0.206375,24.627886276,8.352426224));
#3391=DIRECTION('',(0.,-1.,0.));
#3392=VECTOR('',#3391,22.823897552);
#3393=LINE('',#3390,#3392);
#3394=EDGE_CURVE('',#3381,#3389,#3393,.T.);
#3395=ORIENTED_EDGE('',*,*,#3394,.T.);
#3396=CARTESIAN_POINT('',(0.2063511,1.803988699,10.348323803));
#3397=VERTEX_POINT('',#3396);
#3398=CARTESIAN_POINT('',(0.206375,1.803988724,8.352426224));
#3399=DIRECTION('',(0.,0.,1.));
#3400=VECTOR('',#3399,1.99589757);
#3401=LINE('',#3398,#3400);
#3402=EDGE_CURVE('',#3389,#3397,#3401,.T.);
#3403=ORIENTED_EDGE('',*,*,#3402,.T.);
#3404=CARTESIAN_POINT('',(0.206375,1.803988707,10.348323794));
#3405=DIRECTION('',(0.,1.,0.00000049));
#3406=VECTOR('',#3405,22.823947431);
#3407=LINE('',#3404,#3406);
#3408=EDGE_CURVE('',#3397,#3379,#3407,.T.);
#3409=ORIENTED_EDGE('',*,*,#3408,.T.);
#3410=EDGE_LOOP('',(#3387,#3395,#3403,#3409));
#3411=FACE_BOUND('',#3410,.T.);
#3412=ADVANCED_FACE('',(#3411),#3377,.T.);
#3413=CARTESIAN_POINT('',(1.984375,0.0079375,1.984375));
#3414=DIRECTION('',(0.,-1.,0.));
#3415=DIRECTION('',(1.,0.,0.));
#3416=AXIS2_PLACEMENT_3D('',#3413,#3414,#3415);
#3417=PLANE('',#3416);
#3418=CARTESIAN_POINT('',(2.002426224,0.0079375,8.352426224));
#3419=VERTEX_POINT('',#3418);
#3420=CARTESIAN_POINT('',(2.002376886,0.0079375,10.34833732));
#3421=DIRECTION('',(0.00002472,0.,-1.));
#3422=VECTOR('',#3421,1.995911097);
#3423=LINE('',#3420,#3422);
#3424=EDGE_CURVE('',#2465,#3419,#3423,.T.);
#3425=ORIENTED_EDGE('',*,*,#3424,.T.);
#3426=CARTESIAN_POINT('',(8.376238724,0.0079375,8.352426224));
#3427=VERTEX_POINT('',#3426);
#3428=CARTESIAN_POINT('',(2.002426224,0.0079375,8.352426224));
#3429=DIRECTION('',(1.,0.,-0.));
#3430=VECTOR('',#3429,6.3738125);
#3431=LINE('',#3428,#3430);
#3432=EDGE_CURVE('',#3419,#3427,#3431,.T.);
#3433=ORIENTED_EDGE('',*,*,#3432,.T.);
#3434=CARTESIAN_POINT('',(8.376238724,0.0079375,8.352426224));
#3435=DIRECTION('',(-0.,-0.,-1.));
#3436=VECTOR('',#3435,6.35);
#3437=LINE('',#3434,#3436);
#3438=EDGE_CURVE('',#3427,#2526,#3437,.T.);
#3439=ORIENTED_EDGE('',*,*,#3438,.T.);
#3440=ORIENTED_EDGE('',*,*,#2531,.T.);
#3441=ORIENTED_EDGE('',*,*,#1668,.F.);
#3442=ORIENTED_EDGE('',*,*,#2470,.T.);
#3443=EDGE_LOOP('',(#3425,#3433,#3439,#3440,#3441,#3442));
#3444=FACE_BOUND('',#3443,.T.);
#3445=ADVANCED_FACE('',(#3444),#3417,.T.);
#3446=CARTESIAN_POINT('',(1.984375,1.7859375,1.984375));
#3447=DIRECTION('',(-1.,0.,0.));
#3448=DIRECTION('',(0.,-1.,0.));
#3449=AXIS2_PLACEMENT_3D('',#3446,#3447,#3448);
#3450=PLANE('',#3449);
#3451=ORIENTED_EDGE('',*,*,#2165,.T.);
#3452=CARTESIAN_POINT('',(1.984375,1.803988724,6.556465714));
#3453=VERTEX_POINT('',#3452);
#3454=CARTESIAN_POINT('',(1.984375,1.7859375,6.556556433));
#3455=CARTESIAN_POINT('',(1.984375,1.791954347,6.556495954));
#3456=CARTESIAN_POINT('',(1.984375,1.797971573,6.556465714));
#3457=CARTESIAN_POINT('',(1.984375,1.803988724,6.556465714));
#3458=B_SPLINE_CURVE_WITH_KNOTS('',3,(#3454,#3455,#3456,#3457),.UNSPECIFIED.,.F.,.F.,(4,4),(179.424109629,180.),.UNSPECIFIED.);
#3459=EDGE_CURVE('',#2153,#3453,#3458,.T.);
#3460=ORIENTED_EDGE('',*,*,#3459,.T.);
#3461=CARTESIAN_POINT('',(1.984375,24.627886276,6.556465714));
#3462=VERTEX_POINT('',#3461);
#3463=CARTESIAN_POINT('',(1.984375,1.803988724,6.556465714));
#3464=DIRECTION('',(-0.,1.,-0.));
#3465=VECTOR('',#3464,22.823897552);
#3466=LINE('',#3463,#3465);
#3467=EDGE_CURVE('',#3453,#3462,#3466,.T.);
#3468=ORIENTED_EDGE('',*,*,#3467,.T.);
#3469=CARTESIAN_POINT('',(1.984375,24.627886276,6.556465714));
#3470=CARTESIAN_POINT('',(1.984375,24.633903427,6.556465714));
#3471=CARTESIAN_POINT('',(1.984375,24.639920653,6.556495954));
#3472=CARTESIAN_POINT('',(1.984375,24.6459375,6.556556433));
#3473=B_SPLINE_CURVE_WITH_KNOTS('',3,(#3469,#3470,#3471,#3472),.UNSPECIFIED.,.F.,.F.,(4,4),(180.,180.575890371),.UNSPECIFIED.);
#3474=EDGE_CURVE('',#3462,#2237,#3473,.T.);
#3475=ORIENTED_EDGE('',*,*,#3474,.T.);
#3476=ORIENTED_EDGE('',*,*,#2242,.T.);
#3477=ORIENTED_EDGE('',*,*,#1568,.T.);
#3478=ORIENTED_EDGE('',*,*,#1708,.T.);
#3479=ORIENTED_EDGE('',*,*,#2007,.T.);
#3480=ORIENTED_EDGE('',*,*,#3367,.F.);
#3481=ORIENTED_EDGE('',*,*,#1790,.F.);
#3482=ORIENTED_EDGE('',*,*,#1844,.T.);
#3483=ORIENTED_EDGE('',*,*,#1748,.T.);
#3484=EDGE_LOOP('',(#3451,#3460,#3468,#3475,#3476,#3477,#3478,#3479,#3480,#3481,#3482,#3483));
#3485=FACE_BOUND('',#3484,.T.);
#3486=ADVANCED_FACE('',(#3485),#3450,.F.);
#3487=CARTESIAN_POINT('',(50.498375,4.0719375,-3.5321875));
#3488=DIRECTION('',(0.,0.,1.));
#3489=DIRECTION('',(1.,0.,-0.));
#3490=AXIS2_PLACEMENT_3D('',#3487,#3488,#3489);
#3491=CYLINDRICAL_SURFACE('',#3490,1.27);
#3492=CARTESIAN_POINT('',(51.768375,4.0719375,0.508));
#3493=VERTEX_POINT('',#3492);
#3494=CARTESIAN_POINT('',(51.768375,4.0719375,1.222375));
#3495=DIRECTION('',(-0.,-0.,-1.));
#3496=VECTOR('',#3495,0.714375);
#3497=LINE('',#3494,#3496);
#3498=EDGE_CURVE('',#2368,#3493,#3497,.T.);
#3499=ORIENTED_EDGE('',*,*,#3498,.F.);
#3500=ORIENTED_EDGE('',*,*,#2374,.F.);
#3501=ORIENTED_EDGE('',*,*,#2381,.F.);
#3502=ORIENTED_EDGE('',*,*,#3498,.T.);
#3503=CARTESIAN_POINT('',(50.498375,4.0719375,0.508));
#3504=DIRECTION('',(0.,0.,1.));
#3505=DIRECTION('',(1.,0.,-0.));
#3506=AXIS2_PLACEMENT_3D('',#3503,#3504,#3505);
#3507=CIRCLE('',#3506,1.27);
#3508=EDGE_CURVE('',#3493,#3493,#3507,.T.);
#3509=ORIENTED_EDGE('',*,*,#3508,.F.);
#3510=EDGE_LOOP('',(#3499,#3500,#3501,#3502,#3509));
#3511=FACE_BOUND('',#3510,.T.);
#3512=ADVANCED_FACE('',(#3511),#3491,.F.);
#3513=CARTESIAN_POINT('',(-29.36875,24.6459375,3.127375));
#3514=DIRECTION('',(0.,1.,0.));
#3515=DIRECTION('',(0.,0.,1.));
#3516=AXIS2_PLACEMENT_3D('',#3513,#3514,#3515);
#3517=PLANE('',#3516);
#3518=ORIENTED_EDGE('',*,*,#2407,.T.);
#3519=CARTESIAN_POINT('',(37.037168342,24.6459375,0.206465714));
#3520=VERTEX_POINT('',#3519);
#3521=CARTESIAN_POINT('',(36.003276276,24.6459375,0.188323776));
#3522=DIRECTION('',(0.,1.,0.));
#3523=DIRECTION('',(0.,-0.,1.));
#3524=AXIS2_PLACEMENT_3D('',#3521,#3522,#3523);
#3525=CIRCLE('',#3524,1.034051224);
#3526=EDGE_CURVE('',#2394,#3520,#3525,.T.);
#3527=ORIENTED_EDGE('',*,*,#3526,.T.);
#3528=CARTESIAN_POINT('',(37.7993275,24.6459375,0.206465714));
#3529=VERTEX_POINT('',#3528);
#3530=CARTESIAN_POINT('',(37.7993275,24.6459375,0.206465714));
#3531=DIRECTION('',(-1.,-0.,0.));
#3532=VECTOR('',#3531,0.762159158);
#3533=LINE('',#3530,#3532);
#3534=EDGE_CURVE('',#3529,#3520,#3533,.T.);
#3535=ORIENTED_EDGE('',*,*,#3534,.F.);
#3536=CARTESIAN_POINT('',(37.7993275,24.6459375,4.270375));
#3537=VERTEX_POINT('',#3536);
#3538=CARTESIAN_POINT('',(37.7993275,24.6459375,0.206465714));
#3539=DIRECTION('',(0.,0.,1.));
#3540=VECTOR('',#3539,4.063909286);
#3541=LINE('',#3538,#3540);
#3542=EDGE_CURVE('',#3529,#3537,#3541,.T.);
#3543=ORIENTED_EDGE('',*,*,#3542,.T.);
#3544=CARTESIAN_POINT('',(7.3421875,24.6459375,4.270375));
#3545=DIRECTION('',(1.,0.,-0.));
#3546=VECTOR('',#3545,30.45714);
#3547=LINE('',#3544,#3546);
#3548=EDGE_CURVE('',#3245,#3537,#3547,.T.);
#3549=ORIENTED_EDGE('',*,*,#3548,.F.);
#3550=ORIENTED_EDGE('',*,*,#3250,.T.);
#3551=EDGE_LOOP('',(#3518,#3527,#3535,#3543,#3549,#3550));
#3552=FACE_BOUND('',#3551,.T.);
#3553=ADVANCED_FACE('',(#3552),#3517,.F.);
#3554=CARTESIAN_POINT('',(-29.36875,24.1379375,4.270375));
#3555=DIRECTION('',(0.,0.,1.));
#3556=DIRECTION('',(0.,-1.,0.));
#3557=AXIS2_PLACEMENT_3D('',#3554,#3555,#3556);
#3558=PLANE('',#3557);
#3559=CARTESIAN_POINT('',(37.7993275,24.6459375,4.270375));
#3560=DIRECTION('',(0.,-1.,0.));
#3561=VECTOR('',#3560,0.656789755);
#3562=LINE('',#3559,#3561);
#3563=EDGE_CURVE('',#3537,#3153,#3562,.T.);
#3564=ORIENTED_EDGE('',*,*,#3563,.T.);
#3565=ORIENTED_EDGE('',*,*,#3158,.T.);
#3566=ORIENTED_EDGE('',*,*,#3256,.T.);
#3567=ORIENTED_EDGE('',*,*,#3548,.T.);
#3568=EDGE_LOOP('',(#3564,#3565,#3566,#3567));
#3569=FACE_BOUND('',#3568,.T.);
#3570=ADVANCED_FACE('',(#3569),#3558,.F.);
#3571=CARTESIAN_POINT('',(37.7993275,17.5339375,3.190875));
#3572=DIRECTION('',(-1.,0.,0.));
#3573=DIRECTION('',(0.,0.,1.));
#3574=AXIS2_PLACEMENT_3D('',#3571,#3572,#3573);
#3575=PLANE('',#3574);
#3576=ORIENTED_EDGE('',*,*,#3542,.F.);
#3577=CARTESIAN_POINT('',(37.7993275,24.627886276,2.002426224));
#3578=DIRECTION('',(1.,0.,0.));
#3579=DIRECTION('',(0.,0.,-1.));
#3580=AXIS2_PLACEMENT_3D('',#3577,#3578,#3579);
#3581=CIRCLE('',#3580,1.796051224);
#3582=EDGE_CURVE('',#3529,#2113,#3581,.T.);
#3583=ORIENTED_EDGE('',*,*,#3582,.T.);
#3584=ORIENTED_EDGE('',*,*,#2118,.T.);
#3585=ORIENTED_EDGE('',*,*,#2453,.F.);
#3586=ORIENTED_EDGE('',*,*,#2299,.F.);
#3587=ORIENTED_EDGE('',*,*,#3092,.T.);
#3588=ORIENTED_EDGE('',*,*,#3116,.T.);
#3589=ORIENTED_EDGE('',*,*,#3061,.T.);
#3590=ORIENTED_EDGE('',*,*,#3165,.T.);
#3591=ORIENTED_EDGE('',*,*,#3563,.F.);
#3592=EDGE_LOOP('',(#3576,#3583,#3584,#3585,#3586,#3587,#3588,#3589,#3590,#3591));
#3593=FACE_BOUND('',#3592,.T.);
#3594=ADVANCED_FACE('',(#3593),#3575,.F.);
#3595=CARTESIAN_POINT('',(33.053118567,13.217528792,3.28215625));
#3596=DIRECTION('',(0.999999961,0.000280687,0.));
#3597=DIRECTION('',(-0.000280687,0.999999961,0.));
#3598=AXIS2_PLACEMENT_3D('',#3595,#3596,#3597);
#3599=PLANE('',#3598);
#3600=CARTESIAN_POINT('',(33.05204915,17.027528642,1.222375));
#3601=DIRECTION('',(-0.,-0.,-1.));
#3602=VECTOR('',#3601,1.016);
#3603=LINE('',#3600,#3602);
#3604=EDGE_CURVE('',#2334,#3298,#3603,.T.);
#3605=ORIENTED_EDGE('',*,*,#3604,.T.);
#3606=ORIENTED_EDGE('',*,*,#3303,.T.);
#3607=CARTESIAN_POINT('',(33.054187984,9.407528942,1.222375));
#3608=DIRECTION('',(-0.,-0.,-1.));
#3609=VECTOR('',#3608,1.016);
#3610=LINE('',#3607,#3609);
#3611=EDGE_CURVE('',#2342,#3288,#3610,.T.);
#3612=ORIENTED_EDGE('',*,*,#3611,.F.);
#3613=ORIENTED_EDGE('',*,*,#2347,.F.);
#3614=EDGE_LOOP('',(#3605,#3606,#3612,#3613));
#3615=FACE_BOUND('',#3614,.T.);
#3616=ADVANCED_FACE('',(#3615),#3599,.F.);
#3617=CARTESIAN_POINT('',(31.784188034,9.40717247,3.28215625));
#3618=DIRECTION('',(0.000280687,-0.999999961,0.));
#3619=DIRECTION('',(0.999999961,0.000280687,0.));
#3620=AXIS2_PLACEMENT_3D('',#3617,#3618,#3619);
#3621=PLANE('',#3620);
#3622=ORIENTED_EDGE('',*,*,#3611,.T.);
#3623=ORIENTED_EDGE('',*,*,#3295,.T.);
#3624=CARTESIAN_POINT('',(27.974188184,9.406103053,1.222375));
#3625=DIRECTION('',(-0.,-0.,-1.));
#3626=VECTOR('',#3625,1.016);
#3627=LINE('',#3624,#3626);
#3628=EDGE_CURVE('',#2350,#3290,#3627,.T.);
#3629=ORIENTED_EDGE('',*,*,#3628,.F.);
#3630=ORIENTED_EDGE('',*,*,#2355,.F.);
#3631=EDGE_LOOP('',(#3622,#3623,#3629,#3630));
#3632=FACE_BOUND('',#3631,.T.);
#3633=ADVANCED_FACE('',(#3632),#3621,.F.);
#3634=CARTESIAN_POINT('',(27.973118767,13.216102903,3.28215625));
#3635=DIRECTION('',(-0.999999961,-0.000280687,0.));
#3636=DIRECTION('',(0.000280687,-0.999999961,0.));
#3637=AXIS2_PLACEMENT_3D('',#3634,#3635,#3636);
#3638=PLANE('',#3637);
#3639=ORIENTED_EDGE('',*,*,#3628,.T.);
#3640=ORIENTED_EDGE('',*,*,#3317,.T.);
#3641=CARTESIAN_POINT('',(27.97204935,17.026102753,1.222375));
#3642=DIRECTION('',(-0.,-0.,-1.));
#3643=VECTOR('',#3642,1.016);
#3644=LINE('',#3641,#3643);
#3645=EDGE_CURVE('',#2332,#3306,#3644,.T.);
#3646=ORIENTED_EDGE('',*,*,#3645,.F.);
#3647=ORIENTED_EDGE('',*,*,#2361,.F.);
#3648=EDGE_LOOP('',(#3639,#3640,#3646,#3647));
#3649=FACE_BOUND('',#3648,.T.);
#3650=ADVANCED_FACE('',(#3649),#3638,.F.);
#3651=CARTESIAN_POINT('',(30.51204925,17.026815698,3.28215625));
#3652=DIRECTION('',(-0.000280687,0.999999961,0.));
#3653=DIRECTION('',(-0.999999961,-0.000280687,0.));
#3654=AXIS2_PLACEMENT_3D('',#3651,#3652,#3653);
#3655=PLANE('',#3654);
#3656=ORIENTED_EDGE('',*,*,#3645,.T.);
#3657=ORIENTED_EDGE('',*,*,#3311,.T.);
#3658=ORIENTED_EDGE('',*,*,#3604,.F.);
#3659=ORIENTED_EDGE('',*,*,#2339,.F.);
#3660=EDGE_LOOP('',(#3656,#3657,#3658,#3659));
#3661=FACE_BOUND('',#3660,.T.);
#3662=ADVANCED_FACE('',(#3661),#3655,.F.);
#3663=CARTESIAN_POINT('',(2.002426224,1.803988724,1.984375));
#3664=DIRECTION('',(0.,0.,1.));
#3665=DIRECTION('',(1.,0.,-0.));
#3666=AXIS2_PLACEMENT_3D('',#3663,#3664,#3665);
#3667=CYLINDRICAL_SURFACE('',#3666,1.796051224);
#3668=ORIENTED_EDGE('',*,*,#3402,.F.);
#3669=CARTESIAN_POINT('',(2.002426224,1.803988724,8.352426224));
#3670=DIRECTION('',(0.,0.,1.));
#3671=DIRECTION('',(1.,0.,-0.));
#3672=AXIS2_PLACEMENT_3D('',#3669,#3670,#3671);
#3673=CIRCLE('',#3672,1.796051224);
#3674=EDGE_CURVE('',#3389,#3419,#3673,.T.);
#3675=ORIENTED_EDGE('',*,*,#3674,.T.);
#3676=ORIENTED_EDGE('',*,*,#3424,.F.);
#3677=CARTESIAN_POINT('',(0.206375,1.803988707,10.348323785));
#3678=CARTESIAN_POINT('',(0.206375002,1.568890264,10.348324349));
#3679=CARTESIAN_POINT('',(0.253119755,1.333884317,10.348324912));
#3680=CARTESIAN_POINT('',(0.343086544,1.116681061,10.348325476));
#3681=CARTESIAN_POINT('',(0.433053332,0.899477804,10.348326039));
#3682=CARTESIAN_POINT('',(0.566171366,0.700248147,10.348326603));
#3683=CARTESIAN_POINT('',(0.732408787,0.534006162,10.348327167));
#3684=CARTESIAN_POINT('',(0.898646207,0.367764176,10.34832773));
#3685=CARTESIAN_POINT('',(1.097872209,0.234640671,10.348328294));
#3686=CARTESIAN_POINT('',(1.315072995,0.144667918,10.348328857));
#3687=CARTESIAN_POINT('',(1.53227378,0.054695165,10.348329421));
#3688=CARTESIAN_POINT('',(1.767278444,0.007943959,10.348329984));
#3689=CARTESIAN_POINT('',(2.002376887,0.007937501,10.348330548));
#3690=B_SPLINE_CURVE_WITH_KNOTS('',3,(#3677,#3678,#3679,#3680,#3681,#3682,#3683,#3684,#3685,#3686,#3687,#3688,#3689),.UNSPECIFIED.,.F.,.F.,(4,3,3,3,4),(180.000000542,202.499606929,224.999213316,247.498819703,269.99842609),.UNSPECIFIED.);
#3691=EDGE_CURVE('',#3397,#2465,#3690,.T.);
#3692=ORIENTED_EDGE('',*,*,#3691,.F.);
#3693=EDGE_LOOP('',(#3668,#3675,#3676,#3692));
#3694=FACE_BOUND('',#3693,.T.);
#3695=ADVANCED_FACE('',(#3694),#3667,.T.);
#3696=CARTESIAN_POINT('',(2.002426224,1.7859375,10.348323776));
#3697=DIRECTION('',(0.,1.,0.));
#3698=DIRECTION('',(0.,-0.,1.));
#3699=AXIS2_PLACEMENT_3D('',#3696,#3697,#3698);
#3700=CYLINDRICAL_SURFACE('',#3699,1.796051224);
#3701=CARTESIAN_POINT('',(2.002426224,1.803988715,10.348323776));
#3702=DIRECTION('',(0.,1.,0.));
#3703=DIRECTION('',(0.,-0.,1.));
#3704=AXIS2_PLACEMENT_3D('',#3701,#3702,#3703);
#3705=CIRCLE('',#3704,1.796051224);
#3706=EDGE_CURVE('',#3397,#890,#3705,.T.);
#3707=ORIENTED_EDGE('',*,*,#3706,.T.);
#3708=ORIENTED_EDGE('',*,*,#919,.F.);
#3709=CARTESIAN_POINT('',(0.206375,24.627911207,10.348337787));
#3710=CARTESIAN_POINT('',(0.206376834,24.627909874,10.5834373));
#3711=CARTESIAN_POINT('',(0.253123848,24.62790854,10.818443951));
#3712=CARTESIAN_POINT('',(0.343093127,24.627907207,11.035647334));
#3713=CARTESIAN_POINT('',(0.433062406,24.627905874,11.252850717));
#3714=CARTESIAN_POINT('',(0.566183155,24.627904541,11.452079921));
#3715=CARTESIAN_POINT('',(0.732423221,24.627903207,11.618320773));
#3716=CARTESIAN_POINT('',(0.898663288,24.627901874,11.784561626));
#3717=CARTESIAN_POINT('',(1.097891862,24.627900541,11.917683317));
#3718=CARTESIAN_POINT('',(1.31509482,24.627899207,12.007653623));
#3719=CARTESIAN_POINT('',(1.532297777,24.627897874,12.097623929));
#3720=CARTESIAN_POINT('',(1.767304207,24.627896541,12.144372054));
#3721=CARTESIAN_POINT('',(2.00240372,24.627895208,12.144375));
#3722=B_SPLINE_CURVE_WITH_KNOTS('',3,(#3709,#3710,#3711,#3712,#3713,#3714,#3715,#3716,#3717,#3718,#3719,#3720,#3721),.UNSPECIFIED.,.F.,.F.,(4,3,3,3,4),(270.000501081,292.500209859,314.999918637,337.499627415,359.999336193),.UNSPECIFIED.);
#3723=EDGE_CURVE('',#3379,#908,#3722,.T.);
#3724=ORIENTED_EDGE('',*,*,#3723,.F.);
#3725=ORIENTED_EDGE('',*,*,#3408,.F.);
#3726=EDGE_LOOP('',(#3707,#3708,#3724,#3725));
#3727=FACE_BOUND('',#3726,.T.);
#3728=ADVANCED_FACE('',(#3727),#3700,.T.);
#3729=CARTESIAN_POINT('',(2.002426224,24.627886276,1.984375));
#3730=DIRECTION('',(0.,0.,-1.));
#3731=DIRECTION('',(-1.,0.,0.));
#3732=AXIS2_PLACEMENT_3D('',#3729,#3730,#3731);
#3733=CYLINDRICAL_SURFACE('',#3732,1.796051224);
#3734=ORIENTED_EDGE('',*,*,#2095,.F.);
#3735=CARTESIAN_POINT('',(2.002426224,24.627886276,8.352426224));
#3736=DIRECTION('',(-0.,-0.,1.));
#3737=DIRECTION('',(-1.,0.,0.));
#3738=AXIS2_PLACEMENT_3D('',#3735,#3736,#3737);
#3739=CIRCLE('',#3738,1.796051224);
#3740=EDGE_CURVE('',#2082,#3381,#3739,.T.);
#3741=ORIENTED_EDGE('',*,*,#3740,.T.);
#3742=ORIENTED_EDGE('',*,*,#3386,.F.);
#3743=CARTESIAN_POINT('',(0.206375001,24.627936137,10.34832938));
#3744=CARTESIAN_POINT('',(0.206381527,24.863034536,10.348328913));
#3745=CARTESIAN_POINT('',(0.253132784,25.098039143,10.348328447));
#3746=CARTESIAN_POINT('',(0.343105568,25.315239868,10.348327981));
#3747=CARTESIAN_POINT('',(0.433078353,25.532440594,10.348327515));
#3748=CARTESIAN_POINT('',(0.566201868,25.731666533,10.348327048));
#3749=CARTESIAN_POINT('',(0.732443847,25.897903898,10.348326582));
#3750=CARTESIAN_POINT('',(0.898685826,26.064141264,10.348326116));
#3751=CARTESIAN_POINT('',(1.097915459,26.19725925,10.34832565));
#3752=CARTESIAN_POINT('',(1.315118682,26.287226007,10.348325184));
#3753=CARTESIAN_POINT('',(1.532321904,26.377192763,10.348324717));
#3754=CARTESIAN_POINT('',(1.767327808,26.423937498,10.348324251));
#3755=CARTESIAN_POINT('',(2.002426207,26.4239375,10.348323785));
#3756=B_SPLINE_CURVE_WITH_KNOTS('',3,(#3743,#3744,#3745,#3746,#3747,#3748,#3749,#3750,#3751,#3752,#3753,#3754,#3755),.UNSPECIFIED.,.F.,.F.,(4,3,3,3,4),(0.001590625,22.501192834,45.000795042,67.50039725,89.999999458),.UNSPECIFIED.);
#3757=EDGE_CURVE('',#3379,#2090,#3756,.T.);
#3758=ORIENTED_EDGE('',*,*,#3757,.T.);
#3759=EDGE_LOOP('',(#3734,#3741,#3742,#3758));
#3760=FACE_BOUND('',#3759,.T.);
#3761=ADVANCED_FACE('',(#3760),#3733,.T.);
#3762=CARTESIAN_POINT('',(0.227035006,1.743240653,10.075444643));
#3763=CARTESIAN_POINT('',(0.225597417,1.628595845,10.111393496));
#3764=CARTESIAN_POINT('',(0.247366113,1.402293984,10.181881173));
#3765=CARTESIAN_POINT('',(0.344958503,1.087972429,10.271202744));
#3766=CARTESIAN_POINT('',(0.506933762,0.78964589,10.332269089));
#3767=CARTESIAN_POINT('',(0.726513433,0.52451287,10.355903122));
#3768=CARTESIAN_POINT('',(0.990319482,0.307332446,10.33286901));
#3769=CARTESIAN_POINT('',(1.384447567,0.093211868,10.25232303));
#3770=CARTESIAN_POINT('',(1.708865646,0.026158419,10.151208773));
#3771=CARTESIAN_POINT('',(1.937257924,0.02833588,10.077782372));
#3772=CARTESIAN_POINT('',(0.210551476,1.7692168,10.186124613));
#3773=CARTESIAN_POINT('',(0.20956773,1.6543973,10.222673181));
#3774=CARTESIAN_POINT('',(0.232085174,1.427801519,10.295193174));
#3775=CARTESIAN_POINT('',(0.332954696,1.104332167,10.387917444));
#3776=CARTESIAN_POINT('',(0.50099951,0.795619428,10.451095884));
#3777=CARTESIAN_POINT('',(0.728102884,0.522917129,10.475556579));
#3778=CARTESIAN_POINT('',(0.998053698,0.300242724,10.452161022));
#3779=CARTESIAN_POINT('',(1.40356704,0.080128776,10.368959713));
#3780=CARTESIAN_POINT('',(1.736257107,0.010448819,10.26343357));
#3781=CARTESIAN_POINT('',(1.96558681,0.011936957,10.188579023));
#3782=CARTESIAN_POINT('',(0.196793659,1.816247944,10.403930787));
#3783=CARTESIAN_POINT('',(0.197397377,1.703107042,10.441417342));
#3784=CARTESIAN_POINT('',(0.221468535,1.47711563,10.517941472));
#3785=CARTESIAN_POINT('',(0.328229708,1.140026341,10.616961903));
#3786=CARTESIAN_POINT('',(0.505952627,0.819351728,10.685112799));
#3787=CARTESIAN_POINT('',(0.742705503,0.535825997,10.710406606));
#3788=CARTESIAN_POINT('',(1.02279473,0.303627364,10.686238688));
#3789=CARTESIAN_POINT('',(1.443507654,0.072385468,10.596706122));
#3790=CARTESIAN_POINT('',(1.788327419,-0.000480839,10.483127906));
#3791=CARTESIAN_POINT('',(2.017257528,-0.001633683,10.405858307));
#3792=CARTESIAN_POINT('',(0.239144726,1.884873867,10.733608045));
#3793=CARTESIAN_POINT('',(0.24117612,1.767201517,10.765372487));
#3794=CARTESIAN_POINT('',(0.268379127,1.537956185,10.835286304));
#3795=CARTESIAN_POINT('',(0.38257986,1.206204344,10.943834608));
#3796=CARTESIAN_POINT('',(0.565797989,0.888792494,11.018221576));
#3797=CARTESIAN_POINT('',(0.806246754,0.602905949,11.044919602));
#3798=CARTESIAN_POINT('',(1.089560514,0.36382492,11.018487705));
#3799=CARTESIAN_POINT('',(1.509325791,0.122536953,10.918454955));
#3800=CARTESIAN_POINT('',(1.849421586,0.044872212,10.796442591));
#3801=CARTESIAN_POINT('',(2.082619598,0.041437041,10.737419379));
#3802=CARTESIAN_POINT('',(0.340757477,1.986285629,11.036449307));
#3803=CARTESIAN_POINT('',(0.345320094,1.865846139,11.072814342));
#3804=CARTESIAN_POINT('',(0.376621287,1.630897523,11.146802861));
#3805=CARTESIAN_POINT('',(0.495031866,1.304389398,11.253174238));
#3806=CARTESIAN_POINT('',(0.679471039,0.99756069,11.330138849));
#3807=CARTESIAN_POINT('',(0.917367226,0.717991043,11.357895729));
#3808=CARTESIAN_POINT('',(1.194628075,0.47949801,11.329795388));
#3809=CARTESIAN_POINT('',(1.600889097,0.234446546,11.226826831));
#3810=CARTESIAN_POINT('',(1.942824874,0.151674735,11.110069585));
#3811=CARTESIAN_POINT('',(2.185896253,0.143827369,11.039791842));
#3812=CARTESIAN_POINT('',(0.4854227,2.118521894,11.288459128));
#3813=CARTESIAN_POINT('',(0.49485686,1.9991317,11.331650128));
#3814=CARTESIAN_POINT('',(0.534025616,1.767952381,11.416841123));
#3815=CARTESIAN_POINT('',(0.657037462,1.447110002,11.528157447));
#3816=CARTESIAN_POINT('',(0.843264491,1.148968295,11.607800528));
#3817=CARTESIAN_POINT('',(1.076302836,0.879616734,11.63713947));
#3818=CARTESIAN_POINT('',(1.343525315,0.645711341,11.608059326));
#3819=CARTESIAN_POINT('',(1.738843691,0.397393874,11.502447029));
#3820=CARTESIAN_POINT('',(2.077316602,0.307433057,11.377553349));
#3821=CARTESIAN_POINT('',(2.319413216,0.289240602,11.292194235));
#3822=CARTESIAN_POINT('',(0.658302128,2.277853461,11.48775771));
#3823=CARTESIAN_POINT('',(0.673837054,2.161726084,11.536509657));
#3824=CARTESIAN_POINT('',(0.723785707,1.937526906,11.629595197));
#3825=CARTESIAN_POINT('',(0.857626914,1.625638417,11.751349833));
#3826=CARTESIAN_POINT('',(1.049017515,1.338477921,11.836429916));
#3827=CARTESIAN_POINT('',(1.277628736,1.082300923,11.866120724));
#3828=CARTESIAN_POINT('',(1.533686497,0.853447422,11.838094177));
#3829=CARTESIAN_POINT('',(1.915712395,0.597759445,11.724709853));
#3830=CARTESIAN_POINT('',(2.2461005,0.492956418,11.586719577));
#3831=CARTESIAN_POINT('',(2.482976409,0.461842252,11.489915357));
#3832=CARTESIAN_POINT('',(0.911832215,2.525487919,11.681786398));
#3833=CARTESIAN_POINT('',(0.936230186,2.41425092,11.735677747));
#3834=CARTESIAN_POINT('',(1.002965178,2.199528364,11.837302858));
#3835=CARTESIAN_POINT('',(1.156427152,1.900708508,11.966455091));
#3836=CARTESIAN_POINT('',(1.357742218,1.632734164,12.05599445));
#3837=CARTESIAN_POINT('',(1.58527628,1.390920133,12.087005299));
#3838=CARTESIAN_POINT('',(1.829336452,1.16347031,12.057316082));
#3839=CARTESIAN_POINT('',(2.188381279,0.894321473,11.939100461));
#3840=CARTESIAN_POINT('',(2.505794248,0.764250567,11.789410603));
#3841=CARTESIAN_POINT('',(2.733633181,0.714646928,11.680223751));
#3842=CARTESIAN_POINT('',(1.113942679,2.740453675,11.744170617));
#3843=CARTESIAN_POINT('',(1.143316416,2.632259722,11.799001642));
#3844=CARTESIAN_POINT('',(1.219017651,2.423613874,11.901533403));
#3845=CARTESIAN_POINT('',(1.383676498,2.135797977,12.02978939));
#3846=CARTESIAN_POINT('',(1.597381009,1.876401928,12.120689859));
#3847=CARTESIAN_POINT('',(1.836480686,1.640916149,12.15558355));
#3848=CARTESIAN_POINT('',(2.072877735,1.402707553,12.121803121));
#3849=CARTESIAN_POINT('',(2.418868154,1.116086365,12.000617134));
#3850=CARTESIAN_POINT('',(2.724984479,0.975464378,11.852474753));
#3851=CARTESIAN_POINT('',(2.946652278,0.915449838,11.74031421));
#3852=CARTESIAN_POINT('',(1.251717386,2.888400368,11.750663165));
#3853=CARTESIAN_POINT('',(1.28422594,2.781939812,11.805896084));
#3854=CARTESIAN_POINT('',(1.366151053,2.576638918,11.909082238));
#3855=CARTESIAN_POINT('',(1.540056071,2.292782383,12.036825221));
#3856=CARTESIAN_POINT('',(1.760268278,2.037536139,12.123732182));
#3857=CARTESIAN_POINT('',(2.001926637,1.807645705,12.154466121));
#3858=CARTESIAN_POINT('',(2.233759596,1.568102404,12.12486679));
#3859=CARTESIAN_POINT('',(2.574649287,1.270768588,12.009096197));
#3860=CARTESIAN_POINT('',(2.875506362,1.119223071,11.859018635));
#3861=CARTESIAN_POINT('',(3.093324279,1.052790485,11.745711608));
#3862=B_SPLINE_SURFACE_WITH_KNOTS('',3,3,((#3762,#3763,#3764,#3765,#3766,#3767,#3768,#3769,#3770,#3771),(#3772,#3773,#3774,#3775,#3776,#3777,#3778,#3779,#3780,#3781),(#3782,#3783,#3784,#3785,#3786,#3787,#3788,#3789,#3790,#3791),(#3792,#3793,#3794,#3795,#3796,#3797,#3798,#3799,#3800,#3801),(#3802,#3803,#3804,#3805,#3806,#3807,#3808,#3809,#3810,#3811),(#3812,#3813,#3814,#3815,#3816,#3817,#3818,#3819,#3820,#3821),(#3822,#3823,#3824,#3825,#3826,#3827,#3828,#3829,#3830,#3831),(#3832,#3833,#3834,#3835,#3836,#3837,#3838,#3839,#3840,#3841),(#3842,#3843,#3844,#3845,#3846,#3847,#3848,#3849,#3850,#3851),(#3852,#3853,#3854,#3855,#3856,#3857,#3858,#3859,#3860,#3861)),.UNSPECIFIED.,.F.,.F.,.U.,(4,1,1,1,1,1,1,4),(4,1,1,1,1,1,1,4),(-0.001033294,-0.000725148,-0.000411846,-0.000098543,0.000214759,0.000528062,0.000841365,0.00146797),(-0.001272235,-0.000954388,-0.000636513,-0.000318638,-0.000000763,0.000317112,0.000634987,0.001270737),.UNSPECIFIED.);
#3863=ORIENTED_EDGE('',*,*,#2488,.T.);
#3864=ORIENTED_EDGE('',*,*,#3706,.F.);
#3865=ORIENTED_EDGE('',*,*,#3691,.T.);
#3866=EDGE_LOOP('',(#3863,#3864,#3865));
#3867=FACE_BOUND('',#3866,.T.);
#3868=ADVANCED_FACE('',(#3867),#3862,.F.);
#3869=CARTESIAN_POINT('',(1.941678153,26.403277494,10.075444643));
#3870=CARTESIAN_POINT('',(1.827033345,26.404715083,10.111393496));
#3871=CARTESIAN_POINT('',(1.600731484,26.382946387,10.181881173));
#3872=CARTESIAN_POINT('',(1.286409929,26.285353997,10.271202744));
#3873=CARTESIAN_POINT('',(0.98808339,26.123378738,10.332269089));
#3874=CARTESIAN_POINT('',(0.72295037,25.903799067,10.355903122));
#3875=CARTESIAN_POINT('',(0.505769946,25.639993018,10.33286901));
#3876=CARTESIAN_POINT('',(0.291649368,25.245864933,10.25232303));
#3877=CARTESIAN_POINT('',(0.224595919,24.921446854,10.151208773));
#3878=CARTESIAN_POINT('',(0.22677338,24.693054576,10.077782372));
#3879=CARTESIAN_POINT('',(1.9676543,26.419761024,10.186124613));
#3880=CARTESIAN_POINT('',(1.8528348,26.42074477,10.222673181));
#3881=CARTESIAN_POINT('',(1.626239019,26.398227326,10.295193174));
#3882=CARTESIAN_POINT('',(1.302769667,26.297357804,10.387917444));
#3883=CARTESIAN_POINT('',(0.994056928,26.12931299,10.451095884));
#3884=CARTESIAN_POINT('',(0.721354629,25.902209616,10.475556579));
#3885=CARTESIAN_POINT('',(0.498680224,25.632258802,10.452161022));
#3886=CARTESIAN_POINT('',(0.278566276,25.22674546,10.368959713));
#3887=CARTESIAN_POINT('',(0.208886319,24.894055393,10.26343357));
#3888=CARTESIAN_POINT('',(0.210374457,24.66472569,10.188579023));
#3889=CARTESIAN_POINT('',(2.014685444,26.433518841,10.403930787));
#3890=CARTESIAN_POINT('',(1.901544542,26.432915123,10.441417342));
#3891=CARTESIAN_POINT('',(1.67555313,26.408843965,10.517941472));
#3892=CARTESIAN_POINT('',(1.338463841,26.302082792,10.616961903));
#3893=CARTESIAN_POINT('',(1.017789228,26.124359873,10.685112799));
#3894=CARTESIAN_POINT('',(0.734263497,25.887606997,10.710406606));
#3895=CARTESIAN_POINT('',(0.502064864,25.60751777,10.686238688));
#3896=CARTESIAN_POINT('',(0.270822968,25.186804846,10.596706122));
#3897=CARTESIAN_POINT('',(0.197956661,24.841985081,10.483127906));
#3898=CARTESIAN_POINT('',(0.196803817,24.613054972,10.405858307));
#3899=CARTESIAN_POINT('',(2.083311367,26.391167774,10.733608045));
#3900=CARTESIAN_POINT('',(1.965639017,26.38913638,10.765372487));
#3901=CARTESIAN_POINT('',(1.736393685,26.361933373,10.835286304));
#3902=CARTESIAN_POINT('',(1.404641844,26.24773264,10.943834608));
#3903=CARTESIAN_POINT('',(1.087229994,26.064514511,11.018221576));
#3904=CARTESIAN_POINT('',(0.801343449,25.824065746,11.044919602));
#3905=CARTESIAN_POINT('',(0.56226242,25.540751986,11.018487705));
#3906=CARTESIAN_POINT('',(0.320974453,25.120986709,10.918454955));
#3907=CARTESIAN_POINT('',(0.243309712,24.780890914,10.796442591));
#3908=CARTESIAN_POINT('',(0.239874541,24.547692902,10.737419379));
#3909=CARTESIAN_POINT('',(2.184723129,26.289555023,11.036449307));
#3910=CARTESIAN_POINT('',(2.064283639,26.284992406,11.072814342));
#3911=CARTESIAN_POINT('',(1.829335023,26.253691213,11.146802861));
#3912=CARTESIAN_POINT('',(1.502826898,26.135280634,11.253174238));
#3913=CARTESIAN_POINT('',(1.19599819,25.950841461,11.330138849));
#3914=CARTESIAN_POINT('',(0.916428543,25.712945274,11.357895729));
#3915=CARTESIAN_POINT('',(0.67793551,25.435684425,11.329795388));
#3916=CARTESIAN_POINT('',(0.432884046,25.029423403,11.226826831));
#3917=CARTESIAN_POINT('',(0.350112235,24.687487626,11.110069585));
#3918=CARTESIAN_POINT('',(0.342264869,24.444416247,11.039791842));
#3919=CARTESIAN_POINT('',(2.316959394,26.1448898,11.288459128));
#3920=CARTESIAN_POINT('',(2.1975692,26.13545564,11.331650128));
#3921=CARTESIAN_POINT('',(1.966389881,26.096286884,11.416841123));
#3922=CARTESIAN_POINT('',(1.645547502,25.973275038,11.528157447));
#3923=CARTESIAN_POINT('',(1.347405795,25.787048009,11.607800528));
#3924=CARTESIAN_POINT('',(1.078054234,25.554009664,11.63713947));
#3925=CARTESIAN_POINT('',(0.844148841,25.286787185,11.608059326));
#3926=CARTESIAN_POINT('',(0.595831374,24.891468809,11.502447029));
#3927=CARTESIAN_POINT('',(0.505870557,24.552995898,11.377553349));
#3928=CARTESIAN_POINT('',(0.487678102,24.310899284,11.292194235));
#3929=CARTESIAN_POINT('',(2.476290961,25.972010372,11.48775771));
#3930=CARTESIAN_POINT('',(2.360163584,25.956475446,11.536509657));
#3931=CARTESIAN_POINT('',(2.135964406,25.906526793,11.629595197));
#3932=CARTESIAN_POINT('',(1.824075917,25.772685586,11.751349833));
#3933=CARTESIAN_POINT('',(1.536915421,25.581294985,11.836429916));
#3934=CARTESIAN_POINT('',(1.280738423,25.352683764,11.866120724));
#3935=CARTESIAN_POINT('',(1.051884922,25.096626003,11.838094177));
#3936=CARTESIAN_POINT('',(0.796196945,24.714600105,11.724709853));
#3937=CARTESIAN_POINT('',(0.691393918,24.384212,11.586719577));
#3938=CARTESIAN_POINT('',(0.660279752,24.147336091,11.489915357));
#3939=CARTESIAN_POINT('',(2.723925419,25.718480285,11.681786398));
#3940=CARTESIAN_POINT('',(2.61268842,25.694082314,11.735677747));
#3941=CARTESIAN_POINT('',(2.397965864,25.627347322,11.837302858));
#3942=CARTESIAN_POINT('',(2.099146008,25.473885348,11.966455091));
#3943=CARTESIAN_POINT('',(1.831171664,25.272570282,12.05599445));
#3944=CARTESIAN_POINT('',(1.589357633,25.04503622,12.087005299));
#3945=CARTESIAN_POINT('',(1.36190781,24.800976048,12.057316082));
#3946=CARTESIAN_POINT('',(1.092758973,24.441931221,11.939100461));
#3947=CARTESIAN_POINT('',(0.962688067,24.124518252,11.789410603));
#3948=CARTESIAN_POINT('',(0.913084428,23.896679319,11.680223751));
#3949=CARTESIAN_POINT('',(2.938891175,25.516369821,11.744170617));
#3950=CARTESIAN_POINT('',(2.830697222,25.486996084,11.799001642));
#3951=CARTESIAN_POINT('',(2.622051374,25.411294849,11.901533403));
#3952=CARTESIAN_POINT('',(2.334235477,25.246636002,12.02978939));
#3953=CARTESIAN_POINT('',(2.074839428,25.032931491,12.120689859));
#3954=CARTESIAN_POINT('',(1.839353649,24.793831814,12.15558355));
#3955=CARTESIAN_POINT('',(1.601145053,24.557434765,12.121803121));
#3956=CARTESIAN_POINT('',(1.314523865,24.211444346,12.000617134));
#3957=CARTESIAN_POINT('',(1.173901878,23.905328021,11.852474753));
#3958=CARTESIAN_POINT('',(1.113887338,23.683660222,11.74031421));
#3959=CARTESIAN_POINT('',(3.086837868,25.378595114,11.750663165));
#3960=CARTESIAN_POINT('',(2.980377312,25.34608656,11.805896084));
#3961=CARTESIAN_POINT('',(2.775076418,25.264161447,11.909082238));
#3962=CARTESIAN_POINT('',(2.491219883,25.090256429,12.036825221));
#3963=CARTESIAN_POINT('',(2.235973639,24.870044222,12.123732182));
#3964=CARTESIAN_POINT('',(2.006083205,24.628385863,12.154466121));
#3965=CARTESIAN_POINT('',(1.766539904,24.396552904,12.12486679));
#3966=CARTESIAN_POINT('',(1.469206088,24.055663213,12.009096197));
#3967=CARTESIAN_POINT('',(1.317660571,23.754806138,11.859018635));
#3968=CARTESIAN_POINT('',(1.251227985,23.536988221,11.745711608));
#3969=B_SPLINE_SURFACE_WITH_KNOTS('',3,3,((#3869,#3870,#3871,#3872,#3873,#3874,#3875,#3876,#3877,#3878),(#3879,#3880,#3881,#3882,#3883,#3884,#3885,#3886,#3887,#3888),(#3889,#3890,#3891,#3892,#3893,#3894,#3895,#3896,#3897,#3898),(#3899,#3900,#3901,#3902,#3903,#3904,#3905,#3906,#3907,#3908),(#3909,#3910,#3911,#3912,#3913,#3914,#3915,#3916,#3917,#3918),(#3919,#3920,#3921,#3922,#3923,#3924,#3925,#3926,#3927,#3928),(#3929,#3930,#3931,#3932,#3933,#3934,#3935,#3936,#3937,#3938),(#3939,#3940,#3941,#3942,#3943,#3944,#3945,#3946,#3947,#3948),(#3949,#3950,#3951,#3952,#3953,#3954,#3955,#3956,#3957,#3958),(#3959,#3960,#3961,#3962,#3963,#3964,#3965,#3966,#3967,#3968)),.UNSPECIFIED.,.F.,.F.,.U.,(4,1,1,1,1,1,1,4),(4,1,1,1,1,1,1,4),(-0.001033294,-0.000725148,-0.000411846,-0.000098543,0.000214759,0.000528062,0.000841365,0.00146797),(-0.001272235,-0.000954388,-0.000636513,-0.000318638,-0.000000763,0.000317112,0.000634987,0.001270737),.UNSPECIFIED.);
#3970=ORIENTED_EDGE('',*,*,#2515,.T.);
#3971=ORIENTED_EDGE('',*,*,#3757,.F.);
#3972=ORIENTED_EDGE('',*,*,#3723,.T.);
#3973=EDGE_LOOP('',(#3970,#3971,#3972));
#3974=FACE_BOUND('',#3973,.T.);
#3975=ADVANCED_FACE('',(#3974),#3969,.F.);
#3976=CARTESIAN_POINT('',(1.984375,24.627886276,2.002426224));
#3977=DIRECTION('',(1.,0.,0.));
#3978=DIRECTION('',(0.,0.,-1.));
#3979=AXIS2_PLACEMENT_3D('',#3976,#3977,#3978);
#3980=CYLINDRICAL_SURFACE('',#3979,1.796051224);
#3981=ORIENTED_EDGE('',*,*,#3336,.F.);
#3982=CARTESIAN_POINT('',(8.376238724,24.627886276,2.002426224));
#3983=DIRECTION('',(1.,0.,0.));
#3984=DIRECTION('',(0.,0.,-1.));
#3985=AXIS2_PLACEMENT_3D('',#3982,#3983,#3984);
#3986=CIRCLE('',#3985,1.796051224);
#3987=EDGE_CURVE('',#3323,#2072,#3986,.T.);
#3988=ORIENTED_EDGE('',*,*,#3987,.T.);
#3989=ORIENTED_EDGE('',*,*,#2124,.F.);
#3990=ORIENTED_EDGE('',*,*,#3582,.F.);
#3991=ORIENTED_EDGE('',*,*,#3534,.T.);
#3992=CARTESIAN_POINT('',(37.037168342,24.6459375,0.206465714));
#3993=CARTESIAN_POINT('',(37.037169403,24.639920577,0.206405238));
#3994=CARTESIAN_POINT('',(37.03716993,24.633903503,0.206375));
#3995=CARTESIAN_POINT('',(37.03716993,24.627886276,0.206375));
#3996=B_SPLINE_CURVE_WITH_KNOTS('',3,(#3992,#3993,#3994,#3995),.UNSPECIFIED.,.F.,.F.,(4,4),(0.,0.000018051),.UNSPECIFIED.);
#3997=EDGE_CURVE('',#3520,#3331,#3996,.T.);
#3998=ORIENTED_EDGE('',*,*,#3997,.T.);
#3999=EDGE_LOOP('',(#3981,#3988,#3989,#3990,#3991,#3998));
#4000=FACE_BOUND('',#3999,.T.);
#4001=ADVANCED_FACE('',(#4000),#3980,.T.);
#4002=CARTESIAN_POINT('',(9.1201875,1.7859375,1.984375));
#4003=DIRECTION('',(-1.,0.,0.));
#4004=DIRECTION('',(0.,-1.,0.));
#4005=AXIS2_PLACEMENT_3D('',#4002,#4003,#4004);
#4006=PLANE('',#4005);
#4007=ORIENTED_EDGE('',*,*,#1886,.F.);
#4008=ORIENTED_EDGE('',*,*,#2060,.F.);
#4009=ORIENTED_EDGE('',*,*,#1945,.F.);
#4010=CARTESIAN_POINT('',(9.1201875,1.7859375,4.524375));
#4011=DIRECTION('',(0.,1.,0.));
#4012=VECTOR('',#4011,1.000246891);
#4013=LINE('',#4010,#4012);
#4014=EDGE_CURVE('',#2215,#1933,#4013,.T.);
#4015=ORIENTED_EDGE('',*,*,#4014,.F.);
#4016=ORIENTED_EDGE('',*,*,#2220,.F.);
#4017=ORIENTED_EDGE('',*,*,#2033,.F.);
#4018=EDGE_LOOP('',(#4007,#4008,#4009,#4015,#4016,#4017));
#4019=FACE_BOUND('',#4018,.T.);
#4020=ADVANCED_FACE('',(#4019),#4006,.T.);
#4021=CARTESIAN_POINT('',(9.1201875,18.9309375,4.524375));
#4022=DIRECTION('',(0.,0.,1.));
#4023=DIRECTION('',(1.,0.,0.));
#4024=AXIS2_PLACEMENT_3D('',#4021,#4022,#4023);
#4025=PLANE('',#4024);
#4026=CARTESIAN_POINT('',(1.222375,2.311988724,4.524375));
#4027=VERTEX_POINT('',#4026);
#4028=CARTESIAN_POINT('',(1.222375,24.119886276,4.524375));
#4029=VERTEX_POINT('',#4028);
#4030=CARTESIAN_POINT('',(1.222375,2.311988724,4.524375));
#4031=DIRECTION('',(0.,1.,0.));
#4032=VECTOR('',#4031,21.807897552);
#4033=LINE('',#4030,#4032);
#4034=EDGE_CURVE('',#4027,#4029,#4033,.T.);
#4035=ORIENTED_EDGE('',*,*,#4034,.F.);
#4036=CARTESIAN_POINT('',(1.730375,1.803988724,4.524375));
#4037=VERTEX_POINT('',#4036);
#4038=CARTESIAN_POINT('',(1.730375,2.311988724,4.524375));
#4039=DIRECTION('',(0.,0.,1.));
#4040=DIRECTION('',(1.,0.,-0.));
#4041=AXIS2_PLACEMENT_3D('',#4038,#4039,#4040);
#4042=CIRCLE('',#4041,0.508);
#4043=EDGE_CURVE('',#4027,#4037,#4042,.T.);
#4044=ORIENTED_EDGE('',*,*,#4043,.T.);
#4045=CARTESIAN_POINT('',(6.5801875,1.803988724,4.524375));
#4046=VERTEX_POINT('',#4045);
#4047=CARTESIAN_POINT('',(1.730375,1.803988724,4.524375));
#4048=DIRECTION('',(1.,0.,-0.));
#4049=VECTOR('',#4048,4.8498125);
#4050=LINE('',#4047,#4049);
#4051=EDGE_CURVE('',#4037,#4046,#4050,.T.);
#4052=ORIENTED_EDGE('',*,*,#4051,.T.);
#4053=CARTESIAN_POINT('',(8.376238724,1.803988724,4.524375));
#4054=DIRECTION('',(0.,0.,1.));
#4055=DIRECTION('',(1.,0.,-0.));
#4056=AXIS2_PLACEMENT_3D('',#4053,#4054,#4055);
#4057=CIRCLE('',#4056,1.796051224);
#4058=EDGE_CURVE('',#4046,#2135,#4057,.T.);
#4059=ORIENTED_EDGE('',*,*,#4058,.T.);
#4060=ORIENTED_EDGE('',*,*,#2226,.F.);
#4061=ORIENTED_EDGE('',*,*,#4014,.T.);
#4062=ORIENTED_EDGE('',*,*,#1938,.F.);
#4063=ORIENTED_EDGE('',*,*,#3238,.T.);
#4064=ORIENTED_EDGE('',*,*,#3141,.F.);
#4065=CARTESIAN_POINT('',(9.1201875,23.645690609,4.524375));
#4066=DIRECTION('',(0.,1.,0.));
#4067=VECTOR('',#4066,1.000246891);
#4068=LINE('',#4065,#4067);
#4069=EDGE_CURVE('',#3127,#2270,#4068,.T.);
#4070=ORIENTED_EDGE('',*,*,#4069,.T.);
#4071=ORIENTED_EDGE('',*,*,#2275,.T.);
#4072=CARTESIAN_POINT('',(6.5801875,24.627886276,4.524375));
#4073=VERTEX_POINT('',#4072);
#4074=CARTESIAN_POINT('',(8.376238724,24.627886276,4.524375));
#4075=DIRECTION('',(-0.,-0.,1.));
#4076=DIRECTION('',(-1.,0.,0.));
#4077=AXIS2_PLACEMENT_3D('',#4074,#4075,#4076);
#4078=CIRCLE('',#4077,1.796051224);
#4079=EDGE_CURVE('',#2262,#4073,#4078,.T.);
#4080=ORIENTED_EDGE('',*,*,#4079,.T.);
#4081=CARTESIAN_POINT('',(1.730375,24.627886276,4.524375));
#4082=VERTEX_POINT('',#4081);
#4083=CARTESIAN_POINT('',(1.730375,24.627886276,4.524375));
#4084=DIRECTION('',(1.,0.,-0.));
#4085=VECTOR('',#4084,4.8498125);
#4086=LINE('',#4083,#4085);
#4087=EDGE_CURVE('',#4082,#4073,#4086,.T.);
#4088=ORIENTED_EDGE('',*,*,#4087,.F.);
#4089=CARTESIAN_POINT('',(1.730375,24.119886276,4.524375));
#4090=DIRECTION('',(0.,0.,1.));
#4091=DIRECTION('',(1.,0.,-0.));
#4092=AXIS2_PLACEMENT_3D('',#4089,#4090,#4091);
#4093=CIRCLE('',#4092,0.508);
#4094=EDGE_CURVE('',#4082,#4029,#4093,.T.);
#4095=ORIENTED_EDGE('',*,*,#4094,.T.);
#4096=EDGE_LOOP('',(#4035,#4044,#4052,#4059,#4060,#4061,#4062,#4063,#4064,#4070,#4071,#4080,#4088,#4095));
#4097=FACE_BOUND('',#4096,.T.);
#4098=ADVANCED_FACE('',(#4097),#4025,.T.);
#4099=CARTESIAN_POINT('',(9.1201875,1.7859375,1.984375));
#4100=DIRECTION('',(-1.,0.,0.));
#4101=DIRECTION('',(0.,-1.,0.));
#4102=AXIS2_PLACEMENT_3D('',#4099,#4100,#4101);
#4103=PLANE('',#4102);
#4104=ORIENTED_EDGE('',*,*,#2283,.F.);
#4105=ORIENTED_EDGE('',*,*,#4069,.F.);
#4106=ORIENTED_EDGE('',*,*,#3133,.F.);
#4107=ORIENTED_EDGE('',*,*,#3047,.F.);
#4108=ORIENTED_EDGE('',*,*,#3108,.F.);
#4109=ORIENTED_EDGE('',*,*,#3078,.F.);
#4110=EDGE_LOOP('',(#4104,#4105,#4106,#4107,#4108,#4109));
#4111=FACE_BOUND('',#4110,.T.);
#4112=ADVANCED_FACE('',(#4111),#4103,.T.);
#4113=CARTESIAN_POINT('',(46.434375,8.0089375,11.255375));
#4114=DIRECTION('',(0.,1.,0.));
#4115=DIRECTION('',(0.,0.,1.));
#4116=AXIS2_PLACEMENT_3D('',#4113,#4114,#4115);
#4117=PLANE('',#4116);
#4118=CARTESIAN_POINT('',(46.434375,8.0089375,11.382375));
#4119=VERTEX_POINT('',#4118);
#4120=CARTESIAN_POINT('',(46.434375,8.0089375,11.636375));
#4121=VERTEX_POINT('',#4120);
#4122=CARTESIAN_POINT('',(46.434375,8.0089375,11.382375));
#4123=DIRECTION('',(0.,0.,1.));
#4124=VECTOR('',#4123,0.254);
#4125=LINE('',#4122,#4124);
#4126=EDGE_CURVE('',#4119,#4121,#4125,.T.);
#4127=ORIENTED_EDGE('',*,*,#4126,.F.);
#4128=CARTESIAN_POINT('',(46.942375,8.0089375,11.382375));
#4129=DIRECTION('',(0.,-1.,0.));
#4130=DIRECTION('',(0.,0.,-1.));
#4131=AXIS2_PLACEMENT_3D('',#4128,#4129,#4130);
#4132=CIRCLE('',#4131,0.508);
#4133=EDGE_CURVE('',#4119,#2632,#4132,.T.);
#4134=ORIENTED_EDGE('',*,*,#4133,.T.);
#4135=ORIENTED_EDGE('',*,*,#2637,.T.);
#4136=ORIENTED_EDGE('',*,*,#1304,.T.);
#4137=ORIENTED_EDGE('',*,*,#1185,.T.);
#4138=CARTESIAN_POINT('',(43.894375,8.0089375,11.785164755));
#4139=VERTEX_POINT('',#4138);
#4140=CARTESIAN_POINT('',(44.253585245,8.0089375,11.785164755));
#4141=DIRECTION('',(0.,-1.,0.));
#4142=DIRECTION('',(0.,0.,-1.));
#4143=AXIS2_PLACEMENT_3D('',#4140,#4141,#4142);
#4144=CIRCLE('',#4143,0.359210245);
#4145=EDGE_CURVE('',#1174,#4139,#4144,.T.);
#4146=ORIENTED_EDGE('',*,*,#4145,.T.);
#4147=CARTESIAN_POINT('',(43.894375,8.0089375,11.636375));
#4148=VERTEX_POINT('',#4147);
#4149=CARTESIAN_POINT('',(43.894375,8.0089375,11.636375));
#4150=DIRECTION('',(0.,0.,1.));
#4151=VECTOR('',#4150,0.148789755);
#4152=LINE('',#4149,#4151);
#4153=EDGE_CURVE('',#4148,#4139,#4152,.T.);
#4154=ORIENTED_EDGE('',*,*,#4153,.F.);
#4155=CARTESIAN_POINT('',(46.434375,8.0089375,11.636375));
#4156=DIRECTION('',(-1.,-0.,0.));
#4157=VECTOR('',#4156,2.54);
#4158=LINE('',#4155,#4157);
#4159=EDGE_CURVE('',#4121,#4148,#4158,.T.);
#4160=ORIENTED_EDGE('',*,*,#4159,.F.);
#4161=EDGE_LOOP('',(#4127,#4134,#4135,#4136,#4137,#4146,#4154,#4160));
#4162=FACE_BOUND('',#4161,.T.);
#4163=ADVANCED_FACE('',(#4162),#4117,.F.);
#4164=CARTESIAN_POINT('',(46.434375,11.6919375,11.255375));
#4165=DIRECTION('',(0.,-1.,0.));
#4166=DIRECTION('',(0.,0.,-1.));
#4167=AXIS2_PLACEMENT_3D('',#4164,#4165,#4166);
#4168=PLANE('',#4167);
#4169=ORIENTED_EDGE('',*,*,#2653,.F.);
#4170=CARTESIAN_POINT('',(46.434375,11.6919375,11.382375));
#4171=VERTEX_POINT('',#4170);
#4172=CARTESIAN_POINT('',(46.942375,11.6919375,11.382375));
#4173=DIRECTION('',(-0.,1.,-0.));
#4174=DIRECTION('',(0.,0.,-1.));
#4175=AXIS2_PLACEMENT_3D('',#4172,#4173,#4174);
#4176=CIRCLE('',#4175,0.508);
#4177=EDGE_CURVE('',#2640,#4171,#4176,.T.);
#4178=ORIENTED_EDGE('',*,*,#4177,.T.);
#4179=CARTESIAN_POINT('',(46.434375,11.6919375,11.636375));
#4180=VERTEX_POINT('',#4179);
#4181=CARTESIAN_POINT('',(46.434375,11.6919375,11.636375));
#4182=DIRECTION('',(-0.,-0.,-1.));
#4183=VECTOR('',#4182,0.254);
#4184=LINE('',#4181,#4183);
#4185=EDGE_CURVE('',#4180,#4171,#4184,.T.);
#4186=ORIENTED_EDGE('',*,*,#4185,.F.);
#4187=CARTESIAN_POINT('',(43.894375,11.6919375,11.636375));
#4188=VERTEX_POINT('',#4187);
#4189=CARTESIAN_POINT('',(46.434375,11.6919375,11.636375));
#4190=DIRECTION('',(-1.,-0.,0.));
#4191=VECTOR('',#4190,2.54);
#4192=LINE('',#4189,#4191);
#4193=EDGE_CURVE('',#4180,#4188,#4192,.T.);
#4194=ORIENTED_EDGE('',*,*,#4193,.T.);
#4195=CARTESIAN_POINT('',(43.894375,11.6919375,11.785164755));
#4196=VERTEX_POINT('',#4195);
#4197=CARTESIAN_POINT('',(43.894375,11.6919375,11.636375));
#4198=DIRECTION('',(-0.,-0.,1.));
#4199=VECTOR('',#4198,0.148789755);
#4200=LINE('',#4197,#4199);
#4201=EDGE_CURVE('',#4188,#4196,#4200,.T.);
#4202=ORIENTED_EDGE('',*,*,#4201,.T.);
#4203=CARTESIAN_POINT('',(44.253585245,11.6919375,11.785164755));
#4204=DIRECTION('',(-0.,1.,-0.));
#4205=DIRECTION('',(0.,0.,-1.));
#4206=AXIS2_PLACEMENT_3D('',#4203,#4204,#4205);
#4207=CIRCLE('',#4206,0.359210245);
#4208=EDGE_CURVE('',#4196,#1166,#4207,.T.);
#4209=ORIENTED_EDGE('',*,*,#4208,.T.);
#4210=ORIENTED_EDGE('',*,*,#1171,.F.);
#4211=ORIENTED_EDGE('',*,*,#2900,.T.);
#4212=EDGE_LOOP('',(#4169,#4178,#4186,#4194,#4202,#4209,#4210,#4211));
#4213=FACE_BOUND('',#4212,.T.);
#4214=ADVANCED_FACE('',(#4213),#4168,.F.);
#4215=CARTESIAN_POINT('',(46.434375,1.7859375,1.984375));
#4216=DIRECTION('',(-1.,0.,0.));
#4217=DIRECTION('',(0.,-1.,0.));
#4218=AXIS2_PLACEMENT_3D('',#4215,#4216,#4217);
#4219=PLANE('',#4218);
#4220=ORIENTED_EDGE('',*,*,#4185,.T.);
#4221=CARTESIAN_POINT('',(46.434375,11.6919375,11.382375));
#4222=DIRECTION('',(0.,-1.,0.));
#4223=VECTOR('',#4222,3.683);
#4224=LINE('',#4221,#4223);
#4225=EDGE_CURVE('',#4171,#4119,#4224,.T.);
#4226=ORIENTED_EDGE('',*,*,#4225,.T.);
#4227=ORIENTED_EDGE('',*,*,#4126,.T.);
#4228=CARTESIAN_POINT('',(46.434375,11.6919375,11.636375));
#4229=DIRECTION('',(-0.,-1.,-0.));
#4230=VECTOR('',#4229,3.683);
#4231=LINE('',#4228,#4230);
#4232=EDGE_CURVE('',#4180,#4121,#4231,.T.);
#4233=ORIENTED_EDGE('',*,*,#4232,.F.);
#4234=EDGE_LOOP('',(#4220,#4226,#4227,#4233));
#4235=FACE_BOUND('',#4234,.T.);
#4236=ADVANCED_FACE('',(#4235),#4219,.T.);
#4237=CARTESIAN_POINT('',(46.942375,18.4229375,11.382375));
#4238=DIRECTION('',(0.,-1.,0.));
#4239=DIRECTION('',(0.,0.,-1.));
#4240=AXIS2_PLACEMENT_3D('',#4237,#4238,#4239);
#4241=CYLINDRICAL_SURFACE('',#4240,0.508);
#4242=ORIENTED_EDGE('',*,*,#4177,.F.);
#4243=ORIENTED_EDGE('',*,*,#2645,.F.);
#4244=ORIENTED_EDGE('',*,*,#4133,.F.);
#4245=ORIENTED_EDGE('',*,*,#4225,.F.);
#4246=EDGE_LOOP('',(#4242,#4243,#4244,#4245));
#4247=FACE_BOUND('',#4246,.T.);
#4248=ADVANCED_FACE('',(#4247),#4241,.T.);
#4249=CARTESIAN_POINT('',(46.688375,14.7399375,11.255375));
#4250=DIRECTION('',(0.,1.,0.));
#4251=DIRECTION('',(0.,0.,1.));
#4252=AXIS2_PLACEMENT_3D('',#4249,#4250,#4251);
#4253=PLANE('',#4252);
#4254=CARTESIAN_POINT('',(46.688375,14.7399375,11.382375));
#4255=VERTEX_POINT('',#4254);
#4256=CARTESIAN_POINT('',(46.688375,14.7399375,11.636375));
#4257=VERTEX_POINT('',#4256);
#4258=CARTESIAN_POINT('',(46.688375,14.7399375,11.382375));
#4259=DIRECTION('',(0.,0.,1.));
#4260=VECTOR('',#4259,0.254);
#4261=LINE('',#4258,#4260);
#4262=EDGE_CURVE('',#4255,#4257,#4261,.T.);
#4263=ORIENTED_EDGE('',*,*,#4262,.F.);
#4264=CARTESIAN_POINT('',(47.196375,14.7399375,11.382375));
#4265=DIRECTION('',(0.,-1.,0.));
#4266=DIRECTION('',(0.,0.,-1.));
#4267=AXIS2_PLACEMENT_3D('',#4264,#4265,#4266);
#4268=CIRCLE('',#4267,0.508);
#4269=EDGE_CURVE('',#4255,#2689,#4268,.T.);
#4270=ORIENTED_EDGE('',*,*,#4269,.T.);
#4271=ORIENTED_EDGE('',*,*,#2694,.T.);
#4272=ORIENTED_EDGE('',*,*,#1210,.T.);
#4273=ORIENTED_EDGE('',*,*,#1099,.T.);
#4274=CARTESIAN_POINT('',(43.894375,14.7399375,11.785164755));
#4275=VERTEX_POINT('',#4274);
#4276=CARTESIAN_POINT('',(44.253585245,14.7399375,11.785164755));
#4277=DIRECTION('',(0.,-1.,0.));
#4278=DIRECTION('',(0.,0.,-1.));
#4279=AXIS2_PLACEMENT_3D('',#4276,#4277,#4278);
#4280=CIRCLE('',#4279,0.359210245);
#4281=EDGE_CURVE('',#1086,#4275,#4280,.T.);
#4282=ORIENTED_EDGE('',*,*,#4281,.T.);
#4283=CARTESIAN_POINT('',(43.894375,14.7399375,11.636375));
#4284=VERTEX_POINT('',#4283);
#4285=CARTESIAN_POINT('',(43.894375,14.7399375,11.636375));
#4286=DIRECTION('',(0.,0.,1.));
#4287=VECTOR('',#4286,0.148789755);
#4288=LINE('',#4285,#4287);
#4289=EDGE_CURVE('',#4284,#4275,#4288,.T.);
#4290=ORIENTED_EDGE('',*,*,#4289,.F.);
#4291=CARTESIAN_POINT('',(46.688375,14.7399375,11.636375));
#4292=DIRECTION('',(-1.,-0.,0.));
#4293=VECTOR('',#4292,2.794);
#4294=LINE('',#4291,#4293);
#4295=EDGE_CURVE('',#4257,#4284,#4294,.T.);
#4296=ORIENTED_EDGE('',*,*,#4295,.F.);
#4297=EDGE_LOOP('',(#4263,#4270,#4271,#4272,#4273,#4282,#4290,#4296));
#4298=FACE_BOUND('',#4297,.T.);
#4299=ADVANCED_FACE('',(#4298),#4253,.F.);
#4300=CARTESIAN_POINT('',(46.688375,18.4229375,11.255375));
#4301=DIRECTION('',(0.,-1.,0.));
#4302=DIRECTION('',(0.,0.,-1.));
#4303=AXIS2_PLACEMENT_3D('',#4300,#4301,#4302);
#4304=PLANE('',#4303);
#4305=ORIENTED_EDGE('',*,*,#2710,.F.);
#4306=CARTESIAN_POINT('',(46.688375,18.4229375,11.382375));
#4307=VERTEX_POINT('',#4306);
#4308=CARTESIAN_POINT('',(47.196375,18.4229375,11.382375));
#4309=DIRECTION('',(-0.,1.,-0.));
#4310=DIRECTION('',(0.,0.,-1.));
#4311=AXIS2_PLACEMENT_3D('',#4308,#4309,#4310);
#4312=CIRCLE('',#4311,0.508);
#4313=EDGE_CURVE('',#2697,#4307,#4312,.T.);
#4314=ORIENTED_EDGE('',*,*,#4313,.T.);
#4315=CARTESIAN_POINT('',(46.688375,18.4229375,11.636375));
#4316=VERTEX_POINT('',#4315);
#4317=CARTESIAN_POINT('',(46.688375,18.4229375,11.636375));
#4318=DIRECTION('',(-0.,-0.,-1.));
#4319=VECTOR('',#4318,0.254);
#4320=LINE('',#4317,#4319);
#4321=EDGE_CURVE('',#4316,#4307,#4320,.T.);
#4322=ORIENTED_EDGE('',*,*,#4321,.F.);
#4323=CARTESIAN_POINT('',(43.894375,18.4229375,11.636375));
#4324=VERTEX_POINT('',#4323);
#4325=CARTESIAN_POINT('',(46.688375,18.4229375,11.636375));
#4326=DIRECTION('',(-1.,-0.,0.));
#4327=VECTOR('',#4326,2.794);
#4328=LINE('',#4325,#4327);
#4329=EDGE_CURVE('',#4316,#4324,#4328,.T.);
#4330=ORIENTED_EDGE('',*,*,#4329,.T.);
#4331=CARTESIAN_POINT('',(43.894375,18.4229375,11.785164755));
#4332=VERTEX_POINT('',#4331);
#4333=CARTESIAN_POINT('',(43.894375,18.4229375,11.636375));
#4334=DIRECTION('',(-0.,-0.,1.));
#4335=VECTOR('',#4334,0.148789755);
#4336=LINE('',#4333,#4335);
#4337=EDGE_CURVE('',#4324,#4332,#4336,.T.);
#4338=ORIENTED_EDGE('',*,*,#4337,.T.);
#4339=CARTESIAN_POINT('',(44.253585245,18.4229375,11.785164755));
#4340=DIRECTION('',(-0.,1.,-0.));
#4341=DIRECTION('',(0.,0.,-1.));
#4342=AXIS2_PLACEMENT_3D('',#4339,#4340,#4341);
#4343=CIRCLE('',#4342,0.359210245);
#4344=EDGE_CURVE('',#4332,#1078,#4343,.T.);
#4345=ORIENTED_EDGE('',*,*,#4344,.T.);
#4346=ORIENTED_EDGE('',*,*,#1083,.F.);
#4347=ORIENTED_EDGE('',*,*,#2958,.T.);
#4348=EDGE_LOOP('',(#4305,#4314,#4322,#4330,#4338,#4345,#4346,#4347));
#4349=FACE_BOUND('',#4348,.T.);
#4350=ADVANCED_FACE('',(#4349),#4304,.F.);
#4351=CARTESIAN_POINT('',(46.688375,1.7859375,1.984375));
#4352=DIRECTION('',(-1.,0.,0.));
#4353=DIRECTION('',(0.,-1.,0.));
#4354=AXIS2_PLACEMENT_3D('',#4351,#4352,#4353);
#4355=PLANE('',#4354);
#4356=ORIENTED_EDGE('',*,*,#4321,.T.);
#4357=CARTESIAN_POINT('',(46.688375,18.4229375,11.382375));
#4358=DIRECTION('',(0.,-1.,0.));
#4359=VECTOR('',#4358,3.683);
#4360=LINE('',#4357,#4359);
#4361=EDGE_CURVE('',#4307,#4255,#4360,.T.);
#4362=ORIENTED_EDGE('',*,*,#4361,.T.);
#4363=ORIENTED_EDGE('',*,*,#4262,.T.);
#4364=CARTESIAN_POINT('',(46.688375,14.7399375,11.636375));
#4365=DIRECTION('',(-0.,1.,-0.));
#4366=VECTOR('',#4365,3.683);
#4367=LINE('',#4364,#4366);
#4368=EDGE_CURVE('',#4257,#4316,#4367,.T.);
#4369=ORIENTED_EDGE('',*,*,#4368,.T.);
#4370=EDGE_LOOP('',(#4356,#4362,#4363,#4369));
#4371=FACE_BOUND('',#4370,.T.);
#4372=ADVANCED_FACE('',(#4371),#4355,.T.);
#4373=CARTESIAN_POINT('',(47.196375,18.4229375,11.382375));
#4374=DIRECTION('',(0.,-1.,0.));
#4375=DIRECTION('',(0.,0.,-1.));
#4376=AXIS2_PLACEMENT_3D('',#4373,#4374,#4375);
#4377=CYLINDRICAL_SURFACE('',#4376,0.508);
#4378=ORIENTED_EDGE('',*,*,#4313,.F.);
#4379=ORIENTED_EDGE('',*,*,#2702,.F.);
#4380=ORIENTED_EDGE('',*,*,#4269,.F.);
#4381=ORIENTED_EDGE('',*,*,#4361,.F.);
#4382=EDGE_LOOP('',(#4378,#4379,#4380,#4381));
#4383=FACE_BOUND('',#4382,.T.);
#4384=ADVANCED_FACE('',(#4383),#4377,.T.);
#4385=CARTESIAN_POINT('',(46.688375,21.4709375,11.255375));
#4386=DIRECTION('',(0.,-1.,0.));
#4387=DIRECTION('',(0.,0.,-1.));
#4388=AXIS2_PLACEMENT_3D('',#4385,#4386,#4387);
#4389=PLANE('',#4388);
#4390=CARTESIAN_POINT('',(43.894375,21.4709375,11.0410625));
#4391=VERTEX_POINT('',#4390);
#4392=CARTESIAN_POINT('',(46.744324643,21.4709375,11.0410625));
#4393=DIRECTION('',(-1.,-0.,0.));
#4394=VECTOR('',#4393,2.849949643);
#4395=LINE('',#4392,#4394);
#4396=EDGE_CURVE('',#2825,#4391,#4395,.T.);
#4397=ORIENTED_EDGE('',*,*,#4396,.F.);
#4398=ORIENTED_EDGE('',*,*,#2831,.T.);
#4399=ORIENTED_EDGE('',*,*,#2751,.T.);
#4400=ORIENTED_EDGE('',*,*,#1257,.F.);
#4401=ORIENTED_EDGE('',*,*,#1011,.T.);
#4402=CARTESIAN_POINT('',(43.640375,21.4709375,11.040566406));
#4403=VERTEX_POINT('',#4402);
#4404=CARTESIAN_POINT('',(43.640375,21.4709375,11.040566406));
#4405=DIRECTION('',(0.,0.,1.));
#4406=VECTOR('',#4405,1.103808594);
#4407=LINE('',#4404,#4406);
#4408=EDGE_CURVE('',#4403,#998,#4407,.T.);
#4409=ORIENTED_EDGE('',*,*,#4408,.F.);
#4410=CARTESIAN_POINT('',(43.894375,21.4709375,11.040566406));
#4411=VERTEX_POINT('',#4410);
#4412=CARTESIAN_POINT('',(43.894375,21.4709375,11.040566406));
#4413=DIRECTION('',(-1.,0.,0.));
#4414=VECTOR('',#4413,0.254);
#4415=LINE('',#4412,#4414);
#4416=EDGE_CURVE('',#4411,#4403,#4415,.T.);
#4417=ORIENTED_EDGE('',*,*,#4416,.F.);
#4418=CARTESIAN_POINT('',(43.894375,21.4709375,11.040566406));
#4419=DIRECTION('',(0.,0.,1.));
#4420=VECTOR('',#4419,0.000496094);
#4421=LINE('',#4418,#4420);
#4422=EDGE_CURVE('',#4411,#4391,#4421,.T.);
#4423=ORIENTED_EDGE('',*,*,#4422,.T.);
#4424=EDGE_LOOP('',(#4397,#4398,#4399,#4400,#4401,#4409,#4417,#4423));
#4425=FACE_BOUND('',#4424,.T.);
#4426=ADVANCED_FACE('',(#4425),#4389,.T.);
#4427=CARTESIAN_POINT('',(46.688375,4.0719375,11.255375));
#4428=DIRECTION('',(0.,-1.,0.));
#4429=DIRECTION('',(0.,0.,-1.));
#4430=AXIS2_PLACEMENT_3D('',#4427,#4428,#4429);
#4431=PLANE('',#4430);
#4432=CARTESIAN_POINT('',(46.744324643,4.0719375,11.0410625));
#4433=DIRECTION('',(1.,0.,-0.));
#4434=VECTOR('',#4433,0.960050357);
#4435=LINE('',#4432,#4434);
#4436=EDGE_CURVE('',#2792,#2992,#4435,.T.);
#4437=ORIENTED_EDGE('',*,*,#4436,.F.);
#4438=ORIENTED_EDGE('',*,*,#2798,.T.);
#4439=ORIENTED_EDGE('',*,*,#2580,.T.);
#4440=ORIENTED_EDGE('',*,*,#3003,.F.);
#4441=EDGE_LOOP('',(#4437,#4438,#4439,#4440));
#4442=FACE_BOUND('',#4441,.T.);
#4443=ADVANCED_FACE('',(#4442),#4431,.T.);
#4444=CARTESIAN_POINT('',(46.688375,4.9609375,11.255375));
#4445=DIRECTION('',(0.,1.,0.));
#4446=DIRECTION('',(0.,0.,1.));
#4447=AXIS2_PLACEMENT_3D('',#4444,#4445,#4446);
#4448=PLANE('',#4447);
#4449=ORIENTED_EDGE('',*,*,#2596,.F.);
#4450=ORIENTED_EDGE('',*,*,#2813,.T.);
#4451=CARTESIAN_POINT('',(43.894375,4.9609375,11.0410625));
#4452=VERTEX_POINT('',#4451);
#4453=CARTESIAN_POINT('',(46.744324643,4.9609375,11.0410625));
#4454=DIRECTION('',(-1.,-0.,0.));
#4455=VECTOR('',#4454,2.849949643);
#4456=LINE('',#4453,#4455);
#4457=EDGE_CURVE('',#2801,#4452,#4456,.T.);
#4458=ORIENTED_EDGE('',*,*,#4457,.T.);
#4459=CARTESIAN_POINT('',(43.894375,4.9609375,11.040566406));
#4460=VERTEX_POINT('',#4459);
#4461=CARTESIAN_POINT('',(43.894375,4.9609375,11.040566406));
#4462=DIRECTION('',(0.,0.,1.));
#4463=VECTOR('',#4462,0.000496094);
#4464=LINE('',#4461,#4463);
#4465=EDGE_CURVE('',#4460,#4452,#4464,.T.);
#4466=ORIENTED_EDGE('',*,*,#4465,.F.);
#4467=CARTESIAN_POINT('',(43.640375,4.9609375,11.040566406));
#4468=VERTEX_POINT('',#4467);
#4469=CARTESIAN_POINT('',(43.894375,4.9609375,11.040566406));
#4470=DIRECTION('',(-1.,0.,0.));
#4471=VECTOR('',#4470,0.254);
#4472=LINE('',#4469,#4471);
#4473=EDGE_CURVE('',#4460,#4468,#4472,.T.);
#4474=ORIENTED_EDGE('',*,*,#4473,.T.);
#4475=CARTESIAN_POINT('',(43.640375,4.9609375,11.040566406));
#4476=DIRECTION('',(0.,0.,1.));
#4477=VECTOR('',#4476,1.103808594);
#4478=LINE('',#4475,#4477);
#4479=EDGE_CURVE('',#4468,#990,#4478,.T.);
#4480=ORIENTED_EDGE('',*,*,#4479,.T.);
#4481=ORIENTED_EDGE('',*,*,#995,.F.);
#4482=ORIENTED_EDGE('',*,*,#2929,.F.);
#4483=EDGE_LOOP('',(#4449,#4450,#4458,#4466,#4474,#4480,#4481,#4482));
#4484=FACE_BOUND('',#4483,.T.);
#4485=ADVANCED_FACE('',(#4484),#4448,.T.);
#4486=CARTESIAN_POINT('',(43.894375,16.5814375,11.636375));
#4487=DIRECTION('',(-1.,0.,0.));
#4488=DIRECTION('',(0.,0.,1.));
#4489=AXIS2_PLACEMENT_3D('',#4486,#4487,#4488);
#4490=PLANE('',#4489);
#4491=ORIENTED_EDGE('',*,*,#4289,.T.);
#4492=CARTESIAN_POINT('',(43.894375,14.7399375,11.785164755));
#4493=DIRECTION('',(0.,1.,0.));
#4494=VECTOR('',#4493,3.683);
#4495=LINE('',#4492,#4494);
#4496=EDGE_CURVE('',#4275,#4332,#4495,.T.);
#4497=ORIENTED_EDGE('',*,*,#4496,.T.);
#4498=ORIENTED_EDGE('',*,*,#4337,.F.);
#4499=CARTESIAN_POINT('',(43.894375,18.4229375,11.636375));
#4500=DIRECTION('',(-0.,-1.,-0.));
#4501=VECTOR('',#4500,3.683);
#4502=LINE('',#4499,#4501);
#4503=EDGE_CURVE('',#4324,#4284,#4502,.T.);
#4504=ORIENTED_EDGE('',*,*,#4503,.T.);
#4505=EDGE_LOOP('',(#4491,#4497,#4498,#4504));
#4506=FACE_BOUND('',#4505,.T.);
#4507=ADVANCED_FACE('',(#4506),#4490,.T.);
#4508=CARTESIAN_POINT('',(1.984375,1.7859375,11.636375));
#4509=DIRECTION('',(0.,0.,1.));
#4510=DIRECTION('',(1.,0.,0.));
#4511=AXIS2_PLACEMENT_3D('',#4508,#4509,#4510);
#4512=PLANE('',#4511);
#4513=ORIENTED_EDGE('',*,*,#4368,.F.);
#4514=ORIENTED_EDGE('',*,*,#4295,.T.);
#4515=ORIENTED_EDGE('',*,*,#4503,.F.);
#4516=ORIENTED_EDGE('',*,*,#4329,.F.);
#4517=EDGE_LOOP('',(#4513,#4514,#4515,#4516));
#4518=FACE_BOUND('',#4517,.T.);
#4519=ADVANCED_FACE('',(#4518),#4512,.F.);
#4520=CARTESIAN_POINT('',(44.253585245,1.7859375,11.785164755));
#4521=DIRECTION('',(0.,-1.,0.));
#4522=DIRECTION('',(0.,0.,-1.));
#4523=AXIS2_PLACEMENT_3D('',#4520,#4521,#4522);
#4524=CYLINDRICAL_SURFACE('',#4523,0.359210245);
#4525=ORIENTED_EDGE('',*,*,#4344,.F.);
#4526=ORIENTED_EDGE('',*,*,#4496,.F.);
#4527=ORIENTED_EDGE('',*,*,#4281,.F.);
#4528=ORIENTED_EDGE('',*,*,#1091,.F.);
#4529=EDGE_LOOP('',(#4525,#4526,#4527,#4528));
#4530=FACE_BOUND('',#4529,.T.);
#4531=ADVANCED_FACE('',(#4530),#4524,.T.);
#4532=CARTESIAN_POINT('',(1.984375,1.7859375,11.0410625));
#4533=DIRECTION('',(0.,0.,1.));
#4534=DIRECTION('',(1.,0.,0.));
#4535=AXIS2_PLACEMENT_3D('',#4532,#4533,#4534);
#4536=PLANE('',#4535);
#4537=CARTESIAN_POINT('',(9.096375,13.2159375,11.0410625));
#4538=VERTEX_POINT('',#4537);
#4539=CARTESIAN_POINT('',(7.826375,13.2159375,11.0410625));
#4540=DIRECTION('',(0.,0.,1.));
#4541=DIRECTION('',(1.,0.,-0.));
#4542=AXIS2_PLACEMENT_3D('',#4539,#4540,#4541);
#4543=CIRCLE('',#4542,1.27);
#4544=EDGE_CURVE('',#4538,#4538,#4543,.T.);
#4545=ORIENTED_EDGE('',*,*,#4544,.T.);
#4546=EDGE_LOOP('',(#4545));
#4547=FACE_BOUND('',#4546,.T.);
#4548=CARTESIAN_POINT('',(43.894375,22.3599375,11.0410625));
#4549=VERTEX_POINT('',#4548);
#4550=CARTESIAN_POINT('',(43.894375,21.4709375,11.0410625));
#4551=DIRECTION('',(0.,1.,0.));
#4552=VECTOR('',#4551,0.889);
#4553=LINE('',#4550,#4552);
#4554=EDGE_CURVE('',#4391,#4549,#4553,.T.);
#4555=ORIENTED_EDGE('',*,*,#4554,.T.);
#4556=CARTESIAN_POINT('',(14.938375,22.3599375,11.0410625));
#4557=VERTEX_POINT('',#4556);
#4558=CARTESIAN_POINT('',(43.894375,22.3599375,11.0410625));
#4559=DIRECTION('',(-1.,-0.,0.));
#4560=VECTOR('',#4559,28.956);
#4561=LINE('',#4558,#4560);
#4562=EDGE_CURVE('',#4549,#4557,#4561,.T.);
#4563=ORIENTED_EDGE('',*,*,#4562,.T.);
#4564=CARTESIAN_POINT('',(14.938375,21.4709375,11.0410625));
#4565=DIRECTION('',(0.,1.,0.));
#4566=VECTOR('',#4565,0.889);
#4567=LINE('',#4564,#4566);
#4568=EDGE_CURVE('',#1516,#4557,#4567,.T.);
#4569=ORIENTED_EDGE('',*,*,#4568,.F.);
#4570=ORIENTED_EDGE('',*,*,#1521,.F.);
#4571=CARTESIAN_POINT('',(14.938375,4.0719375,11.0410625));
#4572=VERTEX_POINT('',#4571);
#4573=CARTESIAN_POINT('',(14.938375,4.0719375,11.0410625));
#4574=DIRECTION('',(0.,1.,0.));
#4575=VECTOR('',#4574,0.889);
#4576=LINE('',#4573,#4575);
#4577=EDGE_CURVE('',#4572,#1508,#4576,.T.);
#4578=ORIENTED_EDGE('',*,*,#4577,.F.);
#4579=CARTESIAN_POINT('',(43.894375,4.0719375,11.0410625));
#4580=VERTEX_POINT('',#4579);
#4581=CARTESIAN_POINT('',(43.894375,4.0719375,11.0410625));
#4582=DIRECTION('',(-1.,-0.,0.));
#4583=VECTOR('',#4582,28.956);
#4584=LINE('',#4581,#4583);
#4585=EDGE_CURVE('',#4580,#4572,#4584,.T.);
#4586=ORIENTED_EDGE('',*,*,#4585,.F.);
#4587=CARTESIAN_POINT('',(43.894375,4.9609375,11.0410625));
#4588=DIRECTION('',(-0.,-1.,-0.));
#4589=VECTOR('',#4588,0.889);
#4590=LINE('',#4587,#4589);
#4591=EDGE_CURVE('',#4452,#4580,#4590,.T.);
#4592=ORIENTED_EDGE('',*,*,#4591,.F.);
#4593=ORIENTED_EDGE('',*,*,#4457,.F.);
#4594=ORIENTED_EDGE('',*,*,#2806,.F.);
#4595=ORIENTED_EDGE('',*,*,#4436,.T.);
#4596=ORIENTED_EDGE('',*,*,#2997,.F.);
#4597=ORIENTED_EDGE('',*,*,#1814,.T.);
#4598=ORIENTED_EDGE('',*,*,#2972,.T.);
#4599=ORIENTED_EDGE('',*,*,#1985,.T.);
#4600=ORIENTED_EDGE('',*,*,#3019,.T.);
#4601=ORIENTED_EDGE('',*,*,#2864,.T.);
#4602=ORIENTED_EDGE('',*,*,#2839,.F.);
#4603=ORIENTED_EDGE('',*,*,#4396,.T.);
#4604=EDGE_LOOP('',(#4555,#4563,#4569,#4570,#4578,#4586,#4592,#4593,#4594,#4595,#4596,#4597,#4598,#4599,#4600,#4601,#4602,#4603));
#4605=FACE_BOUND('',#4604,.T.);
#4606=ADVANCED_FACE('',(#4547,#4605),#4536,.F.);
#4607=CARTESIAN_POINT('',(1.984375,1.7859375,11.636375));
#4608=DIRECTION('',(0.,0.,1.));
#4609=DIRECTION('',(1.,0.,0.));
#4610=AXIS2_PLACEMENT_3D('',#4607,#4608,#4609);
#4611=PLANE('',#4610);
#4612=ORIENTED_EDGE('',*,*,#4193,.F.);
#4613=ORIENTED_EDGE('',*,*,#4232,.T.);
#4614=ORIENTED_EDGE('',*,*,#4159,.T.);
#4615=CARTESIAN_POINT('',(43.894375,11.6919375,11.636375));
#4616=DIRECTION('',(-0.,-1.,-0.));
#4617=VECTOR('',#4616,3.683);
#4618=LINE('',#4615,#4617);
#4619=EDGE_CURVE('',#4188,#4148,#4618,.T.);
#4620=ORIENTED_EDGE('',*,*,#4619,.F.);
#4621=EDGE_LOOP('',(#4612,#4613,#4614,#4620));
#4622=FACE_BOUND('',#4621,.T.);
#4623=ADVANCED_FACE('',(#4622),#4611,.F.);
#4624=CARTESIAN_POINT('',(43.894375,9.8504375,11.636375));
#4625=DIRECTION('',(-1.,0.,0.));
#4626=DIRECTION('',(0.,0.,1.));
#4627=AXIS2_PLACEMENT_3D('',#4624,#4625,#4626);
#4628=PLANE('',#4627);
#4629=ORIENTED_EDGE('',*,*,#4153,.T.);
#4630=CARTESIAN_POINT('',(43.894375,8.0089375,11.785164755));
#4631=DIRECTION('',(0.,1.,0.));
#4632=VECTOR('',#4631,3.683);
#4633=LINE('',#4630,#4632);
#4634=EDGE_CURVE('',#4139,#4196,#4633,.T.);
#4635=ORIENTED_EDGE('',*,*,#4634,.T.);
#4636=ORIENTED_EDGE('',*,*,#4201,.F.);
#4637=ORIENTED_EDGE('',*,*,#4619,.T.);
#4638=EDGE_LOOP('',(#4629,#4635,#4636,#4637));
#4639=FACE_BOUND('',#4638,.T.);
#4640=ADVANCED_FACE('',(#4639),#4628,.T.);
#4641=CARTESIAN_POINT('',(44.253585245,1.7859375,11.785164755));
#4642=DIRECTION('',(0.,-1.,0.));
#4643=DIRECTION('',(0.,0.,-1.));
#4644=AXIS2_PLACEMENT_3D('',#4641,#4642,#4643);
#4645=CYLINDRICAL_SURFACE('',#4644,0.359210245);
#4646=ORIENTED_EDGE('',*,*,#4208,.F.);
#4647=ORIENTED_EDGE('',*,*,#4634,.F.);
#4648=ORIENTED_EDGE('',*,*,#4145,.F.);
#4649=ORIENTED_EDGE('',*,*,#1179,.F.);
#4650=EDGE_LOOP('',(#4646,#4647,#4648,#4649));
#4651=FACE_BOUND('',#4650,.T.);
#4652=ADVANCED_FACE('',(#4651),#4645,.T.);
#4653=CARTESIAN_POINT('',(1.984375,1.7859375,11.636375));
#4654=DIRECTION('',(0.,0.,1.));
#4655=DIRECTION('',(1.,0.,0.));
#4656=AXIS2_PLACEMENT_3D('',#4653,#4654,#4655);
#4657=PLANE('',#4656);
#4658=CARTESIAN_POINT('',(46.307375,19.9469375,11.636375));
#4659=VERTEX_POINT('',#4658);
#4660=CARTESIAN_POINT('',(45.672375,19.9469375,11.636375));
#4661=DIRECTION('',(-0.,-0.,-1.));
#4662=DIRECTION('',(1.,0.,-0.));
#4663=AXIS2_PLACEMENT_3D('',#4660,#4661,#4662);
#4664=CIRCLE('',#4663,0.635);
#4665=EDGE_CURVE('',#4659,#4659,#4664,.T.);
#4666=ORIENTED_EDGE('',*,*,#4665,.F.);
#4667=EDGE_LOOP('',(#4666));
#4668=FACE_BOUND('',#4667,.T.);
#4669=CARTESIAN_POINT('',(43.894375,20.857727255,11.636375));
#4670=VERTEX_POINT('',#4669);
#4671=CARTESIAN_POINT('',(43.894375,19.036147745,11.636375));
#4672=VERTEX_POINT('',#4671);
#4673=CARTESIAN_POINT('',(43.894375,20.857727255,11.636375));
#4674=DIRECTION('',(-0.,-1.,-0.));
#4675=VECTOR('',#4674,1.82157951);
#4676=LINE('',#4673,#4675);
#4677=EDGE_CURVE('',#4670,#4672,#4676,.T.);
#4678=ORIENTED_EDGE('',*,*,#4677,.F.);
#4679=CARTESIAN_POINT('',(44.253585245,21.2169375,11.636375));
#4680=VERTEX_POINT('',#4679);
#4681=CARTESIAN_POINT('',(44.253585245,20.857727255,11.636375));
#4682=DIRECTION('',(-0.,-0.,-1.));
#4683=DIRECTION('',(1.,0.,-0.));
#4684=AXIS2_PLACEMENT_3D('',#4681,#4682,#4683);
#4685=CIRCLE('',#4684,0.359210245);
#4686=EDGE_CURVE('',#4670,#4680,#4685,.T.);
#4687=ORIENTED_EDGE('',*,*,#4686,.T.);
#4688=CARTESIAN_POINT('',(47.016769878,21.2169375,11.636375));
#4689=VERTEX_POINT('',#4688);
#4690=CARTESIAN_POINT('',(44.253585245,21.2169375,11.636375));
#4691=DIRECTION('',(1.,0.,-0.));
#4692=VECTOR('',#4691,2.763184633);
#4693=LINE('',#4690,#4692);
#4694=EDGE_CURVE('',#4680,#4689,#4693,.T.);
#4695=ORIENTED_EDGE('',*,*,#4694,.T.);
#4696=CARTESIAN_POINT('',(47.016769878,18.6769375,11.636375));
#4697=VERTEX_POINT('',#4696);
#4698=CARTESIAN_POINT('',(47.016769878,21.2169375,11.636375));
#4699=DIRECTION('',(-0.,-1.,-0.));
#4700=VECTOR('',#4699,2.54);
#4701=LINE('',#4698,#4700);
#4702=EDGE_CURVE('',#4689,#4697,#4701,.T.);
#4703=ORIENTED_EDGE('',*,*,#4702,.T.);
#4704=CARTESIAN_POINT('',(44.253585245,18.6769375,11.636375));
#4705=VERTEX_POINT('',#4704);
#4706=CARTESIAN_POINT('',(44.253585245,18.6769375,11.636375));
#4707=DIRECTION('',(1.,0.,-0.));
#4708=VECTOR('',#4707,2.763184633);
#4709=LINE('',#4706,#4708);
#4710=EDGE_CURVE('',#4705,#4697,#4709,.T.);
#4711=ORIENTED_EDGE('',*,*,#4710,.F.);
#4712=CARTESIAN_POINT('',(44.253585245,19.036147745,11.636375));
#4713=DIRECTION('',(-0.,-0.,-1.));
#4714=DIRECTION('',(1.,0.,-0.));
#4715=AXIS2_PLACEMENT_3D('',#4712,#4713,#4714);
#4716=CIRCLE('',#4715,0.359210245);
#4717=EDGE_CURVE('',#4705,#4672,#4716,.T.);
#4718=ORIENTED_EDGE('',*,*,#4717,.T.);
#4719=EDGE_LOOP('',(#4678,#4687,#4695,#4703,#4711,#4718));
#4720=FACE_BOUND('',#4719,.T.);
#4721=ADVANCED_FACE('',(#4668,#4720),#4657,.F.);
#4722=CARTESIAN_POINT('',(45.799375,18.6769375,11.636375));
#4723=DIRECTION('',(0.,-1.,0.));
#4724=DIRECTION('',(0.,0.,-1.));
#4725=AXIS2_PLACEMENT_3D('',#4722,#4723,#4724);
#4726=PLANE('',#4725);
#4727=CARTESIAN_POINT('',(47.165559633,18.6769375,13.055164755));
#4728=VERTEX_POINT('',#4727);
#4729=CARTESIAN_POINT('',(44.253585245,18.6769375,13.055164755));
#4730=VERTEX_POINT('',#4729);
#4731=CARTESIAN_POINT('',(47.165559633,18.6769375,13.055164755));
#4732=DIRECTION('',(-1.,0.,0.));
#4733=VECTOR('',#4732,2.911974388);
#4734=LINE('',#4731,#4733);
#4735=EDGE_CURVE('',#4728,#4730,#4734,.T.);
#4736=ORIENTED_EDGE('',*,*,#4735,.T.);
#4737=CARTESIAN_POINT('',(44.253585245,18.6769375,13.055164755));
#4738=DIRECTION('',(-0.,-0.,-1.));
#4739=VECTOR('',#4738,1.418789755);
#4740=LINE('',#4737,#4739);
#4741=EDGE_CURVE('',#4730,#4705,#4740,.T.);
#4742=ORIENTED_EDGE('',*,*,#4741,.T.);
#4743=ORIENTED_EDGE('',*,*,#4710,.T.);
#4744=CARTESIAN_POINT('',(47.196375,18.6769375,11.456769878));
#4745=VERTEX_POINT('',#4744);
#4746=CARTESIAN_POINT('',(47.016769878,18.6769375,11.456769878));
#4747=DIRECTION('',(-0.,1.,-0.));
#4748=DIRECTION('',(0.,0.,-1.));
#4749=AXIS2_PLACEMENT_3D('',#4746,#4747,#4748);
#4750=CIRCLE('',#4749,0.179605122);
#4751=EDGE_CURVE('',#4697,#4745,#4750,.T.);
#4752=ORIENTED_EDGE('',*,*,#4751,.T.);
#4753=CARTESIAN_POINT('',(47.196375,18.6769375,11.053980122));
#4754=VERTEX_POINT('',#4753);
#4755=CARTESIAN_POINT('',(47.196375,18.6769375,11.053980122));
#4756=DIRECTION('',(-0.,-0.,1.));
#4757=VECTOR('',#4756,0.402789756);
#4758=LINE('',#4755,#4757);
#4759=EDGE_CURVE('',#4754,#4745,#4758,.T.);
#4760=ORIENTED_EDGE('',*,*,#4759,.F.);
#4761=CARTESIAN_POINT('',(47.345164755,18.6769375,10.877038287));
#4762=VERTEX_POINT('',#4761);
#4763=CARTESIAN_POINT('',(47.375980122,18.6769375,11.053980122));
#4764=DIRECTION('',(0.,-1.,0.));
#4765=DIRECTION('',(0.,0.,-1.));
#4766=AXIS2_PLACEMENT_3D('',#4763,#4764,#4765);
#4767=CIRCLE('',#4766,0.179605122);
#4768=EDGE_CURVE('',#4754,#4762,#4767,.T.);
#4769=ORIENTED_EDGE('',*,*,#4768,.T.);
#4770=CARTESIAN_POINT('',(47.345164755,18.6769375,10.877038287));
#4771=DIRECTION('',(-0.,-0.,1.));
#4772=VECTOR('',#4771,0.982521346);
#4773=LINE('',#4770,#4772);
#4774=EDGE_CURVE('',#4762,#1339,#4773,.T.);
#4775=ORIENTED_EDGE('',*,*,#4774,.T.);
#4776=ORIENTED_EDGE('',*,*,#1359,.F.);
#4777=ORIENTED_EDGE('',*,*,#2944,.F.);
#4778=ORIENTED_EDGE('',*,*,#1067,.T.);
#4779=CARTESIAN_POINT('',(47.165559633,18.6769375,11.859559633));
#4780=DIRECTION('',(0.,-1.,0.));
#4781=DIRECTION('',(0.,0.,-1.));
#4782=AXIS2_PLACEMENT_3D('',#4779,#4780,#4781);
#4783=CIRCLE('',#4782,1.195605122);
#4784=EDGE_CURVE('',#1050,#4728,#4783,.T.);
#4785=ORIENTED_EDGE('',*,*,#4784,.T.);
#4786=EDGE_LOOP('',(#4736,#4742,#4743,#4752,#4760,#4769,#4775,#4776,#4777,#4778,#4785));
#4787=FACE_BOUND('',#4786,.T.);
#4788=ADVANCED_FACE('',(#4787),#4726,.T.);
#4789=CARTESIAN_POINT('',(45.799375,21.2169375,11.636375));
#4790=DIRECTION('',(0.,-1.,0.));
#4791=DIRECTION('',(0.,0.,-1.));
#4792=AXIS2_PLACEMENT_3D('',#4789,#4790,#4791);
#4793=PLANE('',#4792);
#4794=ORIENTED_EDGE('',*,*,#4694,.F.);
#4795=CARTESIAN_POINT('',(44.253585245,21.2169375,13.055164755));
#4796=VERTEX_POINT('',#4795);
#4797=CARTESIAN_POINT('',(44.253585245,21.2169375,11.636375));
#4798=DIRECTION('',(0.,0.,1.));
#4799=VECTOR('',#4798,1.418789755);
#4800=LINE('',#4797,#4799);
#4801=EDGE_CURVE('',#4680,#4796,#4800,.T.);
#4802=ORIENTED_EDGE('',*,*,#4801,.T.);
#4803=CARTESIAN_POINT('',(47.165559633,21.2169375,13.055164755));
#4804=VERTEX_POINT('',#4803);
#4805=CARTESIAN_POINT('',(44.253585245,21.2169375,13.055164755));
#4806=DIRECTION('',(1.,0.,-0.));
#4807=VECTOR('',#4806,2.911974388);
#4808=LINE('',#4805,#4807);
#4809=EDGE_CURVE('',#4796,#4804,#4808,.T.);
#4810=ORIENTED_EDGE('',*,*,#4809,.T.);
#4811=CARTESIAN_POINT('',(47.165559633,21.2169375,11.859559633));
#4812=DIRECTION('',(-0.,1.,-0.));
#4813=DIRECTION('',(0.,0.,-1.));
#4814=AXIS2_PLACEMENT_3D('',#4811,#4812,#4813);
#4815=CIRCLE('',#4814,1.195605122);
#4816=EDGE_CURVE('',#4804,#1022,#4815,.T.);
#4817=ORIENTED_EDGE('',*,*,#4816,.T.);
#4818=ORIENTED_EDGE('',*,*,#1027,.F.);
#4819=ORIENTED_EDGE('',*,*,#1248,.T.);
#4820=ORIENTED_EDGE('',*,*,#1382,.T.);
#4821=CARTESIAN_POINT('',(47.345164755,21.2169375,10.877038287));
#4822=VERTEX_POINT('',#4821);
#4823=CARTESIAN_POINT('',(47.345164755,21.2169375,11.859559633));
#4824=DIRECTION('',(0.,0.,-1.));
#4825=VECTOR('',#4824,0.982521346);
#4826=LINE('',#4823,#4825);
#4827=EDGE_CURVE('',#1370,#4822,#4826,.T.);
#4828=ORIENTED_EDGE('',*,*,#4827,.T.);
#4829=CARTESIAN_POINT('',(47.196375,21.2169375,11.053980122));
#4830=VERTEX_POINT('',#4829);
#4831=CARTESIAN_POINT('',(47.375980122,21.2169375,11.053980122));
#4832=DIRECTION('',(-0.,1.,-0.));
#4833=DIRECTION('',(0.,0.,-1.));
#4834=AXIS2_PLACEMENT_3D('',#4831,#4832,#4833);
#4835=CIRCLE('',#4834,0.179605122);
#4836=EDGE_CURVE('',#4822,#4830,#4835,.T.);
#4837=ORIENTED_EDGE('',*,*,#4836,.T.);
#4838=CARTESIAN_POINT('',(47.196375,21.2169375,11.456769878));
#4839=VERTEX_POINT('',#4838);
#4840=CARTESIAN_POINT('',(47.196375,21.2169375,11.053980122));
#4841=DIRECTION('',(-0.,-0.,1.));
#4842=VECTOR('',#4841,0.402789756);
#4843=LINE('',#4840,#4842);
#4844=EDGE_CURVE('',#4830,#4839,#4843,.T.);
#4845=ORIENTED_EDGE('',*,*,#4844,.T.);
#4846=CARTESIAN_POINT('',(47.016769878,21.2169375,11.456769878));
#4847=DIRECTION('',(0.,-1.,0.));
#4848=DIRECTION('',(0.,0.,-1.));
#4849=AXIS2_PLACEMENT_3D('',#4846,#4847,#4848);
#4850=CIRCLE('',#4849,0.179605122);
#4851=EDGE_CURVE('',#4839,#4689,#4850,.T.);
#4852=ORIENTED_EDGE('',*,*,#4851,.T.);
#4853=EDGE_LOOP('',(#4794,#4802,#4810,#4817,#4818,#4819,#4820,#4828,#4837,#4845,#4852));
#4854=FACE_BOUND('',#4853,.T.);
#4855=ADVANCED_FACE('',(#4854),#4793,.F.);
#4856=CARTESIAN_POINT('',(43.894375,19.9469375,11.636375));
#4857=DIRECTION('',(-1.,0.,0.));
#4858=DIRECTION('',(0.,0.,1.));
#4859=AXIS2_PLACEMENT_3D('',#4856,#4857,#4858);
#4860=PLANE('',#4859);
#4861=CARTESIAN_POINT('',(43.894375,19.036147745,13.055164755));
#4862=VERTEX_POINT('',#4861);
#4863=CARTESIAN_POINT('',(43.894375,20.857727255,13.055164755));
#4864=VERTEX_POINT('',#4863);
#4865=CARTESIAN_POINT('',(43.894375,19.036147745,13.055164755));
#4866=DIRECTION('',(-0.,1.,-0.));
#4867=VECTOR('',#4866,1.82157951);
#4868=LINE('',#4865,#4867);
#4869=EDGE_CURVE('',#4862,#4864,#4868,.T.);
#4870=ORIENTED_EDGE('',*,*,#4869,.T.);
#4871=CARTESIAN_POINT('',(43.894375,20.857727255,13.055164755));
#4872=DIRECTION('',(-0.,-0.,-1.));
#4873=VECTOR('',#4872,1.418789755);
#4874=LINE('',#4871,#4873);
#4875=EDGE_CURVE('',#4864,#4670,#4874,.T.);
#4876=ORIENTED_EDGE('',*,*,#4875,.T.);
#4877=ORIENTED_EDGE('',*,*,#4677,.T.);
#4878=CARTESIAN_POINT('',(43.894375,19.036147745,11.636375));
#4879=DIRECTION('',(0.,0.,1.));
#4880=VECTOR('',#4879,1.418789755);
#4881=LINE('',#4878,#4880);
#4882=EDGE_CURVE('',#4672,#4862,#4881,.T.);
#4883=ORIENTED_EDGE('',*,*,#4882,.T.);
#4884=EDGE_LOOP('',(#4870,#4876,#4877,#4883));
#4885=FACE_BOUND('',#4884,.T.);
#4886=ADVANCED_FACE('',(#4885),#4860,.T.);
#4887=CARTESIAN_POINT('',(47.196375,19.9469375,10.874375));
#4888=DIRECTION('',(1.,0.,0.));
#4889=DIRECTION('',(0.,0.,-1.));
#4890=AXIS2_PLACEMENT_3D('',#4887,#4888,#4889);
#4891=PLANE('',#4890);
#4892=ORIENTED_EDGE('',*,*,#4759,.T.);
#4893=CARTESIAN_POINT('',(47.196375,18.6769375,11.456769878));
#4894=DIRECTION('',(0.,1.,0.));
#4895=VECTOR('',#4894,2.54);
#4896=LINE('',#4893,#4895);
#4897=EDGE_CURVE('',#4745,#4839,#4896,.T.);
#4898=ORIENTED_EDGE('',*,*,#4897,.T.);
#4899=ORIENTED_EDGE('',*,*,#4844,.F.);
#4900=CARTESIAN_POINT('',(47.196375,21.2169375,11.053980122));
#4901=DIRECTION('',(-0.,-1.,-0.));
#4902=VECTOR('',#4901,2.54);
#4903=LINE('',#4900,#4902);
#4904=EDGE_CURVE('',#4830,#4754,#4903,.T.);
#4905=ORIENTED_EDGE('',*,*,#4904,.T.);
#4906=EDGE_LOOP('',(#4892,#4898,#4899,#4905));
#4907=FACE_BOUND('',#4906,.T.);
#4908=ADVANCED_FACE('',(#4907),#4891,.F.);
#4909=CARTESIAN_POINT('',(47.375980122,1.7859375,11.053980122));
#4910=DIRECTION('',(0.,-1.,0.));
#4911=DIRECTION('',(0.,0.,-1.));
#4912=AXIS2_PLACEMENT_3D('',#4909,#4910,#4911);
#4913=CYLINDRICAL_SURFACE('',#4912,0.179605122);
#4914=ORIENTED_EDGE('',*,*,#4836,.F.);
#4915=CARTESIAN_POINT('',(47.345164755,21.2169375,10.877038287));
#4916=CARTESIAN_POINT('',(47.355378504,21.2169375,10.875259508));
#4917=CARTESIAN_POINT('',(47.365650858,21.216502678,10.874375));
#4918=CARTESIAN_POINT('',(47.375980122,21.215613289,10.874375));
#4919=B_SPLINE_CURVE_WITH_KNOTS('',3,(#4915,#4916,#4917,#4918),.UNSPECIFIED.,.F.,.F.,(4,4),(0.,0.000030959),.UNSPECIFIED.);
#4920=EDGE_CURVE('',#4822,#2730,#4919,.T.);
#4921=ORIENTED_EDGE('',*,*,#4920,.T.);
#4922=ORIENTED_EDGE('',*,*,#2735,.F.);
#4923=CARTESIAN_POINT('',(47.375980122,18.678261711,10.874375));
#4924=CARTESIAN_POINT('',(47.365650858,18.677372322,10.874375));
#4925=CARTESIAN_POINT('',(47.355378504,18.6769375,10.875259508));
#4926=CARTESIAN_POINT('',(47.345164755,18.6769375,10.877038287));
#4927=B_SPLINE_CURVE_WITH_KNOTS('',3,(#4923,#4924,#4925,#4926),.UNSPECIFIED.,.F.,.F.,(4,4),(0.,0.000030959),.UNSPECIFIED.);
#4928=EDGE_CURVE('',#2721,#4762,#4927,.T.);
#4929=ORIENTED_EDGE('',*,*,#4928,.T.);
#4930=ORIENTED_EDGE('',*,*,#4768,.F.);
#4931=ORIENTED_EDGE('',*,*,#4904,.F.);
#4932=EDGE_LOOP('',(#4914,#4921,#4922,#4929,#4930,#4931));
#4933=FACE_BOUND('',#4932,.T.);
#4934=ADVANCED_FACE('',(#4933),#4913,.T.);
#4935=CARTESIAN_POINT('',(47.016769878,19.9469375,11.456769878));
#4936=DIRECTION('',(0.,-1.,0.));
#4937=DIRECTION('',(0.,0.,-1.));
#4938=AXIS2_PLACEMENT_3D('',#4935,#4936,#4937);
#4939=CYLINDRICAL_SURFACE('',#4938,0.179605122);
#4940=ORIENTED_EDGE('',*,*,#4751,.F.);
#4941=ORIENTED_EDGE('',*,*,#4702,.F.);
#4942=ORIENTED_EDGE('',*,*,#4851,.F.);
#4943=ORIENTED_EDGE('',*,*,#4897,.F.);
#4944=EDGE_LOOP('',(#4940,#4941,#4942,#4943));
#4945=FACE_BOUND('',#4944,.T.);
#4946=ADVANCED_FACE('',(#4945),#4939,.F.);
#4947=CARTESIAN_POINT('',(45.672375,19.9469375,10.874375));
#4948=DIRECTION('',(0.,0.,1.));
#4949=DIRECTION('',(1.,0.,-0.));
#4950=AXIS2_PLACEMENT_3D('',#4947,#4948,#4949);
#4951=CYLINDRICAL_SURFACE('',#4950,0.635);
#4952=CARTESIAN_POINT('',(46.307375,19.9469375,11.413190367));
#4953=VERTEX_POINT('',#4952);
#4954=CARTESIAN_POINT('',(46.307375,19.9469375,11.636375));
#4955=DIRECTION('',(-0.,-0.,-1.));
#4956=VECTOR('',#4955,0.223184633);
#4957=LINE('',#4954,#4956);
#4958=EDGE_CURVE('',#4659,#4953,#4957,.T.);
#4959=ORIENTED_EDGE('',*,*,#4958,.T.);
#4960=CARTESIAN_POINT('',(45.037375,19.9469375,11.413190367));
#4961=VERTEX_POINT('',#4960);
#4962=CARTESIAN_POINT('',(45.672375,19.9469375,11.413190367));
#4963=DIRECTION('',(0.,0.,1.));
#4964=DIRECTION('',(1.,0.,-0.));
#4965=AXIS2_PLACEMENT_3D('',#4962,#4963,#4964);
#4966=CIRCLE('',#4965,0.635);
#4967=EDGE_CURVE('',#4953,#4961,#4966,.T.);
#4968=ORIENTED_EDGE('',*,*,#4967,.T.);
#4969=CARTESIAN_POINT('',(45.672375,19.9469375,11.413190367));
#4970=DIRECTION('',(0.,0.,1.));
#4971=DIRECTION('',(1.,0.,-0.));
#4972=AXIS2_PLACEMENT_3D('',#4969,#4970,#4971);
#4973=CIRCLE('',#4972,0.635);
#4974=EDGE_CURVE('',#4961,#4953,#4973,.T.);
#4975=ORIENTED_EDGE('',*,*,#4974,.T.);
#4976=ORIENTED_EDGE('',*,*,#4958,.F.);
#4977=ORIENTED_EDGE('',*,*,#4665,.T.);
#4978=EDGE_LOOP('',(#4959,#4968,#4975,#4976,#4977));
#4979=FACE_BOUND('',#4978,.T.);
#4980=ADVANCED_FACE('',(#4979),#4951,.T.);
#4981=CARTESIAN_POINT('',(1.984375,1.7859375,10.874375));
#4982=DIRECTION('',(0.,0.,-1.));
#4983=DIRECTION('',(0.,-1.,0.));
#4984=AXIS2_PLACEMENT_3D('',#4981,#4982,#4983);
#4985=PLANE('',#4984);
#4986=CARTESIAN_POINT('',(45.576190367,19.9469375,10.874375));
#4987=VERTEX_POINT('',#4986);
#4988=CARTESIAN_POINT('',(45.672375,19.9469375,10.874375));
#4989=DIRECTION('',(0.,0.,-1.));
#4990=DIRECTION('',(-1.,0.,0.));
#4991=AXIS2_PLACEMENT_3D('',#4988,#4989,#4990);
#4992=CIRCLE('',#4991,0.096184633);
#4993=EDGE_CURVE('',#4987,#4987,#4992,.T.);
#4994=ORIENTED_EDGE('',*,*,#4993,.T.);
#4995=EDGE_LOOP('',(#4994));
#4996=FACE_BOUND('',#4995,.T.);
#4997=ADVANCED_FACE('',(#4996),#4985,.T.);
#4998=CARTESIAN_POINT('',(45.672375,19.9469375,11.413190367));
#4999=DIRECTION('',(0.,0.,-1.));
#5000=DIRECTION('',(-1.,0.,0.));
#5001=AXIS2_PLACEMENT_3D('',#4998,#4999,#5000);
#5002=DEGENERATE_TOROIDAL_SURFACE('',#5001,0.096184633,0.538815367,.T.);
#5003=CARTESIAN_POINT('',(45.576190367,19.9469375,11.413190367));
#5004=DIRECTION('',(-0.,1.,-0.));
#5005=DIRECTION('',(-1.,0.,0.));
#5006=AXIS2_PLACEMENT_3D('',#5003,#5004,#5005);
#5007=CIRCLE('',#5006,0.538815367);
#5008=EDGE_CURVE('',#4987,#4961,#5007,.T.);
#5009=ORIENTED_EDGE('',*,*,#5008,.T.);
#5010=ORIENTED_EDGE('',*,*,#4967,.F.);
#5011=ORIENTED_EDGE('',*,*,#4974,.F.);
#5012=ORIENTED_EDGE('',*,*,#5008,.F.);
#5013=ORIENTED_EDGE('',*,*,#4993,.F.);
#5014=EDGE_LOOP('',(#5009,#5010,#5011,#5012,#5013));
#5015=FACE_BOUND('',#5014,.T.);
#5016=ADVANCED_FACE('',(#5015),#5002,.T.);
#5017=CARTESIAN_POINT('',(1.984375,1.7859375,13.414375));
#5018=DIRECTION('',(0.,0.,1.));
#5019=DIRECTION('',(1.,0.,0.));
#5020=AXIS2_PLACEMENT_3D('',#5017,#5018,#5019);
#5021=PLANE('',#5020);
#5022=CARTESIAN_POINT('',(47.165559633,20.857727255,13.414375));
#5023=VERTEX_POINT('',#5022);
#5024=CARTESIAN_POINT('',(44.253585245,20.857727255,13.414375));
#5025=VERTEX_POINT('',#5024);
#5026=CARTESIAN_POINT('',(47.165559633,20.857727255,13.414375));
#5027=DIRECTION('',(-1.,-0.,0.));
#5028=VECTOR('',#5027,2.911974388);
#5029=LINE('',#5026,#5028);
#5030=EDGE_CURVE('',#5023,#5025,#5029,.T.);
#5031=ORIENTED_EDGE('',*,*,#5030,.T.);
#5032=CARTESIAN_POINT('',(44.253585245,19.036147745,13.414375));
#5033=VERTEX_POINT('',#5032);
#5034=CARTESIAN_POINT('',(44.253585245,20.857727255,13.414375));
#5035=DIRECTION('',(0.,-1.,0.));
#5036=VECTOR('',#5035,1.82157951);
#5037=LINE('',#5034,#5036);
#5038=EDGE_CURVE('',#5025,#5033,#5037,.T.);
#5039=ORIENTED_EDGE('',*,*,#5038,.T.);
#5040=CARTESIAN_POINT('',(47.165559633,19.036147745,13.414375));
#5041=VERTEX_POINT('',#5040);
#5042=CARTESIAN_POINT('',(44.253585245,19.036147745,13.414375));
#5043=DIRECTION('',(1.,-0.,-0.));
#5044=VECTOR('',#5043,2.911974388);
#5045=LINE('',#5042,#5044);
#5046=EDGE_CURVE('',#5033,#5041,#5045,.T.);
#5047=ORIENTED_EDGE('',*,*,#5046,.T.);
#5048=CARTESIAN_POINT('',(47.165559633,19.036147745,13.414375));
#5049=DIRECTION('',(0.,1.,0.));
#5050=VECTOR('',#5049,1.82157951);
#5051=LINE('',#5048,#5050);
#5052=EDGE_CURVE('',#5041,#5023,#5051,.T.);
#5053=ORIENTED_EDGE('',*,*,#5052,.T.);
#5054=EDGE_LOOP('',(#5031,#5039,#5047,#5053));
#5055=FACE_BOUND('',#5054,.T.);
#5056=ADVANCED_FACE('',(#5055),#5021,.T.);
#5057=CARTESIAN_POINT('',(47.165559633,1.7859375,11.859559633));
#5058=DIRECTION('',(0.,1.,0.));
#5059=DIRECTION('',(0.,-0.,1.));
#5060=AXIS2_PLACEMENT_3D('',#5057,#5058,#5059);
#5061=CYLINDRICAL_SURFACE('',#5060,1.554815367);
#5062=ORIENTED_EDGE('',*,*,#5052,.F.);
#5063=CARTESIAN_POINT('',(47.165559633,19.036147745,11.859559633));
#5064=DIRECTION('',(-0.,1.,-0.));
#5065=DIRECTION('',(0.,0.,-1.));
#5066=AXIS2_PLACEMENT_3D('',#5063,#5064,#5065);
#5067=CIRCLE('',#5066,1.554815367);
#5068=EDGE_CURVE('',#5041,#1042,#5067,.T.);
#5069=ORIENTED_EDGE('',*,*,#5068,.T.);
#5070=ORIENTED_EDGE('',*,*,#1047,.T.);
#5071=CARTESIAN_POINT('',(47.165559633,20.857727255,11.859559633));
#5072=DIRECTION('',(0.,-1.,0.));
#5073=DIRECTION('',(0.,0.,-1.));
#5074=AXIS2_PLACEMENT_3D('',#5071,#5072,#5073);
#5075=CIRCLE('',#5074,1.554815367);
#5076=EDGE_CURVE('',#1030,#5023,#5075,.T.);
#5077=ORIENTED_EDGE('',*,*,#5076,.T.);
#5078=EDGE_LOOP('',(#5062,#5069,#5070,#5077));
#5079=FACE_BOUND('',#5078,.T.);
#5080=ADVANCED_FACE('',(#5079),#5061,.T.);
#5081=CARTESIAN_POINT('',(47.345164755,19.036147745,11.636375));
#5082=DIRECTION('',(0.,0.,1.));
#5083=DIRECTION('',(1.,0.,-0.));
#5084=AXIS2_PLACEMENT_3D('',#5081,#5082,#5083);
#5085=CYLINDRICAL_SURFACE('',#5084,0.359210245);
#5086=ORIENTED_EDGE('',*,*,#2727,.F.);
#5087=ORIENTED_EDGE('',*,*,#2951,.F.);
#5088=ORIENTED_EDGE('',*,*,#1345,.T.);
#5089=ORIENTED_EDGE('',*,*,#4774,.F.);
#5090=ORIENTED_EDGE('',*,*,#4928,.F.);
#5091=EDGE_LOOP('',(#5086,#5087,#5088,#5089,#5090));
#5092=FACE_BOUND('',#5091,.T.);
#5093=ADVANCED_FACE('',(#5092),#5085,.T.);
#5094=CARTESIAN_POINT('',(47.345164755,20.857727255,11.636375));
#5095=DIRECTION('',(0.,0.,-1.));
#5096=DIRECTION('',(-1.,0.,0.));
#5097=AXIS2_PLACEMENT_3D('',#5094,#5095,#5096);
#5098=CYLINDRICAL_SURFACE('',#5097,0.359210245);
#5099=ORIENTED_EDGE('',*,*,#4920,.F.);
#5100=ORIENTED_EDGE('',*,*,#4827,.F.);
#5101=ORIENTED_EDGE('',*,*,#1376,.F.);
#5102=ORIENTED_EDGE('',*,*,#1273,.F.);
#5103=ORIENTED_EDGE('',*,*,#2742,.F.);
#5104=EDGE_LOOP('',(#5099,#5100,#5101,#5102,#5103));
#5105=FACE_BOUND('',#5104,.T.);
#5106=ADVANCED_FACE('',(#5105),#5098,.T.);
#5107=CARTESIAN_POINT('',(1.984375,1.7859375,11.636375));
#5108=DIRECTION('',(0.,0.,1.));
#5109=DIRECTION('',(1.,0.,0.));
#5110=AXIS2_PLACEMENT_3D('',#5107,#5108,#5109);
#5111=PLANE('',#5110);
#5112=CARTESIAN_POINT('',(46.307375,6.4849375,11.636375));
#5113=VERTEX_POINT('',#5112);
#5114=CARTESIAN_POINT('',(45.672375,6.4849375,11.636375));
#5115=DIRECTION('',(-0.,-0.,-1.));
#5116=DIRECTION('',(1.,0.,-0.));
#5117=AXIS2_PLACEMENT_3D('',#5114,#5115,#5116);
#5118=CIRCLE('',#5117,0.635);
#5119=EDGE_CURVE('',#5113,#5113,#5118,.T.);
#5120=ORIENTED_EDGE('',*,*,#5119,.F.);
#5121=EDGE_LOOP('',(#5120));
#5122=FACE_BOUND('',#5121,.T.);
#5123=CARTESIAN_POINT('',(43.894375,7.395727255,11.636375));
#5124=VERTEX_POINT('',#5123);
#5125=CARTESIAN_POINT('',(43.894375,5.574147745,11.636375));
#5126=VERTEX_POINT('',#5125);
#5127=CARTESIAN_POINT('',(43.894375,7.395727255,11.636375));
#5128=DIRECTION('',(-0.,-1.,-0.));
#5129=VECTOR('',#5128,1.82157951);
#5130=LINE('',#5127,#5129);
#5131=EDGE_CURVE('',#5124,#5126,#5130,.T.);
#5132=ORIENTED_EDGE('',*,*,#5131,.F.);
#5133=CARTESIAN_POINT('',(44.253585245,7.7549375,11.636375));
#5134=VERTEX_POINT('',#5133);
#5135=CARTESIAN_POINT('',(44.253585245,7.395727255,11.636375));
#5136=DIRECTION('',(-0.,-0.,-1.));
#5137=DIRECTION('',(1.,0.,-0.));
#5138=AXIS2_PLACEMENT_3D('',#5135,#5136,#5137);
#5139=CIRCLE('',#5138,0.359210245);
#5140=EDGE_CURVE('',#5124,#5134,#5139,.T.);
#5141=ORIENTED_EDGE('',*,*,#5140,.T.);
#5142=CARTESIAN_POINT('',(47.016769878,7.7549375,11.636375));
#5143=VERTEX_POINT('',#5142);
#5144=CARTESIAN_POINT('',(44.253585245,7.7549375,11.636375));
#5145=DIRECTION('',(1.,0.,-0.));
#5146=VECTOR('',#5145,2.763184633);
#5147=LINE('',#5144,#5146);
#5148=EDGE_CURVE('',#5134,#5143,#5147,.T.);
#5149=ORIENTED_EDGE('',*,*,#5148,.T.);
#5150=CARTESIAN_POINT('',(47.016769878,5.2149375,11.636375));
#5151=VERTEX_POINT('',#5150);
#5152=CARTESIAN_POINT('',(47.016769878,7.7549375,11.636375));
#5153=DIRECTION('',(-0.,-1.,-0.));
#5154=VECTOR('',#5153,2.54);
#5155=LINE('',#5152,#5154);
#5156=EDGE_CURVE('',#5143,#5151,#5155,.T.);
#5157=ORIENTED_EDGE('',*,*,#5156,.T.);
#5158=CARTESIAN_POINT('',(44.253585245,5.2149375,11.636375));
#5159=VERTEX_POINT('',#5158);
#5160=CARTESIAN_POINT('',(44.253585245,5.2149375,11.636375));
#5161=DIRECTION('',(1.,0.,-0.));
#5162=VECTOR('',#5161,2.763184633);
#5163=LINE('',#5160,#5162);
#5164=EDGE_CURVE('',#5159,#5151,#5163,.T.);
#5165=ORIENTED_EDGE('',*,*,#5164,.F.);
#5166=CARTESIAN_POINT('',(44.253585245,5.574147745,11.636375));
#5167=DIRECTION('',(-0.,-0.,-1.));
#5168=DIRECTION('',(1.,0.,-0.));
#5169=AXIS2_PLACEMENT_3D('',#5166,#5167,#5168);
#5170=CIRCLE('',#5169,0.359210245);
#5171=EDGE_CURVE('',#5159,#5126,#5170,.T.);
#5172=ORIENTED_EDGE('',*,*,#5171,.T.);
#5173=EDGE_LOOP('',(#5132,#5141,#5149,#5157,#5165,#5172));
#5174=FACE_BOUND('',#5173,.T.);
#5175=ADVANCED_FACE('',(#5122,#5174),#5111,.F.);
#5176=CARTESIAN_POINT('',(43.894375,6.4849375,11.636375));
#5177=DIRECTION('',(-1.,0.,0.));
#5178=DIRECTION('',(0.,0.,1.));
#5179=AXIS2_PLACEMENT_3D('',#5176,#5177,#5178);
#5180=PLANE('',#5179);
#5181=CARTESIAN_POINT('',(43.894375,5.574147745,13.055164755));
#5182=VERTEX_POINT('',#5181);
#5183=CARTESIAN_POINT('',(43.894375,7.395727255,13.055164755));
#5184=VERTEX_POINT('',#5183);
#5185=CARTESIAN_POINT('',(43.894375,5.574147745,13.055164755));
#5186=DIRECTION('',(-0.,1.,-0.));
#5187=VECTOR('',#5186,1.82157951);
#5188=LINE('',#5185,#5187);
#5189=EDGE_CURVE('',#5182,#5184,#5188,.T.);
#5190=ORIENTED_EDGE('',*,*,#5189,.T.);
#5191=CARTESIAN_POINT('',(43.894375,7.395727255,13.055164755));
#5192=DIRECTION('',(-0.,-0.,-1.));
#5193=VECTOR('',#5192,1.418789755);
#5194=LINE('',#5191,#5193);
#5195=EDGE_CURVE('',#5184,#5124,#5194,.T.);
#5196=ORIENTED_EDGE('',*,*,#5195,.T.);
#5197=ORIENTED_EDGE('',*,*,#5131,.T.);
#5198=CARTESIAN_POINT('',(43.894375,5.574147745,11.636375));
#5199=DIRECTION('',(0.,0.,1.));
#5200=VECTOR('',#5199,1.418789755);
#5201=LINE('',#5198,#5200);
#5202=EDGE_CURVE('',#5126,#5182,#5201,.T.);
#5203=ORIENTED_EDGE('',*,*,#5202,.T.);
#5204=EDGE_LOOP('',(#5190,#5196,#5197,#5203));
#5205=FACE_BOUND('',#5204,.T.);
#5206=ADVANCED_FACE('',(#5205),#5180,.T.);
#5207=CARTESIAN_POINT('',(45.799375,5.2149375,11.636375));
#5208=DIRECTION('',(0.,-1.,0.));
#5209=DIRECTION('',(0.,0.,-1.));
#5210=AXIS2_PLACEMENT_3D('',#5207,#5208,#5209);
#5211=PLANE('',#5210);
#5212=CARTESIAN_POINT('',(47.165559633,5.2149375,13.055164755));
#5213=VERTEX_POINT('',#5212);
#5214=CARTESIAN_POINT('',(44.253585245,5.2149375,13.055164755));
#5215=VERTEX_POINT('',#5214);
#5216=CARTESIAN_POINT('',(47.165559633,5.2149375,13.055164755));
#5217=DIRECTION('',(-1.,0.,0.));
#5218=VECTOR('',#5217,2.911974388);
#5219=LINE('',#5216,#5218);
#5220=EDGE_CURVE('',#5213,#5215,#5219,.T.);
#5221=ORIENTED_EDGE('',*,*,#5220,.T.);
#5222=CARTESIAN_POINT('',(44.253585245,5.2149375,13.055164755));
#5223=DIRECTION('',(-0.,-0.,-1.));
#5224=VECTOR('',#5223,1.418789755);
#5225=LINE('',#5222,#5224);
#5226=EDGE_CURVE('',#5215,#5159,#5225,.T.);
#5227=ORIENTED_EDGE('',*,*,#5226,.T.);
#5228=ORIENTED_EDGE('',*,*,#5164,.T.);
#5229=CARTESIAN_POINT('',(47.196375,5.2149375,11.456769878));
#5230=VERTEX_POINT('',#5229);
#5231=CARTESIAN_POINT('',(47.016769878,5.2149375,11.456769878));
#5232=DIRECTION('',(-0.,1.,-0.));
#5233=DIRECTION('',(0.,0.,-1.));
#5234=AXIS2_PLACEMENT_3D('',#5231,#5232,#5233);
#5235=CIRCLE('',#5234,0.179605122);
#5236=EDGE_CURVE('',#5151,#5230,#5235,.T.);
#5237=ORIENTED_EDGE('',*,*,#5236,.T.);
#5238=CARTESIAN_POINT('',(47.196375,5.2149375,11.053980122));
#5239=VERTEX_POINT('',#5238);
#5240=CARTESIAN_POINT('',(47.196375,5.2149375,11.053980122));
#5241=DIRECTION('',(-0.,-0.,1.));
#5242=VECTOR('',#5241,0.402789756);
#5243=LINE('',#5240,#5242);
#5244=EDGE_CURVE('',#5239,#5230,#5243,.T.);
#5245=ORIENTED_EDGE('',*,*,#5244,.F.);
#5246=CARTESIAN_POINT('',(47.345164755,5.2149375,10.877038287));
#5247=VERTEX_POINT('',#5246);
#5248=CARTESIAN_POINT('',(47.375980122,5.2149375,11.053980122));
#5249=DIRECTION('',(0.,-1.,0.));
#5250=DIRECTION('',(0.,0.,-1.));
#5251=AXIS2_PLACEMENT_3D('',#5248,#5249,#5250);
#5252=CIRCLE('',#5251,0.179605122);
#5253=EDGE_CURVE('',#5239,#5247,#5252,.T.);
#5254=ORIENTED_EDGE('',*,*,#5253,.T.);
#5255=CARTESIAN_POINT('',(47.345164755,5.2149375,10.877038287));
#5256=DIRECTION('',(-0.,-0.,1.));
#5257=VECTOR('',#5256,0.982521346);
#5258=LINE('',#5255,#5257);
#5259=EDGE_CURVE('',#5247,#1475,#5258,.T.);
#5260=ORIENTED_EDGE('',*,*,#5259,.T.);
#5261=ORIENTED_EDGE('',*,*,#1497,.F.);
#5262=ORIENTED_EDGE('',*,*,#2915,.F.);
#5263=ORIENTED_EDGE('',*,*,#979,.T.);
#5264=CARTESIAN_POINT('',(47.165559633,5.2149375,11.859559633));
#5265=DIRECTION('',(0.,-1.,0.));
#5266=DIRECTION('',(0.,0.,-1.));
#5267=AXIS2_PLACEMENT_3D('',#5264,#5265,#5266);
#5268=CIRCLE('',#5267,1.195605122);
#5269=EDGE_CURVE('',#962,#5213,#5268,.T.);
#5270=ORIENTED_EDGE('',*,*,#5269,.T.);
#5271=EDGE_LOOP('',(#5221,#5227,#5228,#5237,#5245,#5254,#5260,#5261,#5262,#5263,#5270));
#5272=FACE_BOUND('',#5271,.T.);
#5273=ADVANCED_FACE('',(#5272),#5211,.T.);
#5274=CARTESIAN_POINT('',(45.799375,7.7549375,11.636375));
#5275=DIRECTION('',(0.,-1.,0.));
#5276=DIRECTION('',(0.,0.,-1.));
#5277=AXIS2_PLACEMENT_3D('',#5274,#5275,#5276);
#5278=PLANE('',#5277);
#5279=ORIENTED_EDGE('',*,*,#5148,.F.);
#5280=CARTESIAN_POINT('',(44.253585245,7.7549375,13.055164755));
#5281=VERTEX_POINT('',#5280);
#5282=CARTESIAN_POINT('',(44.253585245,7.7549375,11.636375));
#5283=DIRECTION('',(0.,0.,1.));
#5284=VECTOR('',#5283,1.418789755);
#5285=LINE('',#5282,#5284);
#5286=EDGE_CURVE('',#5134,#5281,#5285,.T.);
#5287=ORIENTED_EDGE('',*,*,#5286,.T.);
#5288=CARTESIAN_POINT('',(47.165559633,7.7549375,13.055164755));
#5289=VERTEX_POINT('',#5288);
#5290=CARTESIAN_POINT('',(44.253585245,7.7549375,13.055164755));
#5291=DIRECTION('',(1.,-0.,-0.));
#5292=VECTOR('',#5291,2.911974388);
#5293=LINE('',#5290,#5292);
#5294=EDGE_CURVE('',#5281,#5289,#5293,.T.);
#5295=ORIENTED_EDGE('',*,*,#5294,.T.);
#5296=CARTESIAN_POINT('',(47.165559633,7.7549375,11.859559633));
#5297=DIRECTION('',(-0.,1.,-0.));
#5298=DIRECTION('',(0.,0.,-1.));
#5299=AXIS2_PLACEMENT_3D('',#5296,#5297,#5298);
#5300=CIRCLE('',#5299,1.195605122);
#5301=EDGE_CURVE('',#5289,#934,#5300,.T.);
#5302=ORIENTED_EDGE('',*,*,#5301,.T.);
#5303=ORIENTED_EDGE('',*,*,#939,.F.);
#5304=ORIENTED_EDGE('',*,*,#1295,.T.);
#5305=ORIENTED_EDGE('',*,*,#1463,.T.);
#5306=CARTESIAN_POINT('',(47.345164755,7.7549375,10.877038287));
#5307=VERTEX_POINT('',#5306);
#5308=CARTESIAN_POINT('',(47.345164755,7.7549375,11.859559633));
#5309=DIRECTION('',(0.,0.,-1.));
#5310=VECTOR('',#5309,0.982521346);
#5311=LINE('',#5308,#5310);
#5312=EDGE_CURVE('',#1451,#5307,#5311,.T.);
#5313=ORIENTED_EDGE('',*,*,#5312,.T.);
#5314=CARTESIAN_POINT('',(47.196375,7.7549375,11.053980122));
#5315=VERTEX_POINT('',#5314);
#5316=CARTESIAN_POINT('',(47.375980122,7.7549375,11.053980122));
#5317=DIRECTION('',(-0.,1.,-0.));
#5318=DIRECTION('',(0.,0.,-1.));
#5319=AXIS2_PLACEMENT_3D('',#5316,#5317,#5318);
#5320=CIRCLE('',#5319,0.179605122);
#5321=EDGE_CURVE('',#5307,#5315,#5320,.T.);
#5322=ORIENTED_EDGE('',*,*,#5321,.T.);
#5323=CARTESIAN_POINT('',(47.196375,7.7549375,11.456769878));
#5324=VERTEX_POINT('',#5323);
#5325=CARTESIAN_POINT('',(47.196375,7.7549375,11.053980122));
#5326=DIRECTION('',(-0.,-0.,1.));
#5327=VECTOR('',#5326,0.402789756);
#5328=LINE('',#5325,#5327);
#5329=EDGE_CURVE('',#5315,#5324,#5328,.T.);
#5330=ORIENTED_EDGE('',*,*,#5329,.T.);
#5331=CARTESIAN_POINT('',(47.016769878,7.7549375,11.456769878));
#5332=DIRECTION('',(0.,-1.,0.));
#5333=DIRECTION('',(0.,0.,-1.));
#5334=AXIS2_PLACEMENT_3D('',#5331,#5332,#5333);
#5335=CIRCLE('',#5334,0.179605122);
#5336=EDGE_CURVE('',#5324,#5143,#5335,.T.);
#5337=ORIENTED_EDGE('',*,*,#5336,.T.);
#5338=EDGE_LOOP('',(#5279,#5287,#5295,#5302,#5303,#5304,#5305,#5313,#5322,#5330,#5337));
#5339=FACE_BOUND('',#5338,.T.);
#5340=ADVANCED_FACE('',(#5339),#5278,.F.);
#5341=CARTESIAN_POINT('',(47.196375,6.4849375,10.874375));
#5342=DIRECTION('',(1.,0.,0.));
#5343=DIRECTION('',(0.,0.,-1.));
#5344=AXIS2_PLACEMENT_3D('',#5341,#5342,#5343);
#5345=PLANE('',#5344);
#5346=ORIENTED_EDGE('',*,*,#5244,.T.);
#5347=CARTESIAN_POINT('',(47.196375,5.2149375,11.456769878));
#5348=DIRECTION('',(0.,1.,0.));
#5349=VECTOR('',#5348,2.54);
#5350=LINE('',#5347,#5349);
#5351=EDGE_CURVE('',#5230,#5324,#5350,.T.);
#5352=ORIENTED_EDGE('',*,*,#5351,.T.);
#5353=ORIENTED_EDGE('',*,*,#5329,.F.);
#5354=CARTESIAN_POINT('',(47.196375,7.7549375,11.053980122));
#5355=DIRECTION('',(-0.,-1.,-0.));
#5356=VECTOR('',#5355,2.54);
#5357=LINE('',#5354,#5356);
#5358=EDGE_CURVE('',#5315,#5239,#5357,.T.);
#5359=ORIENTED_EDGE('',*,*,#5358,.T.);
#5360=EDGE_LOOP('',(#5346,#5352,#5353,#5359));
#5361=FACE_BOUND('',#5360,.T.);
#5362=ADVANCED_FACE('',(#5361),#5345,.F.);
#5363=CARTESIAN_POINT('',(47.375980122,1.7859375,11.053980122));
#5364=DIRECTION('',(0.,-1.,0.));
#5365=DIRECTION('',(0.,0.,-1.));
#5366=AXIS2_PLACEMENT_3D('',#5363,#5364,#5365);
#5367=CYLINDRICAL_SURFACE('',#5366,0.179605122);
#5368=ORIENTED_EDGE('',*,*,#2621,.F.);
#5369=CARTESIAN_POINT('',(47.375980122,5.216261711,10.874375));
#5370=CARTESIAN_POINT('',(47.365650858,5.215372322,10.874375));
#5371=CARTESIAN_POINT('',(47.355378504,5.2149375,10.875259508));
#5372=CARTESIAN_POINT('',(47.345164755,5.2149375,10.877038287));
#5373=B_SPLINE_CURVE_WITH_KNOTS('',3,(#5369,#5370,#5371,#5372),.UNSPECIFIED.,.F.,.F.,(4,4),(0.,0.000030959),.UNSPECIFIED.);
#5374=EDGE_CURVE('',#2607,#5247,#5373,.T.);
#5375=ORIENTED_EDGE('',*,*,#5374,.T.);
#5376=ORIENTED_EDGE('',*,*,#5253,.F.);
#5377=ORIENTED_EDGE('',*,*,#5358,.F.);
#5378=ORIENTED_EDGE('',*,*,#5321,.F.);
#5379=CARTESIAN_POINT('',(47.345164755,7.7549375,10.877038287));
#5380=CARTESIAN_POINT('',(47.355378504,7.7549375,10.875259508));
#5381=CARTESIAN_POINT('',(47.365650858,7.754502678,10.874375));
#5382=CARTESIAN_POINT('',(47.375980122,7.753613289,10.874375));
#5383=B_SPLINE_CURVE_WITH_KNOTS('',3,(#5379,#5380,#5381,#5382),.UNSPECIFIED.,.F.,.F.,(4,4),(0.,0.000030959),.UNSPECIFIED.);
#5384=EDGE_CURVE('',#5307,#2616,#5383,.T.);
#5385=ORIENTED_EDGE('',*,*,#5384,.T.);
#5386=EDGE_LOOP('',(#5368,#5375,#5376,#5377,#5378,#5385));
#5387=FACE_BOUND('',#5386,.T.);
#5388=ADVANCED_FACE('',(#5387),#5367,.T.);
#5389=CARTESIAN_POINT('',(47.016769878,6.4849375,11.456769878));
#5390=DIRECTION('',(0.,-1.,0.));
#5391=DIRECTION('',(0.,0.,-1.));
#5392=AXIS2_PLACEMENT_3D('',#5389,#5390,#5391);
#5393=CYLINDRICAL_SURFACE('',#5392,0.179605122);
#5394=ORIENTED_EDGE('',*,*,#5236,.F.);
#5395=ORIENTED_EDGE('',*,*,#5156,.F.);
#5396=ORIENTED_EDGE('',*,*,#5336,.F.);
#5397=ORIENTED_EDGE('',*,*,#5351,.F.);
#5398=EDGE_LOOP('',(#5394,#5395,#5396,#5397));
#5399=FACE_BOUND('',#5398,.T.);
#5400=ADVANCED_FACE('',(#5399),#5393,.F.);
#5401=CARTESIAN_POINT('',(45.672375,6.4849375,10.874375));
#5402=DIRECTION('',(0.,0.,1.));
#5403=DIRECTION('',(1.,0.,-0.));
#5404=AXIS2_PLACEMENT_3D('',#5401,#5402,#5403);
#5405=CYLINDRICAL_SURFACE('',#5404,0.635);
#5406=CARTESIAN_POINT('',(46.307375,6.4849375,11.413190367));
#5407=VERTEX_POINT('',#5406);
#5408=CARTESIAN_POINT('',(46.307375,6.4849375,11.636375));
#5409=DIRECTION('',(-0.,-0.,-1.));
#5410=VECTOR('',#5409,0.223184633);
#5411=LINE('',#5408,#5410);
#5412=EDGE_CURVE('',#5113,#5407,#5411,.T.);
#5413=ORIENTED_EDGE('',*,*,#5412,.T.);
#5414=CARTESIAN_POINT('',(45.037375,6.4849375,11.413190367));
#5415=VERTEX_POINT('',#5414);
#5416=CARTESIAN_POINT('',(45.672375,6.4849375,11.413190367));
#5417=DIRECTION('',(0.,0.,1.));
#5418=DIRECTION('',(1.,0.,-0.));
#5419=AXIS2_PLACEMENT_3D('',#5416,#5417,#5418);
#5420=CIRCLE('',#5419,0.635);
#5421=EDGE_CURVE('',#5407,#5415,#5420,.T.);
#5422=ORIENTED_EDGE('',*,*,#5421,.T.);
#5423=CARTESIAN_POINT('',(45.672375,6.4849375,11.413190367));
#5424=DIRECTION('',(0.,0.,1.));
#5425=DIRECTION('',(1.,0.,-0.));
#5426=AXIS2_PLACEMENT_3D('',#5423,#5424,#5425);
#5427=CIRCLE('',#5426,0.635);
#5428=EDGE_CURVE('',#5415,#5407,#5427,.T.);
#5429=ORIENTED_EDGE('',*,*,#5428,.T.);
#5430=ORIENTED_EDGE('',*,*,#5412,.F.);
#5431=ORIENTED_EDGE('',*,*,#5119,.T.);
#5432=EDGE_LOOP('',(#5413,#5422,#5429,#5430,#5431));
#5433=FACE_BOUND('',#5432,.T.);
#5434=ADVANCED_FACE('',(#5433),#5405,.T.);
#5435=CARTESIAN_POINT('',(1.984375,1.7859375,10.874375));
#5436=DIRECTION('',(0.,0.,-1.));
#5437=DIRECTION('',(0.,-1.,0.));
#5438=AXIS2_PLACEMENT_3D('',#5435,#5436,#5437);
#5439=PLANE('',#5438);
#5440=CARTESIAN_POINT('',(45.576190367,6.4849375,10.874375));
#5441=VERTEX_POINT('',#5440);
#5442=CARTESIAN_POINT('',(45.672375,6.4849375,10.874375));
#5443=DIRECTION('',(0.,0.,-1.));
#5444=DIRECTION('',(-1.,0.,0.));
#5445=AXIS2_PLACEMENT_3D('',#5442,#5443,#5444);
#5446=CIRCLE('',#5445,0.096184633);
#5447=EDGE_CURVE('',#5441,#5441,#5446,.T.);
#5448=ORIENTED_EDGE('',*,*,#5447,.T.);
#5449=EDGE_LOOP('',(#5448));
#5450=FACE_BOUND('',#5449,.T.);
#5451=ADVANCED_FACE('',(#5450),#5439,.T.);
#5452=CARTESIAN_POINT('',(45.672375,6.4849375,11.413190367));
#5453=DIRECTION('',(0.,0.,-1.));
#5454=DIRECTION('',(-1.,0.,0.));
#5455=AXIS2_PLACEMENT_3D('',#5452,#5453,#5454);
#5456=DEGENERATE_TOROIDAL_SURFACE('',#5455,0.096184633,0.538815367,.T.);
#5457=CARTESIAN_POINT('',(45.576190367,6.4849375,11.413190367));
#5458=DIRECTION('',(-0.,1.,-0.));
#5459=DIRECTION('',(-1.,0.,0.));
#5460=AXIS2_PLACEMENT_3D('',#5457,#5458,#5459);
#5461=CIRCLE('',#5460,0.538815367);
#5462=EDGE_CURVE('',#5441,#5415,#5461,.T.);
#5463=ORIENTED_EDGE('',*,*,#5462,.T.);
#5464=ORIENTED_EDGE('',*,*,#5421,.F.);
#5465=ORIENTED_EDGE('',*,*,#5428,.F.);
#5466=ORIENTED_EDGE('',*,*,#5462,.F.);
#5467=ORIENTED_EDGE('',*,*,#5447,.F.);
#5468=EDGE_LOOP('',(#5463,#5464,#5465,#5466,#5467));
#5469=FACE_BOUND('',#5468,.T.);
#5470=ADVANCED_FACE('',(#5469),#5456,.T.);
#5471=CARTESIAN_POINT('',(1.984375,1.7859375,13.414375));
#5472=DIRECTION('',(0.,0.,1.));
#5473=DIRECTION('',(1.,0.,0.));
#5474=AXIS2_PLACEMENT_3D('',#5471,#5472,#5473);
#5475=PLANE('',#5474);
#5476=CARTESIAN_POINT('',(47.165559633,7.395727255,13.414375));
#5477=VERTEX_POINT('',#5476);
#5478=CARTESIAN_POINT('',(44.253585245,7.395727255,13.414375));
#5479=VERTEX_POINT('',#5478);
#5480=CARTESIAN_POINT('',(47.165559633,7.395727255,13.414375));
#5481=DIRECTION('',(-1.,0.,0.));
#5482=VECTOR('',#5481,2.911974388);
#5483=LINE('',#5480,#5482);
#5484=EDGE_CURVE('',#5477,#5479,#5483,.T.);
#5485=ORIENTED_EDGE('',*,*,#5484,.T.);
#5486=CARTESIAN_POINT('',(44.253585245,5.574147745,13.414375));
#5487=VERTEX_POINT('',#5486);
#5488=CARTESIAN_POINT('',(44.253585245,7.395727255,13.414375));
#5489=DIRECTION('',(0.,-1.,0.));
#5490=VECTOR('',#5489,1.82157951);
#5491=LINE('',#5488,#5490);
#5492=EDGE_CURVE('',#5479,#5487,#5491,.T.);
#5493=ORIENTED_EDGE('',*,*,#5492,.T.);
#5494=CARTESIAN_POINT('',(47.165559633,5.574147745,13.414375));
#5495=VERTEX_POINT('',#5494);
#5496=CARTESIAN_POINT('',(44.253585245,5.574147745,13.414375));
#5497=DIRECTION('',(1.,-0.,-0.));
#5498=VECTOR('',#5497,2.911974388);
#5499=LINE('',#5496,#5498);
#5500=EDGE_CURVE('',#5487,#5495,#5499,.T.);
#5501=ORIENTED_EDGE('',*,*,#5500,.T.);
#5502=CARTESIAN_POINT('',(47.165559633,5.574147745,13.414375));
#5503=DIRECTION('',(0.,1.,0.));
#5504=VECTOR('',#5503,1.82157951);
#5505=LINE('',#5502,#5504);
#5506=EDGE_CURVE('',#5495,#5477,#5505,.T.);
#5507=ORIENTED_EDGE('',*,*,#5506,.T.);
#5508=EDGE_LOOP('',(#5485,#5493,#5501,#5507));
#5509=FACE_BOUND('',#5508,.T.);
#5510=ADVANCED_FACE('',(#5509),#5475,.T.);
#5511=CARTESIAN_POINT('',(47.165559633,1.7859375,11.859559633));
#5512=DIRECTION('',(0.,1.,0.));
#5513=DIRECTION('',(0.,-0.,1.));
#5514=AXIS2_PLACEMENT_3D('',#5511,#5512,#5513);
#5515=CYLINDRICAL_SURFACE('',#5514,1.554815367);
#5516=ORIENTED_EDGE('',*,*,#5506,.F.);
#5517=CARTESIAN_POINT('',(47.165559633,5.574147745,11.859559633));
#5518=DIRECTION('',(-0.,1.,-0.));
#5519=DIRECTION('',(0.,0.,-1.));
#5520=AXIS2_PLACEMENT_3D('',#5517,#5518,#5519);
#5521=CIRCLE('',#5520,1.554815367);
#5522=EDGE_CURVE('',#5495,#954,#5521,.T.);
#5523=ORIENTED_EDGE('',*,*,#5522,.T.);
#5524=ORIENTED_EDGE('',*,*,#959,.T.);
#5525=CARTESIAN_POINT('',(47.165559633,7.395727255,11.859559633));
#5526=DIRECTION('',(0.,-1.,0.));
#5527=DIRECTION('',(0.,0.,-1.));
#5528=AXIS2_PLACEMENT_3D('',#5525,#5526,#5527);
#5529=CIRCLE('',#5528,1.554815367);
#5530=EDGE_CURVE('',#942,#5477,#5529,.T.);
#5531=ORIENTED_EDGE('',*,*,#5530,.T.);
#5532=EDGE_LOOP('',(#5516,#5523,#5524,#5531));
#5533=FACE_BOUND('',#5532,.T.);
#5534=ADVANCED_FACE('',(#5533),#5515,.T.);
#5535=CARTESIAN_POINT('',(47.345164755,7.395727255,11.636375));
#5536=DIRECTION('',(0.,0.,-1.));
#5537=DIRECTION('',(-1.,0.,0.));
#5538=AXIS2_PLACEMENT_3D('',#5535,#5536,#5537);
#5539=CYLINDRICAL_SURFACE('',#5538,0.359210245);
#5540=ORIENTED_EDGE('',*,*,#5384,.F.);
#5541=ORIENTED_EDGE('',*,*,#5312,.F.);
#5542=ORIENTED_EDGE('',*,*,#1457,.T.);
#5543=ORIENTED_EDGE('',*,*,#1320,.F.);
#5544=ORIENTED_EDGE('',*,*,#2628,.F.);
#5545=EDGE_LOOP('',(#5540,#5541,#5542,#5543,#5544));
#5546=FACE_BOUND('',#5545,.T.);
#5547=ADVANCED_FACE('',(#5546),#5539,.T.);
#5548=CARTESIAN_POINT('',(47.345164755,5.574147745,11.636375));
#5549=DIRECTION('',(0.,0.,1.));
#5550=DIRECTION('',(1.,0.,-0.));
#5551=AXIS2_PLACEMENT_3D('',#5548,#5549,#5550);
#5552=CYLINDRICAL_SURFACE('',#5551,0.359210245);
#5553=ORIENTED_EDGE('',*,*,#2613,.F.);
#5554=ORIENTED_EDGE('',*,*,#2922,.F.);
#5555=ORIENTED_EDGE('',*,*,#1483,.F.);
#5556=ORIENTED_EDGE('',*,*,#5259,.F.);
#5557=ORIENTED_EDGE('',*,*,#5374,.F.);
#5558=EDGE_LOOP('',(#5553,#5554,#5555,#5556,#5557));
#5559=FACE_BOUND('',#5558,.T.);
#5560=ADVANCED_FACE('',(#5559),#5552,.T.);
#5561=CARTESIAN_POINT('',(1.984375,1.7859375,11.636375));
#5562=DIRECTION('',(0.,0.,1.));
#5563=DIRECTION('',(1.,0.,0.));
#5564=AXIS2_PLACEMENT_3D('',#5561,#5562,#5563);
#5565=PLANE('',#5564);
#5566=CARTESIAN_POINT('',(46.307375,13.2159375,11.636375));
#5567=VERTEX_POINT('',#5566);
#5568=CARTESIAN_POINT('',(45.672375,13.2159375,11.636375));
#5569=DIRECTION('',(-0.,-0.,-1.));
#5570=DIRECTION('',(1.,0.,-0.));
#5571=AXIS2_PLACEMENT_3D('',#5568,#5569,#5570);
#5572=CIRCLE('',#5571,0.635);
#5573=EDGE_CURVE('',#5567,#5567,#5572,.T.);
#5574=ORIENTED_EDGE('',*,*,#5573,.F.);
#5575=EDGE_LOOP('',(#5574));
#5576=FACE_BOUND('',#5575,.T.);
#5577=CARTESIAN_POINT('',(43.894375,14.126727255,11.636375));
#5578=VERTEX_POINT('',#5577);
#5579=CARTESIAN_POINT('',(43.894375,12.305147745,11.636375));
#5580=VERTEX_POINT('',#5579);
#5581=CARTESIAN_POINT('',(43.894375,14.126727255,11.636375));
#5582=DIRECTION('',(-0.,-1.,-0.));
#5583=VECTOR('',#5582,1.82157951);
#5584=LINE('',#5581,#5583);
#5585=EDGE_CURVE('',#5578,#5580,#5584,.T.);
#5586=ORIENTED_EDGE('',*,*,#5585,.F.);
#5587=CARTESIAN_POINT('',(44.253585245,14.4859375,11.636375));
#5588=VERTEX_POINT('',#5587);
#5589=CARTESIAN_POINT('',(44.253585245,14.126727255,11.636375));
#5590=DIRECTION('',(-0.,-0.,-1.));
#5591=DIRECTION('',(1.,0.,-0.));
#5592=AXIS2_PLACEMENT_3D('',#5589,#5590,#5591);
#5593=CIRCLE('',#5592,0.359210245);
#5594=EDGE_CURVE('',#5578,#5588,#5593,.T.);
#5595=ORIENTED_EDGE('',*,*,#5594,.T.);
#5596=CARTESIAN_POINT('',(47.016769878,14.4859375,11.636375));
#5597=VERTEX_POINT('',#5596);
#5598=CARTESIAN_POINT('',(44.253585245,14.4859375,11.636375));
#5599=DIRECTION('',(1.,0.,-0.));
#5600=VECTOR('',#5599,2.763184633);
#5601=LINE('',#5598,#5600);
#5602=EDGE_CURVE('',#5588,#5597,#5601,.T.);
#5603=ORIENTED_EDGE('',*,*,#5602,.T.);
#5604=CARTESIAN_POINT('',(47.016769878,11.9459375,11.636375));
#5605=VERTEX_POINT('',#5604);
#5606=CARTESIAN_POINT('',(47.016769878,14.4859375,11.636375));
#5607=DIRECTION('',(-0.,-1.,-0.));
#5608=VECTOR('',#5607,2.54);
#5609=LINE('',#5606,#5608);
#5610=EDGE_CURVE('',#5597,#5605,#5609,.T.);
#5611=ORIENTED_EDGE('',*,*,#5610,.T.);
#5612=CARTESIAN_POINT('',(44.253585245,11.9459375,11.636375));
#5613=VERTEX_POINT('',#5612);
#5614=CARTESIAN_POINT('',(44.253585245,11.9459375,11.636375));
#5615=DIRECTION('',(1.,0.,-0.));
#5616=VECTOR('',#5615,2.763184633);
#5617=LINE('',#5614,#5616);
#5618=EDGE_CURVE('',#5613,#5605,#5617,.T.);
#5619=ORIENTED_EDGE('',*,*,#5618,.F.);
#5620=CARTESIAN_POINT('',(44.253585245,12.305147745,11.636375));
#5621=DIRECTION('',(-0.,-0.,-1.));
#5622=DIRECTION('',(1.,0.,-0.));
#5623=AXIS2_PLACEMENT_3D('',#5620,#5621,#5622);
#5624=CIRCLE('',#5623,0.359210245);
#5625=EDGE_CURVE('',#5613,#5580,#5624,.T.);
#5626=ORIENTED_EDGE('',*,*,#5625,.T.);
#5627=EDGE_LOOP('',(#5586,#5595,#5603,#5611,#5619,#5626));
#5628=FACE_BOUND('',#5627,.T.);
#5629=ADVANCED_FACE('',(#5576,#5628),#5565,.F.);
#5630=CARTESIAN_POINT('',(43.894375,13.2159375,11.636375));
#5631=DIRECTION('',(-1.,0.,0.));
#5632=DIRECTION('',(0.,0.,1.));
#5633=AXIS2_PLACEMENT_3D('',#5630,#5631,#5632);
#5634=PLANE('',#5633);
#5635=CARTESIAN_POINT('',(43.894375,12.305147745,13.055164755));
#5636=VERTEX_POINT('',#5635);
#5637=CARTESIAN_POINT('',(43.894375,14.126727255,13.055164755));
#5638=VERTEX_POINT('',#5637);
#5639=CARTESIAN_POINT('',(43.894375,12.305147745,13.055164755));
#5640=DIRECTION('',(-0.,1.,-0.));
#5641=VECTOR('',#5640,1.82157951);
#5642=LINE('',#5639,#5641);
#5643=EDGE_CURVE('',#5636,#5638,#5642,.T.);
#5644=ORIENTED_EDGE('',*,*,#5643,.T.);
#5645=CARTESIAN_POINT('',(43.894375,14.126727255,13.055164755));
#5646=DIRECTION('',(-0.,-0.,-1.));
#5647=VECTOR('',#5646,1.418789755);
#5648=LINE('',#5645,#5647);
#5649=EDGE_CURVE('',#5638,#5578,#5648,.T.);
#5650=ORIENTED_EDGE('',*,*,#5649,.T.);
#5651=ORIENTED_EDGE('',*,*,#5585,.T.);
#5652=CARTESIAN_POINT('',(43.894375,12.305147745,11.636375));
#5653=DIRECTION('',(0.,0.,1.));
#5654=VECTOR('',#5653,1.418789755);
#5655=LINE('',#5652,#5654);
#5656=EDGE_CURVE('',#5580,#5636,#5655,.T.);
#5657=ORIENTED_EDGE('',*,*,#5656,.T.);
#5658=EDGE_LOOP('',(#5644,#5650,#5651,#5657));
#5659=FACE_BOUND('',#5658,.T.);
#5660=ADVANCED_FACE('',(#5659),#5634,.T.);
#5661=CARTESIAN_POINT('',(45.799375,11.9459375,11.636375));
#5662=DIRECTION('',(0.,-1.,0.));
#5663=DIRECTION('',(0.,0.,-1.));
#5664=AXIS2_PLACEMENT_3D('',#5661,#5662,#5663);
#5665=PLANE('',#5664);
#5666=CARTESIAN_POINT('',(47.165559633,11.9459375,13.055164755));
#5667=VERTEX_POINT('',#5666);
#5668=CARTESIAN_POINT('',(44.253585245,11.9459375,13.055164755));
#5669=VERTEX_POINT('',#5668);
#5670=CARTESIAN_POINT('',(47.165559633,11.9459375,13.055164755));
#5671=DIRECTION('',(-1.,0.,0.));
#5672=VECTOR('',#5671,2.911974388);
#5673=LINE('',#5670,#5672);
#5674=EDGE_CURVE('',#5667,#5669,#5673,.T.);
#5675=ORIENTED_EDGE('',*,*,#5674,.T.);
#5676=CARTESIAN_POINT('',(44.253585245,11.9459375,13.055164755));
#5677=DIRECTION('',(-0.,-0.,-1.));
#5678=VECTOR('',#5677,1.418789755);
#5679=LINE('',#5676,#5678);
#5680=EDGE_CURVE('',#5669,#5613,#5679,.T.);
#5681=ORIENTED_EDGE('',*,*,#5680,.T.);
#5682=ORIENTED_EDGE('',*,*,#5618,.T.);
#5683=CARTESIAN_POINT('',(47.196375,11.9459375,11.456769878));
#5684=VERTEX_POINT('',#5683);
#5685=CARTESIAN_POINT('',(47.016769878,11.9459375,11.456769878));
#5686=DIRECTION('',(-0.,1.,-0.));
#5687=DIRECTION('',(0.,0.,-1.));
#5688=AXIS2_PLACEMENT_3D('',#5685,#5686,#5687);
#5689=CIRCLE('',#5688,0.179605122);
#5690=EDGE_CURVE('',#5605,#5684,#5689,.T.);
#5691=ORIENTED_EDGE('',*,*,#5690,.T.);
#5692=CARTESIAN_POINT('',(47.196375,11.9459375,11.053980122));
#5693=VERTEX_POINT('',#5692);
#5694=CARTESIAN_POINT('',(47.196375,11.9459375,11.053980122));
#5695=DIRECTION('',(-0.,-0.,1.));
#5696=VECTOR('',#5695,0.402789756);
#5697=LINE('',#5694,#5696);
#5698=EDGE_CURVE('',#5693,#5684,#5697,.T.);
#5699=ORIENTED_EDGE('',*,*,#5698,.F.);
#5700=CARTESIAN_POINT('',(47.345164755,11.9459375,10.877038287));
#5701=VERTEX_POINT('',#5700);
#5702=CARTESIAN_POINT('',(47.375980122,11.9459375,11.053980122));
#5703=DIRECTION('',(0.,-1.,0.));
#5704=DIRECTION('',(0.,0.,-1.));
#5705=AXIS2_PLACEMENT_3D('',#5702,#5703,#5704);
#5706=CIRCLE('',#5705,0.179605122);
#5707=EDGE_CURVE('',#5693,#5701,#5706,.T.);
#5708=ORIENTED_EDGE('',*,*,#5707,.T.);
#5709=CARTESIAN_POINT('',(47.345164755,11.9459375,10.877038287));
#5710=DIRECTION('',(-0.,-0.,1.));
#5711=VECTOR('',#5710,0.982521346);
#5712=LINE('',#5709,#5711);
#5713=EDGE_CURVE('',#5701,#1420,#5712,.T.);
#5714=ORIENTED_EDGE('',*,*,#5713,.T.);
#5715=ORIENTED_EDGE('',*,*,#1440,.F.);
#5716=ORIENTED_EDGE('',*,*,#2886,.F.);
#5717=ORIENTED_EDGE('',*,*,#1155,.T.);
#5718=CARTESIAN_POINT('',(47.165559633,11.9459375,11.859559633));
#5719=DIRECTION('',(0.,-1.,0.));
#5720=DIRECTION('',(0.,0.,-1.));
#5721=AXIS2_PLACEMENT_3D('',#5718,#5719,#5720);
#5722=CIRCLE('',#5721,1.195605122);
#5723=EDGE_CURVE('',#1138,#5667,#5722,.T.);
#5724=ORIENTED_EDGE('',*,*,#5723,.T.);
#5725=EDGE_LOOP('',(#5675,#5681,#5682,#5691,#5699,#5708,#5714,#5715,#5716,#5717,#5724));
#5726=FACE_BOUND('',#5725,.T.);
#5727=ADVANCED_FACE('',(#5726),#5665,.T.);
#5728=CARTESIAN_POINT('',(45.799375,14.4859375,11.636375));
#5729=DIRECTION('',(0.,-1.,0.));
#5730=DIRECTION('',(0.,0.,-1.));
#5731=AXIS2_PLACEMENT_3D('',#5728,#5729,#5730);
#5732=PLANE('',#5731);
#5733=ORIENTED_EDGE('',*,*,#5602,.F.);
#5734=CARTESIAN_POINT('',(44.253585245,14.4859375,13.055164755));
#5735=VERTEX_POINT('',#5734);
#5736=CARTESIAN_POINT('',(44.253585245,14.4859375,11.636375));
#5737=DIRECTION('',(0.,0.,1.));
#5738=VECTOR('',#5737,1.418789755);
#5739=LINE('',#5736,#5738);
#5740=EDGE_CURVE('',#5588,#5735,#5739,.T.);
#5741=ORIENTED_EDGE('',*,*,#5740,.T.);
#5742=CARTESIAN_POINT('',(47.165559633,14.4859375,13.055164755));
#5743=VERTEX_POINT('',#5742);
#5744=CARTESIAN_POINT('',(44.253585245,14.4859375,13.055164755));
#5745=DIRECTION('',(1.,-0.,-0.));
#5746=VECTOR('',#5745,2.911974388);
#5747=LINE('',#5744,#5746);
#5748=EDGE_CURVE('',#5735,#5743,#5747,.T.);
#5749=ORIENTED_EDGE('',*,*,#5748,.T.);
#5750=CARTESIAN_POINT('',(47.165559633,14.4859375,11.859559633));
#5751=DIRECTION('',(-0.,1.,-0.));
#5752=DIRECTION('',(0.,0.,-1.));
#5753=AXIS2_PLACEMENT_3D('',#5750,#5751,#5752);
#5754=CIRCLE('',#5753,1.195605122);
#5755=EDGE_CURVE('',#5743,#1110,#5754,.T.);
#5756=ORIENTED_EDGE('',*,*,#5755,.T.);
#5757=ORIENTED_EDGE('',*,*,#1115,.F.);
#5758=ORIENTED_EDGE('',*,*,#1201,.T.);
#5759=ORIENTED_EDGE('',*,*,#1406,.T.);
#5760=CARTESIAN_POINT('',(47.345164755,14.4859375,10.877038287));
#5761=VERTEX_POINT('',#5760);
#5762=CARTESIAN_POINT('',(47.345164755,14.4859375,11.859559633));
#5763=DIRECTION('',(0.,0.,-1.));
#5764=VECTOR('',#5763,0.982521346);
#5765=LINE('',#5762,#5764);
#5766=EDGE_CURVE('',#1394,#5761,#5765,.T.);
#5767=ORIENTED_EDGE('',*,*,#5766,.T.);
#5768=CARTESIAN_POINT('',(47.196375,14.4859375,11.053980122));
#5769=VERTEX_POINT('',#5768);
#5770=CARTESIAN_POINT('',(47.375980122,14.4859375,11.053980122));
#5771=DIRECTION('',(-0.,1.,-0.));
#5772=DIRECTION('',(0.,0.,-1.));
#5773=AXIS2_PLACEMENT_3D('',#5770,#5771,#5772);
#5774=CIRCLE('',#5773,0.179605122);
#5775=EDGE_CURVE('',#5761,#5769,#5774,.T.);
#5776=ORIENTED_EDGE('',*,*,#5775,.T.);
#5777=CARTESIAN_POINT('',(47.196375,14.4859375,11.456769878));
#5778=VERTEX_POINT('',#5777);
#5779=CARTESIAN_POINT('',(47.196375,14.4859375,11.053980122));
#5780=DIRECTION('',(-0.,-0.,1.));
#5781=VECTOR('',#5780,0.402789756);
#5782=LINE('',#5779,#5781);
#5783=EDGE_CURVE('',#5769,#5778,#5782,.T.);
#5784=ORIENTED_EDGE('',*,*,#5783,.T.);
#5785=CARTESIAN_POINT('',(47.016769878,14.4859375,11.456769878));
#5786=DIRECTION('',(0.,-1.,0.));
#5787=DIRECTION('',(0.,0.,-1.));
#5788=AXIS2_PLACEMENT_3D('',#5785,#5786,#5787);
#5789=CIRCLE('',#5788,0.179605122);
#5790=EDGE_CURVE('',#5778,#5597,#5789,.T.);
#5791=ORIENTED_EDGE('',*,*,#5790,.T.);
#5792=EDGE_LOOP('',(#5733,#5741,#5749,#5756,#5757,#5758,#5759,#5767,#5776,#5784,#5791));
#5793=FACE_BOUND('',#5792,.T.);
#5794=ADVANCED_FACE('',(#5793),#5732,.F.);
#5795=CARTESIAN_POINT('',(47.196375,13.2159375,10.874375));
#5796=DIRECTION('',(1.,0.,0.));
#5797=DIRECTION('',(0.,0.,-1.));
#5798=AXIS2_PLACEMENT_3D('',#5795,#5796,#5797);
#5799=PLANE('',#5798);
#5800=ORIENTED_EDGE('',*,*,#5698,.T.);
#5801=CARTESIAN_POINT('',(47.196375,11.9459375,11.456769878));
#5802=DIRECTION('',(0.,1.,0.));
#5803=VECTOR('',#5802,2.54);
#5804=LINE('',#5801,#5803);
#5805=EDGE_CURVE('',#5684,#5778,#5804,.T.);
#5806=ORIENTED_EDGE('',*,*,#5805,.T.);
#5807=ORIENTED_EDGE('',*,*,#5783,.F.);
#5808=CARTESIAN_POINT('',(47.196375,14.4859375,11.053980122));
#5809=DIRECTION('',(-0.,-1.,-0.));
#5810=VECTOR('',#5809,2.54);
#5811=LINE('',#5808,#5810);
#5812=EDGE_CURVE('',#5769,#5693,#5811,.T.);
#5813=ORIENTED_EDGE('',*,*,#5812,.T.);
#5814=EDGE_LOOP('',(#5800,#5806,#5807,#5813));
#5815=FACE_BOUND('',#5814,.T.);
#5816=ADVANCED_FACE('',(#5815),#5799,.F.);
#5817=CARTESIAN_POINT('',(47.375980122,1.7859375,11.053980122));
#5818=DIRECTION('',(0.,-1.,0.));
#5819=DIRECTION('',(0.,0.,-1.));
#5820=AXIS2_PLACEMENT_3D('',#5817,#5818,#5819);
#5821=CYLINDRICAL_SURFACE('',#5820,0.179605122);
#5822=ORIENTED_EDGE('',*,*,#2678,.F.);
#5823=CARTESIAN_POINT('',(47.375980122,11.947261711,10.874375));
#5824=CARTESIAN_POINT('',(47.365650858,11.946372322,10.874375));
#5825=CARTESIAN_POINT('',(47.355378504,11.9459375,10.875259508));
#5826=CARTESIAN_POINT('',(47.345164755,11.9459375,10.877038287));
#5827=B_SPLINE_CURVE_WITH_KNOTS('',3,(#5823,#5824,#5825,#5826),.UNSPECIFIED.,.F.,.F.,(4,4),(0.,0.000030959),.UNSPECIFIED.);
#5828=EDGE_CURVE('',#2664,#5701,#5827,.T.);
#5829=ORIENTED_EDGE('',*,*,#5828,.T.);
#5830=ORIENTED_EDGE('',*,*,#5707,.F.);
#5831=ORIENTED_EDGE('',*,*,#5812,.F.);
#5832=ORIENTED_EDGE('',*,*,#5775,.F.);
#5833=CARTESIAN_POINT('',(47.345164755,14.4859375,10.877038287));
#5834=CARTESIAN_POINT('',(47.355378504,14.4859375,10.875259508));
#5835=CARTESIAN_POINT('',(47.365650858,14.485502678,10.874375));
#5836=CARTESIAN_POINT('',(47.375980122,14.484613289,10.874375));
#5837=B_SPLINE_CURVE_WITH_KNOTS('',3,(#5833,#5834,#5835,#5836),.UNSPECIFIED.,.F.,.F.,(4,4),(0.,0.000030959),.UNSPECIFIED.);
#5838=EDGE_CURVE('',#5761,#2673,#5837,.T.);
#5839=ORIENTED_EDGE('',*,*,#5838,.T.);
#5840=EDGE_LOOP('',(#5822,#5829,#5830,#5831,#5832,#5839));
#5841=FACE_BOUND('',#5840,.T.);
#5842=ADVANCED_FACE('',(#5841),#5821,.T.);
#5843=CARTESIAN_POINT('',(47.016769878,13.2159375,11.456769878));
#5844=DIRECTION('',(0.,-1.,0.));
#5845=DIRECTION('',(0.,0.,-1.));
#5846=AXIS2_PLACEMENT_3D('',#5843,#5844,#5845);
#5847=CYLINDRICAL_SURFACE('',#5846,0.179605122);
#5848=ORIENTED_EDGE('',*,*,#5690,.F.);
#5849=ORIENTED_EDGE('',*,*,#5610,.F.);
#5850=ORIENTED_EDGE('',*,*,#5790,.F.);
#5851=ORIENTED_EDGE('',*,*,#5805,.F.);
#5852=EDGE_LOOP('',(#5848,#5849,#5850,#5851));
#5853=FACE_BOUND('',#5852,.T.);
#5854=ADVANCED_FACE('',(#5853),#5847,.F.);
#5855=CARTESIAN_POINT('',(45.672375,13.2159375,10.874375));
#5856=DIRECTION('',(0.,0.,1.));
#5857=DIRECTION('',(1.,0.,-0.));
#5858=AXIS2_PLACEMENT_3D('',#5855,#5856,#5857);
#5859=CYLINDRICAL_SURFACE('',#5858,0.635);
#5860=CARTESIAN_POINT('',(46.307375,13.2159375,11.413190367));
#5861=VERTEX_POINT('',#5860);
#5862=CARTESIAN_POINT('',(46.307375,13.2159375,11.636375));
#5863=DIRECTION('',(-0.,-0.,-1.));
#5864=VECTOR('',#5863,0.223184633);
#5865=LINE('',#5862,#5864);
#5866=EDGE_CURVE('',#5567,#5861,#5865,.T.);
#5867=ORIENTED_EDGE('',*,*,#5866,.T.);
#5868=CARTESIAN_POINT('',(45.037375,13.2159375,11.413190367));
#5869=VERTEX_POINT('',#5868);
#5870=CARTESIAN_POINT('',(45.672375,13.2159375,11.413190367));
#5871=DIRECTION('',(0.,0.,1.));
#5872=DIRECTION('',(1.,0.,-0.));
#5873=AXIS2_PLACEMENT_3D('',#5870,#5871,#5872);
#5874=CIRCLE('',#5873,0.635);
#5875=EDGE_CURVE('',#5861,#5869,#5874,.T.);
#5876=ORIENTED_EDGE('',*,*,#5875,.T.);
#5877=CARTESIAN_POINT('',(45.672375,13.2159375,11.413190367));
#5878=DIRECTION('',(0.,0.,1.));
#5879=DIRECTION('',(1.,0.,-0.));
#5880=AXIS2_PLACEMENT_3D('',#5877,#5878,#5879);
#5881=CIRCLE('',#5880,0.635);
#5882=EDGE_CURVE('',#5869,#5861,#5881,.T.);
#5883=ORIENTED_EDGE('',*,*,#5882,.T.);
#5884=ORIENTED_EDGE('',*,*,#5866,.F.);
#5885=ORIENTED_EDGE('',*,*,#5573,.T.);
#5886=EDGE_LOOP('',(#5867,#5876,#5883,#5884,#5885));
#5887=FACE_BOUND('',#5886,.T.);
#5888=ADVANCED_FACE('',(#5887),#5859,.T.);
#5889=CARTESIAN_POINT('',(1.984375,1.7859375,10.874375));
#5890=DIRECTION('',(0.,0.,-1.));
#5891=DIRECTION('',(0.,-1.,0.));
#5892=AXIS2_PLACEMENT_3D('',#5889,#5890,#5891);
#5893=PLANE('',#5892);
#5894=CARTESIAN_POINT('',(45.576190367,13.2159375,10.874375));
#5895=VERTEX_POINT('',#5894);
#5896=CARTESIAN_POINT('',(45.672375,13.2159375,10.874375));
#5897=DIRECTION('',(0.,0.,-1.));
#5898=DIRECTION('',(-1.,0.,0.));
#5899=AXIS2_PLACEMENT_3D('',#5896,#5897,#5898);
#5900=CIRCLE('',#5899,0.096184633);
#5901=EDGE_CURVE('',#5895,#5895,#5900,.T.);
#5902=ORIENTED_EDGE('',*,*,#5901,.T.);
#5903=EDGE_LOOP('',(#5902));
#5904=FACE_BOUND('',#5903,.T.);
#5905=ADVANCED_FACE('',(#5904),#5893,.T.);
#5906=CARTESIAN_POINT('',(45.672375,13.2159375,11.413190367));
#5907=DIRECTION('',(0.,0.,-1.));
#5908=DIRECTION('',(-1.,0.,0.));
#5909=AXIS2_PLACEMENT_3D('',#5906,#5907,#5908);
#5910=DEGENERATE_TOROIDAL_SURFACE('',#5909,0.096184633,0.538815367,.T.);
#5911=CARTESIAN_POINT('',(45.576190367,13.2159375,11.413190367));
#5912=DIRECTION('',(-0.,1.,-0.));
#5913=DIRECTION('',(-1.,0.,0.));
#5914=AXIS2_PLACEMENT_3D('',#5911,#5912,#5913);
#5915=CIRCLE('',#5914,0.538815367);
#5916=EDGE_CURVE('',#5895,#5869,#5915,.T.);
#5917=ORIENTED_EDGE('',*,*,#5916,.T.);
#5918=ORIENTED_EDGE('',*,*,#5875,.F.);
#5919=ORIENTED_EDGE('',*,*,#5882,.F.);
#5920=ORIENTED_EDGE('',*,*,#5916,.F.);
#5921=ORIENTED_EDGE('',*,*,#5901,.F.);
#5922=EDGE_LOOP('',(#5917,#5918,#5919,#5920,#5921));
#5923=FACE_BOUND('',#5922,.T.);
#5924=ADVANCED_FACE('',(#5923),#5910,.T.);
#5925=CARTESIAN_POINT('',(1.984375,1.7859375,13.414375));
#5926=DIRECTION('',(0.,0.,1.));
#5927=DIRECTION('',(1.,0.,0.));
#5928=AXIS2_PLACEMENT_3D('',#5925,#5926,#5927);
#5929=PLANE('',#5928);
#5930=CARTESIAN_POINT('',(47.165559633,14.126727255,13.414375));
#5931=VERTEX_POINT('',#5930);
#5932=CARTESIAN_POINT('',(44.253585245,14.126727255,13.414375));
#5933=VERTEX_POINT('',#5932);
#5934=CARTESIAN_POINT('',(47.165559633,14.126727255,13.414375));
#5935=DIRECTION('',(-1.,0.,0.));
#5936=VECTOR('',#5935,2.911974388);
#5937=LINE('',#5934,#5936);
#5938=EDGE_CURVE('',#5931,#5933,#5937,.T.);
#5939=ORIENTED_EDGE('',*,*,#5938,.T.);
#5940=CARTESIAN_POINT('',(44.253585245,12.305147745,13.414375));
#5941=VERTEX_POINT('',#5940);
#5942=CARTESIAN_POINT('',(44.253585245,14.126727255,13.414375));
#5943=DIRECTION('',(0.,-1.,0.));
#5944=VECTOR('',#5943,1.82157951);
#5945=LINE('',#5942,#5944);
#5946=EDGE_CURVE('',#5933,#5941,#5945,.T.);
#5947=ORIENTED_EDGE('',*,*,#5946,.T.);
#5948=CARTESIAN_POINT('',(47.165559633,12.305147745,13.414375));
#5949=VERTEX_POINT('',#5948);
#5950=CARTESIAN_POINT('',(44.253585245,12.305147745,13.414375));
#5951=DIRECTION('',(1.,-0.,-0.));
#5952=VECTOR('',#5951,2.911974388);
#5953=LINE('',#5950,#5952);
#5954=EDGE_CURVE('',#5941,#5949,#5953,.T.);
#5955=ORIENTED_EDGE('',*,*,#5954,.T.);
#5956=CARTESIAN_POINT('',(47.165559633,12.305147745,13.414375));
#5957=DIRECTION('',(0.,1.,0.));
#5958=VECTOR('',#5957,1.82157951);
#5959=LINE('',#5956,#5958);
#5960=EDGE_CURVE('',#5949,#5931,#5959,.T.);
#5961=ORIENTED_EDGE('',*,*,#5960,.T.);
#5962=EDGE_LOOP('',(#5939,#5947,#5955,#5961));
#5963=FACE_BOUND('',#5962,.T.);
#5964=ADVANCED_FACE('',(#5963),#5929,.T.);
#5965=CARTESIAN_POINT('',(47.165559633,1.7859375,11.859559633));
#5966=DIRECTION('',(0.,1.,0.));
#5967=DIRECTION('',(0.,-0.,1.));
#5968=AXIS2_PLACEMENT_3D('',#5965,#5966,#5967);
#5969=CYLINDRICAL_SURFACE('',#5968,1.554815367);
#5970=ORIENTED_EDGE('',*,*,#1135,.T.);
#5971=CARTESIAN_POINT('',(47.165559633,14.126727255,11.859559633));
#5972=DIRECTION('',(0.,-1.,0.));
#5973=DIRECTION('',(0.,0.,-1.));
#5974=AXIS2_PLACEMENT_3D('',#5971,#5972,#5973);
#5975=CIRCLE('',#5974,1.554815367);
#5976=EDGE_CURVE('',#1118,#5931,#5975,.T.);
#5977=ORIENTED_EDGE('',*,*,#5976,.T.);
#5978=ORIENTED_EDGE('',*,*,#5960,.F.);
#5979=CARTESIAN_POINT('',(47.165559633,12.305147745,11.859559633));
#5980=DIRECTION('',(-0.,1.,-0.));
#5981=DIRECTION('',(0.,0.,-1.));
#5982=AXIS2_PLACEMENT_3D('',#5979,#5980,#5981);
#5983=CIRCLE('',#5982,1.554815367);
#5984=EDGE_CURVE('',#5949,#1130,#5983,.T.);
#5985=ORIENTED_EDGE('',*,*,#5984,.T.);
#5986=EDGE_LOOP('',(#5970,#5977,#5978,#5985));
#5987=FACE_BOUND('',#5986,.T.);
#5988=ADVANCED_FACE('',(#5987),#5969,.T.);
#5989=CARTESIAN_POINT('',(47.345164755,14.126727255,11.636375));
#5990=DIRECTION('',(0.,0.,-1.));
#5991=DIRECTION('',(-1.,0.,0.));
#5992=AXIS2_PLACEMENT_3D('',#5989,#5990,#5991);
#5993=CYLINDRICAL_SURFACE('',#5992,0.359210245);
#5994=ORIENTED_EDGE('',*,*,#5838,.F.);
#5995=ORIENTED_EDGE('',*,*,#5766,.F.);
#5996=ORIENTED_EDGE('',*,*,#1400,.T.);
#5997=ORIENTED_EDGE('',*,*,#1226,.F.);
#5998=ORIENTED_EDGE('',*,*,#2685,.F.);
#5999=EDGE_LOOP('',(#5994,#5995,#5996,#5997,#5998));
#6000=FACE_BOUND('',#5999,.T.);
#6001=ADVANCED_FACE('',(#6000),#5993,.T.);
#6002=CARTESIAN_POINT('',(47.345164755,12.305147745,11.636375));
#6003=DIRECTION('',(0.,0.,1.));
#6004=DIRECTION('',(1.,0.,-0.));
#6005=AXIS2_PLACEMENT_3D('',#6002,#6003,#6004);
#6006=CYLINDRICAL_SURFACE('',#6005,0.359210245);
#6007=ORIENTED_EDGE('',*,*,#2670,.F.);
#6008=ORIENTED_EDGE('',*,*,#2893,.F.);
#6009=ORIENTED_EDGE('',*,*,#1426,.T.);
#6010=ORIENTED_EDGE('',*,*,#5713,.F.);
#6011=ORIENTED_EDGE('',*,*,#5828,.F.);
#6012=EDGE_LOOP('',(#6007,#6008,#6009,#6010,#6011));
#6013=FACE_BOUND('',#6012,.T.);
#6014=ADVANCED_FACE('',(#6013),#6006,.T.);
#6015=CARTESIAN_POINT('',(40.084375,1.7859375,1.984375));
#6016=DIRECTION('',(1.,0.,0.));
#6017=DIRECTION('',(0.,1.,0.));
#6018=AXIS2_PLACEMENT_3D('',#6015,#6016,#6017);
#6019=PLANE('',#6018);
#6020=ORIENTED_EDGE('',*,*,#2024,.T.);
#6021=ORIENTED_EDGE('',*,*,#2211,.T.);
#6022=ORIENTED_EDGE('',*,*,#2429,.T.);
#6023=ORIENTED_EDGE('',*,*,#1913,.F.);
#6024=ORIENTED_EDGE('',*,*,#2053,.T.);
#6025=ORIENTED_EDGE('',*,*,#1871,.F.);
#6026=EDGE_LOOP('',(#6020,#6021,#6022,#6023,#6024,#6025));
#6027=FACE_BOUND('',#6026,.T.);
#6028=ADVANCED_FACE('',(#6027),#6019,.T.);
#6029=CARTESIAN_POINT('',(40.084375,1.7859375,1.984375));
#6030=DIRECTION('',(1.,0.,0.));
#6031=DIRECTION('',(0.,1.,0.));
#6032=AXIS2_PLACEMENT_3D('',#6029,#6030,#6031);
#6033=PLANE('',#6032);
#6034=ORIENTED_EDGE('',*,*,#1774,.F.);
#6035=ORIENTED_EDGE('',*,*,#2563,.T.);
#6036=ORIENTED_EDGE('',*,*,#2174,.T.);
#6037=ORIENTED_EDGE('',*,*,#1734,.F.);
#6038=ORIENTED_EDGE('',*,*,#1836,.F.);
#6039=EDGE_LOOP('',(#6034,#6035,#6036,#6037,#6038));
#6040=FACE_BOUND('',#6039,.T.);
#6041=ADVANCED_FACE('',(#6040),#6033,.T.);
#6042=CARTESIAN_POINT('',(40.084375,1.7859375,1.984375));
#6043=DIRECTION('',(1.,0.,0.));
#6044=DIRECTION('',(0.,1.,0.));
#6045=AXIS2_PLACEMENT_3D('',#6042,#6043,#6044);
#6046=PLANE('',#6045);
#6047=ORIENTED_EDGE('',*,*,#1554,.F.);
#6048=ORIENTED_EDGE('',*,*,#2320,.F.);
#6049=ORIENTED_EDGE('',*,*,#2780,.F.);
#6050=ORIENTED_EDGE('',*,*,#1961,.T.);
#6051=ORIENTED_EDGE('',*,*,#1693,.F.);
#6052=EDGE_LOOP('',(#6047,#6048,#6049,#6050,#6051));
#6053=FACE_BOUND('',#6052,.T.);
#6054=ADVANCED_FACE('',(#6053),#6046,.T.);
#6055=CARTESIAN_POINT('',(1.984375,15.737886276,0.188323776));
#6056=DIRECTION('',(-1.,0.,0.));
#6057=DIRECTION('',(0.,0.,1.));
#6058=AXIS2_PLACEMENT_3D('',#6055,#6056,#6057);
#6059=CYLINDRICAL_SURFACE('',#6058,1.034051224);
#6060=ORIENTED_EDGE('',*,*,#3350,.F.);
#6061=CARTESIAN_POINT('',(36.003276276,15.737886276,0.188323776));
#6062=DIRECTION('',(0.707106781,-0.707106781,-0.));
#6063=DIRECTION('',(0.707106781,0.707106781,0.));
#6064=AXIS2_PLACEMENT_3D('',#6061,#6062,#6063);
#6065=ELLIPSE('',#6064,1.462369265,1.034051224);
#6066=EDGE_CURVE('',#3339,#2386,#6065,.T.);
#6067=ORIENTED_EDGE('',*,*,#6066,.T.);
#6068=ORIENTED_EDGE('',*,*,#2391,.F.);
#6069=ORIENTED_EDGE('',*,*,#1595,.F.);
#6070=EDGE_LOOP('',(#6060,#6067,#6068,#6069));
#6071=FACE_BOUND('',#6070,.T.);
#6072=ADVANCED_FACE('',(#6071),#6059,.T.);
#6073=CARTESIAN_POINT('',(36.003276276,13.2159375,0.188323776));
#6074=DIRECTION('',(0.,1.,0.));
#6075=DIRECTION('',(0.,-0.,1.));
#6076=AXIS2_PLACEMENT_3D('',#6073,#6074,#6075);
#6077=CYLINDRICAL_SURFACE('',#6076,1.034051224);
#6078=ORIENTED_EDGE('',*,*,#6066,.F.);
#6079=ORIENTED_EDGE('',*,*,#3344,.F.);
#6080=ORIENTED_EDGE('',*,*,#3997,.F.);
#6081=ORIENTED_EDGE('',*,*,#3526,.F.);
#6082=ORIENTED_EDGE('',*,*,#2399,.F.);
#6083=EDGE_LOOP('',(#6078,#6079,#6080,#6081,#6082));
#6084=FACE_BOUND('',#6083,.T.);
#6085=ADVANCED_FACE('',(#6084),#6077,.T.);
#6086=CARTESIAN_POINT('',(8.376238724,24.627886276,1.984375));
#6087=DIRECTION('',(0.,0.,-1.));
#6088=DIRECTION('',(-1.,0.,0.));
#6089=AXIS2_PLACEMENT_3D('',#6086,#6087,#6088);
#6090=CYLINDRICAL_SURFACE('',#6089,1.796051224);
#6091=ORIENTED_EDGE('',*,*,#2267,.F.);
#6092=CARTESIAN_POINT('',(8.376238724,24.627886276,8.352426224));
#6093=DIRECTION('',(0.707106781,-0.,-0.707106781));
#6094=DIRECTION('',(-0.707106781,0.,-0.707106781));
#6095=AXIS2_PLACEMENT_3D('',#6092,#6093,#6094);
#6096=ELLIPSE('',#6095,2.54,1.796051224);
#6097=EDGE_CURVE('',#2254,#2074,#6096,.T.);
#6098=ORIENTED_EDGE('',*,*,#6097,.T.);
#6099=ORIENTED_EDGE('',*,*,#2079,.F.);
#6100=CARTESIAN_POINT('',(8.376238724,24.627886276,2.002426224));
#6101=DIRECTION('',(-0.,-0.,-1.));
#6102=DIRECTION('',(0.,-1.,0.));
#6103=AXIS2_PLACEMENT_3D('',#6100,#6101,#6102);
#6104=CIRCLE('',#6103,1.796051224);
#6105=EDGE_CURVE('',#3196,#2072,#6104,.T.);
#6106=ORIENTED_EDGE('',*,*,#6105,.F.);
#6107=ORIENTED_EDGE('',*,*,#3201,.F.);
#6108=CARTESIAN_POINT('',(6.5801875,24.627886276,4.524375));
#6109=DIRECTION('',(-0.,-0.,-1.));
#6110=VECTOR('',#6109,0.254);
#6111=LINE('',#6108,#6110);
#6112=EDGE_CURVE('',#4073,#3187,#6111,.T.);
#6113=ORIENTED_EDGE('',*,*,#6112,.F.);
#6114=ORIENTED_EDGE('',*,*,#4079,.F.);
#6115=EDGE_LOOP('',(#6091,#6098,#6099,#6106,#6107,#6113,#6114));
#6116=FACE_BOUND('',#6115,.T.);
#6117=ADVANCED_FACE('',(#6116),#6090,.T.);
#6118=CARTESIAN_POINT('',(8.376238724,24.627886276,2.002426224));
#6119=DIRECTION('',(-1.,0.,0.));
#6120=DIRECTION('',(0.,0.,1.));
#6121=AXIS2_PLACEMENT_3D('',#6118,#6119,#6120);
#6122=SPHERICAL_SURFACE('',#6121,1.796051224);
#6123=ORIENTED_EDGE('',*,*,#6105,.T.);
#6124=ORIENTED_EDGE('',*,*,#3987,.F.);
#6125=CARTESIAN_POINT('',(8.376238724,24.627886276,2.002426224));
#6126=DIRECTION('',(-0.,-1.,-0.));
#6127=DIRECTION('',(0.,-0.,1.));
#6128=AXIS2_PLACEMENT_3D('',#6125,#6126,#6127);
#6129=CIRCLE('',#6128,1.796051224);
#6130=EDGE_CURVE('',#3196,#3323,#6129,.T.);
#6131=ORIENTED_EDGE('',*,*,#6130,.F.);
#6132=EDGE_LOOP('',(#6123,#6124,#6131));
#6133=FACE_BOUND('',#6132,.T.);
#6134=ADVANCED_FACE('',(#6133),#6122,.T.);
#6135=CARTESIAN_POINT('',(8.376238724,1.7859375,2.002426224));
#6136=DIRECTION('',(0.,1.,0.));
#6137=DIRECTION('',(0.,-0.,1.));
#6138=AXIS2_PLACEMENT_3D('',#6135,#6136,#6137);
#6139=CYLINDRICAL_SURFACE('',#6138,1.796051224);
#6140=ORIENTED_EDGE('',*,*,#6130,.T.);
#6141=ORIENTED_EDGE('',*,*,#3328,.F.);
#6142=CARTESIAN_POINT('',(8.376238724,1.803988724,2.002426224));
#6143=DIRECTION('',(-0.,-1.,-0.));
#6144=DIRECTION('',(0.,-0.,1.));
#6145=AXIS2_PLACEMENT_3D('',#6142,#6143,#6144);
#6146=CIRCLE('',#6145,1.796051224);
#6147=EDGE_CURVE('',#3204,#2534,#6146,.T.);
#6148=ORIENTED_EDGE('',*,*,#6147,.F.);
#6149=ORIENTED_EDGE('',*,*,#3209,.F.);
#6150=EDGE_LOOP('',(#6140,#6141,#6148,#6149));
#6151=FACE_BOUND('',#6150,.T.);
#6152=ADVANCED_FACE('',(#6151),#6139,.T.);
#6153=CARTESIAN_POINT('',(8.376238724,1.803988724,2.002426224));
#6154=DIRECTION('',(-1.,0.,0.));
#6155=DIRECTION('',(0.,0.,1.));
#6156=AXIS2_PLACEMENT_3D('',#6153,#6154,#6155);
#6157=SPHERICAL_SURFACE('',#6156,1.796051224);
#6158=ORIENTED_EDGE('',*,*,#6147,.T.);
#6159=ORIENTED_EDGE('',*,*,#2540,.F.);
#6160=CARTESIAN_POINT('',(8.376238724,1.803988724,2.002426224));
#6161=DIRECTION('',(0.,0.,1.));
#6162=DIRECTION('',(1.,0.,-0.));
#6163=AXIS2_PLACEMENT_3D('',#6160,#6161,#6162);
#6164=CIRCLE('',#6163,1.796051224);
#6165=EDGE_CURVE('',#3204,#2526,#6164,.T.);
#6166=ORIENTED_EDGE('',*,*,#6165,.F.);
#6167=EDGE_LOOP('',(#6158,#6159,#6166));
#6168=FACE_BOUND('',#6167,.T.);
#6169=ADVANCED_FACE('',(#6168),#6157,.T.);
#6170=CARTESIAN_POINT('',(8.376238724,1.803988724,1.984375));
#6171=DIRECTION('',(0.,0.,1.));
#6172=DIRECTION('',(1.,0.,-0.));
#6173=AXIS2_PLACEMENT_3D('',#6170,#6171,#6172);
#6174=CYLINDRICAL_SURFACE('',#6173,1.796051224);
#6175=ORIENTED_EDGE('',*,*,#6165,.T.);
#6176=ORIENTED_EDGE('',*,*,#3438,.F.);
#6177=CARTESIAN_POINT('',(8.376238724,1.803988724,8.352426224));
#6178=DIRECTION('',(0.707106781,0.,-0.707106781));
#6179=DIRECTION('',(0.707106781,0.,0.707106781));
#6180=AXIS2_PLACEMENT_3D('',#6177,#6178,#6179);
#6181=ELLIPSE('',#6180,2.54,1.796051224);
#6182=EDGE_CURVE('',#3427,#2137,#6181,.T.);
#6183=ORIENTED_EDGE('',*,*,#6182,.T.);
#6184=ORIENTED_EDGE('',*,*,#2142,.F.);
#6185=ORIENTED_EDGE('',*,*,#4058,.F.);
#6186=CARTESIAN_POINT('',(6.5801875,1.803988724,4.270375));
#6187=DIRECTION('',(0.,-0.,1.));
#6188=VECTOR('',#6187,0.254);
#6189=LINE('',#6186,#6188);
#6190=EDGE_CURVE('',#3212,#4046,#6189,.T.);
#6191=ORIENTED_EDGE('',*,*,#6190,.F.);
#6192=ORIENTED_EDGE('',*,*,#3217,.F.);
#6193=EDGE_LOOP('',(#6175,#6176,#6183,#6184,#6185,#6191,#6192));
#6194=FACE_BOUND('',#6193,.T.);
#6195=ADVANCED_FACE('',(#6194),#6174,.T.);
#6196=CARTESIAN_POINT('',(1.984375,24.627886276,8.352426224));
#6197=DIRECTION('',(-1.,0.,0.));
#6198=DIRECTION('',(0.,0.,1.));
#6199=AXIS2_PLACEMENT_3D('',#6196,#6197,#6198);
#6200=CYLINDRICAL_SURFACE('',#6199,1.796051224);
#6201=ORIENTED_EDGE('',*,*,#6097,.F.);
#6202=ORIENTED_EDGE('',*,*,#2259,.F.);
#6203=CARTESIAN_POINT('',(2.002426224,24.627886276,8.352426224));
#6204=DIRECTION('',(-1.,0.,0.));
#6205=DIRECTION('',(-0.,-1.,0.));
#6206=AXIS2_PLACEMENT_3D('',#6203,#6204,#6205);
#6207=CIRCLE('',#6206,1.796051224);
#6208=EDGE_CURVE('',#2082,#2245,#6207,.T.);
#6209=ORIENTED_EDGE('',*,*,#6208,.F.);
#6210=ORIENTED_EDGE('',*,*,#2087,.F.);
#6211=EDGE_LOOP('',(#6201,#6202,#6209,#6210));
#6212=FACE_BOUND('',#6211,.T.);
#6213=ADVANCED_FACE('',(#6212),#6200,.T.);
#6214=CARTESIAN_POINT('',(2.002426224,24.627886276,8.352426224));
#6215=DIRECTION('',(0.,0.,-1.));
#6216=DIRECTION('',(-1.,0.,0.));
#6217=AXIS2_PLACEMENT_3D('',#6214,#6215,#6216);
#6218=SPHERICAL_SURFACE('',#6217,1.796051224);
#6219=ORIENTED_EDGE('',*,*,#2251,.F.);
#6220=ORIENTED_EDGE('',*,*,#3474,.F.);
#6221=CARTESIAN_POINT('',(2.002426224,24.627886276,8.352426224));
#6222=DIRECTION('',(0.,-1.,0.));
#6223=DIRECTION('',(0.,0.,-1.));
#6224=AXIS2_PLACEMENT_3D('',#6221,#6222,#6223);
#6225=CIRCLE('',#6224,1.796051224);
#6226=EDGE_CURVE('',#3381,#3462,#6225,.T.);
#6227=ORIENTED_EDGE('',*,*,#6226,.F.);
#6228=ORIENTED_EDGE('',*,*,#3740,.F.);
#6229=ORIENTED_EDGE('',*,*,#6208,.T.);
#6230=EDGE_LOOP('',(#6219,#6220,#6227,#6228,#6229));
#6231=FACE_BOUND('',#6230,.T.);
#6232=ADVANCED_FACE('',(#6231),#6218,.T.);
#6233=CARTESIAN_POINT('',(2.002426224,1.7859375,8.352426224));
#6234=DIRECTION('',(0.,-1.,0.));
#6235=DIRECTION('',(0.,0.,-1.));
#6236=AXIS2_PLACEMENT_3D('',#6233,#6234,#6235);
#6237=CYLINDRICAL_SURFACE('',#6236,1.796051224);
#6238=ORIENTED_EDGE('',*,*,#6226,.T.);
#6239=ORIENTED_EDGE('',*,*,#3467,.F.);
#6240=CARTESIAN_POINT('',(2.002426224,1.803988724,8.352426224));
#6241=DIRECTION('',(0.,-1.,0.));
#6242=DIRECTION('',(0.,0.,-1.));
#6243=AXIS2_PLACEMENT_3D('',#6240,#6241,#6242);
#6244=CIRCLE('',#6243,1.796051224);
#6245=EDGE_CURVE('',#3389,#3453,#6244,.T.);
#6246=ORIENTED_EDGE('',*,*,#6245,.F.);
#6247=ORIENTED_EDGE('',*,*,#3394,.F.);
#6248=EDGE_LOOP('',(#6238,#6239,#6246,#6247));
#6249=FACE_BOUND('',#6248,.T.);
#6250=ADVANCED_FACE('',(#6249),#6237,.T.);
#6251=CARTESIAN_POINT('',(2.002426224,1.803988724,8.352426224));
#6252=DIRECTION('',(0.,0.,-1.));
#6253=DIRECTION('',(-1.,0.,0.));
#6254=AXIS2_PLACEMENT_3D('',#6251,#6252,#6253);
#6255=SPHERICAL_SURFACE('',#6254,1.796051224);
#6256=CARTESIAN_POINT('',(2.002426224,1.803988724,8.352426224));
#6257=DIRECTION('',(1.,0.,0.));
#6258=DIRECTION('',(0.,0.,-1.));
#6259=AXIS2_PLACEMENT_3D('',#6256,#6257,#6258);
#6260=CIRCLE('',#6259,1.796051224);
#6261=EDGE_CURVE('',#3419,#2145,#6260,.T.);
#6262=ORIENTED_EDGE('',*,*,#6261,.F.);
#6263=ORIENTED_EDGE('',*,*,#3674,.F.);
#6264=ORIENTED_EDGE('',*,*,#6245,.T.);
#6265=ORIENTED_EDGE('',*,*,#3459,.F.);
#6266=ORIENTED_EDGE('',*,*,#2159,.F.);
#6267=EDGE_LOOP('',(#6262,#6263,#6264,#6265,#6266));
#6268=FACE_BOUND('',#6267,.T.);
#6269=ADVANCED_FACE('',(#6268),#6255,.T.);
#6270=CARTESIAN_POINT('',(1.984375,1.803988724,8.352426224));
#6271=DIRECTION('',(1.,0.,0.));
#6272=DIRECTION('',(0.,0.,-1.));
#6273=AXIS2_PLACEMENT_3D('',#6270,#6271,#6272);
#6274=CYLINDRICAL_SURFACE('',#6273,1.796051224);
#6275=ORIENTED_EDGE('',*,*,#3432,.F.);
#6276=ORIENTED_EDGE('',*,*,#6261,.T.);
#6277=ORIENTED_EDGE('',*,*,#2150,.F.);
#6278=ORIENTED_EDGE('',*,*,#6182,.F.);
#6279=EDGE_LOOP('',(#6275,#6276,#6277,#6278));
#6280=FACE_BOUND('',#6279,.T.);
#6281=ADVANCED_FACE('',(#6280),#6274,.T.);
#6282=CARTESIAN_POINT('',(14.938375,4.5164375,10.928945313));
#6283=DIRECTION('',(-1.,0.,0.));
#6284=DIRECTION('',(0.,0.,1.));
#6285=AXIS2_PLACEMENT_3D('',#6282,#6283,#6284);
#6286=PLANE('',#6285);
#6287=ORIENTED_EDGE('',*,*,#4577,.T.);
#6288=CARTESIAN_POINT('',(14.938375,4.9609375,11.040566406));
#6289=VERTEX_POINT('',#6288);
#6290=CARTESIAN_POINT('',(14.938375,4.9609375,11.040566406));
#6291=DIRECTION('',(0.,0.,1.));
#6292=VECTOR('',#6291,0.000496094);
#6293=LINE('',#6290,#6292);
#6294=EDGE_CURVE('',#6289,#1508,#6293,.T.);
#6295=ORIENTED_EDGE('',*,*,#6294,.F.);
#6296=CARTESIAN_POINT('',(14.938375,4.0719375,11.040566406));
#6297=VERTEX_POINT('',#6296);
#6298=CARTESIAN_POINT('',(14.938375,4.9609375,11.040566406));
#6299=DIRECTION('',(0.,-1.,0.));
#6300=VECTOR('',#6299,0.889);
#6301=LINE('',#6298,#6300);
#6302=EDGE_CURVE('',#6289,#6297,#6301,.T.);
#6303=ORIENTED_EDGE('',*,*,#6302,.T.);
#6304=CARTESIAN_POINT('',(14.938375,4.0719375,11.040566406));
#6305=DIRECTION('',(0.,0.,1.));
#6306=VECTOR('',#6305,0.000496094);
#6307=LINE('',#6304,#6306);
#6308=EDGE_CURVE('',#6297,#4572,#6307,.T.);
#6309=ORIENTED_EDGE('',*,*,#6308,.T.);
#6310=EDGE_LOOP('',(#6287,#6295,#6303,#6309));
#6311=FACE_BOUND('',#6310,.T.);
#6312=ADVANCED_FACE('',(#6311),#6286,.T.);
#6313=CARTESIAN_POINT('',(29.416375,4.0719375,10.928945313));
#6314=DIRECTION('',(0.,-1.,0.));
#6315=DIRECTION('',(0.,0.,-1.));
#6316=AXIS2_PLACEMENT_3D('',#6313,#6314,#6315);
#6317=PLANE('',#6316);
#6318=ORIENTED_EDGE('',*,*,#4585,.T.);
#6319=ORIENTED_EDGE('',*,*,#6308,.F.);
#6320=CARTESIAN_POINT('',(43.894375,4.0719375,11.040566406));
#6321=VERTEX_POINT('',#6320);
#6322=CARTESIAN_POINT('',(14.938375,4.0719375,11.040566406));
#6323=DIRECTION('',(1.,0.,-0.));
#6324=VECTOR('',#6323,28.956);
#6325=LINE('',#6322,#6324);
#6326=EDGE_CURVE('',#6297,#6321,#6325,.T.);
#6327=ORIENTED_EDGE('',*,*,#6326,.T.);
#6328=CARTESIAN_POINT('',(43.894375,4.0719375,11.040566406));
#6329=DIRECTION('',(0.,0.,1.));
#6330=VECTOR('',#6329,0.000496094);
#6331=LINE('',#6328,#6330);
#6332=EDGE_CURVE('',#6321,#4580,#6331,.T.);
#6333=ORIENTED_EDGE('',*,*,#6332,.T.);
#6334=EDGE_LOOP('',(#6318,#6319,#6327,#6333));
#6335=FACE_BOUND('',#6334,.T.);
#6336=ADVANCED_FACE('',(#6335),#6317,.T.);
#6337=CARTESIAN_POINT('',(43.894375,4.5164375,10.928945313));
#6338=DIRECTION('',(-1.,0.,0.));
#6339=DIRECTION('',(0.,0.,1.));
#6340=AXIS2_PLACEMENT_3D('',#6337,#6338,#6339);
#6341=PLANE('',#6340);
#6342=ORIENTED_EDGE('',*,*,#4465,.T.);
#6343=ORIENTED_EDGE('',*,*,#4591,.T.);
#6344=ORIENTED_EDGE('',*,*,#6332,.F.);
#6345=CARTESIAN_POINT('',(43.894375,4.9609375,11.040566406));
#6346=DIRECTION('',(0.,-1.,0.));
#6347=VECTOR('',#6346,0.889);
#6348=LINE('',#6345,#6347);
#6349=EDGE_CURVE('',#4460,#6321,#6348,.T.);
#6350=ORIENTED_EDGE('',*,*,#6349,.F.);
#6351=EDGE_LOOP('',(#6342,#6343,#6344,#6350));
#6352=FACE_BOUND('',#6351,.T.);
#6353=ADVANCED_FACE('',(#6352),#6341,.F.);
#6354=CARTESIAN_POINT('',(43.894375,21.9154375,10.928945313));
#6355=DIRECTION('',(-1.,0.,0.));
#6356=DIRECTION('',(0.,0.,1.));
#6357=AXIS2_PLACEMENT_3D('',#6354,#6355,#6356);
#6358=PLANE('',#6357);
#6359=CARTESIAN_POINT('',(43.894375,22.3599375,11.040566406));
#6360=VERTEX_POINT('',#6359);
#6361=CARTESIAN_POINT('',(43.894375,22.3599375,11.040566406));
#6362=DIRECTION('',(0.,0.,1.));
#6363=VECTOR('',#6362,0.000496094);
#6364=LINE('',#6361,#6363);
#6365=EDGE_CURVE('',#6360,#4549,#6364,.T.);
#6366=ORIENTED_EDGE('',*,*,#6365,.T.);
#6367=ORIENTED_EDGE('',*,*,#4554,.F.);
#6368=ORIENTED_EDGE('',*,*,#4422,.F.);
#6369=CARTESIAN_POINT('',(43.894375,22.3599375,11.040566406));
#6370=DIRECTION('',(0.,-1.,0.));
#6371=VECTOR('',#6370,0.889);
#6372=LINE('',#6369,#6371);
#6373=EDGE_CURVE('',#6360,#4411,#6372,.T.);
#6374=ORIENTED_EDGE('',*,*,#6373,.F.);
#6375=EDGE_LOOP('',(#6366,#6367,#6368,#6374));
#6376=FACE_BOUND('',#6375,.T.);
#6377=ADVANCED_FACE('',(#6376),#6358,.F.);
#6378=CARTESIAN_POINT('',(29.416375,22.3599375,10.928945313));
#6379=DIRECTION('',(0.,-1.,0.));
#6380=DIRECTION('',(0.,0.,-1.));
#6381=AXIS2_PLACEMENT_3D('',#6378,#6379,#6380);
#6382=PLANE('',#6381);
#6383=CARTESIAN_POINT('',(14.938375,22.3599375,11.040566406));
#6384=VERTEX_POINT('',#6383);
#6385=CARTESIAN_POINT('',(14.938375,22.3599375,11.040566406));
#6386=DIRECTION('',(0.,0.,1.));
#6387=VECTOR('',#6386,0.000496094);
#6388=LINE('',#6385,#6387);
#6389=EDGE_CURVE('',#6384,#4557,#6388,.T.);
#6390=ORIENTED_EDGE('',*,*,#6389,.T.);
#6391=ORIENTED_EDGE('',*,*,#4562,.F.);
#6392=ORIENTED_EDGE('',*,*,#6365,.F.);
#6393=CARTESIAN_POINT('',(14.938375,22.3599375,11.040566406));
#6394=DIRECTION('',(1.,0.,-0.));
#6395=VECTOR('',#6394,28.956);
#6396=LINE('',#6393,#6395);
#6397=EDGE_CURVE('',#6384,#6360,#6396,.T.);
#6398=ORIENTED_EDGE('',*,*,#6397,.F.);
#6399=EDGE_LOOP('',(#6390,#6391,#6392,#6398));
#6400=FACE_BOUND('',#6399,.T.);
#6401=ADVANCED_FACE('',(#6400),#6382,.F.);
#6402=CARTESIAN_POINT('',(14.938375,21.9154375,10.928945313));
#6403=DIRECTION('',(1.,0.,0.));
#6404=DIRECTION('',(-0.,1.,0.));
#6405=AXIS2_PLACEMENT_3D('',#6402,#6403,#6404);
#6406=PLANE('',#6405);
#6407=CARTESIAN_POINT('',(14.938375,21.4709375,11.040566406));
#6408=VERTEX_POINT('',#6407);
#6409=CARTESIAN_POINT('',(14.938375,21.4709375,11.040566406));
#6410=DIRECTION('',(0.,0.,1.));
#6411=VECTOR('',#6410,0.000496094);
#6412=LINE('',#6409,#6411);
#6413=EDGE_CURVE('',#6408,#1516,#6412,.T.);
#6414=ORIENTED_EDGE('',*,*,#6413,.T.);
#6415=ORIENTED_EDGE('',*,*,#4568,.T.);
#6416=ORIENTED_EDGE('',*,*,#6389,.F.);
#6417=CARTESIAN_POINT('',(14.938375,21.4709375,11.040566406));
#6418=DIRECTION('',(-0.,1.,0.));
#6419=VECTOR('',#6418,0.889);
#6420=LINE('',#6417,#6419);
#6421=EDGE_CURVE('',#6408,#6384,#6420,.T.);
#6422=ORIENTED_EDGE('',*,*,#6421,.F.);
#6423=EDGE_LOOP('',(#6414,#6415,#6416,#6422));
#6424=FACE_BOUND('',#6423,.T.);
#6425=ADVANCED_FACE('',(#6424),#6406,.F.);
#6426=CARTESIAN_POINT('',(40.592375,17.343437498,10.928945313));
#6427=DIRECTION('',(-1.,0.,0.));
#6428=DIRECTION('',(0.,0.,1.));
#6429=AXIS2_PLACEMENT_3D('',#6426,#6427,#6428);
#6430=PLANE('',#6429);
#6431=ORIENTED_EDGE('',*,*,#885,.F.);
#6432=CARTESIAN_POINT('',(40.592375,21.4709375,11.040566406));
#6433=VERTEX_POINT('',#6432);
#6434=CARTESIAN_POINT('',(40.592375,21.4709375,11.040566406));
#6435=DIRECTION('',(0.,0.,1.));
#6436=VECTOR('',#6435,1.103808594);
#6437=LINE('',#6434,#6436);
#6438=EDGE_CURVE('',#6433,#874,#6437,.T.);
#6439=ORIENTED_EDGE('',*,*,#6438,.F.);
#6440=CARTESIAN_POINT('',(40.592375,4.9609375,11.040566406));
#6441=VERTEX_POINT('',#6440);
#6442=CARTESIAN_POINT('',(40.592375,21.4709375,11.040566406));
#6443=DIRECTION('',(0.,-1.,0.));
#6444=VECTOR('',#6443,16.51);
#6445=LINE('',#6442,#6444);
#6446=EDGE_CURVE('',#6433,#6441,#6445,.T.);
#6447=ORIENTED_EDGE('',*,*,#6446,.T.);
#6448=CARTESIAN_POINT('',(40.592375,4.9609375,11.040566406));
#6449=DIRECTION('',(0.,0.,1.));
#6450=VECTOR('',#6449,1.103808594);
#6451=LINE('',#6448,#6450);
#6452=EDGE_CURVE('',#6441,#856,#6451,.T.);
#6453=ORIENTED_EDGE('',*,*,#6452,.T.);
#6454=EDGE_LOOP('',(#6431,#6439,#6447,#6453));
#6455=FACE_BOUND('',#6454,.T.);
#6456=ADVANCED_FACE('',(#6455),#6430,.T.);
#6457=CARTESIAN_POINT('',(43.005375,4.9609375,10.928945313));
#6458=DIRECTION('',(0.,1.,0.));
#6459=DIRECTION('',(0.,0.,1.));
#6460=AXIS2_PLACEMENT_3D('',#6457,#6458,#6459);
#6461=PLANE('',#6460);
#6462=ORIENTED_EDGE('',*,*,#863,.F.);
#6463=ORIENTED_EDGE('',*,*,#6452,.F.);
#6464=CARTESIAN_POINT('',(40.592375,4.9609375,11.040566406));
#6465=DIRECTION('',(-1.,0.,0.));
#6466=VECTOR('',#6465,25.654);
#6467=LINE('',#6464,#6466);
#6468=EDGE_CURVE('',#6441,#6289,#6467,.T.);
#6469=ORIENTED_EDGE('',*,*,#6468,.T.);
#6470=ORIENTED_EDGE('',*,*,#6294,.T.);
#6471=ORIENTED_EDGE('',*,*,#1513,.T.);
#6472=EDGE_LOOP('',(#6462,#6463,#6469,#6470,#6471));
#6473=FACE_BOUND('',#6472,.T.);
#6474=ADVANCED_FACE('',(#6473),#6461,.T.);
#6475=CARTESIAN_POINT('',(43.640375,17.343437498,10.928945313));
#6476=DIRECTION('',(1.,0.,0.));
#6477=DIRECTION('',(0.,0.,-1.));
#6478=AXIS2_PLACEMENT_3D('',#6475,#6476,#6477);
#6479=PLANE('',#6478);
#6480=ORIENTED_EDGE('',*,*,#1003,.F.);
#6481=ORIENTED_EDGE('',*,*,#4479,.F.);
#6482=CARTESIAN_POINT('',(43.640375,4.9609375,11.040566406));
#6483=DIRECTION('',(0.,1.,0.));
#6484=VECTOR('',#6483,16.51);
#6485=LINE('',#6482,#6484);
#6486=EDGE_CURVE('',#4468,#4403,#6485,.T.);
#6487=ORIENTED_EDGE('',*,*,#6486,.T.);
#6488=ORIENTED_EDGE('',*,*,#4408,.T.);
#6489=EDGE_LOOP('',(#6480,#6481,#6487,#6488));
#6490=FACE_BOUND('',#6489,.T.);
#6491=ADVANCED_FACE('',(#6490),#6479,.T.);
#6492=CARTESIAN_POINT('',(27.765375,21.4709375,10.928945313));
#6493=DIRECTION('',(0.,1.,0.));
#6494=DIRECTION('',(0.,0.,1.));
#6495=AXIS2_PLACEMENT_3D('',#6492,#6493,#6494);
#6496=PLANE('',#6495);
#6497=ORIENTED_EDGE('',*,*,#879,.T.);
#6498=ORIENTED_EDGE('',*,*,#1527,.F.);
#6499=ORIENTED_EDGE('',*,*,#6413,.F.);
#6500=CARTESIAN_POINT('',(40.592375,21.4709375,11.040566406));
#6501=DIRECTION('',(-1.,0.,0.));
#6502=VECTOR('',#6501,25.654);
#6503=LINE('',#6500,#6502);
#6504=EDGE_CURVE('',#6433,#6408,#6503,.T.);
#6505=ORIENTED_EDGE('',*,*,#6504,.F.);
#6506=ORIENTED_EDGE('',*,*,#6438,.T.);
#6507=EDGE_LOOP('',(#6497,#6498,#6499,#6505,#6506));
#6508=FACE_BOUND('',#6507,.T.);
#6509=ADVANCED_FACE('',(#6508),#6496,.F.);
#6510=CARTESIAN_POINT('',(0.,0.,11.040566406));
#6511=DIRECTION('',(0.,0.,1.));
#6512=DIRECTION('',(1.,0.,0.));
#6513=AXIS2_PLACEMENT_3D('',#6510,#6511,#6512);
#6514=PLANE('',#6513);
#6515=ORIENTED_EDGE('',*,*,#6446,.F.);
#6516=ORIENTED_EDGE('',*,*,#6504,.T.);
#6517=ORIENTED_EDGE('',*,*,#6421,.T.);
#6518=ORIENTED_EDGE('',*,*,#6397,.T.);
#6519=ORIENTED_EDGE('',*,*,#6373,.T.);
#6520=ORIENTED_EDGE('',*,*,#4416,.T.);
#6521=ORIENTED_EDGE('',*,*,#6486,.F.);
#6522=ORIENTED_EDGE('',*,*,#4473,.F.);
#6523=ORIENTED_EDGE('',*,*,#6349,.T.);
#6524=ORIENTED_EDGE('',*,*,#6326,.F.);
#6525=ORIENTED_EDGE('',*,*,#6302,.F.);
#6526=ORIENTED_EDGE('',*,*,#6468,.F.);
#6527=EDGE_LOOP('',(#6515,#6516,#6517,#6518,#6519,#6520,#6521,#6522,#6523,#6524,#6525,#6526));
#6528=FACE_BOUND('',#6527,.T.);
#6529=ADVANCED_FACE('',(#6528),#6514,.F.);
#6530=CARTESIAN_POINT('',(50.498375,4.0719375,0.508));
#6531=DIRECTION('',(0.,0.,-1.));
#6532=DIRECTION('',(-1.,0.,0.));
#6533=AXIS2_PLACEMENT_3D('',#6530,#6531,#6532);
#6534=CYLINDRICAL_SURFACE('',#6533,2.0955);
#6535=CARTESIAN_POINT('',(48.402875,4.0719375,0.508));
#6536=VERTEX_POINT('',#6535);
#6537=CARTESIAN_POINT('',(48.402875,4.0719375,0.206375));
#6538=DIRECTION('',(-0.,-0.,1.));
#6539=VECTOR('',#6538,0.301625);
#6540=LINE('',#6537,#6539);
#6541=EDGE_CURVE('',#3268,#6536,#6540,.T.);
#6542=ORIENTED_EDGE('',*,*,#6541,.F.);
#6543=ORIENTED_EDGE('',*,*,#3276,.T.);
#6544=ORIENTED_EDGE('',*,*,#3283,.T.);
#6545=ORIENTED_EDGE('',*,*,#6541,.T.);
#6546=CARTESIAN_POINT('',(52.593875,4.0719375,0.508));
#6547=VERTEX_POINT('',#6546);
#6548=CARTESIAN_POINT('',(50.498375,4.0719375,0.508));
#6549=DIRECTION('',(0.,0.,1.));
#6550=DIRECTION('',(1.,0.,-0.));
#6551=AXIS2_PLACEMENT_3D('',#6548,#6549,#6550);
#6552=CIRCLE('',#6551,2.0955);
#6553=EDGE_CURVE('',#6536,#6547,#6552,.T.);
#6554=ORIENTED_EDGE('',*,*,#6553,.T.);
#6555=CARTESIAN_POINT('',(50.498375,4.0719375,0.508));
#6556=DIRECTION('',(0.,0.,1.));
#6557=DIRECTION('',(1.,0.,-0.));
#6558=AXIS2_PLACEMENT_3D('',#6555,#6556,#6557);
#6559=CIRCLE('',#6558,2.0955);
#6560=EDGE_CURVE('',#6547,#6536,#6559,.T.);
#6561=ORIENTED_EDGE('',*,*,#6560,.T.);
#6562=EDGE_LOOP('',(#6542,#6543,#6544,#6545,#6554,#6561));
#6563=FACE_BOUND('',#6562,.T.);
#6564=ADVANCED_FACE('',(#6563),#6534,.F.);
#6565=CARTESIAN_POINT('',(0.,0.,0.508));
#6566=DIRECTION('',(0.,0.,1.));
#6567=DIRECTION('',(1.,0.,0.));
#6568=AXIS2_PLACEMENT_3D('',#6565,#6566,#6567);
#6569=PLANE('',#6568);
#6570=ORIENTED_EDGE('',*,*,#3508,.T.);
#6571=EDGE_LOOP('',(#6570));
#6572=FACE_BOUND('',#6571,.T.);
#6573=ORIENTED_EDGE('',*,*,#6553,.F.);
#6574=ORIENTED_EDGE('',*,*,#6560,.F.);
#6575=EDGE_LOOP('',(#6573,#6574));
#6576=FACE_BOUND('',#6575,.T.);
#6577=ADVANCED_FACE('',(#6572,#6576),#6569,.F.);
#6578=CARTESIAN_POINT('',(7.826375,13.2159375,9.713515625));
#6579=DIRECTION('',(0.,0.,1.));
#6580=DIRECTION('',(1.,0.,-0.));
#6581=AXIS2_PLACEMENT_3D('',#6578,#6579,#6580);
#6582=CYLINDRICAL_SURFACE('',#6581,1.27);
#6583=CARTESIAN_POINT('',(9.096375,13.2159375,12.144375));
#6584=DIRECTION('',(-0.,-0.,-1.));
#6585=VECTOR('',#6584,1.1033125);
#6586=LINE('',#6583,#6585);
#6587=EDGE_CURVE('',#845,#4538,#6586,.T.);
#6588=ORIENTED_EDGE('',*,*,#6587,.F.);
#6589=ORIENTED_EDGE('',*,*,#851,.T.);
#6590=ORIENTED_EDGE('',*,*,#6587,.T.);
#6591=ORIENTED_EDGE('',*,*,#4544,.F.);
#6592=EDGE_LOOP('',(#6588,#6589,#6590,#6591));
#6593=FACE_BOUND('',#6592,.T.);
#6594=ADVANCED_FACE('',(#6593),#6582,.F.);
#6595=CARTESIAN_POINT('',(45.799375,20.857727255,13.055164755));
#6596=DIRECTION('',(-1.,0.,0.));
#6597=DIRECTION('',(0.,0.,1.));
#6598=AXIS2_PLACEMENT_3D('',#6595,#6596,#6597);
#6599=CYLINDRICAL_SURFACE('',#6598,0.359210245);
#6600=ORIENTED_EDGE('',*,*,#4809,.F.);
#6601=CARTESIAN_POINT('',(44.253585245,20.857727255,13.055164755));
#6602=DIRECTION('',(-1.,0.,0.));
#6603=DIRECTION('',(0.,0.,1.));
#6604=AXIS2_PLACEMENT_3D('',#6601,#6602,#6603);
#6605=CIRCLE('',#6604,0.359210245);
#6606=EDGE_CURVE('',#5025,#4796,#6605,.T.);
#6607=ORIENTED_EDGE('',*,*,#6606,.F.);
#6608=ORIENTED_EDGE('',*,*,#5030,.F.);
#6609=CARTESIAN_POINT('',(47.165559633,20.857727255,13.055164755));
#6610=DIRECTION('',(1.,0.,0.));
#6611=DIRECTION('',(0.,0.,-1.));
#6612=AXIS2_PLACEMENT_3D('',#6609,#6610,#6611);
#6613=CIRCLE('',#6612,0.359210245);
#6614=EDGE_CURVE('',#4804,#5023,#6613,.T.);
#6615=ORIENTED_EDGE('',*,*,#6614,.F.);
#6616=EDGE_LOOP('',(#6600,#6607,#6608,#6615));
#6617=FACE_BOUND('',#6616,.T.);
#6618=ADVANCED_FACE('',(#6617),#6599,.T.);
#6619=CARTESIAN_POINT('',(47.165559633,20.857727255,11.859559633));
#6620=DIRECTION('',(0.,-1.,0.));
#6621=DIRECTION('',(0.,0.,-1.));
#6622=AXIS2_PLACEMENT_3D('',#6619,#6620,#6621);
#6623=TOROIDAL_SURFACE('',#6622,1.195605122,0.359210245);
#6624=ORIENTED_EDGE('',*,*,#6614,.T.);
#6625=ORIENTED_EDGE('',*,*,#5076,.F.);
#6626=ORIENTED_EDGE('',*,*,#1039,.F.);
#6627=ORIENTED_EDGE('',*,*,#4816,.F.);
#6628=EDGE_LOOP('',(#6624,#6625,#6626,#6627));
#6629=FACE_BOUND('',#6628,.T.);
#6630=ADVANCED_FACE('',(#6629),#6623,.T.);
#6631=CARTESIAN_POINT('',(47.165559633,19.036147745,11.859559633));
#6632=DIRECTION('',(0.,-1.,0.));
#6633=DIRECTION('',(0.,0.,-1.));
#6634=AXIS2_PLACEMENT_3D('',#6631,#6632,#6633);
#6635=TOROIDAL_SURFACE('',#6634,1.195605122,0.359210245);
#6636=ORIENTED_EDGE('',*,*,#1059,.F.);
#6637=ORIENTED_EDGE('',*,*,#5068,.F.);
#6638=CARTESIAN_POINT('',(47.165559633,19.036147745,13.055164755));
#6639=DIRECTION('',(-1.,0.,0.));
#6640=DIRECTION('',(0.,0.,1.));
#6641=AXIS2_PLACEMENT_3D('',#6638,#6639,#6640);
#6642=CIRCLE('',#6641,0.359210245);
#6643=EDGE_CURVE('',#4728,#5041,#6642,.T.);
#6644=ORIENTED_EDGE('',*,*,#6643,.F.);
#6645=ORIENTED_EDGE('',*,*,#4784,.F.);
#6646=EDGE_LOOP('',(#6636,#6637,#6644,#6645));
#6647=FACE_BOUND('',#6646,.T.);
#6648=ADVANCED_FACE('',(#6647),#6635,.T.);
#6649=CARTESIAN_POINT('',(45.799375,19.036147745,13.055164755));
#6650=DIRECTION('',(-1.,0.,0.));
#6651=DIRECTION('',(0.,0.,1.));
#6652=AXIS2_PLACEMENT_3D('',#6649,#6650,#6651);
#6653=CYLINDRICAL_SURFACE('',#6652,0.359210245);
#6654=ORIENTED_EDGE('',*,*,#5046,.F.);
#6655=CARTESIAN_POINT('',(44.253585245,19.036147745,13.055164755));
#6656=DIRECTION('',(-1.,0.,0.));
#6657=DIRECTION('',(0.,0.,1.));
#6658=AXIS2_PLACEMENT_3D('',#6655,#6656,#6657);
#6659=CIRCLE('',#6658,0.359210245);
#6660=EDGE_CURVE('',#4730,#5033,#6659,.T.);
#6661=ORIENTED_EDGE('',*,*,#6660,.F.);
#6662=ORIENTED_EDGE('',*,*,#4735,.F.);
#6663=ORIENTED_EDGE('',*,*,#6643,.T.);
#6664=EDGE_LOOP('',(#6654,#6661,#6662,#6663));
#6665=FACE_BOUND('',#6664,.T.);
#6666=ADVANCED_FACE('',(#6665),#6653,.T.);
#6667=CARTESIAN_POINT('',(47.165559633,12.305147745,11.859559633));
#6668=DIRECTION('',(0.,-1.,0.));
#6669=DIRECTION('',(0.,0.,-1.));
#6670=AXIS2_PLACEMENT_3D('',#6667,#6668,#6669);
#6671=TOROIDAL_SURFACE('',#6670,1.195605122,0.359210245);
#6672=ORIENTED_EDGE('',*,*,#1147,.F.);
#6673=ORIENTED_EDGE('',*,*,#5984,.F.);
#6674=CARTESIAN_POINT('',(47.165559633,12.305147745,13.055164755));
#6675=DIRECTION('',(-1.,0.,0.));
#6676=DIRECTION('',(0.,0.,1.));
#6677=AXIS2_PLACEMENT_3D('',#6674,#6675,#6676);
#6678=CIRCLE('',#6677,0.359210245);
#6679=EDGE_CURVE('',#5667,#5949,#6678,.T.);
#6680=ORIENTED_EDGE('',*,*,#6679,.F.);
#6681=ORIENTED_EDGE('',*,*,#5723,.F.);
#6682=EDGE_LOOP('',(#6672,#6673,#6680,#6681));
#6683=FACE_BOUND('',#6682,.T.);
#6684=ADVANCED_FACE('',(#6683),#6671,.T.);
#6685=CARTESIAN_POINT('',(45.799375,12.305147745,13.055164755));
#6686=DIRECTION('',(-1.,0.,0.));
#6687=DIRECTION('',(0.,0.,1.));
#6688=AXIS2_PLACEMENT_3D('',#6685,#6686,#6687);
#6689=CYLINDRICAL_SURFACE('',#6688,0.359210245);
#6690=ORIENTED_EDGE('',*,*,#5954,.F.);
#6691=CARTESIAN_POINT('',(44.253585245,12.305147745,13.055164755));
#6692=DIRECTION('',(-1.,0.,0.));
#6693=DIRECTION('',(0.,0.,1.));
#6694=AXIS2_PLACEMENT_3D('',#6691,#6692,#6693);
#6695=CIRCLE('',#6694,0.359210245);
#6696=EDGE_CURVE('',#5669,#5941,#6695,.T.);
#6697=ORIENTED_EDGE('',*,*,#6696,.F.);
#6698=ORIENTED_EDGE('',*,*,#5674,.F.);
#6699=ORIENTED_EDGE('',*,*,#6679,.T.);
#6700=EDGE_LOOP('',(#6690,#6697,#6698,#6699));
#6701=FACE_BOUND('',#6700,.T.);
#6702=ADVANCED_FACE('',(#6701),#6689,.T.);
#6703=CARTESIAN_POINT('',(47.165559633,14.126727255,11.859559633));
#6704=DIRECTION('',(0.,-1.,0.));
#6705=DIRECTION('',(0.,0.,-1.));
#6706=AXIS2_PLACEMENT_3D('',#6703,#6704,#6705);
#6707=TOROIDAL_SURFACE('',#6706,1.195605122,0.359210245);
#6708=ORIENTED_EDGE('',*,*,#1127,.F.);
#6709=ORIENTED_EDGE('',*,*,#5755,.F.);
#6710=CARTESIAN_POINT('',(47.165559633,14.126727255,13.055164755));
#6711=DIRECTION('',(-1.,0.,0.));
#6712=DIRECTION('',(0.,0.,1.));
#6713=AXIS2_PLACEMENT_3D('',#6710,#6711,#6712);
#6714=CIRCLE('',#6713,0.359210245);
#6715=EDGE_CURVE('',#5931,#5743,#6714,.T.);
#6716=ORIENTED_EDGE('',*,*,#6715,.F.);
#6717=ORIENTED_EDGE('',*,*,#5976,.F.);
#6718=EDGE_LOOP('',(#6708,#6709,#6716,#6717));
#6719=FACE_BOUND('',#6718,.T.);
#6720=ADVANCED_FACE('',(#6719),#6707,.T.);
#6721=CARTESIAN_POINT('',(1.984375,14.126727255,13.055164755));
#6722=DIRECTION('',(1.,0.,0.));
#6723=DIRECTION('',(0.,0.,-1.));
#6724=AXIS2_PLACEMENT_3D('',#6721,#6722,#6723);
#6725=CYLINDRICAL_SURFACE('',#6724,0.359210245);
#6726=ORIENTED_EDGE('',*,*,#5748,.F.);
#6727=CARTESIAN_POINT('',(44.253585245,14.126727255,13.055164755));
#6728=DIRECTION('',(-1.,-0.,-0.));
#6729=DIRECTION('',(0.,0.,-1.));
#6730=AXIS2_PLACEMENT_3D('',#6727,#6728,#6729);
#6731=CIRCLE('',#6730,0.359210245);
#6732=EDGE_CURVE('',#5933,#5735,#6731,.T.);
#6733=ORIENTED_EDGE('',*,*,#6732,.F.);
#6734=ORIENTED_EDGE('',*,*,#5938,.F.);
#6735=ORIENTED_EDGE('',*,*,#6715,.T.);
#6736=EDGE_LOOP('',(#6726,#6733,#6734,#6735));
#6737=FACE_BOUND('',#6736,.T.);
#6738=ADVANCED_FACE('',(#6737),#6725,.T.);
#6739=CARTESIAN_POINT('',(1.984375,7.395727255,13.055164755));
#6740=DIRECTION('',(1.,0.,0.));
#6741=DIRECTION('',(0.,0.,-1.));
#6742=AXIS2_PLACEMENT_3D('',#6739,#6740,#6741);
#6743=CYLINDRICAL_SURFACE('',#6742,0.359210245);
#6744=ORIENTED_EDGE('',*,*,#5294,.F.);
#6745=CARTESIAN_POINT('',(44.253585245,7.395727255,13.055164755));
#6746=DIRECTION('',(-1.,-0.,-0.));
#6747=DIRECTION('',(0.,0.,-1.));
#6748=AXIS2_PLACEMENT_3D('',#6745,#6746,#6747);
#6749=CIRCLE('',#6748,0.359210245);
#6750=EDGE_CURVE('',#5479,#5281,#6749,.T.);
#6751=ORIENTED_EDGE('',*,*,#6750,.F.);
#6752=ORIENTED_EDGE('',*,*,#5484,.F.);
#6753=CARTESIAN_POINT('',(47.165559633,7.395727255,13.055164755));
#6754=DIRECTION('',(1.,0.,0.));
#6755=DIRECTION('',(0.,0.,-1.));
#6756=AXIS2_PLACEMENT_3D('',#6753,#6754,#6755);
#6757=CIRCLE('',#6756,0.359210245);
#6758=EDGE_CURVE('',#5289,#5477,#6757,.T.);
#6759=ORIENTED_EDGE('',*,*,#6758,.F.);
#6760=EDGE_LOOP('',(#6744,#6751,#6752,#6759));
#6761=FACE_BOUND('',#6760,.T.);
#6762=ADVANCED_FACE('',(#6761),#6743,.T.);
#6763=CARTESIAN_POINT('',(47.165559633,7.395727255,11.859559633));
#6764=DIRECTION('',(0.,-1.,0.));
#6765=DIRECTION('',(0.,0.,-1.));
#6766=AXIS2_PLACEMENT_3D('',#6763,#6764,#6765);
#6767=TOROIDAL_SURFACE('',#6766,1.195605122,0.359210245);
#6768=ORIENTED_EDGE('',*,*,#6758,.T.);
#6769=ORIENTED_EDGE('',*,*,#5530,.F.);
#6770=ORIENTED_EDGE('',*,*,#951,.F.);
#6771=ORIENTED_EDGE('',*,*,#5301,.F.);
#6772=EDGE_LOOP('',(#6768,#6769,#6770,#6771));
#6773=FACE_BOUND('',#6772,.T.);
#6774=ADVANCED_FACE('',(#6773),#6767,.T.);
#6775=CARTESIAN_POINT('',(47.165559633,5.574147745,11.859559633));
#6776=DIRECTION('',(0.,-1.,0.));
#6777=DIRECTION('',(0.,0.,-1.));
#6778=AXIS2_PLACEMENT_3D('',#6775,#6776,#6777);
#6779=TOROIDAL_SURFACE('',#6778,1.195605122,0.359210245);
#6780=ORIENTED_EDGE('',*,*,#971,.F.);
#6781=ORIENTED_EDGE('',*,*,#5522,.F.);
#6782=CARTESIAN_POINT('',(47.165559633,5.574147745,13.055164755));
#6783=DIRECTION('',(-1.,0.,0.));
#6784=DIRECTION('',(0.,0.,1.));
#6785=AXIS2_PLACEMENT_3D('',#6782,#6783,#6784);
#6786=CIRCLE('',#6785,0.359210245);
#6787=EDGE_CURVE('',#5213,#5495,#6786,.T.);
#6788=ORIENTED_EDGE('',*,*,#6787,.F.);
#6789=ORIENTED_EDGE('',*,*,#5269,.F.);
#6790=EDGE_LOOP('',(#6780,#6781,#6788,#6789));
#6791=FACE_BOUND('',#6790,.T.);
#6792=ADVANCED_FACE('',(#6791),#6779,.T.);
#6793=CARTESIAN_POINT('',(45.799375,5.574147745,13.055164755));
#6794=DIRECTION('',(-1.,0.,0.));
#6795=DIRECTION('',(0.,0.,1.));
#6796=AXIS2_PLACEMENT_3D('',#6793,#6794,#6795);
#6797=CYLINDRICAL_SURFACE('',#6796,0.359210245);
#6798=ORIENTED_EDGE('',*,*,#5500,.F.);
#6799=CARTESIAN_POINT('',(44.253585245,5.574147745,13.055164755));
#6800=DIRECTION('',(-1.,0.,0.));
#6801=DIRECTION('',(0.,0.,1.));
#6802=AXIS2_PLACEMENT_3D('',#6799,#6800,#6801);
#6803=CIRCLE('',#6802,0.359210245);
#6804=EDGE_CURVE('',#5215,#5487,#6803,.T.);
#6805=ORIENTED_EDGE('',*,*,#6804,.F.);
#6806=ORIENTED_EDGE('',*,*,#5220,.F.);
#6807=ORIENTED_EDGE('',*,*,#6787,.T.);
#6808=EDGE_LOOP('',(#6798,#6805,#6806,#6807));
#6809=FACE_BOUND('',#6808,.T.);
#6810=ADVANCED_FACE('',(#6809),#6797,.T.);
#6811=CARTESIAN_POINT('',(44.253585245,5.574147745,11.636375));
#6812=DIRECTION('',(0.,0.,1.));
#6813=DIRECTION('',(1.,0.,-0.));
#6814=AXIS2_PLACEMENT_3D('',#6811,#6812,#6813);
#6815=CYLINDRICAL_SURFACE('',#6814,0.359210245);
#6816=ORIENTED_EDGE('',*,*,#5171,.F.);
#6817=ORIENTED_EDGE('',*,*,#5226,.F.);
#6818=CARTESIAN_POINT('',(44.253585245,5.574147745,13.055164755));
#6819=DIRECTION('',(0.,0.,1.));
#6820=DIRECTION('',(1.,0.,-0.));
#6821=AXIS2_PLACEMENT_3D('',#6818,#6819,#6820);
#6822=CIRCLE('',#6821,0.359210245);
#6823=EDGE_CURVE('',#5182,#5215,#6822,.T.);
#6824=ORIENTED_EDGE('',*,*,#6823,.F.);
#6825=ORIENTED_EDGE('',*,*,#5202,.F.);
#6826=EDGE_LOOP('',(#6816,#6817,#6824,#6825));
#6827=FACE_BOUND('',#6826,.T.);
#6828=ADVANCED_FACE('',(#6827),#6815,.T.);
#6829=CARTESIAN_POINT('',(44.253585245,1.7859375,13.055164755));
#6830=DIRECTION('',(0.,-1.,0.));
#6831=DIRECTION('',(0.,0.,-1.));
#6832=AXIS2_PLACEMENT_3D('',#6829,#6830,#6831);
#6833=CYLINDRICAL_SURFACE('',#6832,0.359210245);
#6834=CARTESIAN_POINT('',(44.253585245,5.574147745,13.055164755));
#6835=DIRECTION('',(-0.,1.,-0.));
#6836=DIRECTION('',(0.,0.,-1.));
#6837=AXIS2_PLACEMENT_3D('',#6834,#6835,#6836);
#6838=CIRCLE('',#6837,0.359210245);
#6839=EDGE_CURVE('',#5182,#5487,#6838,.T.);
#6840=ORIENTED_EDGE('',*,*,#6839,.T.);
#6841=ORIENTED_EDGE('',*,*,#5492,.F.);
#6842=CARTESIAN_POINT('',(44.253585245,7.395727255,13.055164755));
#6843=DIRECTION('',(-0.,1.,-0.));
#6844=DIRECTION('',(0.,0.,-1.));
#6845=AXIS2_PLACEMENT_3D('',#6842,#6843,#6844);
#6846=CIRCLE('',#6845,0.359210245);
#6847=EDGE_CURVE('',#5184,#5479,#6846,.T.);
#6848=ORIENTED_EDGE('',*,*,#6847,.F.);
#6849=ORIENTED_EDGE('',*,*,#5189,.F.);
#6850=EDGE_LOOP('',(#6840,#6841,#6848,#6849));
#6851=FACE_BOUND('',#6850,.T.);
#6852=ADVANCED_FACE('',(#6851),#6833,.T.);
#6853=CARTESIAN_POINT('',(44.253585245,7.395727255,11.636375));
#6854=DIRECTION('',(0.,0.,-1.));
#6855=DIRECTION('',(-1.,0.,0.));
#6856=AXIS2_PLACEMENT_3D('',#6853,#6854,#6855);
#6857=CYLINDRICAL_SURFACE('',#6856,0.359210245);
#6858=ORIENTED_EDGE('',*,*,#5140,.F.);
#6859=ORIENTED_EDGE('',*,*,#5195,.F.);
#6860=CARTESIAN_POINT('',(44.253585245,7.395727255,13.055164755));
#6861=DIRECTION('',(0.,0.,-1.));
#6862=DIRECTION('',(-1.,0.,0.));
#6863=AXIS2_PLACEMENT_3D('',#6860,#6861,#6862);
#6864=CIRCLE('',#6863,0.359210245);
#6865=EDGE_CURVE('',#5184,#5281,#6864,.T.);
#6866=ORIENTED_EDGE('',*,*,#6865,.T.);
#6867=ORIENTED_EDGE('',*,*,#5286,.F.);
#6868=EDGE_LOOP('',(#6858,#6859,#6866,#6867));
#6869=FACE_BOUND('',#6868,.T.);
#6870=ADVANCED_FACE('',(#6869),#6857,.T.);
#6871=CARTESIAN_POINT('',(43.898399696,5.562381871,13.002204344));
#6872=CARTESIAN_POINT('',(43.898268437,5.550880597,13.005704357));
#6873=CARTESIAN_POINT('',(43.899179589,5.528071507,13.01261744));
#6874=CARTESIAN_POINT('',(43.905707428,5.483649512,13.025714934));
#6875=CARTESIAN_POINT('',(43.921956269,5.431223205,13.040075085));
#6876=CARTESIAN_POINT('',(43.954376164,5.371435039,13.051919889));
#6877=CARTESIAN_POINT('',(43.99832402,5.318323345,13.056313159));
#6878=CARTESIAN_POINT('',(44.051059255,5.27489979,13.0514305));
#6879=CARTESIAN_POINT('',(44.129732004,5.232129519,13.035042112));
#6880=CARTESIAN_POINT('',(44.194555259,5.218739923,13.014798797));
#6881=CARTESIAN_POINT('',(44.240042628,5.219231545,13.000187499));
#6882=CARTESIAN_POINT('',(43.895160853,5.567468904,13.023756042));
#6883=CARTESIAN_POINT('',(43.895080554,5.555949666,13.027332257));
#6884=CARTESIAN_POINT('',(43.896088055,5.533087447,13.03440918));
#6885=CARTESIAN_POINT('',(43.902842151,5.48831295,13.048041362));
#6886=CARTESIAN_POINT('',(43.919627193,5.434390514,13.063130684));
#6887=CARTESIAN_POINT('',(43.953250577,5.372565283,13.075412364));
#6888=CARTESIAN_POINT('',(43.998659774,5.317949034,13.07995765));
#6889=CARTESIAN_POINT('',(44.05262688,5.273442568,13.075098189));
#6890=CARTESIAN_POINT('',(44.133576001,5.229464616,13.058176085));
#6891=CARTESIAN_POINT('',(44.200042578,5.215566759,13.036860384));
#6892=CARTESIAN_POINT('',(44.245732741,5.215892402,13.021944457));
#6893=CARTESIAN_POINT('',(43.892478335,5.576747645,13.066845978));
#6894=CARTESIAN_POINT('',(43.892527944,5.565371162,13.070488582));
#6895=CARTESIAN_POINT('',(43.893804554,5.542718777,13.077851826));
#6896=CARTESIAN_POINT('',(43.900985351,5.497518083,13.092433416));
#6897=CARTESIAN_POINT('',(43.918786358,5.441358551,13.108783644));
#6898=CARTESIAN_POINT('',(43.954283666,5.377130927,13.122015492));
#6899=CARTESIAN_POINT('',(44.001601865,5.320343364,13.126772561));
#6900=CARTESIAN_POINT('',(44.05760616,5.273918331,13.1217567));
#6901=CARTESIAN_POINT('',(44.141576045,5.227777226,13.103666663));
#6902=CARTESIAN_POINT('',(44.210670039,5.21314304,13.080478927));
#6903=CARTESIAN_POINT('',(44.25625578,5.212981232,13.06503757));
#6904=CARTESIAN_POINT('',(43.901065214,5.59006292,13.132899345));
#6905=CARTESIAN_POINT('',(43.901295391,5.578354225,13.136165051));
#6906=CARTESIAN_POINT('',(43.90289188,5.555145752,13.142800032));
#6907=CARTESIAN_POINT('',(43.910788213,5.50975292,13.156762969));
#6908=CARTESIAN_POINT('',(43.92969472,5.454356931,13.174155259));
#6909=CARTESIAN_POINT('',(43.966237669,5.39067816,13.188680461));
#6910=CARTESIAN_POINT('',(44.0142736,5.333327511,13.193722896));
#6911=CARTESIAN_POINT('',(44.070962816,5.285495154,13.188144309));
#6912=CARTESIAN_POINT('',(44.154908769,5.237378412,13.167652691));
#6913=CARTESIAN_POINT('',(44.222758906,5.222066694,13.143750773));
#6914=CARTESIAN_POINT('',(44.269674927,5.22126199,13.131284562));
#6915=CARTESIAN_POINT('',(43.92143283,5.610351232,13.193217822));
#6916=CARTESIAN_POINT('',(43.921896419,5.598319018,13.196850187));
#6917=CARTESIAN_POINT('',(43.92391765,5.574557901,13.204138489));
#6918=CARTESIAN_POINT('',(43.932558498,5.52847315,13.21882033));
#6919=CARTESIAN_POINT('',(43.952268064,5.473867869,13.236267726));
#6920=CARTESIAN_POINT('',(43.988961924,5.412136856,13.251403604));
#6921=CARTESIAN_POINT('',(44.036547247,5.355914662,13.256723465));
#6922=CARTESIAN_POINT('',(44.092106094,5.308188341,13.250658424));
#6923=CARTESIAN_POINT('',(44.173574315,5.259380548,13.229424528));
#6924=CARTESIAN_POINT('',(44.24214917,5.242843345,13.205731166));
#6925=CARTESIAN_POINT('',(44.290613397,5.241455205,13.191708595));
#6926=CARTESIAN_POINT('',(43.96031334,5.645204611,13.261349401));
#6927=CARTESIAN_POINT('',(43.961456058,5.63334622,13.265793583));
#6928=CARTESIAN_POINT('',(43.964713029,5.610006918,13.274511264));
#6929=CARTESIAN_POINT('',(43.975044429,5.564900199,13.291090121));
#6930=CARTESIAN_POINT('',(43.995386234,5.51168378,13.309956111));
#6931=CARTESIAN_POINT('',(44.032752515,5.452178922,13.325843816));
#6932=CARTESIAN_POINT('',(44.079240503,5.398735394,13.331334506));
#6933=CARTESIAN_POINT('',(44.132146601,5.35201293,13.325342133));
#6934=CARTESIAN_POINT('',(44.210616983,5.302436365,13.303331542));
#6935=CARTESIAN_POINT('',(44.278061229,5.284432977,13.277539809));
#6936=CARTESIAN_POINT('',(44.326779606,5.27990166,13.259666853));
#6937=CARTESIAN_POINT('',(44.022360016,5.702191404,13.318136983));
#6938=CARTESIAN_POINT('',(44.024665269,5.691128289,13.323501187));
#6939=CARTESIAN_POINT('',(44.030159176,5.66936882,13.333935338));
#6940=CARTESIAN_POINT('',(44.044796253,5.627335371,13.353649105));
#6941=CARTESIAN_POINT('',(44.069996668,5.577056621,13.375393708));
#6942=CARTESIAN_POINT('',(44.109377134,5.522649723,13.392585124));
#6943=CARTESIAN_POINT('',(44.154039469,5.473755364,13.398063361));
#6944=CARTESIAN_POINT('',(44.203425966,5.42869124,13.392185369));
#6945=CARTESIAN_POINT('',(44.27659099,5.375666945,13.368615345));
#6946=CARTESIAN_POINT('',(44.340447074,5.350325508,13.337511927));
#6947=CARTESIAN_POINT('',(44.385994574,5.341100022,13.315512347));
#6948=CARTESIAN_POINT('',(44.077192987,5.759798842,13.334356247));
#6949=CARTESIAN_POINT('',(44.08017136,5.749079531,13.33989548));
#6950=CARTESIAN_POINT('',(44.086965652,5.727989337,13.350609282));
#6951=CARTESIAN_POINT('',(44.103884817,5.687213028,13.370455601));
#6952=CARTESIAN_POINT('',(44.131186903,5.639174759,13.391936797));
#6953=CARTESIAN_POINT('',(44.173800778,5.587365492,13.410072006));
#6954=CARTESIAN_POINT('',(44.22149334,5.540039407,13.416591691));
#6955=CARTESIAN_POINT('',(44.268729174,5.492151923,13.409511806));
#6956=CARTESIAN_POINT('',(44.337601577,5.435189711,13.384482708));
#6957=CARTESIAN_POINT('',(44.398598365,5.40763095,13.35415836));
#6958=CARTESIAN_POINT('',(44.442654566,5.395711361,13.331105752));
#6959=CARTESIAN_POINT('',(44.105263231,5.789416666,13.335447718));
#6960=CARTESIAN_POINT('',(44.108542846,5.778847887,13.341041434));
#6961=CARTESIAN_POINT('',(44.115931862,5.758054494,13.351853461));
#6962=CARTESIAN_POINT('',(44.134010301,5.717883874,13.371860634));
#6963=CARTESIAN_POINT('',(44.162839708,5.670543094,13.393365292));
#6964=CARTESIAN_POINT('',(44.206714452,5.619619248,13.410591875));
#6965=CARTESIAN_POINT('',(44.254859077,5.573529093,13.416391726));
#6966=CARTESIAN_POINT('',(44.30104857,5.525299873,13.410103691));
#6967=CARTESIAN_POINT('',(44.368911312,5.46624097,13.386191125));
#6968=CARTESIAN_POINT('',(44.428663823,5.436733824,13.355282244));
#6969=CARTESIAN_POINT('',(44.471906494,5.423703334,13.331968009));
#6970=B_SPLINE_SURFACE_WITH_KNOTS('',3,3,((#6871,#6872,#6873,#6874,#6875,#6876,#6877,#6878,#6879,#6880,#6881),(#6882,#6883,#6884,#6885,#6886,#6887,#6888,#6889,#6890,#6891,#6892),(#6893,#6894,#6895,#6896,#6897,#6898,#6899,#6900,#6901,#6902,#6903),(#6904,#6905,#6906,#6907,#6908,#6909,#6910,#6911,#6912,#6913,#6914),(#6915,#6916,#6917,#6918,#6919,#6920,#6921,#6922,#6923,#6924,#6925),(#6926,#6927,#6928,#6929,#6930,#6931,#6932,#6933,#6934,#6935,#6936),(#6937,#6938,#6939,#6940,#6941,#6942,#6943,#6944,#6945,#6946,#6947),(#6948,#6949,#6950,#6951,#6952,#6953,#6954,#6955,#6956,#6957,#6958),(#6959,#6960,#6961,#6962,#6963,#6964,#6965,#6966,#6967,#6968,#6969)),.UNSPECIFIED.,.F.,.F.,.U.,(4,1,1,1,1,1,4),(4,1,1,1,1,1,1,1,4),(-0.000206916,-0.000145756,-0.000082854,-0.000019951,0.000042952,0.000168757,0.000294562),(-0.000254797,-0.0002229,-0.000190992,-0.000127175,-0.000063357,0.00000046,0.000064277,0.000128094,0.000255729),.UNSPECIFIED.);
#6971=ORIENTED_EDGE('',*,*,#6804,.T.);
#6972=ORIENTED_EDGE('',*,*,#6839,.F.);
#6973=ORIENTED_EDGE('',*,*,#6823,.T.);
#6974=EDGE_LOOP('',(#6971,#6972,#6973));
#6975=FACE_BOUND('',#6974,.T.);
#6976=ADVANCED_FACE('',(#6975),#6970,.F.);
#6977=CARTESIAN_POINT('',(44.241819371,7.750912804,13.002204344));
#6978=CARTESIAN_POINT('',(44.230318097,7.751044063,13.005704357));
#6979=CARTESIAN_POINT('',(44.207509007,7.750132911,13.01261744));
#6980=CARTESIAN_POINT('',(44.163087012,7.743605072,13.025714934));
#6981=CARTESIAN_POINT('',(44.110660705,7.727356231,13.040075085));
#6982=CARTESIAN_POINT('',(44.050872539,7.694936336,13.051919889));
#6983=CARTESIAN_POINT('',(43.997760845,7.65098848,13.056313159));
#6984=CARTESIAN_POINT('',(43.95433729,7.598253245,13.0514305));
#6985=CARTESIAN_POINT('',(43.911567019,7.519580496,13.035042112));
#6986=CARTESIAN_POINT('',(43.898177423,7.454757241,13.014798797));
#6987=CARTESIAN_POINT('',(43.898669045,7.409269872,13.000187499));
#6988=CARTESIAN_POINT('',(44.246906404,7.754151647,13.023756042));
#6989=CARTESIAN_POINT('',(44.235387166,7.754231946,13.027332257));
#6990=CARTESIAN_POINT('',(44.212524947,7.753224445,13.03440918));
#6991=CARTESIAN_POINT('',(44.16775045,7.746470349,13.048041362));
#6992=CARTESIAN_POINT('',(44.113828014,7.729685307,13.063130684));
#6993=CARTESIAN_POINT('',(44.052002783,7.696061923,13.075412364));
#6994=CARTESIAN_POINT('',(43.997386534,7.650652726,13.07995765));
#6995=CARTESIAN_POINT('',(43.952880068,7.59668562,13.075098189));
#6996=CARTESIAN_POINT('',(43.908902116,7.515736499,13.058176085));
#6997=CARTESIAN_POINT('',(43.895004259,7.449269922,13.036860384));
#6998=CARTESIAN_POINT('',(43.895329902,7.403579759,13.021944457));
#6999=CARTESIAN_POINT('',(44.256185145,7.756834165,13.066845978));
#7000=CARTESIAN_POINT('',(44.244808662,7.756784556,13.070488582));
#7001=CARTESIAN_POINT('',(44.222156277,7.755507946,13.077851826));
#7002=CARTESIAN_POINT('',(44.176955583,7.748327149,13.092433416));
#7003=CARTESIAN_POINT('',(44.120796051,7.730526142,13.108783644));
#7004=CARTESIAN_POINT('',(44.056568427,7.695028834,13.122015492));
#7005=CARTESIAN_POINT('',(43.999780864,7.647710635,13.126772561));
#7006=CARTESIAN_POINT('',(43.953355831,7.59170634,13.1217567));
#7007=CARTESIAN_POINT('',(43.907214726,7.507736455,13.103666663));
#7008=CARTESIAN_POINT('',(43.89258054,7.438642461,13.080478927));
#7009=CARTESIAN_POINT('',(43.892418732,7.39305672,13.06503757));
#7010=CARTESIAN_POINT('',(44.26950042,7.748247286,13.132899345));
#7011=CARTESIAN_POINT('',(44.257791725,7.748017109,13.136165051));
#7012=CARTESIAN_POINT('',(44.234583252,7.74642062,13.142800032));
#7013=CARTESIAN_POINT('',(44.18919042,7.738524287,13.156762969));
#7014=CARTESIAN_POINT('',(44.133794431,7.71961778,13.174155259));
#7015=CARTESIAN_POINT('',(44.07011566,7.683074831,13.188680461));
#7016=CARTESIAN_POINT('',(44.012765011,7.6350389,13.193722896));
#7017=CARTESIAN_POINT('',(43.964932654,7.578349684,13.188144309));
#7018=CARTESIAN_POINT('',(43.916815912,7.494403731,13.167652691));
#7019=CARTESIAN_POINT('',(43.901504194,7.426553594,13.143750773));
#7020=CARTESIAN_POINT('',(43.90069949,7.379637573,13.131284562));
#7021=CARTESIAN_POINT('',(44.289788732,7.72787967,13.193217822));
#7022=CARTESIAN_POINT('',(44.277756518,7.727416081,13.196850187));
#7023=CARTESIAN_POINT('',(44.253995401,7.72539485,13.204138489));
#7024=CARTESIAN_POINT('',(44.20791065,7.716754002,13.21882033));
#7025=CARTESIAN_POINT('',(44.153305369,7.697044436,13.236267726));
#7026=CARTESIAN_POINT('',(44.091574356,7.660350576,13.251403604));
#7027=CARTESIAN_POINT('',(44.035352162,7.612765253,13.256723465));
#7028=CARTESIAN_POINT('',(43.987625841,7.557206406,13.250658424));
#7029=CARTESIAN_POINT('',(43.938818048,7.475738185,13.229424528));
#7030=CARTESIAN_POINT('',(43.922280845,7.40716333,13.205731166));
#7031=CARTESIAN_POINT('',(43.920892705,7.358699103,13.191708595));
#7032=CARTESIAN_POINT('',(44.324642111,7.68899916,13.261349401));
#7033=CARTESIAN_POINT('',(44.31278372,7.687856442,13.265793583));
#7034=CARTESIAN_POINT('',(44.289444418,7.684599471,13.274511264));
#7035=CARTESIAN_POINT('',(44.244337699,7.674268071,13.291090121));
#7036=CARTESIAN_POINT('',(44.19112128,7.653926266,13.309956111));
#7037=CARTESIAN_POINT('',(44.131616422,7.616559985,13.325843816));
#7038=CARTESIAN_POINT('',(44.078172894,7.570071997,13.331334506));
#7039=CARTESIAN_POINT('',(44.03145043,7.517165899,13.325342133));
#7040=CARTESIAN_POINT('',(43.981873865,7.438695517,13.303331542));
#7041=CARTESIAN_POINT('',(43.963870477,7.371251271,13.277539809));
#7042=CARTESIAN_POINT('',(43.95933916,7.322532894,13.259666853));
#7043=CARTESIAN_POINT('',(44.381628904,7.626952484,13.318136983));
#7044=CARTESIAN_POINT('',(44.370565789,7.624647231,13.323501187));
#7045=CARTESIAN_POINT('',(44.34880632,7.619153324,13.333935338));
#7046=CARTESIAN_POINT('',(44.306772871,7.604516247,13.353649105));
#7047=CARTESIAN_POINT('',(44.256494121,7.579315832,13.375393708));
#7048=CARTESIAN_POINT('',(44.202087223,7.539935366,13.392585124));
#7049=CARTESIAN_POINT('',(44.153192864,7.495273031,13.398063361));
#7050=CARTESIAN_POINT('',(44.10812874,7.445886534,13.392185369));
#7051=CARTESIAN_POINT('',(44.055104445,7.37272151,13.368615345));
#7052=CARTESIAN_POINT('',(44.029763008,7.308865426,13.337511927));
#7053=CARTESIAN_POINT('',(44.020537522,7.263317926,13.315512347));
#7054=CARTESIAN_POINT('',(44.439236342,7.572119513,13.334356247));
#7055=CARTESIAN_POINT('',(44.428517031,7.56914114,13.33989548));
#7056=CARTESIAN_POINT('',(44.407426837,7.562346848,13.350609282));
#7057=CARTESIAN_POINT('',(44.366650528,7.545427683,13.370455601));
#7058=CARTESIAN_POINT('',(44.318612259,7.518125597,13.391936797));
#7059=CARTESIAN_POINT('',(44.266802992,7.475511722,13.410072006));
#7060=CARTESIAN_POINT('',(44.219476907,7.42781916,13.416591691));
#7061=CARTESIAN_POINT('',(44.171589423,7.380583326,13.409511806));
#7062=CARTESIAN_POINT('',(44.114627211,7.311710923,13.384482708));
#7063=CARTESIAN_POINT('',(44.08706845,7.250714135,13.35415836));
#7064=CARTESIAN_POINT('',(44.075148861,7.206657934,13.331105752));
#7065=CARTESIAN_POINT('',(44.468854166,7.544049269,13.335447718));
#7066=CARTESIAN_POINT('',(44.458285387,7.540769654,13.341041434));
#7067=CARTESIAN_POINT('',(44.437491994,7.533380638,13.351853461));
#7068=CARTESIAN_POINT('',(44.397321374,7.515302199,13.371860634));
#7069=CARTESIAN_POINT('',(44.349980594,7.486472792,13.393365292));
#7070=CARTESIAN_POINT('',(44.299056748,7.442598048,13.410591875));
#7071=CARTESIAN_POINT('',(44.252966593,7.394453423,13.416391726));
#7072=CARTESIAN_POINT('',(44.204737373,7.34826393,13.410103691));
#7073=CARTESIAN_POINT('',(44.14567847,7.280401188,13.386191125));
#7074=CARTESIAN_POINT('',(44.116171324,7.220648677,13.355282244));
#7075=CARTESIAN_POINT('',(44.103140834,7.177406006,13.331968009));
#7076=B_SPLINE_SURFACE_WITH_KNOTS('',3,3,((#6977,#6978,#6979,#6980,#6981,#6982,#6983,#6984,#6985,#6986,#6987),(#6988,#6989,#6990,#6991,#6992,#6993,#6994,#6995,#6996,#6997,#6998),(#6999,#7000,#7001,#7002,#7003,#7004,#7005,#7006,#7007,#7008,#7009),(#7010,#7011,#7012,#7013,#7014,#7015,#7016,#7017,#7018,#7019,#7020),(#7021,#7022,#7023,#7024,#7025,#7026,#7027,#7028,#7029,#7030,#7031),(#7032,#7033,#7034,#7035,#7036,#7037,#7038,#7039,#7040,#7041,#7042),(#7043,#7044,#7045,#7046,#7047,#7048,#7049,#7050,#7051,#7052,#7053),(#7054,#7055,#7056,#7057,#7058,#7059,#7060,#7061,#7062,#7063,#7064),(#7065,#7066,#7067,#7068,#7069,#7070,#7071,#7072,#7073,#7074,#7075)),.UNSPECIFIED.,.F.,.F.,.U.,(4,1,1,1,1,1,4),(4,1,1,1,1,1,1,1,4),(-0.000206916,-0.000145756,-0.000082854,-0.000019951,0.000042952,0.000168757,0.000294562),(-0.000254797,-0.0002229,-0.000190992,-0.000127175,-0.000063357,0.00000046,0.000064277,0.000128094,0.000255729),.UNSPECIFIED.);
#7077=ORIENTED_EDGE('',*,*,#6750,.T.);
#7078=ORIENTED_EDGE('',*,*,#6865,.F.);
#7079=ORIENTED_EDGE('',*,*,#6847,.T.);
#7080=EDGE_LOOP('',(#7077,#7078,#7079));
#7081=FACE_BOUND('',#7080,.T.);
#7082=ADVANCED_FACE('',(#7081),#7076,.F.);
#7083=CARTESIAN_POINT('',(44.253585245,19.036147745,11.636375));
#7084=DIRECTION('',(0.,0.,1.));
#7085=DIRECTION('',(1.,0.,-0.));
#7086=AXIS2_PLACEMENT_3D('',#7083,#7084,#7085);
#7087=CYLINDRICAL_SURFACE('',#7086,0.359210245);
#7088=ORIENTED_EDGE('',*,*,#4717,.F.);
#7089=ORIENTED_EDGE('',*,*,#4741,.F.);
#7090=CARTESIAN_POINT('',(44.253585245,19.036147745,13.055164755));
#7091=DIRECTION('',(0.,0.,1.));
#7092=DIRECTION('',(1.,0.,-0.));
#7093=AXIS2_PLACEMENT_3D('',#7090,#7091,#7092);
#7094=CIRCLE('',#7093,0.359210245);
#7095=EDGE_CURVE('',#4862,#4730,#7094,.T.);
#7096=ORIENTED_EDGE('',*,*,#7095,.F.);
#7097=ORIENTED_EDGE('',*,*,#4882,.F.);
#7098=EDGE_LOOP('',(#7088,#7089,#7096,#7097));
#7099=FACE_BOUND('',#7098,.T.);
#7100=ADVANCED_FACE('',(#7099),#7087,.T.);
#7101=CARTESIAN_POINT('',(44.253585245,1.7859375,13.055164755));
#7102=DIRECTION('',(0.,-1.,0.));
#7103=DIRECTION('',(0.,0.,-1.));
#7104=AXIS2_PLACEMENT_3D('',#7101,#7102,#7103);
#7105=CYLINDRICAL_SURFACE('',#7104,0.359210245);
#7106=CARTESIAN_POINT('',(44.253585245,19.036147745,13.055164755));
#7107=DIRECTION('',(-0.,1.,-0.));
#7108=DIRECTION('',(0.,0.,-1.));
#7109=AXIS2_PLACEMENT_3D('',#7106,#7107,#7108);
#7110=CIRCLE('',#7109,0.359210245);
#7111=EDGE_CURVE('',#4862,#5033,#7110,.T.);
#7112=ORIENTED_EDGE('',*,*,#7111,.T.);
#7113=ORIENTED_EDGE('',*,*,#5038,.F.);
#7114=CARTESIAN_POINT('',(44.253585245,20.857727255,13.055164755));
#7115=DIRECTION('',(-0.,1.,-0.));
#7116=DIRECTION('',(0.,0.,-1.));
#7117=AXIS2_PLACEMENT_3D('',#7114,#7115,#7116);
#7118=CIRCLE('',#7117,0.359210245);
#7119=EDGE_CURVE('',#4864,#5025,#7118,.T.);
#7120=ORIENTED_EDGE('',*,*,#7119,.F.);
#7121=ORIENTED_EDGE('',*,*,#4869,.F.);
#7122=EDGE_LOOP('',(#7112,#7113,#7120,#7121));
#7123=FACE_BOUND('',#7122,.T.);
#7124=ADVANCED_FACE('',(#7123),#7105,.T.);
#7125=CARTESIAN_POINT('',(44.253585245,20.857727255,11.636375));
#7126=DIRECTION('',(0.,0.,-1.));
#7127=DIRECTION('',(-1.,0.,0.));
#7128=AXIS2_PLACEMENT_3D('',#7125,#7126,#7127);
#7129=CYLINDRICAL_SURFACE('',#7128,0.359210245);
#7130=ORIENTED_EDGE('',*,*,#4686,.F.);
#7131=ORIENTED_EDGE('',*,*,#4875,.F.);
#7132=CARTESIAN_POINT('',(44.253585245,20.857727255,13.055164755));
#7133=DIRECTION('',(0.,0.,-1.));
#7134=DIRECTION('',(-1.,0.,0.));
#7135=AXIS2_PLACEMENT_3D('',#7132,#7133,#7134);
#7136=CIRCLE('',#7135,0.359210245);
#7137=EDGE_CURVE('',#4864,#4796,#7136,.T.);
#7138=ORIENTED_EDGE('',*,*,#7137,.T.);
#7139=ORIENTED_EDGE('',*,*,#4801,.F.);
#7140=EDGE_LOOP('',(#7130,#7131,#7138,#7139));
#7141=FACE_BOUND('',#7140,.T.);
#7142=ADVANCED_FACE('',(#7141),#7129,.T.);
#7143=CARTESIAN_POINT('',(43.898399696,19.024381871,13.002204344));
#7144=CARTESIAN_POINT('',(43.898268437,19.012880597,13.005704357));
#7145=CARTESIAN_POINT('',(43.899179589,18.990071507,13.01261744));
#7146=CARTESIAN_POINT('',(43.905707428,18.945649512,13.025714934));
#7147=CARTESIAN_POINT('',(43.921956269,18.893223205,13.040075085));
#7148=CARTESIAN_POINT('',(43.954376164,18.833435039,13.051919889));
#7149=CARTESIAN_POINT('',(43.99832402,18.780323345,13.056313159));
#7150=CARTESIAN_POINT('',(44.051059255,18.73689979,13.0514305));
#7151=CARTESIAN_POINT('',(44.129732004,18.694129519,13.035042112));
#7152=CARTESIAN_POINT('',(44.194555259,18.680739923,13.014798797));
#7153=CARTESIAN_POINT('',(44.240042628,18.681231545,13.000187499));
#7154=CARTESIAN_POINT('',(43.895160853,19.029468904,13.023756042));
#7155=CARTESIAN_POINT('',(43.895080554,19.017949666,13.027332257));
#7156=CARTESIAN_POINT('',(43.896088055,18.995087447,13.03440918));
#7157=CARTESIAN_POINT('',(43.902842151,18.95031295,13.048041362));
#7158=CARTESIAN_POINT('',(43.919627193,18.896390514,13.063130684));
#7159=CARTESIAN_POINT('',(43.953250577,18.834565283,13.075412364));
#7160=CARTESIAN_POINT('',(43.998659774,18.779949034,13.07995765));
#7161=CARTESIAN_POINT('',(44.05262688,18.735442568,13.075098189));
#7162=CARTESIAN_POINT('',(44.133576001,18.691464616,13.058176085));
#7163=CARTESIAN_POINT('',(44.200042578,18.677566759,13.036860384));
#7164=CARTESIAN_POINT('',(44.245732741,18.677892402,13.021944457));
#7165=CARTESIAN_POINT('',(43.892478335,19.038747645,13.066845978));
#7166=CARTESIAN_POINT('',(43.892527944,19.027371162,13.070488582));
#7167=CARTESIAN_POINT('',(43.893804554,19.004718777,13.077851826));
#7168=CARTESIAN_POINT('',(43.900985351,18.959518083,13.092433416));
#7169=CARTESIAN_POINT('',(43.918786358,18.903358551,13.108783644));
#7170=CARTESIAN_POINT('',(43.954283666,18.839130927,13.122015492));
#7171=CARTESIAN_POINT('',(44.001601865,18.782343364,13.126772561));
#7172=CARTESIAN_POINT('',(44.05760616,18.735918331,13.1217567));
#7173=CARTESIAN_POINT('',(44.141576045,18.689777226,13.103666663));
#7174=CARTESIAN_POINT('',(44.210670039,18.67514304,13.080478927));
#7175=CARTESIAN_POINT('',(44.25625578,18.674981232,13.06503757));
#7176=CARTESIAN_POINT('',(43.901065214,19.05206292,13.132899345));
#7177=CARTESIAN_POINT('',(43.901295391,19.040354225,13.136165051));
#7178=CARTESIAN_POINT('',(43.90289188,19.017145752,13.142800032));
#7179=CARTESIAN_POINT('',(43.910788213,18.97175292,13.156762969));
#7180=CARTESIAN_POINT('',(43.92969472,18.916356931,13.174155259));
#7181=CARTESIAN_POINT('',(43.966237669,18.85267816,13.188680461));
#7182=CARTESIAN_POINT('',(44.0142736,18.795327511,13.193722896));
#7183=CARTESIAN_POINT('',(44.070962816,18.747495154,13.188144309));
#7184=CARTESIAN_POINT('',(44.154908769,18.699378412,13.167652691));
#7185=CARTESIAN_POINT('',(44.222758906,18.684066694,13.143750773));
#7186=CARTESIAN_POINT('',(44.269674927,18.68326199,13.131284562));
#7187=CARTESIAN_POINT('',(43.92143283,19.072351232,13.193217822));
#7188=CARTESIAN_POINT('',(43.921896419,19.060319018,13.196850187));
#7189=CARTESIAN_POINT('',(43.92391765,19.036557901,13.204138489));
#7190=CARTESIAN_POINT('',(43.932558498,18.99047315,13.21882033));
#7191=CARTESIAN_POINT('',(43.952268064,18.935867869,13.236267726));
#7192=CARTESIAN_POINT('',(43.988961924,18.874136856,13.251403604));
#7193=CARTESIAN_POINT('',(44.036547247,18.817914662,13.256723465));
#7194=CARTESIAN_POINT('',(44.092106094,18.770188341,13.250658424));
#7195=CARTESIAN_POINT('',(44.173574315,18.721380548,13.229424528));
#7196=CARTESIAN_POINT('',(44.24214917,18.704843345,13.205731166));
#7197=CARTESIAN_POINT('',(44.290613397,18.703455205,13.191708595));
#7198=CARTESIAN_POINT('',(43.96031334,19.107204611,13.261349401));
#7199=CARTESIAN_POINT('',(43.961456058,19.09534622,13.265793583));
#7200=CARTESIAN_POINT('',(43.964713029,19.072006918,13.274511264));
#7201=CARTESIAN_POINT('',(43.975044429,19.026900199,13.291090121));
#7202=CARTESIAN_POINT('',(43.995386234,18.97368378,13.309956111));
#7203=CARTESIAN_POINT('',(44.032752515,18.914178922,13.325843816));
#7204=CARTESIAN_POINT('',(44.079240503,18.860735394,13.331334506));
#7205=CARTESIAN_POINT('',(44.132146601,18.81401293,13.325342133));
#7206=CARTESIAN_POINT('',(44.210616983,18.764436365,13.303331542));
#7207=CARTESIAN_POINT('',(44.278061229,18.746432977,13.277539809));
#7208=CARTESIAN_POINT('',(44.326779606,18.74190166,13.259666853));
#7209=CARTESIAN_POINT('',(44.022360016,19.164191404,13.318136983));
#7210=CARTESIAN_POINT('',(44.024665269,19.153128289,13.323501187));
#7211=CARTESIAN_POINT('',(44.030159176,19.13136882,13.333935338));
#7212=CARTESIAN_POINT('',(44.044796253,19.089335371,13.353649105));
#7213=CARTESIAN_POINT('',(44.069996668,19.039056621,13.375393708));
#7214=CARTESIAN_POINT('',(44.109377134,18.984649723,13.392585124));
#7215=CARTESIAN_POINT('',(44.154039469,18.935755364,13.398063361));
#7216=CARTESIAN_POINT('',(44.203425966,18.89069124,13.392185369));
#7217=CARTESIAN_POINT('',(44.27659099,18.837666945,13.368615345));
#7218=CARTESIAN_POINT('',(44.340447074,18.812325508,13.337511927));
#7219=CARTESIAN_POINT('',(44.385994574,18.803100022,13.315512347));
#7220=CARTESIAN_POINT('',(44.077192987,19.221798842,13.334356247));
#7221=CARTESIAN_POINT('',(44.08017136,19.211079531,13.33989548));
#7222=CARTESIAN_POINT('',(44.086965652,19.189989337,13.350609282));
#7223=CARTESIAN_POINT('',(44.103884817,19.149213028,13.370455601));
#7224=CARTESIAN_POINT('',(44.131186903,19.101174759,13.391936797));
#7225=CARTESIAN_POINT('',(44.173800778,19.049365492,13.410072006));
#7226=CARTESIAN_POINT('',(44.22149334,19.002039407,13.416591691));
#7227=CARTESIAN_POINT('',(44.268729174,18.954151923,13.409511806));
#7228=CARTESIAN_POINT('',(44.337601577,18.897189711,13.384482708));
#7229=CARTESIAN_POINT('',(44.398598365,18.86963095,13.35415836));
#7230=CARTESIAN_POINT('',(44.442654566,18.857711361,13.331105752));
#7231=CARTESIAN_POINT('',(44.105263231,19.251416666,13.335447718));
#7232=CARTESIAN_POINT('',(44.108542846,19.240847887,13.341041434));
#7233=CARTESIAN_POINT('',(44.115931862,19.220054494,13.351853461));
#7234=CARTESIAN_POINT('',(44.134010301,19.179883874,13.371860634));
#7235=CARTESIAN_POINT('',(44.162839708,19.132543094,13.393365292));
#7236=CARTESIAN_POINT('',(44.206714452,19.081619248,13.410591875));
#7237=CARTESIAN_POINT('',(44.254859077,19.035529093,13.416391726));
#7238=CARTESIAN_POINT('',(44.30104857,18.987299873,13.410103691));
#7239=CARTESIAN_POINT('',(44.368911312,18.92824097,13.386191125));
#7240=CARTESIAN_POINT('',(44.428663823,18.898733824,13.355282244));
#7241=CARTESIAN_POINT('',(44.471906494,18.885703334,13.331968009));
#7242=B_SPLINE_SURFACE_WITH_KNOTS('',3,3,((#7143,#7144,#7145,#7146,#7147,#7148,#7149,#7150,#7151,#7152,#7153),(#7154,#7155,#7156,#7157,#7158,#7159,#7160,#7161,#7162,#7163,#7164),(#7165,#7166,#7167,#7168,#7169,#7170,#7171,#7172,#7173,#7174,#7175),(#7176,#7177,#7178,#7179,#7180,#7181,#7182,#7183,#7184,#7185,#7186),(#7187,#7188,#7189,#7190,#7191,#7192,#7193,#7194,#7195,#7196,#7197),(#7198,#7199,#7200,#7201,#7202,#7203,#7204,#7205,#7206,#7207,#7208),(#7209,#7210,#7211,#7212,#7213,#7214,#7215,#7216,#7217,#7218,#7219),(#7220,#7221,#7222,#7223,#7224,#7225,#7226,#7227,#7228,#7229,#7230),(#7231,#7232,#7233,#7234,#7235,#7236,#7237,#7238,#7239,#7240,#7241)),.UNSPECIFIED.,.F.,.F.,.U.,(4,1,1,1,1,1,4),(4,1,1,1,1,1,1,1,4),(-0.000206916,-0.000145756,-0.000082854,-0.000019951,0.000042952,0.000168757,0.000294562),(-0.000254797,-0.0002229,-0.000190992,-0.000127175,-0.000063357,0.00000046,0.000064277,0.000128094,0.000255729),.UNSPECIFIED.);
#7243=ORIENTED_EDGE('',*,*,#6660,.T.);
#7244=ORIENTED_EDGE('',*,*,#7111,.F.);
#7245=ORIENTED_EDGE('',*,*,#7095,.T.);
#7246=EDGE_LOOP('',(#7243,#7244,#7245));
#7247=FACE_BOUND('',#7246,.T.);
#7248=ADVANCED_FACE('',(#7247),#7242,.F.);
#7249=CARTESIAN_POINT('',(44.241819371,21.212912804,13.002204344));
#7250=CARTESIAN_POINT('',(44.230318097,21.213044063,13.005704357));
#7251=CARTESIAN_POINT('',(44.207509007,21.212132911,13.01261744));
#7252=CARTESIAN_POINT('',(44.163087012,21.205605072,13.025714934));
#7253=CARTESIAN_POINT('',(44.110660705,21.189356231,13.040075085));
#7254=CARTESIAN_POINT('',(44.050872539,21.156936336,13.051919889));
#7255=CARTESIAN_POINT('',(43.997760845,21.11298848,13.056313159));
#7256=CARTESIAN_POINT('',(43.95433729,21.060253245,13.0514305));
#7257=CARTESIAN_POINT('',(43.911567019,20.981580496,13.035042112));
#7258=CARTESIAN_POINT('',(43.898177423,20.916757241,13.014798797));
#7259=CARTESIAN_POINT('',(43.898669045,20.871269872,13.000187499));
#7260=CARTESIAN_POINT('',(44.246906404,21.216151647,13.023756042));
#7261=CARTESIAN_POINT('',(44.235387166,21.216231946,13.027332257));
#7262=CARTESIAN_POINT('',(44.212524947,21.215224445,13.03440918));
#7263=CARTESIAN_POINT('',(44.16775045,21.208470349,13.048041362));
#7264=CARTESIAN_POINT('',(44.113828014,21.191685307,13.063130684));
#7265=CARTESIAN_POINT('',(44.052002783,21.158061923,13.075412364));
#7266=CARTESIAN_POINT('',(43.997386534,21.112652726,13.07995765));
#7267=CARTESIAN_POINT('',(43.952880068,21.05868562,13.075098189));
#7268=CARTESIAN_POINT('',(43.908902116,20.977736499,13.058176085));
#7269=CARTESIAN_POINT('',(43.895004259,20.911269922,13.036860384));
#7270=CARTESIAN_POINT('',(43.895329902,20.865579759,13.021944457));
#7271=CARTESIAN_POINT('',(44.256185145,21.218834165,13.066845978));
#7272=CARTESIAN_POINT('',(44.244808662,21.218784556,13.070488582));
#7273=CARTESIAN_POINT('',(44.222156277,21.217507946,13.077851826));
#7274=CARTESIAN_POINT('',(44.176955583,21.210327149,13.092433416));
#7275=CARTESIAN_POINT('',(44.120796051,21.192526142,13.108783644));
#7276=CARTESIAN_POINT('',(44.056568427,21.157028834,13.122015492));
#7277=CARTESIAN_POINT('',(43.999780864,21.109710635,13.126772561));
#7278=CARTESIAN_POINT('',(43.953355831,21.05370634,13.1217567));
#7279=CARTESIAN_POINT('',(43.907214726,20.969736455,13.103666663));
#7280=CARTESIAN_POINT('',(43.89258054,20.900642461,13.080478927));
#7281=CARTESIAN_POINT('',(43.892418732,20.85505672,13.06503757));
#7282=CARTESIAN_POINT('',(44.26950042,21.210247286,13.132899345));
#7283=CARTESIAN_POINT('',(44.257791725,21.210017109,13.136165051));
#7284=CARTESIAN_POINT('',(44.234583252,21.20842062,13.142800032));
#7285=CARTESIAN_POINT('',(44.18919042,21.200524287,13.156762969));
#7286=CARTESIAN_POINT('',(44.133794431,21.18161778,13.174155259));
#7287=CARTESIAN_POINT('',(44.07011566,21.145074831,13.188680461));
#7288=CARTESIAN_POINT('',(44.012765011,21.0970389,13.193722896));
#7289=CARTESIAN_POINT('',(43.964932654,21.040349684,13.188144309));
#7290=CARTESIAN_POINT('',(43.916815912,20.956403731,13.167652691));
#7291=CARTESIAN_POINT('',(43.901504194,20.888553594,13.143750773));
#7292=CARTESIAN_POINT('',(43.90069949,20.841637573,13.131284562));
#7293=CARTESIAN_POINT('',(44.289788732,21.18987967,13.193217822));
#7294=CARTESIAN_POINT('',(44.277756518,21.189416081,13.196850187));
#7295=CARTESIAN_POINT('',(44.253995401,21.18739485,13.204138489));
#7296=CARTESIAN_POINT('',(44.20791065,21.178754002,13.21882033));
#7297=CARTESIAN_POINT('',(44.153305369,21.159044436,13.236267726));
#7298=CARTESIAN_POINT('',(44.091574356,21.122350576,13.251403604));
#7299=CARTESIAN_POINT('',(44.035352162,21.074765253,13.256723465));
#7300=CARTESIAN_POINT('',(43.987625841,21.019206406,13.250658424));
#7301=CARTESIAN_POINT('',(43.938818048,20.937738185,13.229424528));
#7302=CARTESIAN_POINT('',(43.922280845,20.86916333,13.205731166));
#7303=CARTESIAN_POINT('',(43.920892705,20.820699103,13.191708595));
#7304=CARTESIAN_POINT('',(44.324642111,21.15099916,13.261349401));
#7305=CARTESIAN_POINT('',(44.31278372,21.149856442,13.265793583));
#7306=CARTESIAN_POINT('',(44.289444418,21.146599471,13.274511264));
#7307=CARTESIAN_POINT('',(44.244337699,21.136268071,13.291090121));
#7308=CARTESIAN_POINT('',(44.19112128,21.115926266,13.309956111));
#7309=CARTESIAN_POINT('',(44.131616422,21.078559985,13.325843816));
#7310=CARTESIAN_POINT('',(44.078172894,21.032071997,13.331334506));
#7311=CARTESIAN_POINT('',(44.03145043,20.979165899,13.325342133));
#7312=CARTESIAN_POINT('',(43.981873865,20.900695517,13.303331542));
#7313=CARTESIAN_POINT('',(43.963870477,20.833251271,13.277539809));
#7314=CARTESIAN_POINT('',(43.95933916,20.784532894,13.259666853));
#7315=CARTESIAN_POINT('',(44.381628904,21.088952484,13.318136983));
#7316=CARTESIAN_POINT('',(44.370565789,21.086647231,13.323501187));
#7317=CARTESIAN_POINT('',(44.34880632,21.081153324,13.333935338));
#7318=CARTESIAN_POINT('',(44.306772871,21.066516247,13.353649105));
#7319=CARTESIAN_POINT('',(44.256494121,21.041315832,13.375393708));
#7320=CARTESIAN_POINT('',(44.202087223,21.001935366,13.392585124));
#7321=CARTESIAN_POINT('',(44.153192864,20.957273031,13.398063361));
#7322=CARTESIAN_POINT('',(44.10812874,20.907886534,13.392185369));
#7323=CARTESIAN_POINT('',(44.055104445,20.83472151,13.368615345));
#7324=CARTESIAN_POINT('',(44.029763008,20.770865426,13.337511927));
#7325=CARTESIAN_POINT('',(44.020537522,20.725317926,13.315512347));
#7326=CARTESIAN_POINT('',(44.439236342,21.034119513,13.334356247));
#7327=CARTESIAN_POINT('',(44.428517031,21.03114114,13.33989548));
#7328=CARTESIAN_POINT('',(44.407426837,21.024346848,13.350609282));
#7329=CARTESIAN_POINT('',(44.366650528,21.007427683,13.370455601));
#7330=CARTESIAN_POINT('',(44.318612259,20.980125597,13.391936797));
#7331=CARTESIAN_POINT('',(44.266802992,20.937511722,13.410072006));
#7332=CARTESIAN_POINT('',(44.219476907,20.88981916,13.416591691));
#7333=CARTESIAN_POINT('',(44.171589423,20.842583326,13.409511806));
#7334=CARTESIAN_POINT('',(44.114627211,20.773710923,13.384482708));
#7335=CARTESIAN_POINT('',(44.08706845,20.712714135,13.35415836));
#7336=CARTESIAN_POINT('',(44.075148861,20.668657934,13.331105752));
#7337=CARTESIAN_POINT('',(44.468854166,21.006049269,13.335447718));
#7338=CARTESIAN_POINT('',(44.458285387,21.002769654,13.341041434));
#7339=CARTESIAN_POINT('',(44.437491994,20.995380638,13.351853461));
#7340=CARTESIAN_POINT('',(44.397321374,20.977302199,13.371860634));
#7341=CARTESIAN_POINT('',(44.349980594,20.948472792,13.393365292));
#7342=CARTESIAN_POINT('',(44.299056748,20.904598048,13.410591875));
#7343=CARTESIAN_POINT('',(44.252966593,20.856453423,13.416391726));
#7344=CARTESIAN_POINT('',(44.204737373,20.81026393,13.410103691));
#7345=CARTESIAN_POINT('',(44.14567847,20.742401188,13.386191125));
#7346=CARTESIAN_POINT('',(44.116171324,20.682648677,13.355282244));
#7347=CARTESIAN_POINT('',(44.103140834,20.639406006,13.331968009));
#7348=B_SPLINE_SURFACE_WITH_KNOTS('',3,3,((#7249,#7250,#7251,#7252,#7253,#7254,#7255,#7256,#7257,#7258,#7259),(#7260,#7261,#7262,#7263,#7264,#7265,#7266,#7267,#7268,#7269,#7270),(#7271,#7272,#7273,#7274,#7275,#7276,#7277,#7278,#7279,#7280,#7281),(#7282,#7283,#7284,#7285,#7286,#7287,#7288,#7289,#7290,#7291,#7292),(#7293,#7294,#7295,#7296,#7297,#7298,#7299,#7300,#7301,#7302,#7303),(#7304,#7305,#7306,#7307,#7308,#7309,#7310,#7311,#7312,#7313,#7314),(#7315,#7316,#7317,#7318,#7319,#7320,#7321,#7322,#7323,#7324,#7325),(#7326,#7327,#7328,#7329,#7330,#7331,#7332,#7333,#7334,#7335,#7336),(#7337,#7338,#7339,#7340,#7341,#7342,#7343,#7344,#7345,#7346,#7347)),.UNSPECIFIED.,.F.,.F.,.U.,(4,1,1,1,1,1,4),(4,1,1,1,1,1,1,1,4),(-0.000206916,-0.000145756,-0.000082854,-0.000019951,0.000042952,0.000168757,0.000294562),(-0.000254797,-0.0002229,-0.000190992,-0.000127175,-0.000063357,0.00000046,0.000064277,0.000128094,0.000255729),.UNSPECIFIED.);
#7349=ORIENTED_EDGE('',*,*,#6606,.T.);
#7350=ORIENTED_EDGE('',*,*,#7137,.F.);
#7351=ORIENTED_EDGE('',*,*,#7119,.T.);
#7352=EDGE_LOOP('',(#7349,#7350,#7351));
#7353=FACE_BOUND('',#7352,.T.);
#7354=ADVANCED_FACE('',(#7353),#7348,.F.);
#7355=CARTESIAN_POINT('',(44.253585245,12.305147745,11.636375));
#7356=DIRECTION('',(0.,0.,1.));
#7357=DIRECTION('',(1.,0.,-0.));
#7358=AXIS2_PLACEMENT_3D('',#7355,#7356,#7357);
#7359=CYLINDRICAL_SURFACE('',#7358,0.359210245);
#7360=ORIENTED_EDGE('',*,*,#5625,.F.);
#7361=ORIENTED_EDGE('',*,*,#5680,.F.);
#7362=CARTESIAN_POINT('',(44.253585245,12.305147745,13.055164755));
#7363=DIRECTION('',(0.,0.,1.));
#7364=DIRECTION('',(1.,0.,-0.));
#7365=AXIS2_PLACEMENT_3D('',#7362,#7363,#7364);
#7366=CIRCLE('',#7365,0.359210245);
#7367=EDGE_CURVE('',#5636,#5669,#7366,.T.);
#7368=ORIENTED_EDGE('',*,*,#7367,.F.);
#7369=ORIENTED_EDGE('',*,*,#5656,.F.);
#7370=EDGE_LOOP('',(#7360,#7361,#7368,#7369));
#7371=FACE_BOUND('',#7370,.T.);
#7372=ADVANCED_FACE('',(#7371),#7359,.T.);
#7373=CARTESIAN_POINT('',(44.253585245,1.7859375,13.055164755));
#7374=DIRECTION('',(0.,-1.,0.));
#7375=DIRECTION('',(0.,0.,-1.));
#7376=AXIS2_PLACEMENT_3D('',#7373,#7374,#7375);
#7377=CYLINDRICAL_SURFACE('',#7376,0.359210245);
#7378=CARTESIAN_POINT('',(44.253585245,12.305147745,13.055164755));
#7379=DIRECTION('',(-0.,1.,-0.));
#7380=DIRECTION('',(0.,0.,-1.));
#7381=AXIS2_PLACEMENT_3D('',#7378,#7379,#7380);
#7382=CIRCLE('',#7381,0.359210245);
#7383=EDGE_CURVE('',#5636,#5941,#7382,.T.);
#7384=ORIENTED_EDGE('',*,*,#7383,.T.);
#7385=ORIENTED_EDGE('',*,*,#5946,.F.);
#7386=CARTESIAN_POINT('',(44.253585245,14.126727255,13.055164755));
#7387=DIRECTION('',(-0.,1.,-0.));
#7388=DIRECTION('',(0.,0.,-1.));
#7389=AXIS2_PLACEMENT_3D('',#7386,#7387,#7388);
#7390=CIRCLE('',#7389,0.359210245);
#7391=EDGE_CURVE('',#5638,#5933,#7390,.T.);
#7392=ORIENTED_EDGE('',*,*,#7391,.F.);
#7393=ORIENTED_EDGE('',*,*,#5643,.F.);
#7394=EDGE_LOOP('',(#7384,#7385,#7392,#7393));
#7395=FACE_BOUND('',#7394,.T.);
#7396=ADVANCED_FACE('',(#7395),#7377,.T.);
#7397=CARTESIAN_POINT('',(44.253585245,14.126727255,11.636375));
#7398=DIRECTION('',(0.,0.,-1.));
#7399=DIRECTION('',(-1.,0.,0.));
#7400=AXIS2_PLACEMENT_3D('',#7397,#7398,#7399);
#7401=CYLINDRICAL_SURFACE('',#7400,0.359210245);
#7402=ORIENTED_EDGE('',*,*,#5594,.F.);
#7403=ORIENTED_EDGE('',*,*,#5649,.F.);
#7404=CARTESIAN_POINT('',(44.253585245,14.126727255,13.055164755));
#7405=DIRECTION('',(0.,0.,-1.));
#7406=DIRECTION('',(-1.,0.,0.));
#7407=AXIS2_PLACEMENT_3D('',#7404,#7405,#7406);
#7408=CIRCLE('',#7407,0.359210245);
#7409=EDGE_CURVE('',#5638,#5735,#7408,.T.);
#7410=ORIENTED_EDGE('',*,*,#7409,.T.);
#7411=ORIENTED_EDGE('',*,*,#5740,.F.);
#7412=EDGE_LOOP('',(#7402,#7403,#7410,#7411));
#7413=FACE_BOUND('',#7412,.T.);
#7414=ADVANCED_FACE('',(#7413),#7401,.T.);
#7415=CARTESIAN_POINT('',(43.898399696,12.293381871,13.002204344));
#7416=CARTESIAN_POINT('',(43.898268437,12.281880597,13.005704357));
#7417=CARTESIAN_POINT('',(43.899179589,12.259071507,13.01261744));
#7418=CARTESIAN_POINT('',(43.905707428,12.214649512,13.025714934));
#7419=CARTESIAN_POINT('',(43.921956269,12.162223205,13.040075085));
#7420=CARTESIAN_POINT('',(43.954376164,12.102435039,13.051919889));
#7421=CARTESIAN_POINT('',(43.99832402,12.049323345,13.056313159));
#7422=CARTESIAN_POINT('',(44.051059255,12.00589979,13.0514305));
#7423=CARTESIAN_POINT('',(44.129732004,11.963129519,13.035042112));
#7424=CARTESIAN_POINT('',(44.194555259,11.949739923,13.014798797));
#7425=CARTESIAN_POINT('',(44.240042628,11.950231545,13.000187499));
#7426=CARTESIAN_POINT('',(43.895160853,12.298468904,13.023756042));
#7427=CARTESIAN_POINT('',(43.895080554,12.286949666,13.027332257));
#7428=CARTESIAN_POINT('',(43.896088055,12.264087447,13.03440918));
#7429=CARTESIAN_POINT('',(43.902842151,12.21931295,13.048041362));
#7430=CARTESIAN_POINT('',(43.919627193,12.165390514,13.063130684));
#7431=CARTESIAN_POINT('',(43.953250577,12.103565283,13.075412364));
#7432=CARTESIAN_POINT('',(43.998659774,12.048949034,13.07995765));
#7433=CARTESIAN_POINT('',(44.05262688,12.004442568,13.075098189));
#7434=CARTESIAN_POINT('',(44.133576001,11.960464616,13.058176085));
#7435=CARTESIAN_POINT('',(44.200042578,11.946566759,13.036860384));
#7436=CARTESIAN_POINT('',(44.245732741,11.946892402,13.021944457));
#7437=CARTESIAN_POINT('',(43.892478335,12.307747645,13.066845978));
#7438=CARTESIAN_POINT('',(43.892527944,12.296371162,13.070488582));
#7439=CARTESIAN_POINT('',(43.893804554,12.273718777,13.077851826));
#7440=CARTESIAN_POINT('',(43.900985351,12.228518083,13.092433416));
#7441=CARTESIAN_POINT('',(43.918786358,12.172358551,13.108783644));
#7442=CARTESIAN_POINT('',(43.954283666,12.108130927,13.122015492));
#7443=CARTESIAN_POINT('',(44.001601865,12.051343364,13.126772561));
#7444=CARTESIAN_POINT('',(44.05760616,12.004918331,13.1217567));
#7445=CARTESIAN_POINT('',(44.141576045,11.958777226,13.103666663));
#7446=CARTESIAN_POINT('',(44.210670039,11.94414304,13.080478927));
#7447=CARTESIAN_POINT('',(44.25625578,11.943981232,13.06503757));
#7448=CARTESIAN_POINT('',(43.901065214,12.32106292,13.132899345));
#7449=CARTESIAN_POINT('',(43.901295391,12.309354225,13.136165051));
#7450=CARTESIAN_POINT('',(43.90289188,12.286145752,13.142800032));
#7451=CARTESIAN_POINT('',(43.910788213,12.24075292,13.156762969));
#7452=CARTESIAN_POINT('',(43.92969472,12.185356931,13.174155259));
#7453=CARTESIAN_POINT('',(43.966237669,12.12167816,13.188680461));
#7454=CARTESIAN_POINT('',(44.0142736,12.064327511,13.193722896));
#7455=CARTESIAN_POINT('',(44.070962816,12.016495154,13.188144309));
#7456=CARTESIAN_POINT('',(44.154908769,11.968378412,13.167652691));
#7457=CARTESIAN_POINT('',(44.222758906,11.953066694,13.143750773));
#7458=CARTESIAN_POINT('',(44.269674927,11.95226199,13.131284562));
#7459=CARTESIAN_POINT('',(43.92143283,12.341351232,13.193217822));
#7460=CARTESIAN_POINT('',(43.921896419,12.329319018,13.196850187));
#7461=CARTESIAN_POINT('',(43.92391765,12.305557901,13.204138489));
#7462=CARTESIAN_POINT('',(43.932558498,12.25947315,13.21882033));
#7463=CARTESIAN_POINT('',(43.952268064,12.204867869,13.236267726));
#7464=CARTESIAN_POINT('',(43.988961924,12.143136856,13.251403604));
#7465=CARTESIAN_POINT('',(44.036547247,12.086914662,13.256723465));
#7466=CARTESIAN_POINT('',(44.092106094,12.039188341,13.250658424));
#7467=CARTESIAN_POINT('',(44.173574315,11.990380548,13.229424528));
#7468=CARTESIAN_POINT('',(44.24214917,11.973843345,13.205731166));
#7469=CARTESIAN_POINT('',(44.290613397,11.972455205,13.191708595));
#7470=CARTESIAN_POINT('',(43.96031334,12.376204611,13.261349401));
#7471=CARTESIAN_POINT('',(43.961456058,12.36434622,13.265793583));
#7472=CARTESIAN_POINT('',(43.964713029,12.341006918,13.274511264));
#7473=CARTESIAN_POINT('',(43.975044429,12.295900199,13.291090121));
#7474=CARTESIAN_POINT('',(43.995386234,12.24268378,13.309956111));
#7475=CARTESIAN_POINT('',(44.032752515,12.183178922,13.325843816));
#7476=CARTESIAN_POINT('',(44.079240503,12.129735394,13.331334506));
#7477=CARTESIAN_POINT('',(44.132146601,12.08301293,13.325342133));
#7478=CARTESIAN_POINT('',(44.210616983,12.033436365,13.303331542));
#7479=CARTESIAN_POINT('',(44.278061229,12.015432977,13.277539809));
#7480=CARTESIAN_POINT('',(44.326779606,12.01090166,13.259666853));
#7481=CARTESIAN_POINT('',(44.022360016,12.433191404,13.318136983));
#7482=CARTESIAN_POINT('',(44.024665269,12.422128289,13.323501187));
#7483=CARTESIAN_POINT('',(44.030159176,12.40036882,13.333935338));
#7484=CARTESIAN_POINT('',(44.044796253,12.358335371,13.353649105));
#7485=CARTESIAN_POINT('',(44.069996668,12.308056621,13.375393708));
#7486=CARTESIAN_POINT('',(44.109377134,12.253649723,13.392585124));
#7487=CARTESIAN_POINT('',(44.154039469,12.204755364,13.398063361));
#7488=CARTESIAN_POINT('',(44.203425966,12.15969124,13.392185369));
#7489=CARTESIAN_POINT('',(44.27659099,12.106666945,13.368615345));
#7490=CARTESIAN_POINT('',(44.340447074,12.081325508,13.337511927));
#7491=CARTESIAN_POINT('',(44.385994574,12.072100022,13.315512347));
#7492=CARTESIAN_POINT('',(44.077192987,12.490798842,13.334356247));
#7493=CARTESIAN_POINT('',(44.08017136,12.480079531,13.33989548));
#7494=CARTESIAN_POINT('',(44.086965652,12.458989337,13.350609282));
#7495=CARTESIAN_POINT('',(44.103884817,12.418213028,13.370455601));
#7496=CARTESIAN_POINT('',(44.131186903,12.370174759,13.391936797));
#7497=CARTESIAN_POINT('',(44.173800778,12.318365492,13.410072006));
#7498=CARTESIAN_POINT('',(44.22149334,12.271039407,13.416591691));
#7499=CARTESIAN_POINT('',(44.268729174,12.223151923,13.409511806));
#7500=CARTESIAN_POINT('',(44.337601577,12.166189711,13.384482708));
#7501=CARTESIAN_POINT('',(44.398598365,12.13863095,13.35415836));
#7502=CARTESIAN_POINT('',(44.442654566,12.126711361,13.331105752));
#7503=CARTESIAN_POINT('',(44.105263231,12.520416666,13.335447718));
#7504=CARTESIAN_POINT('',(44.108542846,12.509847887,13.341041434));
#7505=CARTESIAN_POINT('',(44.115931862,12.489054494,13.351853461));
#7506=CARTESIAN_POINT('',(44.134010301,12.448883874,13.371860634));
#7507=CARTESIAN_POINT('',(44.162839708,12.401543094,13.393365292));
#7508=CARTESIAN_POINT('',(44.206714452,12.350619248,13.410591875));
#7509=CARTESIAN_POINT('',(44.254859077,12.304529093,13.416391726));
#7510=CARTESIAN_POINT('',(44.30104857,12.256299873,13.410103691));
#7511=CARTESIAN_POINT('',(44.368911312,12.19724097,13.386191125));
#7512=CARTESIAN_POINT('',(44.428663823,12.167733824,13.355282244));
#7513=CARTESIAN_POINT('',(44.471906494,12.154703334,13.331968009));
#7514=B_SPLINE_SURFACE_WITH_KNOTS('',3,3,((#7415,#7416,#7417,#7418,#7419,#7420,#7421,#7422,#7423,#7424,#7425),(#7426,#7427,#7428,#7429,#7430,#7431,#7432,#7433,#7434,#7435,#7436),(#7437,#7438,#7439,#7440,#7441,#7442,#7443,#7444,#7445,#7446,#7447),(#7448,#7449,#7450,#7451,#7452,#7453,#7454,#7455,#7456,#7457,#7458),(#7459,#7460,#7461,#7462,#7463,#7464,#7465,#7466,#7467,#7468,#7469),(#7470,#7471,#7472,#7473,#7474,#7475,#7476,#7477,#7478,#7479,#7480),(#7481,#7482,#7483,#7484,#7485,#7486,#7487,#7488,#7489,#7490,#7491),(#7492,#7493,#7494,#7495,#7496,#7497,#7498,#7499,#7500,#7501,#7502),(#7503,#7504,#7505,#7506,#7507,#7508,#7509,#7510,#7511,#7512,#7513)),.UNSPECIFIED.,.F.,.F.,.U.,(4,1,1,1,1,1,4),(4,1,1,1,1,1,1,1,4),(-0.000206916,-0.000145756,-0.000082854,-0.000019951,0.000042952,0.000168757,0.000294562),(-0.000254797,-0.0002229,-0.000190992,-0.000127175,-0.000063357,0.00000046,0.000064277,0.000128094,0.000255729),.UNSPECIFIED.);
#7515=ORIENTED_EDGE('',*,*,#6696,.T.);
#7516=ORIENTED_EDGE('',*,*,#7383,.F.);
#7517=ORIENTED_EDGE('',*,*,#7367,.T.);
#7518=EDGE_LOOP('',(#7515,#7516,#7517));
#7519=FACE_BOUND('',#7518,.T.);
#7520=ADVANCED_FACE('',(#7519),#7514,.F.);
#7521=CARTESIAN_POINT('',(44.241819371,14.481912804,13.002204344));
#7522=CARTESIAN_POINT('',(44.230318097,14.482044063,13.005704357));
#7523=CARTESIAN_POINT('',(44.207509007,14.481132911,13.01261744));
#7524=CARTESIAN_POINT('',(44.163087012,14.474605072,13.025714934));
#7525=CARTESIAN_POINT('',(44.110660705,14.458356231,13.040075085));
#7526=CARTESIAN_POINT('',(44.050872539,14.425936336,13.051919889));
#7527=CARTESIAN_POINT('',(43.997760845,14.38198848,13.056313159));
#7528=CARTESIAN_POINT('',(43.95433729,14.329253245,13.0514305));
#7529=CARTESIAN_POINT('',(43.911567019,14.250580496,13.035042112));
#7530=CARTESIAN_POINT('',(43.898177423,14.185757241,13.014798797));
#7531=CARTESIAN_POINT('',(43.898669045,14.140269872,13.000187499));
#7532=CARTESIAN_POINT('',(44.246906404,14.485151647,13.023756042));
#7533=CARTESIAN_POINT('',(44.235387166,14.485231946,13.027332257));
#7534=CARTESIAN_POINT('',(44.212524947,14.484224445,13.03440918));
#7535=CARTESIAN_POINT('',(44.16775045,14.477470349,13.048041362));
#7536=CARTESIAN_POINT('',(44.113828014,14.460685307,13.063130684));
#7537=CARTESIAN_POINT('',(44.052002783,14.427061923,13.075412364));
#7538=CARTESIAN_POINT('',(43.997386534,14.381652726,13.07995765));
#7539=CARTESIAN_POINT('',(43.952880068,14.32768562,13.075098189));
#7540=CARTESIAN_POINT('',(43.908902116,14.246736499,13.058176085));
#7541=CARTESIAN_POINT('',(43.895004259,14.180269922,13.036860384));
#7542=CARTESIAN_POINT('',(43.895329902,14.134579759,13.021944457));
#7543=CARTESIAN_POINT('',(44.256185145,14.487834165,13.066845978));
#7544=CARTESIAN_POINT('',(44.244808662,14.487784556,13.070488582));
#7545=CARTESIAN_POINT('',(44.222156277,14.486507946,13.077851826));
#7546=CARTESIAN_POINT('',(44.176955583,14.479327149,13.092433416));
#7547=CARTESIAN_POINT('',(44.120796051,14.461526142,13.108783644));
#7548=CARTESIAN_POINT('',(44.056568427,14.426028834,13.122015492));
#7549=CARTESIAN_POINT('',(43.999780864,14.378710635,13.126772561));
#7550=CARTESIAN_POINT('',(43.953355831,14.32270634,13.1217567));
#7551=CARTESIAN_POINT('',(43.907214726,14.238736455,13.103666663));
#7552=CARTESIAN_POINT('',(43.89258054,14.169642461,13.080478927));
#7553=CARTESIAN_POINT('',(43.892418732,14.12405672,13.06503757));
#7554=CARTESIAN_POINT('',(44.26950042,14.479247286,13.132899345));
#7555=CARTESIAN_POINT('',(44.257791725,14.479017109,13.136165051));
#7556=CARTESIAN_POINT('',(44.234583252,14.47742062,13.142800032));
#7557=CARTESIAN_POINT('',(44.18919042,14.469524287,13.156762969));
#7558=CARTESIAN_POINT('',(44.133794431,14.45061778,13.174155259));
#7559=CARTESIAN_POINT('',(44.07011566,14.414074831,13.188680461));
#7560=CARTESIAN_POINT('',(44.012765011,14.3660389,13.193722896));
#7561=CARTESIAN_POINT('',(43.964932654,14.309349684,13.188144309));
#7562=CARTESIAN_POINT('',(43.916815912,14.225403731,13.167652691));
#7563=CARTESIAN_POINT('',(43.901504194,14.157553594,13.143750773));
#7564=CARTESIAN_POINT('',(43.90069949,14.110637573,13.131284562));
#7565=CARTESIAN_POINT('',(44.289788732,14.45887967,13.193217822));
#7566=CARTESIAN_POINT('',(44.277756518,14.458416081,13.196850187));
#7567=CARTESIAN_POINT('',(44.253995401,14.45639485,13.204138489));
#7568=CARTESIAN_POINT('',(44.20791065,14.447754002,13.21882033));
#7569=CARTESIAN_POINT('',(44.153305369,14.428044436,13.236267726));
#7570=CARTESIAN_POINT('',(44.091574356,14.391350576,13.251403604));
#7571=CARTESIAN_POINT('',(44.035352162,14.343765253,13.256723465));
#7572=CARTESIAN_POINT('',(43.987625841,14.288206406,13.250658424));
#7573=CARTESIAN_POINT('',(43.938818048,14.206738185,13.229424528));
#7574=CARTESIAN_POINT('',(43.922280845,14.13816333,13.205731166));
#7575=CARTESIAN_POINT('',(43.920892705,14.089699103,13.191708595));
#7576=CARTESIAN_POINT('',(44.324642111,14.41999916,13.261349401));
#7577=CARTESIAN_POINT('',(44.31278372,14.418856442,13.265793583));
#7578=CARTESIAN_POINT('',(44.289444418,14.415599471,13.274511264));
#7579=CARTESIAN_POINT('',(44.244337699,14.405268071,13.291090121));
#7580=CARTESIAN_POINT('',(44.19112128,14.384926266,13.309956111));
#7581=CARTESIAN_POINT('',(44.131616422,14.347559985,13.325843816));
#7582=CARTESIAN_POINT('',(44.078172894,14.301071997,13.331334506));
#7583=CARTESIAN_POINT('',(44.03145043,14.248165899,13.325342133));
#7584=CARTESIAN_POINT('',(43.981873865,14.169695517,13.303331542));
#7585=CARTESIAN_POINT('',(43.963870477,14.102251271,13.277539809));
#7586=CARTESIAN_POINT('',(43.95933916,14.053532894,13.259666853));
#7587=CARTESIAN_POINT('',(44.381628904,14.357952484,13.318136983));
#7588=CARTESIAN_POINT('',(44.370565789,14.355647231,13.323501187));
#7589=CARTESIAN_POINT('',(44.34880632,14.350153324,13.333935338));
#7590=CARTESIAN_POINT('',(44.306772871,14.335516247,13.353649105));
#7591=CARTESIAN_POINT('',(44.256494121,14.310315832,13.375393708));
#7592=CARTESIAN_POINT('',(44.202087223,14.270935366,13.392585124));
#7593=CARTESIAN_POINT('',(44.153192864,14.226273031,13.398063361));
#7594=CARTESIAN_POINT('',(44.10812874,14.176886534,13.392185369));
#7595=CARTESIAN_POINT('',(44.055104445,14.10372151,13.368615345));
#7596=CARTESIAN_POINT('',(44.029763008,14.039865426,13.337511927));
#7597=CARTESIAN_POINT('',(44.020537522,13.994317926,13.315512347));
#7598=CARTESIAN_POINT('',(44.439236342,14.303119513,13.334356247));
#7599=CARTESIAN_POINT('',(44.428517031,14.30014114,13.33989548));
#7600=CARTESIAN_POINT('',(44.407426837,14.293346848,13.350609282));
#7601=CARTESIAN_POINT('',(44.366650528,14.276427683,13.370455601));
#7602=CARTESIAN_POINT('',(44.318612259,14.249125597,13.391936797));
#7603=CARTESIAN_POINT('',(44.266802992,14.206511722,13.410072006));
#7604=CARTESIAN_POINT('',(44.219476907,14.15881916,13.416591691));
#7605=CARTESIAN_POINT('',(44.171589423,14.111583326,13.409511806));
#7606=CARTESIAN_POINT('',(44.114627211,14.042710923,13.384482708));
#7607=CARTESIAN_POINT('',(44.08706845,13.981714135,13.35415836));
#7608=CARTESIAN_POINT('',(44.075148861,13.937657934,13.331105752));
#7609=CARTESIAN_POINT('',(44.468854166,14.275049269,13.335447718));
#7610=CARTESIAN_POINT('',(44.458285387,14.271769654,13.341041434));
#7611=CARTESIAN_POINT('',(44.437491994,14.264380638,13.351853461));
#7612=CARTESIAN_POINT('',(44.397321374,14.246302199,13.371860634));
#7613=CARTESIAN_POINT('',(44.349980594,14.217472792,13.393365292));
#7614=CARTESIAN_POINT('',(44.299056748,14.173598048,13.410591875));
#7615=CARTESIAN_POINT('',(44.252966593,14.125453423,13.416391726));
#7616=CARTESIAN_POINT('',(44.204737373,14.07926393,13.410103691));
#7617=CARTESIAN_POINT('',(44.14567847,14.011401188,13.386191125));
#7618=CARTESIAN_POINT('',(44.116171324,13.951648677,13.355282244));
#7619=CARTESIAN_POINT('',(44.103140834,13.908406006,13.331968009));
#7620=B_SPLINE_SURFACE_WITH_KNOTS('',3,3,((#7521,#7522,#7523,#7524,#7525,#7526,#7527,#7528,#7529,#7530,#7531),(#7532,#7533,#7534,#7535,#7536,#7537,#7538,#7539,#7540,#7541,#7542),(#7543,#7544,#7545,#7546,#7547,#7548,#7549,#7550,#7551,#7552,#7553),(#7554,#7555,#7556,#7557,#7558,#7559,#7560,#7561,#7562,#7563,#7564),(#7565,#7566,#7567,#7568,#7569,#7570,#7571,#7572,#7573,#7574,#7575),(#7576,#7577,#7578,#7579,#7580,#7581,#7582,#7583,#7584,#7585,#7586),(#7587,#7588,#7589,#7590,#7591,#7592,#7593,#7594,#7595,#7596,#7597),(#7598,#7599,#7600,#7601,#7602,#7603,#7604,#7605,#7606,#7607,#7608),(#7609,#7610,#7611,#7612,#7613,#7614,#7615,#7616,#7617,#7618,#7619)),.UNSPECIFIED.,.F.,.F.,.U.,(4,1,1,1,1,1,4),(4,1,1,1,1,1,1,1,4),(-0.000206916,-0.000145756,-0.000082854,-0.000019951,0.000042952,0.000168757,0.000294562),(-0.000254797,-0.0002229,-0.000190992,-0.000127175,-0.000063357,0.00000046,0.000064277,0.000128094,0.000255729),.UNSPECIFIED.);
#7621=ORIENTED_EDGE('',*,*,#6732,.T.);
#7622=ORIENTED_EDGE('',*,*,#7409,.F.);
#7623=ORIENTED_EDGE('',*,*,#7391,.T.);
#7624=EDGE_LOOP('',(#7621,#7622,#7623));
#7625=FACE_BOUND('',#7624,.T.);
#7626=ADVANCED_FACE('',(#7625),#7620,.F.);
#7627=CARTESIAN_POINT('',(50.802666194,13.248489303,12.626975));
#7628=CARTESIAN_POINT('',(50.802666194,13.248489303,12.144375));
#7629=CARTESIAN_POINT('',(50.894777987,13.221479078,12.626975));
#7630=CARTESIAN_POINT('',(50.894777987,13.221479078,12.144375));
#7631=CARTESIAN_POINT('',(50.944296733,13.15637751,12.626975));
#7632=CARTESIAN_POINT('',(50.944296733,13.15637751,12.144375));
#7633=CARTESIAN_POINT('',(50.993815479,13.091275942,12.626975));
#7634=CARTESIAN_POINT('',(50.993815479,13.091275942,12.144375));
#7635=CARTESIAN_POINT('',(50.993815479,13.002626999,12.626975));
#7636=CARTESIAN_POINT('',(50.993815479,13.002626999,12.144375));
#7637=CARTESIAN_POINT('',(50.993815479,12.931292302,12.626975));
#7638=CARTESIAN_POINT('',(50.993815479,12.931292302,12.144375));
#7639=CARTESIAN_POINT('',(50.963688689,12.869999869,12.626975));
#7640=CARTESIAN_POINT('',(50.963688689,12.869999869,12.144375));
#7641=CARTESIAN_POINT('',(50.9335619,12.808707435,12.626975));
#7642=CARTESIAN_POINT('',(50.9335619,12.808707435,12.144375));
#7643=CARTESIAN_POINT('',(50.889237428,12.775464082,12.626975));
#7644=CARTESIAN_POINT('',(50.889237428,12.775464082,12.144375));
#7645=CARTESIAN_POINT('',(50.844912956,12.742220728,12.626975));
#7646=CARTESIAN_POINT('',(50.844912956,12.742220728,12.144375));
#7647=CARTESIAN_POINT('',(50.778079964,12.725252766,12.626975));
#7648=CARTESIAN_POINT('',(50.778079964,12.725252766,12.144375));
#7649=CARTESIAN_POINT('',(50.711246971,12.708284804,12.626975));
#7650=CARTESIAN_POINT('',(50.711246971,12.708284804,12.144375));
#7651=CARTESIAN_POINT('',(50.61428719,12.708284804,12.626975));
#7652=CARTESIAN_POINT('',(50.61428719,12.708284804,12.144375));
#7653=B_SPLINE_SURFACE_WITH_KNOTS('',2,1,((#7627,#7628),(#7629,#7630),(#7631,#7632),(#7633,#7634),(#7635,#7636),(#7637,#7638),(#7639,#7640),(#7641,#7642),(#7643,#7644),(#7645,#7646),(#7647,#7648),(#7649,#7650),(#7651,#7652)),.UNSPECIFIED.,.F.,.F.,.U.,(3,2,2,2,2,2,3),(2,2),(0.453550075,0.558259043,0.66296801,0.747226008,0.831484005,0.915742003,1.),(0.,1.),.UNSPECIFIED.);
#7654=ORIENTED_EDGE('',*,*,#802,.F.);
#7655=CARTESIAN_POINT('',(50.802666194,13.248489303,12.626975));
#7656=VERTEX_POINT('',#7655);
#7657=CARTESIAN_POINT('',(50.802666194,13.248489303,12.626975));
#7658=DIRECTION('',(0.,0.,-1.));
#7659=VECTOR('',#7658,0.4826);
#7660=LINE('',#7657,#7659);
#7661=EDGE_CURVE('',#7656,#785,#7660,.T.);
#7662=ORIENTED_EDGE('',*,*,#7661,.F.);
#7663=CARTESIAN_POINT('',(50.61428719,12.708284804,12.626975));
#7664=VERTEX_POINT('',#7663);
#7665=CARTESIAN_POINT('',(50.802666194,13.248489303,12.626975));
#7666=CARTESIAN_POINT('',(50.894777987,13.221479078,12.626975));
#7667=CARTESIAN_POINT('',(50.944296733,13.15637751,12.626975));
#7668=CARTESIAN_POINT('',(50.993815479,13.091275942,12.626975));
#7669=CARTESIAN_POINT('',(50.993815479,13.002626999,12.626975));
#7670=CARTESIAN_POINT('',(50.993815479,12.931292302,12.626975));
#7671=CARTESIAN_POINT('',(50.963688689,12.869999869,12.626975));
#7672=CARTESIAN_POINT('',(50.9335619,12.808707435,12.626975));
#7673=CARTESIAN_POINT('',(50.889237428,12.775464082,12.626975));
#7674=CARTESIAN_POINT('',(50.844912956,12.742220728,12.626975));
#7675=CARTESIAN_POINT('',(50.778079964,12.725252766,12.626975));
#7676=CARTESIAN_POINT('',(50.711246971,12.708284804,12.626975));
#7677=CARTESIAN_POINT('',(50.61428719,12.708284804,12.626975));
#7678=B_SPLINE_CURVE_WITH_KNOTS('',2,(#7665,#7666,#7667,#7668,#7669,#7670,#7671,#7672,#7673,#7674,#7675,#7676,#7677),.UNSPECIFIED.,.F.,.F.,(3,2,2,2,2,2,3),(0.453550075,0.558259043,0.66296801,0.747226008,0.831484005,0.915742003,1.),.UNSPECIFIED.);
#7679=EDGE_CURVE('',#7656,#7664,#7678,.T.);
#7680=ORIENTED_EDGE('',*,*,#7679,.T.);
#7681=CARTESIAN_POINT('',(50.61428719,12.708284804,12.626975));
#7682=DIRECTION('',(0.,0.,-1.));
#7683=VECTOR('',#7682,0.4826);
#7684=LINE('',#7681,#7683);
#7685=EDGE_CURVE('',#7664,#787,#7684,.T.);
#7686=ORIENTED_EDGE('',*,*,#7685,.T.);
#7687=EDGE_LOOP('',(#7654,#7662,#7680,#7686));
#7688=FACE_BOUND('',#7687,.T.);
#7689=ADVANCED_FACE('',(#7688),#7653,.T.);
#7690=CARTESIAN_POINT('',(50.608054061,13.723592234,12.626975));
#7691=CARTESIAN_POINT('',(50.608054061,13.723592234,12.144375));
#7692=CARTESIAN_POINT('',(50.724405799,13.723592234,12.626975));
#7693=CARTESIAN_POINT('',(50.724405799,13.723592234,12.144375));
#7694=CARTESIAN_POINT('',(50.794701641,13.692772875,12.626975));
#7695=CARTESIAN_POINT('',(50.794701641,13.692772875,12.144375));
#7696=CARTESIAN_POINT('',(50.864997483,13.661953516,12.626975));
#7697=CARTESIAN_POINT('',(50.864997483,13.661953516,12.144375));
#7698=CARTESIAN_POINT('',(50.90482025,13.597890803,12.626975));
#7699=CARTESIAN_POINT('',(50.90482025,13.597890803,12.144375));
#7700=CARTESIAN_POINT('',(50.944643018,13.53382809,12.626975));
#7701=CARTESIAN_POINT('',(50.944643018,13.53382809,12.144375));
#7702=CARTESIAN_POINT('',(50.944643018,13.463878533,12.626975));
#7703=CARTESIAN_POINT('',(50.944643018,13.463878533,12.144375));
#7704=CARTESIAN_POINT('',(50.944643018,13.398776965,12.626975));
#7705=CARTESIAN_POINT('',(50.944643018,13.398776965,12.144375));
#7706=CARTESIAN_POINT('',(50.909321954,13.341293666,12.626975));
#7707=CARTESIAN_POINT('',(50.909321954,13.341293666,12.144375));
#7708=CARTESIAN_POINT('',(50.874000891,13.283810366,12.626975));
#7709=CARTESIAN_POINT('',(50.874000891,13.283810366,12.144375));
#7710=CARTESIAN_POINT('',(50.802666194,13.248489303,12.626975));
#7711=CARTESIAN_POINT('',(50.802666194,13.248489303,12.144375));
#7712=B_SPLINE_SURFACE_WITH_KNOTS('',2,1,((#7690,#7691),(#7692,#7693),(#7694,#7695),(#7696,#7697),(#7698,#7699),(#7700,#7701),(#7702,#7703),(#7704,#7705),(#7706,#7707),(#7708,#7709),(#7710,#7711)),.UNSPECIFIED.,.F.,.F.,.U.,(3,2,2,2,2,3),(2,2),(0.,0.093296451,0.186592902,0.279889354,0.366719714,0.453550075),(0.,1.),.UNSPECIFIED.);
#7713=ORIENTED_EDGE('',*,*,#840,.F.);
#7714=CARTESIAN_POINT('',(50.608054061,13.723592234,12.626975));
#7715=VERTEX_POINT('',#7714);
#7716=CARTESIAN_POINT('',(50.608054061,13.723592234,12.626975));
#7717=DIRECTION('',(0.,0.,-1.));
#7718=VECTOR('',#7717,0.4826);
#7719=LINE('',#7716,#7718);
#7720=EDGE_CURVE('',#7715,#821,#7719,.T.);
#7721=ORIENTED_EDGE('',*,*,#7720,.F.);
#7722=CARTESIAN_POINT('',(50.608054061,13.723592234,12.626975));
#7723=CARTESIAN_POINT('',(50.724405799,13.723592234,12.626975));
#7724=CARTESIAN_POINT('',(50.794701641,13.692772875,12.626975));
#7725=CARTESIAN_POINT('',(50.864997483,13.661953516,12.626975));
#7726=CARTESIAN_POINT('',(50.90482025,13.597890803,12.626975));
#7727=CARTESIAN_POINT('',(50.944643018,13.53382809,12.626975));
#7728=CARTESIAN_POINT('',(50.944643018,13.463878533,12.626975));
#7729=CARTESIAN_POINT('',(50.944643018,13.398776965,12.626975));
#7730=CARTESIAN_POINT('',(50.909321954,13.341293666,12.626975));
#7731=CARTESIAN_POINT('',(50.874000891,13.283810366,12.626975));
#7732=CARTESIAN_POINT('',(50.802666194,13.248489303,12.626975));
#7733=B_SPLINE_CURVE_WITH_KNOTS('',2,(#7722,#7723,#7724,#7725,#7726,#7727,#7728,#7729,#7730,#7731,#7732),.UNSPECIFIED.,.F.,.F.,(3,2,2,2,2,3),(0.,0.093296451,0.186592902,0.279889354,0.366719714,0.453550075),.UNSPECIFIED.);
#7734=EDGE_CURVE('',#7715,#7656,#7733,.T.);
#7735=ORIENTED_EDGE('',*,*,#7734,.T.);
#7736=ORIENTED_EDGE('',*,*,#7661,.T.);
#7737=EDGE_LOOP('',(#7713,#7721,#7735,#7736));
#7738=FACE_BOUND('',#7737,.T.);
#7739=ADVANCED_FACE('',(#7738),#7712,.T.);
#7740=CARTESIAN_POINT('',(50.417597346,13.723592234,12.626975));
#7741=DIRECTION('',(0.,1.,0.));
#7742=DIRECTION('',(0.,0.,1.));
#7743=AXIS2_PLACEMENT_3D('',#7740,#7741,#7742);
#7744=PLANE('',#7743);
#7745=ORIENTED_EDGE('',*,*,#826,.F.);
#7746=CARTESIAN_POINT('',(50.227140632,13.723592234,12.626975));
#7747=VERTEX_POINT('',#7746);
#7748=CARTESIAN_POINT('',(50.227140632,13.723592234,12.626975));
#7749=DIRECTION('',(0.,0.,-1.));
#7750=VECTOR('',#7749,0.4826);
#7751=LINE('',#7748,#7750);
#7752=EDGE_CURVE('',#7747,#813,#7751,.T.);
#7753=ORIENTED_EDGE('',*,*,#7752,.F.);
#7754=CARTESIAN_POINT('',(50.227140632,13.723592234,12.626975));
#7755=DIRECTION('',(1.,0.,-0.));
#7756=VECTOR('',#7755,0.380913429);
#7757=LINE('',#7754,#7756);
#7758=EDGE_CURVE('',#7747,#7715,#7757,.T.);
#7759=ORIENTED_EDGE('',*,*,#7758,.T.);
#7760=ORIENTED_EDGE('',*,*,#7720,.T.);
#7761=EDGE_LOOP('',(#7745,#7753,#7759,#7760));
#7762=FACE_BOUND('',#7761,.T.);
#7763=ADVANCED_FACE('',(#7762),#7744,.T.);
#7764=CARTESIAN_POINT('',(50.227140632,13.215938519,12.626975));
#7765=DIRECTION('',(-1.,0.,0.));
#7766=DIRECTION('',(0.,0.,1.));
#7767=AXIS2_PLACEMENT_3D('',#7764,#7765,#7766);
#7768=PLANE('',#7767);
#7769=ORIENTED_EDGE('',*,*,#818,.F.);
#7770=CARTESIAN_POINT('',(50.227140632,12.708284804,12.626975));
#7771=VERTEX_POINT('',#7770);
#7772=CARTESIAN_POINT('',(50.227140632,12.708284804,12.626975));
#7773=DIRECTION('',(0.,0.,-1.));
#7774=VECTOR('',#7773,0.4826);
#7775=LINE('',#7772,#7774);
#7776=EDGE_CURVE('',#7771,#805,#7775,.T.);
#7777=ORIENTED_EDGE('',*,*,#7776,.F.);
#7778=CARTESIAN_POINT('',(50.227140632,12.708284804,12.626975));
#7779=DIRECTION('',(0.,1.,0.));
#7780=VECTOR('',#7779,1.01530743);
#7781=LINE('',#7778,#7780);
#7782=EDGE_CURVE('',#7771,#7747,#7781,.T.);
#7783=ORIENTED_EDGE('',*,*,#7782,.T.);
#7784=ORIENTED_EDGE('',*,*,#7752,.T.);
#7785=EDGE_LOOP('',(#7769,#7777,#7783,#7784));
#7786=FACE_BOUND('',#7785,.T.);
#7787=ADVANCED_FACE('',(#7786),#7768,.T.);
#7788=CARTESIAN_POINT('',(50.705706412,12.832947381,12.626975));
#7789=CARTESIAN_POINT('',(50.705706412,12.832947381,12.144375));
#7790=CARTESIAN_POINT('',(50.752108594,12.841258219,12.626975));
#7791=CARTESIAN_POINT('',(50.752108594,12.841258219,12.144375));
#7792=CARTESIAN_POINT('',(50.783274238,12.860650176,12.626975));
#7793=CARTESIAN_POINT('',(50.783274238,12.860650176,12.144375));
#7794=CARTESIAN_POINT('',(50.814439882,12.880042132,12.626975));
#7795=CARTESIAN_POINT('',(50.814439882,12.880042132,12.144375));
#7796=CARTESIAN_POINT('',(50.834524408,12.91709462,12.626975));
#7797=CARTESIAN_POINT('',(50.834524408,12.91709462,12.144375));
#7798=CARTESIAN_POINT('',(50.854608935,12.954147108,12.626975));
#7799=CARTESIAN_POINT('',(50.854608935,12.954147108,12.144375));
#7800=CARTESIAN_POINT('',(50.854608935,13.002626999,12.626975));
#7801=CARTESIAN_POINT('',(50.854608935,13.002626999,12.144375));
#7802=CARTESIAN_POINT('',(50.854608935,13.059417728,12.626975));
#7803=CARTESIAN_POINT('',(50.854608935,13.059417728,12.144375));
#7804=CARTESIAN_POINT('',(50.825521,13.101318206,12.626975));
#7805=CARTESIAN_POINT('',(50.825521,13.101318206,12.144375));
#7806=CARTESIAN_POINT('',(50.796433065,13.143218683,12.626975));
#7807=CARTESIAN_POINT('',(50.796433065,13.143218683,12.144375));
#7808=CARTESIAN_POINT('',(50.74483661,13.160186645,12.626975));
#7809=CARTESIAN_POINT('',(50.74483661,13.160186645,12.144375));
#7810=CARTESIAN_POINT('',(50.693240155,13.177154606,12.626975));
#7811=CARTESIAN_POINT('',(50.693240155,13.177154606,12.144375));
#7812=CARTESIAN_POINT('',(50.596280373,13.177154606,12.626975));
#7813=CARTESIAN_POINT('',(50.596280373,13.177154606,12.144375));
#7814=B_SPLINE_SURFACE_WITH_KNOTS('',2,1,((#7788,#7789),(#7790,#7791),(#7792,#7793),(#7794,#7795),(#7796,#7797),(#7798,#7799),(#7800,#7801),(#7802,#7803),(#7804,#7805),(#7806,#7807),(#7808,#7809),(#7810,#7811),(#7812,#7813)),.UNSPECIFIED.,.F.,.F.,.U.,(3,2,2,2,2,2,3),(2,2),(0.080157714,0.221361573,0.362565433,0.503769293,0.669179529,0.834589764,1.),(0.,1.),.UNSPECIFIED.);
#7815=CARTESIAN_POINT('',(50.705706412,12.832947381,12.144375));
#7816=VERTEX_POINT('',#7815);
#7817=CARTESIAN_POINT('',(50.596280373,13.177154606,12.144375));
#7818=VERTEX_POINT('',#7817);
#7819=CARTESIAN_POINT('',(50.705706412,12.832947381,12.144375));
#7820=CARTESIAN_POINT('',(50.752108594,12.841258219,12.144375));
#7821=CARTESIAN_POINT('',(50.783274238,12.860650176,12.144375));
#7822=CARTESIAN_POINT('',(50.814439882,12.880042132,12.144375));
#7823=CARTESIAN_POINT('',(50.834524408,12.91709462,12.144375));
#7824=CARTESIAN_POINT('',(50.854608935,12.954147108,12.144375));
#7825=CARTESIAN_POINT('',(50.854608935,13.002626999,12.144375));
#7826=CARTESIAN_POINT('',(50.854608935,13.059417728,12.144375));
#7827=CARTESIAN_POINT('',(50.825521,13.101318206,12.144375));
#7828=CARTESIAN_POINT('',(50.796433065,13.143218683,12.144375));
#7829=CARTESIAN_POINT('',(50.74483661,13.160186645,12.144375));
#7830=CARTESIAN_POINT('',(50.693240155,13.177154606,12.144375));
#7831=CARTESIAN_POINT('',(50.596280373,13.177154606,12.144375));
#7832=B_SPLINE_CURVE_WITH_KNOTS('',2,(#7819,#7820,#7821,#7822,#7823,#7824,#7825,#7826,#7827,#7828,#7829,#7830,#7831),.UNSPECIFIED.,.F.,.F.,(3,2,2,2,2,2,3),(0.080157714,0.221361573,0.362565433,0.503769293,0.669179529,0.834589764,1.),.UNSPECIFIED.);
#7833=EDGE_CURVE('',#7816,#7818,#7832,.T.);
#7834=ORIENTED_EDGE('',*,*,#7833,.F.);
#7835=CARTESIAN_POINT('',(50.705706412,12.832947381,12.626975));
#7836=VERTEX_POINT('',#7835);
#7837=CARTESIAN_POINT('',(50.705706412,12.832947381,12.626975));
#7838=DIRECTION('',(0.,0.,-1.));
#7839=VECTOR('',#7838,0.4826);
#7840=LINE('',#7837,#7839);
#7841=EDGE_CURVE('',#7836,#7816,#7840,.T.);
#7842=ORIENTED_EDGE('',*,*,#7841,.F.);
#7843=CARTESIAN_POINT('',(50.596280373,13.177154606,12.626975));
#7844=VERTEX_POINT('',#7843);
#7845=CARTESIAN_POINT('',(50.705706412,12.832947381,12.626975));
#7846=CARTESIAN_POINT('',(50.752108594,12.841258219,12.626975));
#7847=CARTESIAN_POINT('',(50.783274238,12.860650176,12.626975));
#7848=CARTESIAN_POINT('',(50.814439882,12.880042132,12.626975));
#7849=CARTESIAN_POINT('',(50.834524408,12.91709462,12.626975));
#7850=CARTESIAN_POINT('',(50.854608935,12.954147108,12.626975));
#7851=CARTESIAN_POINT('',(50.854608935,13.002626999,12.626975));
#7852=CARTESIAN_POINT('',(50.854608935,13.059417728,12.626975));
#7853=CARTESIAN_POINT('',(50.825521,13.101318206,12.626975));
#7854=CARTESIAN_POINT('',(50.796433065,13.143218683,12.626975));
#7855=CARTESIAN_POINT('',(50.74483661,13.160186645,12.626975));
#7856=CARTESIAN_POINT('',(50.693240155,13.177154606,12.626975));
#7857=CARTESIAN_POINT('',(50.596280373,13.177154606,12.626975));
#7858=B_SPLINE_CURVE_WITH_KNOTS('',2,(#7845,#7846,#7847,#7848,#7849,#7850,#7851,#7852,#7853,#7854,#7855,#7856,#7857),.UNSPECIFIED.,.F.,.F.,(3,2,2,2,2,2,3),(0.080157714,0.221361573,0.362565433,0.503769293,0.669179529,0.834589764,1.),.UNSPECIFIED.);
#7859=EDGE_CURVE('',#7836,#7844,#7858,.T.);
#7860=ORIENTED_EDGE('',*,*,#7859,.T.);
#7861=CARTESIAN_POINT('',(50.596280373,13.177154606,12.626975));
#7862=DIRECTION('',(0.,0.,-1.));
#7863=VECTOR('',#7862,0.4826);
#7864=LINE('',#7861,#7863);
#7865=EDGE_CURVE('',#7844,#7818,#7864,.T.);
#7866=ORIENTED_EDGE('',*,*,#7865,.T.);
#7867=EDGE_LOOP('',(#7834,#7842,#7860,#7866));
#7868=FACE_BOUND('',#7867,.T.);
#7869=ADVANCED_FACE('',(#7868),#7814,.T.);
#7870=CARTESIAN_POINT('',(50.61428719,12.828099392,12.626975));
#7871=CARTESIAN_POINT('',(50.61428719,12.828099392,12.144375));
#7872=CARTESIAN_POINT('',(50.679388757,12.828099392,12.626975));
#7873=CARTESIAN_POINT('',(50.679388757,12.828099392,12.144375));
#7874=CARTESIAN_POINT('',(50.705706412,12.832947381,12.626975));
#7875=CARTESIAN_POINT('',(50.705706412,12.832947381,12.144375));
#7876=B_SPLINE_SURFACE_WITH_KNOTS('',2,1,((#7870,#7871),(#7872,#7873),(#7874,#7875)),.UNSPECIFIED.,.F.,.F.,.U.,(3,3),(2,2),(0.,0.080157713),(0.,1.),.UNSPECIFIED.);
#7877=CARTESIAN_POINT('',(50.61428719,12.828099392,12.144375));
#7878=VERTEX_POINT('',#7877);
#7879=CARTESIAN_POINT('',(50.61428719,12.828099392,12.144375));
#7880=CARTESIAN_POINT('',(50.679388757,12.828099392,12.144375));
#7881=CARTESIAN_POINT('',(50.705706412,12.832947381,12.144375));
#7882=B_SPLINE_CURVE_WITH_KNOTS('',2,(#7879,#7880,#7881),.UNSPECIFIED.,.F.,.F.,(3,3),(0.,0.080157714),.UNSPECIFIED.);
#7883=EDGE_CURVE('',#7878,#7816,#7882,.T.);
#7884=ORIENTED_EDGE('',*,*,#7883,.F.);
#7885=CARTESIAN_POINT('',(50.61428719,12.828099392,12.626975));
#7886=VERTEX_POINT('',#7885);
#7887=CARTESIAN_POINT('',(50.61428719,12.828099392,12.626975));
#7888=DIRECTION('',(0.,0.,-1.));
#7889=VECTOR('',#7888,0.4826);
#7890=LINE('',#7887,#7889);
#7891=EDGE_CURVE('',#7886,#7878,#7890,.T.);
#7892=ORIENTED_EDGE('',*,*,#7891,.F.);
#7893=CARTESIAN_POINT('',(50.61428719,12.828099392,12.626975));
#7894=CARTESIAN_POINT('',(50.679388757,12.828099392,12.626975));
#7895=CARTESIAN_POINT('',(50.705706412,12.832947381,12.626975));
#7896=B_SPLINE_CURVE_WITH_KNOTS('',2,(#7893,#7894,#7895),.UNSPECIFIED.,.F.,.F.,(3,3),(0.,0.080157714),.UNSPECIFIED.);
#7897=EDGE_CURVE('',#7886,#7836,#7896,.T.);
#7898=ORIENTED_EDGE('',*,*,#7897,.T.);
#7899=ORIENTED_EDGE('',*,*,#7841,.T.);
#7900=EDGE_LOOP('',(#7884,#7892,#7898,#7899));
#7901=FACE_BOUND('',#7900,.T.);
#7902=ADVANCED_FACE('',(#7901),#7876,.T.);
#7903=CARTESIAN_POINT('',(50.487893188,12.828099392,12.626975));
#7904=DIRECTION('',(0.,1.,0.));
#7905=DIRECTION('',(0.,0.,1.));
#7906=AXIS2_PLACEMENT_3D('',#7903,#7904,#7905);
#7907=PLANE('',#7906);
#7908=CARTESIAN_POINT('',(50.361499187,12.828099392,12.144375));
#7909=VERTEX_POINT('',#7908);
#7910=CARTESIAN_POINT('',(50.361499187,12.828099392,12.144375));
#7911=DIRECTION('',(1.,0.,-0.));
#7912=VECTOR('',#7911,0.252788003);
#7913=LINE('',#7910,#7912);
#7914=EDGE_CURVE('',#7909,#7878,#7913,.T.);
#7915=ORIENTED_EDGE('',*,*,#7914,.F.);
#7916=CARTESIAN_POINT('',(50.361499187,12.828099392,12.626975));
#7917=VERTEX_POINT('',#7916);
#7918=CARTESIAN_POINT('',(50.361499187,12.828099392,12.626975));
#7919=DIRECTION('',(0.,0.,-1.));
#7920=VECTOR('',#7919,0.4826);
#7921=LINE('',#7918,#7920);
#7922=EDGE_CURVE('',#7917,#7909,#7921,.T.);
#7923=ORIENTED_EDGE('',*,*,#7922,.F.);
#7924=CARTESIAN_POINT('',(50.361499187,12.828099392,12.626975));
#7925=DIRECTION('',(1.,0.,-0.));
#7926=VECTOR('',#7925,0.252788003);
#7927=LINE('',#7924,#7926);
#7928=EDGE_CURVE('',#7917,#7886,#7927,.T.);
#7929=ORIENTED_EDGE('',*,*,#7928,.T.);
#7930=ORIENTED_EDGE('',*,*,#7891,.T.);
#7931=EDGE_LOOP('',(#7915,#7923,#7929,#7930));
#7932=FACE_BOUND('',#7931,.T.);
#7933=ADVANCED_FACE('',(#7932),#7907,.T.);
#7934=CARTESIAN_POINT('',(50.361499187,13.002626999,12.626975));
#7935=DIRECTION('',(1.,0.,0.));
#7936=DIRECTION('',(0.,0.,-1.));
#7937=AXIS2_PLACEMENT_3D('',#7934,#7935,#7936);
#7938=PLANE('',#7937);
#7939=CARTESIAN_POINT('',(50.361499187,13.177154606,12.144375));
#7940=VERTEX_POINT('',#7939);
#7941=CARTESIAN_POINT('',(50.361499187,13.177154606,12.144375));
#7942=DIRECTION('',(0.,-1.,0.));
#7943=VECTOR('',#7942,0.349055215);
#7944=LINE('',#7941,#7943);
#7945=EDGE_CURVE('',#7940,#7909,#7944,.T.);
#7946=ORIENTED_EDGE('',*,*,#7945,.F.);
#7947=CARTESIAN_POINT('',(50.361499187,13.177154606,12.626975));
#7948=VERTEX_POINT('',#7947);
#7949=CARTESIAN_POINT('',(50.361499187,13.177154606,12.626975));
#7950=DIRECTION('',(0.,0.,-1.));
#7951=VECTOR('',#7950,0.4826);
#7952=LINE('',#7949,#7951);
#7953=EDGE_CURVE('',#7948,#7940,#7952,.T.);
#7954=ORIENTED_EDGE('',*,*,#7953,.F.);
#7955=CARTESIAN_POINT('',(50.361499187,13.177154606,12.626975));
#7956=DIRECTION('',(0.,-1.,0.));
#7957=VECTOR('',#7956,0.349055215);
#7958=LINE('',#7955,#7957);
#7959=EDGE_CURVE('',#7948,#7917,#7958,.T.);
#7960=ORIENTED_EDGE('',*,*,#7959,.T.);
#7961=ORIENTED_EDGE('',*,*,#7922,.T.);
#7962=EDGE_LOOP('',(#7946,#7954,#7960,#7961));
#7963=FACE_BOUND('',#7962,.T.);
#7964=ADVANCED_FACE('',(#7963),#7938,.T.);
#7965=CARTESIAN_POINT('',(50.709169262,13.308742882,12.626975));
#7966=CARTESIAN_POINT('',(50.709169262,13.308742882,12.144375));
#7967=CARTESIAN_POINT('',(50.760419432,13.323979419,12.626975));
#7968=CARTESIAN_POINT('',(50.760419432,13.323979419,12.144375));
#7969=CARTESIAN_POINT('',(50.786390802,13.359300482,12.626975));
#7970=CARTESIAN_POINT('',(50.786390802,13.359300482,12.144375));
#7971=CARTESIAN_POINT('',(50.812362172,13.394621546,12.626975));
#7972=CARTESIAN_POINT('',(50.812362172,13.394621546,12.144375));
#7973=CARTESIAN_POINT('',(50.812362172,13.447949426,12.626975));
#7974=CARTESIAN_POINT('',(50.812362172,13.447949426,12.144375));
#7975=CARTESIAN_POINT('',(50.812362172,13.498507026,12.626975));
#7976=CARTESIAN_POINT('',(50.812362172,13.498507026,12.144375));
#7977=CARTESIAN_POINT('',(50.788122227,13.536944654,12.626975));
#7978=CARTESIAN_POINT('',(50.788122227,13.536944654,12.144375));
#7979=CARTESIAN_POINT('',(50.763882282,13.575382282,12.626975));
#7980=CARTESIAN_POINT('',(50.763882282,13.575382282,12.144375));
#7981=CARTESIAN_POINT('',(50.71886524,13.589579964,12.626975));
#7982=CARTESIAN_POINT('',(50.71886524,13.589579964,12.144375));
#7983=CARTESIAN_POINT('',(50.673848198,13.603777647,12.626975));
#7984=CARTESIAN_POINT('',(50.673848198,13.603777647,12.144375));
#7985=CARTESIAN_POINT('',(50.564422159,13.603777647,12.626975));
#7986=CARTESIAN_POINT('',(50.564422159,13.603777647,12.144375));
#7987=B_SPLINE_SURFACE_WITH_KNOTS('',2,1,((#7965,#7966),(#7967,#7968),(#7969,#7970),(#7971,#7972),(#7973,#7974),(#7975,#7976),(#7977,#7978),(#7979,#7980),(#7981,#7982),(#7983,#7984),(#7985,#7986)),.UNSPECIFIED.,.F.,.F.,.U.,(3,2,2,2,2,3),(2,2),(0.135315279,0.313815878,0.492316477,0.661544318,0.830772159,1.),(0.,1.),.UNSPECIFIED.);
#7988=CARTESIAN_POINT('',(50.709169262,13.308742882,12.144375));
#7989=VERTEX_POINT('',#7988);
#7990=CARTESIAN_POINT('',(50.564422159,13.603777647,12.144375));
#7991=VERTEX_POINT('',#7990);
#7992=CARTESIAN_POINT('',(50.709169262,13.308742882,12.144375));
#7993=CARTESIAN_POINT('',(50.760419432,13.323979419,12.144375));
#7994=CARTESIAN_POINT('',(50.786390802,13.359300482,12.144375));
#7995=CARTESIAN_POINT('',(50.812362172,13.394621546,12.144375));
#7996=CARTESIAN_POINT('',(50.812362172,13.447949426,12.144375));
#7997=CARTESIAN_POINT('',(50.812362172,13.498507026,12.144375));
#7998=CARTESIAN_POINT('',(50.788122227,13.536944654,12.144375));
#7999=CARTESIAN_POINT('',(50.763882282,13.575382282,12.144375));
#8000=CARTESIAN_POINT('',(50.71886524,13.589579964,12.144375));
#8001=CARTESIAN_POINT('',(50.673848198,13.603777647,12.144375));
#8002=CARTESIAN_POINT('',(50.564422159,13.603777647,12.144375));
#8003=B_SPLINE_CURVE_WITH_KNOTS('',2,(#7992,#7993,#7994,#7995,#7996,#7997,#7998,#7999,#8000,#8001,#8002),.UNSPECIFIED.,.F.,.F.,(3,2,2,2,2,3),(0.135315279,0.313815878,0.492316477,0.661544318,0.830772159,1.),.UNSPECIFIED.);
#8004=EDGE_CURVE('',#7989,#7991,#8003,.T.);
#8005=ORIENTED_EDGE('',*,*,#8004,.F.);
#8006=CARTESIAN_POINT('',(50.709169262,13.308742882,12.626975));
#8007=VERTEX_POINT('',#8006);
#8008=CARTESIAN_POINT('',(50.709169262,13.308742882,12.626975));
#8009=DIRECTION('',(0.,0.,-1.));
#8010=VECTOR('',#8009,0.4826);
#8011=LINE('',#8008,#8010);
#8012=EDGE_CURVE('',#8007,#7989,#8011,.T.);
#8013=ORIENTED_EDGE('',*,*,#8012,.F.);
#8014=CARTESIAN_POINT('',(50.564422159,13.603777647,12.626975));
#8015=VERTEX_POINT('',#8014);
#8016=CARTESIAN_POINT('',(50.709169262,13.308742882,12.626975));
#8017=CARTESIAN_POINT('',(50.760419432,13.323979419,12.626975));
#8018=CARTESIAN_POINT('',(50.786390802,13.359300482,12.626975));
#8019=CARTESIAN_POINT('',(50.812362172,13.394621546,12.626975));
#8020=CARTESIAN_POINT('',(50.812362172,13.447949426,12.626975));
#8021=CARTESIAN_POINT('',(50.812362172,13.498507026,12.626975));
#8022=CARTESIAN_POINT('',(50.788122227,13.536944654,12.626975));
#8023=CARTESIAN_POINT('',(50.763882282,13.575382282,12.626975));
#8024=CARTESIAN_POINT('',(50.71886524,13.589579964,12.626975));
#8025=CARTESIAN_POINT('',(50.673848198,13.603777647,12.626975));
#8026=CARTESIAN_POINT('',(50.564422159,13.603777647,12.626975));
#8027=B_SPLINE_CURVE_WITH_KNOTS('',2,(#8016,#8017,#8018,#8019,#8020,#8021,#8022,#8023,#8024,#8025,#8026),.UNSPECIFIED.,.F.,.F.,(3,2,2,2,2,3),(0.135315279,0.313815878,0.492316477,0.661544318,0.830772159,1.),.UNSPECIFIED.);
#8028=EDGE_CURVE('',#8007,#8015,#8027,.T.);
#8029=ORIENTED_EDGE('',*,*,#8028,.T.);
#8030=CARTESIAN_POINT('',(50.564422159,13.603777647,12.626975));
#8031=DIRECTION('',(0.,0.,-1.));
#8032=VECTOR('',#8031,0.4826);
#8033=LINE('',#8030,#8032);
#8034=EDGE_CURVE('',#8015,#7991,#8033,.T.);
#8035=ORIENTED_EDGE('',*,*,#8034,.T.);
#8036=EDGE_LOOP('',(#8005,#8013,#8029,#8035));
#8037=FACE_BOUND('',#8036,.T.);
#8038=ADVANCED_FACE('',(#8037),#7987,.T.);
#8039=CARTESIAN_POINT('',(50.581043836,13.296969194,12.626975));
#8040=CARTESIAN_POINT('',(50.581043836,13.296969194,12.144375));
#8041=CARTESIAN_POINT('',(50.670385349,13.296969194,12.626975));
#8042=CARTESIAN_POINT('',(50.670385349,13.296969194,12.144375));
#8043=CARTESIAN_POINT('',(50.709169261,13.308742882,12.626975));
#8044=CARTESIAN_POINT('',(50.709169261,13.308742882,12.144375));
#8045=B_SPLINE_SURFACE_WITH_KNOTS('',2,1,((#8039,#8040),(#8041,#8042),(#8043,#8044)),.UNSPECIFIED.,.F.,.F.,.U.,(3,3),(2,2),(0.,0.135315278),(0.,1.),.UNSPECIFIED.);
#8046=CARTESIAN_POINT('',(50.581043836,13.296969194,12.144375));
#8047=VERTEX_POINT('',#8046);
#8048=CARTESIAN_POINT('',(50.581043836,13.296969194,12.144375));
#8049=CARTESIAN_POINT('',(50.670385349,13.296969194,12.144375));
#8050=CARTESIAN_POINT('',(50.709169262,13.308742882,12.144375));
#8051=B_SPLINE_CURVE_WITH_KNOTS('',2,(#8048,#8049,#8050),.UNSPECIFIED.,.F.,.F.,(3,3),(0.,0.135315279),.UNSPECIFIED.);
#8052=EDGE_CURVE('',#8047,#7989,#8051,.T.);
#8053=ORIENTED_EDGE('',*,*,#8052,.F.);
#8054=CARTESIAN_POINT('',(50.581043836,13.296969194,12.626975));
#8055=VERTEX_POINT('',#8054);
#8056=CARTESIAN_POINT('',(50.581043836,13.296969194,12.626975));
#8057=DIRECTION('',(0.,0.,-1.));
#8058=VECTOR('',#8057,0.4826);
#8059=LINE('',#8056,#8058);
#8060=EDGE_CURVE('',#8055,#8047,#8059,.T.);
#8061=ORIENTED_EDGE('',*,*,#8060,.F.);
#8062=CARTESIAN_POINT('',(50.581043836,13.296969194,12.626975));
#8063=CARTESIAN_POINT('',(50.670385349,13.296969194,12.626975));
#8064=CARTESIAN_POINT('',(50.709169262,13.308742882,12.626975));
#8065=B_SPLINE_CURVE_WITH_KNOTS('',2,(#8062,#8063,#8064),.UNSPECIFIED.,.F.,.F.,(3,3),(0.,0.135315279),.UNSPECIFIED.);
#8066=EDGE_CURVE('',#8055,#8007,#8065,.T.);
#8067=ORIENTED_EDGE('',*,*,#8066,.T.);
#8068=ORIENTED_EDGE('',*,*,#8012,.T.);
#8069=EDGE_LOOP('',(#8053,#8061,#8067,#8068));
#8070=FACE_BOUND('',#8069,.T.);
#8071=ADVANCED_FACE('',(#8070),#8045,.T.);
#8072=CARTESIAN_POINT('',(50.471271511,13.296969194,12.626975));
#8073=DIRECTION('',(0.,1.,0.));
#8074=DIRECTION('',(0.,0.,1.));
#8075=AXIS2_PLACEMENT_3D('',#8072,#8073,#8074);
#8076=PLANE('',#8075);
#8077=CARTESIAN_POINT('',(50.361499187,13.296969194,12.144375));
#8078=VERTEX_POINT('',#8077);
#8079=CARTESIAN_POINT('',(50.361499187,13.296969194,12.144375));
#8080=DIRECTION('',(1.,0.,-0.));
#8081=VECTOR('',#8080,0.219544649);
#8082=LINE('',#8079,#8081);
#8083=EDGE_CURVE('',#8078,#8047,#8082,.T.);
#8084=ORIENTED_EDGE('',*,*,#8083,.F.);
#8085=CARTESIAN_POINT('',(50.361499187,13.296969194,12.626975));
#8086=VERTEX_POINT('',#8085);
#8087=CARTESIAN_POINT('',(50.361499187,13.296969194,12.626975));
#8088=DIRECTION('',(0.,0.,-1.));
#8089=VECTOR('',#8088,0.4826);
#8090=LINE('',#8087,#8089);
#8091=EDGE_CURVE('',#8086,#8078,#8090,.T.);
#8092=ORIENTED_EDGE('',*,*,#8091,.F.);
#8093=CARTESIAN_POINT('',(50.361499187,13.296969194,12.626975));
#8094=DIRECTION('',(1.,0.,-0.));
#8095=VECTOR('',#8094,0.219544649);
#8096=LINE('',#8093,#8095);
#8097=EDGE_CURVE('',#8086,#8055,#8096,.T.);
#8098=ORIENTED_EDGE('',*,*,#8097,.T.);
#8099=ORIENTED_EDGE('',*,*,#8060,.T.);
#8100=EDGE_LOOP('',(#8084,#8092,#8098,#8099));
#8101=FACE_BOUND('',#8100,.T.);
#8102=ADVANCED_FACE('',(#8101),#8076,.T.);
#8103=CARTESIAN_POINT('',(50.361499187,13.45037342,12.626975));
#8104=DIRECTION('',(1.,0.,0.));
#8105=DIRECTION('',(0.,0.,-1.));
#8106=AXIS2_PLACEMENT_3D('',#8103,#8104,#8105);
#8107=PLANE('',#8106);
#8108=CARTESIAN_POINT('',(50.361499187,13.603777647,12.144375));
#8109=VERTEX_POINT('',#8108);
#8110=CARTESIAN_POINT('',(50.361499187,13.603777647,12.144375));
#8111=DIRECTION('',(0.,-1.,0.));
#8112=VECTOR('',#8111,0.306808453);
#8113=LINE('',#8110,#8112);
#8114=EDGE_CURVE('',#8109,#8078,#8113,.T.);
#8115=ORIENTED_EDGE('',*,*,#8114,.F.);
#8116=CARTESIAN_POINT('',(50.361499187,13.603777647,12.626975));
#8117=VERTEX_POINT('',#8116);
#8118=CARTESIAN_POINT('',(50.361499187,13.603777647,12.626975));
#8119=DIRECTION('',(0.,0.,-1.));
#8120=VECTOR('',#8119,0.4826);
#8121=LINE('',#8118,#8120);
#8122=EDGE_CURVE('',#8117,#8109,#8121,.T.);
#8123=ORIENTED_EDGE('',*,*,#8122,.F.);
#8124=CARTESIAN_POINT('',(50.361499187,13.603777647,12.626975));
#8125=DIRECTION('',(0.,-1.,0.));
#8126=VECTOR('',#8125,0.306808453);
#8127=LINE('',#8124,#8126);
#8128=EDGE_CURVE('',#8117,#8086,#8127,.T.);
#8129=ORIENTED_EDGE('',*,*,#8128,.T.);
#8130=ORIENTED_EDGE('',*,*,#8091,.T.);
#8131=EDGE_LOOP('',(#8115,#8123,#8129,#8130));
#8132=FACE_BOUND('',#8131,.T.);
#8133=ADVANCED_FACE('',(#8132),#8107,.T.);
#8134=CARTESIAN_POINT('',(50.47888978,13.177154606,12.626975));
#8135=DIRECTION('',(0.,-1.,0.));
#8136=DIRECTION('',(0.,0.,-1.));
#8137=AXIS2_PLACEMENT_3D('',#8134,#8135,#8136);
#8138=PLANE('',#8137);
#8139=CARTESIAN_POINT('',(50.596280373,13.177154606,12.144375));
#8140=DIRECTION('',(-1.,0.,0.));
#8141=VECTOR('',#8140,0.234781186);
#8142=LINE('',#8139,#8141);
#8143=EDGE_CURVE('',#7818,#7940,#8142,.T.);
#8144=ORIENTED_EDGE('',*,*,#8143,.F.);
#8145=ORIENTED_EDGE('',*,*,#7865,.F.);
#8146=CARTESIAN_POINT('',(50.596280373,13.177154606,12.626975));
#8147=DIRECTION('',(-1.,0.,0.));
#8148=VECTOR('',#8147,0.234781186);
#8149=LINE('',#8146,#8148);
#8150=EDGE_CURVE('',#7844,#7948,#8149,.T.);
#8151=ORIENTED_EDGE('',*,*,#8150,.T.);
#8152=ORIENTED_EDGE('',*,*,#7953,.T.);
#8153=EDGE_LOOP('',(#8144,#8145,#8151,#8152));
#8154=FACE_BOUND('',#8153,.T.);
#8155=ADVANCED_FACE('',(#8154),#8138,.T.);
#8156=CARTESIAN_POINT('',(50.462960673,13.603777647,12.626975));
#8157=DIRECTION('',(0.,-1.,0.));
#8158=DIRECTION('',(0.,0.,-1.));
#8159=AXIS2_PLACEMENT_3D('',#8156,#8157,#8158);
#8160=PLANE('',#8159);
#8161=CARTESIAN_POINT('',(50.564422159,13.603777647,12.144375));
#8162=DIRECTION('',(-1.,0.,0.));
#8163=VECTOR('',#8162,0.202922972);
#8164=LINE('',#8161,#8163);
#8165=EDGE_CURVE('',#7991,#8109,#8164,.T.);
#8166=ORIENTED_EDGE('',*,*,#8165,.F.);
#8167=ORIENTED_EDGE('',*,*,#8034,.F.);
#8168=CARTESIAN_POINT('',(50.564422159,13.603777647,12.626975));
#8169=DIRECTION('',(-1.,0.,0.));
#8170=VECTOR('',#8169,0.202922972);
#8171=LINE('',#8168,#8170);
#8172=EDGE_CURVE('',#8015,#8117,#8171,.T.);
#8173=ORIENTED_EDGE('',*,*,#8172,.T.);
#8174=ORIENTED_EDGE('',*,*,#8122,.T.);
#8175=EDGE_LOOP('',(#8166,#8167,#8173,#8174));
#8176=FACE_BOUND('',#8175,.T.);
#8177=ADVANCED_FACE('',(#8176),#8160,.T.);
#8178=CARTESIAN_POINT('',(50.420713911,12.708284804,12.626975));
#8179=DIRECTION('',(0.,-1.,0.));
#8180=DIRECTION('',(0.,0.,-1.));
#8181=AXIS2_PLACEMENT_3D('',#8178,#8179,#8180);
#8182=PLANE('',#8181);
#8183=ORIENTED_EDGE('',*,*,#810,.F.);
#8184=ORIENTED_EDGE('',*,*,#7685,.F.);
#8185=CARTESIAN_POINT('',(50.61428719,12.708284804,12.626975));
#8186=DIRECTION('',(-1.,0.,0.));
#8187=VECTOR('',#8186,0.387146558);
#8188=LINE('',#8185,#8187);
#8189=EDGE_CURVE('',#7664,#7771,#8188,.T.);
#8190=ORIENTED_EDGE('',*,*,#8189,.T.);
#8191=ORIENTED_EDGE('',*,*,#7776,.T.);
#8192=EDGE_LOOP('',(#8183,#8184,#8190,#8191));
#8193=FACE_BOUND('',#8192,.T.);
#8194=ADVANCED_FACE('',(#8193),#8182,.T.);
#8195=CARTESIAN_POINT('',(27.393290555,13.215938519,12.626975));
#8196=DIRECTION('',(0.,0.,1.));
#8197=DIRECTION('',(1.,0.,0.));
#8198=AXIS2_PLACEMENT_3D('',#8195,#8196,#8197);
#8199=PLANE('',#8198);
#8200=ORIENTED_EDGE('',*,*,#8028,.F.);
#8201=ORIENTED_EDGE('',*,*,#8066,.F.);
#8202=ORIENTED_EDGE('',*,*,#8097,.F.);
#8203=ORIENTED_EDGE('',*,*,#8128,.F.);
#8204=ORIENTED_EDGE('',*,*,#8172,.F.);
#8205=EDGE_LOOP('',(#8200,#8201,#8202,#8203,#8204));
#8206=FACE_BOUND('',#8205,.T.);
#8207=ORIENTED_EDGE('',*,*,#7859,.F.);
#8208=ORIENTED_EDGE('',*,*,#7897,.F.);
#8209=ORIENTED_EDGE('',*,*,#7928,.F.);
#8210=ORIENTED_EDGE('',*,*,#7959,.F.);
#8211=ORIENTED_EDGE('',*,*,#8150,.F.);
#8212=EDGE_LOOP('',(#8207,#8208,#8209,#8210,#8211));
#8213=FACE_BOUND('',#8212,.T.);
#8214=ORIENTED_EDGE('',*,*,#7679,.F.);
#8215=ORIENTED_EDGE('',*,*,#7734,.F.);
#8216=ORIENTED_EDGE('',*,*,#7758,.F.);
#8217=ORIENTED_EDGE('',*,*,#7782,.F.);
#8218=ORIENTED_EDGE('',*,*,#8189,.F.);
#8219=EDGE_LOOP('',(#8214,#8215,#8216,#8217,#8218));
#8220=FACE_BOUND('',#8219,.T.);
#8221=ADVANCED_FACE('',(#8206,#8213,#8220),#8199,.T.);
#8222=CARTESIAN_POINT('',(1.984375,1.7859375,12.144375));
#8223=DIRECTION('',(0.,0.,1.));
#8224=DIRECTION('',(1.,0.,0.));
#8225=AXIS2_PLACEMENT_3D('',#8222,#8223,#8224);
#8226=PLANE('',#8225);
#8227=ORIENTED_EDGE('',*,*,#8004,.T.);
#8228=ORIENTED_EDGE('',*,*,#8165,.T.);
#8229=ORIENTED_EDGE('',*,*,#8114,.T.);
#8230=ORIENTED_EDGE('',*,*,#8083,.T.);
#8231=ORIENTED_EDGE('',*,*,#8052,.T.);
#8232=EDGE_LOOP('',(#8227,#8228,#8229,#8230,#8231));
#8233=FACE_BOUND('',#8232,.T.);
#8234=ADVANCED_FACE('',(#8233),#8226,.T.);
#8235=CARTESIAN_POINT('',(1.984375,1.7859375,12.144375));
#8236=DIRECTION('',(0.,0.,1.));
#8237=DIRECTION('',(1.,0.,0.));
#8238=AXIS2_PLACEMENT_3D('',#8235,#8236,#8237);
#8239=PLANE('',#8238);
#8240=ORIENTED_EDGE('',*,*,#7833,.T.);
#8241=ORIENTED_EDGE('',*,*,#8143,.T.);
#8242=ORIENTED_EDGE('',*,*,#7945,.T.);
#8243=ORIENTED_EDGE('',*,*,#7914,.T.);
#8244=ORIENTED_EDGE('',*,*,#7883,.T.);
#8245=EDGE_LOOP('',(#8240,#8241,#8242,#8243,#8244));
#8246=FACE_BOUND('',#8245,.T.);
#8247=ADVANCED_FACE('',(#8246),#8239,.T.);
#8248=CARTESIAN_POINT('',(50.892865304,19.893391506,12.626975));
#8249=DIRECTION('',(0.244886766,0.969551686,0.));
#8250=DIRECTION('',(-0.969551686,0.244886766,0.));
#8251=AXIS2_PLACEMENT_3D('',#8248,#8249,#8250);
#8252=PLANE('',#8251);
#8253=ORIENTED_EDGE('',*,*,#722,.F.);
#8254=CARTESIAN_POINT('',(50.825686026,19.910359468,12.626975));
#8255=VERTEX_POINT('',#8254);
#8256=CARTESIAN_POINT('',(50.825686026,19.910359468,12.626975));
#8257=DIRECTION('',(0.,0.,-1.));
#8258=VECTOR('',#8257,0.4826);
#8259=LINE('',#8256,#8258);
#8260=EDGE_CURVE('',#8255,#715,#8259,.T.);
#8261=ORIENTED_EDGE('',*,*,#8260,.F.);
#8262=CARTESIAN_POINT('',(50.960044581,19.876423544,12.626975));
#8263=VERTEX_POINT('',#8262);
#8264=CARTESIAN_POINT('',(50.825686026,19.910359468,12.626975));
#8265=DIRECTION('',(0.969551686,-0.244886766,0.));
#8266=VECTOR('',#8265,0.138578022);
#8267=LINE('',#8264,#8266);
#8268=EDGE_CURVE('',#8255,#8263,#8267,.T.);
#8269=ORIENTED_EDGE('',*,*,#8268,.T.);
#8270=CARTESIAN_POINT('',(50.960044581,19.876423544,12.626975));
#8271=DIRECTION('',(0.,0.,-1.));
#8272=VECTOR('',#8271,0.4826);
#8273=LINE('',#8270,#8272);
#8274=EDGE_CURVE('',#8263,#717,#8273,.T.);
#8275=ORIENTED_EDGE('',*,*,#8274,.T.);
#8276=EDGE_LOOP('',(#8253,#8261,#8269,#8275));
#8277=FACE_BOUND('',#8276,.T.);
#8278=ADVANCED_FACE('',(#8277),#8252,.T.);
#8279=CARTESIAN_POINT('',(50.810449489,20.260107252,12.626975));
#8280=CARTESIAN_POINT('',(50.810449489,20.260107252,12.144375));
#8281=CARTESIAN_POINT('',(50.775128426,20.370918431,12.626975));
#8282=CARTESIAN_POINT('',(50.775128426,20.370918431,12.144375));
#8283=CARTESIAN_POINT('',(50.707949148,20.421476032,12.626975));
#8284=CARTESIAN_POINT('',(50.707949148,20.421476032,12.144375));
#8285=CARTESIAN_POINT('',(50.640769871,20.472033633,12.626975));
#8286=CARTESIAN_POINT('',(50.640769871,20.472033633,12.144375));
#8287=CARTESIAN_POINT('',(50.5389621,20.472033633,12.626975));
#8288=CARTESIAN_POINT('',(50.5389621,20.472033633,12.144375));
#8289=CARTESIAN_POINT('',(50.421917792,20.472033633,12.626975));
#8290=CARTESIAN_POINT('',(50.421917792,20.472033633,12.144375));
#8291=CARTESIAN_POINT('',(50.343311112,20.415935473,12.626975));
#8292=CARTESIAN_POINT('',(50.343311112,20.415935473,12.144375));
#8293=CARTESIAN_POINT('',(50.264704431,20.359837314,12.626975));
#8294=CARTESIAN_POINT('',(50.264704431,20.359837314,12.144375));
#8295=CARTESIAN_POINT('',(50.232846217,20.265301526,12.626975));
#8296=CARTESIAN_POINT('',(50.232846217,20.265301526,12.144375));
#8297=CARTESIAN_POINT('',(50.200988003,20.170765739,12.626975));
#8298=CARTESIAN_POINT('',(50.200988003,20.170765739,12.144375));
#8299=CARTESIAN_POINT('',(50.200988003,20.070343108,12.626975));
#8300=CARTESIAN_POINT('',(50.200988003,20.070343108,12.144375));
#8301=CARTESIAN_POINT('',(50.200988003,19.940832542,12.626975));
#8302=CARTESIAN_POINT('',(50.200988003,19.940832542,12.144375));
#8303=CARTESIAN_POINT('',(50.238733061,19.844219045,12.626975));
#8304=CARTESIAN_POINT('',(50.238733061,19.844219045,12.144375));
#8305=CARTESIAN_POINT('',(50.276478119,19.747605548,12.626975));
#8306=CARTESIAN_POINT('',(50.276478119,19.747605548,12.144375));
#8307=CARTESIAN_POINT('',(50.356123654,19.699818227,12.626975));
#8308=CARTESIAN_POINT('',(50.356123654,19.699818227,12.144375));
#8309=CARTESIAN_POINT('',(50.435769189,19.652030906,12.626975));
#8310=CARTESIAN_POINT('',(50.435769189,19.652030906,12.144375));
#8311=CARTESIAN_POINT('',(50.528573552,19.652030906,12.626975));
#8312=CARTESIAN_POINT('',(50.528573552,19.652030906,12.144375));
#8313=CARTESIAN_POINT('',(50.641462441,19.652030906,12.626975));
#8314=CARTESIAN_POINT('',(50.641462441,19.652030906,12.144375));
#8315=CARTESIAN_POINT('',(50.719722836,19.717132474,12.626975));
#8316=CARTESIAN_POINT('',(50.719722836,19.717132474,12.144375));
#8317=CARTESIAN_POINT('',(50.797983232,19.782234042,12.626975));
#8318=CARTESIAN_POINT('',(50.797983232,19.782234042,12.144375));
#8319=CARTESIAN_POINT('',(50.825686026,19.910359468,12.626975));
#8320=CARTESIAN_POINT('',(50.825686026,19.910359468,12.144375));
#8321=B_SPLINE_SURFACE_WITH_KNOTS('',2,1,((#8279,#8280),(#8281,#8282),(#8283,#8284),(#8285,#8286),(#8287,#8288),(#8289,#8290),(#8291,#8292),(#8293,#8294),(#8295,#8296),(#8297,#8298),(#8299,#8300),(#8301,#8302),(#8303,#8304),(#8305,#8306),(#8307,#8308),(#8309,#8310),(#8311,#8312),(#8313,#8314),(#8315,#8316),(#8317,#8318),(#8319,#8320)),.UNSPECIFIED.,.F.,.F.,.U.,(3,2,2,2,2,2,2,2,2,2,3),(2,2),(0.,0.074051837,0.148103673,0.233238098,0.318372523,0.403506947,0.513300998,0.623095049,0.7328891,0.86644455,1.),(0.,1.),.UNSPECIFIED.);
#8322=ORIENTED_EDGE('',*,*,#780,.F.);
#8323=CARTESIAN_POINT('',(50.810449489,20.260107252,12.626975));
#8324=VERTEX_POINT('',#8323);
#8325=CARTESIAN_POINT('',(50.810449489,20.260107252,12.626975));
#8326=DIRECTION('',(0.,0.,-1.));
#8327=VECTOR('',#8326,0.4826);
#8328=LINE('',#8325,#8327);
#8329=EDGE_CURVE('',#8324,#751,#8328,.T.);
#8330=ORIENTED_EDGE('',*,*,#8329,.F.);
#8331=CARTESIAN_POINT('',(50.810449489,20.260107252,12.626975));
#8332=CARTESIAN_POINT('',(50.775128426,20.370918431,12.626975));
#8333=CARTESIAN_POINT('',(50.707949148,20.421476032,12.626975));
#8334=CARTESIAN_POINT('',(50.640769871,20.472033633,12.626975));
#8335=CARTESIAN_POINT('',(50.5389621,20.472033633,12.626975));
#8336=CARTESIAN_POINT('',(50.421917792,20.472033633,12.626975));
#8337=CARTESIAN_POINT('',(50.343311112,20.415935473,12.626975));
#8338=CARTESIAN_POINT('',(50.264704431,20.359837314,12.626975));
#8339=CARTESIAN_POINT('',(50.232846217,20.265301526,12.626975));
#8340=CARTESIAN_POINT('',(50.200988003,20.170765739,12.626975));
#8341=CARTESIAN_POINT('',(50.200988003,20.070343108,12.626975));
#8342=CARTESIAN_POINT('',(50.200988003,19.940832542,12.626975));
#8343=CARTESIAN_POINT('',(50.238733061,19.844219045,12.626975));
#8344=CARTESIAN_POINT('',(50.276478119,19.747605548,12.626975));
#8345=CARTESIAN_POINT('',(50.356123654,19.699818227,12.626975));
#8346=CARTESIAN_POINT('',(50.435769189,19.652030906,12.626975));
#8347=CARTESIAN_POINT('',(50.528573552,19.652030906,12.626975));
#8348=CARTESIAN_POINT('',(50.641462441,19.652030906,12.626975));
#8349=CARTESIAN_POINT('',(50.719722836,19.717132474,12.626975));
#8350=CARTESIAN_POINT('',(50.797983232,19.782234042,12.626975));
#8351=CARTESIAN_POINT('',(50.825686026,19.910359468,12.626975));
#8352=B_SPLINE_CURVE_WITH_KNOTS('',2,(#8331,#8332,#8333,#8334,#8335,#8336,#8337,#8338,#8339,#8340,#8341,#8342,#8343,#8344,#8345,#8346,#8347,#8348,#8349,#8350,#8351),.UNSPECIFIED.,.F.,.F.,(3,2,2,2,2,2,2,2,2,2,3),(0.,0.074051837,0.148103673,0.233238098,0.318372523,0.403506947,0.513300998,0.623095049,0.7328891,0.86644455,1.),.UNSPECIFIED.);
#8353=EDGE_CURVE('',#8324,#8255,#8352,.T.);
#8354=ORIENTED_EDGE('',*,*,#8353,.T.);
#8355=ORIENTED_EDGE('',*,*,#8260,.T.);
#8356=EDGE_LOOP('',(#8322,#8330,#8354,#8355));
#8357=FACE_BOUND('',#8356,.T.);
#8358=ADVANCED_FACE('',(#8357),#8321,.T.);
#8359=CARTESIAN_POINT('',(50.876589912,20.275690074,12.626975));
#8360=DIRECTION('',(0.229323367,-0.973350293,0.));
#8361=DIRECTION('',(0.973350293,0.229323367,0.));
#8362=AXIS2_PLACEMENT_3D('',#8359,#8360,#8361);
#8363=PLANE('',#8362);
#8364=ORIENTED_EDGE('',*,*,#756,.F.);
#8365=CARTESIAN_POINT('',(50.942730335,20.291272896,12.626975));
#8366=VERTEX_POINT('',#8365);
#8367=CARTESIAN_POINT('',(50.942730335,20.291272896,12.626975));
#8368=DIRECTION('',(0.,0.,-1.));
#8369=VECTOR('',#8368,0.4826);
#8370=LINE('',#8367,#8369);
#8371=EDGE_CURVE('',#8366,#725,#8370,.T.);
#8372=ORIENTED_EDGE('',*,*,#8371,.F.);
#8373=CARTESIAN_POINT('',(50.942730335,20.291272896,12.626975));
#8374=DIRECTION('',(-0.973350293,-0.229323367,0.));
#8375=VECTOR('',#8374,0.13590261);
#8376=LINE('',#8373,#8375);
#8377=EDGE_CURVE('',#8366,#8324,#8376,.T.);
#8378=ORIENTED_EDGE('',*,*,#8377,.T.);
#8379=ORIENTED_EDGE('',*,*,#8329,.T.);
#8380=EDGE_LOOP('',(#8364,#8372,#8378,#8379));
#8381=FACE_BOUND('',#8380,.T.);
#8382=ADVANCED_FACE('',(#8381),#8363,.T.);
#8383=CARTESIAN_POINT('',(50.960044581,19.876423544,12.626975));
#8384=CARTESIAN_POINT('',(50.960044581,19.876423544,12.144375));
#8385=CARTESIAN_POINT('',(50.917797819,19.710899345,12.626975));
#8386=CARTESIAN_POINT('',(50.917797819,19.710899345,12.144375));
#8387=CARTESIAN_POINT('',(50.808025495,19.623981826,12.626975));
#8388=CARTESIAN_POINT('',(50.808025495,19.623981826,12.144375));
#8389=CARTESIAN_POINT('',(50.69825317,19.537064307,12.626975));
#8390=CARTESIAN_POINT('',(50.69825317,19.537064307,12.144375));
#8391=CARTESIAN_POINT('',(50.53965467,19.537064307,12.626975));
#8392=CARTESIAN_POINT('',(50.53965467,19.537064307,12.144375));
#8393=CARTESIAN_POINT('',(50.375515611,19.537064307,12.626975));
#8394=CARTESIAN_POINT('',(50.375515611,19.537064307,12.144375));
#8395=CARTESIAN_POINT('',(50.272668985,19.6038973,12.626975));
#8396=CARTESIAN_POINT('',(50.272668985,19.6038973,12.144375));
#8397=CARTESIAN_POINT('',(50.169822359,19.670730292,12.626975));
#8398=CARTESIAN_POINT('',(50.169822359,19.670730292,12.144375));
#8399=CARTESIAN_POINT('',(50.116148194,19.797470579,12.626975));
#8400=CARTESIAN_POINT('',(50.116148194,19.797470579,12.144375));
#8401=CARTESIAN_POINT('',(50.062474029,19.924210865,12.626975));
#8402=CARTESIAN_POINT('',(50.062474029,19.924210865,12.144375));
#8403=CARTESIAN_POINT('',(50.062474029,20.069650538,12.626975));
#8404=CARTESIAN_POINT('',(50.062474029,20.069650538,12.144375));
#8405=CARTESIAN_POINT('',(50.062474029,20.228249038,12.626975));
#8406=CARTESIAN_POINT('',(50.062474029,20.228249038,12.144375));
#8407=CARTESIAN_POINT('',(50.123073893,20.346332201,12.626975));
#8408=CARTESIAN_POINT('',(50.123073893,20.346332201,12.144375));
#8409=CARTESIAN_POINT('',(50.183673756,20.464415364,12.626975));
#8410=CARTESIAN_POINT('',(50.183673756,20.464415364,12.144375));
#8411=CARTESIAN_POINT('',(50.295523791,20.525707797,12.626975));
#8412=CARTESIAN_POINT('',(50.295523791,20.525707797,12.144375));
#8413=CARTESIAN_POINT('',(50.407373825,20.587000231,12.626975));
#8414=CARTESIAN_POINT('',(50.407373825,20.587000231,12.144375));
#8415=CARTESIAN_POINT('',(50.54173238,20.587000231,12.626975));
#8416=CARTESIAN_POINT('',(50.54173238,20.587000231,12.144375));
#8417=CARTESIAN_POINT('',(50.694097751,20.587000231,12.626975));
#8418=CARTESIAN_POINT('',(50.694097751,20.587000231,12.144375));
#8419=CARTESIAN_POINT('',(50.797983232,20.509432406,12.626975));
#8420=CARTESIAN_POINT('',(50.797983232,20.509432406,12.144375));
#8421=CARTESIAN_POINT('',(50.901868712,20.43186458,12.626975));
#8422=CARTESIAN_POINT('',(50.901868712,20.43186458,12.144375));
#8423=CARTESIAN_POINT('',(50.942730335,20.291272896,12.626975));
#8424=CARTESIAN_POINT('',(50.942730335,20.291272896,12.144375));
#8425=B_SPLINE_SURFACE_WITH_KNOTS('',2,1,((#8383,#8384),(#8385,#8386),(#8387,#8388),(#8389,#8390),(#8391,#8392),(#8393,#8394),(#8395,#8396),(#8397,#8398),(#8399,#8400),(#8401,#8402),(#8403,#8404),(#8405,#8406),(#8407,#8408),(#8409,#8410),(#8411,#8412),(#8413,#8414),(#8415,#8416),(#8417,#8418),(#8419,#8420),(#8421,#8422),(#8423,#8424)),.UNSPECIFIED.,.F.,.F.,.U.,(3,2,2,2,2,2,2,2,2,2,3),(2,2),(0.,0.090496392,0.180992784,0.274650622,0.368308459,0.461966297,0.564097939,0.666229582,0.768361224,0.884180612,1.),(0.,1.),.UNSPECIFIED.);
#8426=ORIENTED_EDGE('',*,*,#748,.F.);
#8427=ORIENTED_EDGE('',*,*,#8274,.F.);
#8428=CARTESIAN_POINT('',(50.960044581,19.876423544,12.626975));
#8429=CARTESIAN_POINT('',(50.917797819,19.710899345,12.626975));
#8430=CARTESIAN_POINT('',(50.808025495,19.623981826,12.626975));
#8431=CARTESIAN_POINT('',(50.69825317,19.537064307,12.626975));
#8432=CARTESIAN_POINT('',(50.53965467,19.537064307,12.626975));
#8433=CARTESIAN_POINT('',(50.375515611,19.537064307,12.626975));
#8434=CARTESIAN_POINT('',(50.272668985,19.6038973,12.626975));
#8435=CARTESIAN_POINT('',(50.169822359,19.670730292,12.626975));
#8436=CARTESIAN_POINT('',(50.116148194,19.797470579,12.626975));
#8437=CARTESIAN_POINT('',(50.062474029,19.924210865,12.626975));
#8438=CARTESIAN_POINT('',(50.062474029,20.069650538,12.626975));
#8439=CARTESIAN_POINT('',(50.062474029,20.228249038,12.626975));
#8440=CARTESIAN_POINT('',(50.123073893,20.346332201,12.626975));
#8441=CARTESIAN_POINT('',(50.183673756,20.464415364,12.626975));
#8442=CARTESIAN_POINT('',(50.295523791,20.525707797,12.626975));
#8443=CARTESIAN_POINT('',(50.407373825,20.587000231,12.626975));
#8444=CARTESIAN_POINT('',(50.54173238,20.587000231,12.626975));
#8445=CARTESIAN_POINT('',(50.694097751,20.587000231,12.626975));
#8446=CARTESIAN_POINT('',(50.797983232,20.509432406,12.626975));
#8447=CARTESIAN_POINT('',(50.901868712,20.43186458,12.626975));
#8448=CARTESIAN_POINT('',(50.942730335,20.291272896,12.626975));
#8449=B_SPLINE_CURVE_WITH_KNOTS('',2,(#8428,#8429,#8430,#8431,#8432,#8433,#8434,#8435,#8436,#8437,#8438,#8439,#8440,#8441,#8442,#8443,#8444,#8445,#8446,#8447,#8448),.UNSPECIFIED.,.F.,.F.,(3,2,2,2,2,2,2,2,2,2,3),(0.,0.090496392,0.180992784,0.274650622,0.368308459,0.461966297,0.564097939,0.666229582,0.768361224,0.884180612,1.),.UNSPECIFIED.);
#8450=EDGE_CURVE('',#8263,#8366,#8449,.T.);
#8451=ORIENTED_EDGE('',*,*,#8450,.T.);
#8452=ORIENTED_EDGE('',*,*,#8371,.T.);
#8453=EDGE_LOOP('',(#8426,#8427,#8451,#8452));
#8454=FACE_BOUND('',#8453,.T.);
#8455=ADVANCED_FACE('',(#8454),#8425,.T.);
#8456=CARTESIAN_POINT('',(27.393290555,13.215938519,12.626975));
#8457=DIRECTION('',(0.,0.,1.));
#8458=DIRECTION('',(1.,0.,0.));
#8459=AXIS2_PLACEMENT_3D('',#8456,#8457,#8458);
#8460=PLANE('',#8459);
#8461=ORIENTED_EDGE('',*,*,#8268,.F.);
#8462=ORIENTED_EDGE('',*,*,#8353,.F.);
#8463=ORIENTED_EDGE('',*,*,#8377,.F.);
#8464=ORIENTED_EDGE('',*,*,#8450,.F.);
#8465=EDGE_LOOP('',(#8461,#8462,#8463,#8464));
#8466=FACE_BOUND('',#8465,.T.);
#8467=ADVANCED_FACE('',(#8466),#8460,.T.);
#8468=CARTESIAN_POINT('',(51.009052016,5.961409804,12.626975));
#8469=DIRECTION('',(0.,-1.,0.));
#8470=DIRECTION('',(0.,0.,-1.));
#8471=AXIS2_PLACEMENT_3D('',#8468,#8469,#8470);
#8472=PLANE('',#8471);
#8473=ORIENTED_EDGE('',*,*,#656,.F.);
#8474=CARTESIAN_POINT('',(51.085580986,5.961409804,12.626975));
#8475=VERTEX_POINT('',#8474);
#8476=CARTESIAN_POINT('',(51.085580986,5.961409804,12.626975));
#8477=DIRECTION('',(0.,0.,-1.));
#8478=VECTOR('',#8477,0.4826);
#8479=LINE('',#8476,#8478);
#8480=EDGE_CURVE('',#8475,#649,#8479,.T.);
#8481=ORIENTED_EDGE('',*,*,#8480,.F.);
#8482=CARTESIAN_POINT('',(50.932523045,5.961409804,12.626975));
#8483=VERTEX_POINT('',#8482);
#8484=CARTESIAN_POINT('',(51.085580986,5.961409804,12.626975));
#8485=DIRECTION('',(-1.,0.,0.));
#8486=VECTOR('',#8485,0.153057941);
#8487=LINE('',#8484,#8486);
#8488=EDGE_CURVE('',#8475,#8483,#8487,.T.);
#8489=ORIENTED_EDGE('',*,*,#8488,.T.);
#8490=CARTESIAN_POINT('',(50.932523045,5.961409804,12.626975));
#8491=DIRECTION('',(0.,0.,-1.));
#8492=VECTOR('',#8491,0.4826);
#8493=LINE('',#8490,#8492);
#8494=EDGE_CURVE('',#8483,#651,#8493,.T.);
#8495=ORIENTED_EDGE('',*,*,#8494,.T.);
#8496=EDGE_LOOP('',(#8473,#8481,#8489,#8495));
#8497=FACE_BOUND('',#8496,.T.);
#8498=ADVANCED_FACE('',(#8497),#8472,.T.);
#8499=CARTESIAN_POINT('',(50.877810025,6.469063519,12.626975));
#8500=DIRECTION('',(0.925486608,0.378780331,0.));
#8501=DIRECTION('',(-0.378780331,0.925486608,0.));
#8502=AXIS2_PLACEMENT_3D('',#8499,#8500,#8501);
#8503=PLANE('',#8502);
#8504=ORIENTED_EDGE('',*,*,#710,.F.);
#8505=CARTESIAN_POINT('',(50.670039064,6.976717234,12.626975));
#8506=VERTEX_POINT('',#8505);
#8507=CARTESIAN_POINT('',(50.670039064,6.976717234,12.626975));
#8508=DIRECTION('',(0.,0.,-1.));
#8509=VECTOR('',#8508,0.4826);
#8510=LINE('',#8507,#8509);
#8511=EDGE_CURVE('',#8506,#699,#8510,.T.);
#8512=ORIENTED_EDGE('',*,*,#8511,.F.);
#8513=CARTESIAN_POINT('',(50.670039064,6.976717234,12.626975));
#8514=DIRECTION('',(0.378780331,-0.925486608,0.));
#8515=VECTOR('',#8514,1.097052536);
#8516=LINE('',#8513,#8515);
#8517=EDGE_CURVE('',#8506,#8475,#8516,.T.);
#8518=ORIENTED_EDGE('',*,*,#8517,.T.);
#8519=ORIENTED_EDGE('',*,*,#8480,.T.);
#8520=EDGE_LOOP('',(#8504,#8512,#8518,#8519));
#8521=FACE_BOUND('',#8520,.T.);
#8522=ADVANCED_FACE('',(#8521),#8503,.T.);
#8523=CARTESIAN_POINT('',(50.597665513,6.976717234,12.626975));
#8524=DIRECTION('',(0.,1.,0.));
#8525=DIRECTION('',(0.,0.,1.));
#8526=AXIS2_PLACEMENT_3D('',#8523,#8524,#8525);
#8527=PLANE('',#8526);
#8528=ORIENTED_EDGE('',*,*,#704,.F.);
#8529=CARTESIAN_POINT('',(50.525291961,6.976717234,12.626975));
#8530=VERTEX_POINT('',#8529);
#8531=CARTESIAN_POINT('',(50.525291961,6.976717234,12.626975));
#8532=DIRECTION('',(0.,0.,-1.));
#8533=VECTOR('',#8532,0.4826);
#8534=LINE('',#8531,#8533);
#8535=EDGE_CURVE('',#8530,#691,#8534,.T.);
#8536=ORIENTED_EDGE('',*,*,#8535,.F.);
#8537=CARTESIAN_POINT('',(50.525291961,6.976717234,12.626975));
#8538=DIRECTION('',(1.,0.,-0.));
#8539=VECTOR('',#8538,0.144747103);
#8540=LINE('',#8537,#8539);
#8541=EDGE_CURVE('',#8530,#8506,#8540,.T.);
#8542=ORIENTED_EDGE('',*,*,#8541,.T.);
#8543=ORIENTED_EDGE('',*,*,#8511,.T.);
#8544=EDGE_LOOP('',(#8528,#8536,#8542,#8543));
#8545=FACE_BOUND('',#8544,.T.);
#8546=ADVANCED_FACE('',(#8545),#8527,.T.);
#8547=CARTESIAN_POINT('',(50.330333543,6.469063519,12.626975));
#8548=DIRECTION('',(-0.93352602,0.358509652,0.));
#8549=DIRECTION('',(-0.358509652,-0.93352602,0.));
#8550=AXIS2_PLACEMENT_3D('',#8547,#8548,#8549);
#8551=PLANE('',#8550);
#8552=ORIENTED_EDGE('',*,*,#696,.F.);
#8553=CARTESIAN_POINT('',(50.135375124,5.961409804,12.626975));
#8554=VERTEX_POINT('',#8553);
#8555=CARTESIAN_POINT('',(50.135375124,5.961409804,12.626975));
#8556=DIRECTION('',(0.,0.,-1.));
#8557=VECTOR('',#8556,0.4826);
#8558=LINE('',#8555,#8557);
#8559=EDGE_CURVE('',#8554,#683,#8558,.T.);
#8560=ORIENTED_EDGE('',*,*,#8559,.F.);
#8561=CARTESIAN_POINT('',(50.135375124,5.961409804,12.626975));
#8562=DIRECTION('',(0.358509652,0.93352602,0.));
#8563=VECTOR('',#8562,1.087604854);
#8564=LINE('',#8561,#8563);
#8565=EDGE_CURVE('',#8554,#8530,#8564,.T.);
#8566=ORIENTED_EDGE('',*,*,#8565,.T.);
#8567=ORIENTED_EDGE('',*,*,#8535,.T.);
#8568=EDGE_LOOP('',(#8552,#8560,#8566,#8567));
#8569=FACE_BOUND('',#8568,.T.);
#8570=ADVANCED_FACE('',(#8569),#8551,.T.);
#8571=CARTESIAN_POINT('',(50.206709821,5.961409804,12.626975));
#8572=DIRECTION('',(0.,-1.,0.));
#8573=DIRECTION('',(0.,0.,-1.));
#8574=AXIS2_PLACEMENT_3D('',#8571,#8572,#8573);
#8575=PLANE('',#8574);
#8576=ORIENTED_EDGE('',*,*,#688,.F.);
#8577=CARTESIAN_POINT('',(50.278044517,5.961409804,12.626975));
#8578=VERTEX_POINT('',#8577);
#8579=CARTESIAN_POINT('',(50.278044517,5.961409804,12.626975));
#8580=DIRECTION('',(0.,0.,-1.));
#8581=VECTOR('',#8580,0.4826);
#8582=LINE('',#8579,#8581);
#8583=EDGE_CURVE('',#8578,#675,#8582,.T.);
#8584=ORIENTED_EDGE('',*,*,#8583,.F.);
#8585=CARTESIAN_POINT('',(50.278044517,5.961409804,12.626975));
#8586=DIRECTION('',(-1.,0.,0.));
#8587=VECTOR('',#8586,0.142669393);
#8588=LINE('',#8585,#8587);
#8589=EDGE_CURVE('',#8578,#8554,#8588,.T.);
#8590=ORIENTED_EDGE('',*,*,#8589,.T.);
#8591=ORIENTED_EDGE('',*,*,#8559,.T.);
#8592=EDGE_LOOP('',(#8576,#8584,#8590,#8591));
#8593=FACE_BOUND('',#8592,.T.);
#8594=ADVANCED_FACE('',(#8593),#8575,.T.);
#8595=CARTESIAN_POINT('',(50.333796392,6.115160315,12.626975));
#8596=DIRECTION('',(0.940102141,-0.340892893,0.));
#8597=DIRECTION('',(0.340892893,0.940102141,0.));
#8598=AXIS2_PLACEMENT_3D('',#8595,#8596,#8597);
#8599=PLANE('',#8598);
#8600=ORIENTED_EDGE('',*,*,#680,.F.);
#8601=CARTESIAN_POINT('',(50.389548267,6.268910827,12.626975));
#8602=VERTEX_POINT('',#8601);
#8603=CARTESIAN_POINT('',(50.389548267,6.268910827,12.626975));
#8604=DIRECTION('',(0.,0.,-1.));
#8605=VECTOR('',#8604,0.4826);
#8606=LINE('',#8603,#8605);
#8607=EDGE_CURVE('',#8602,#667,#8606,.T.);
#8608=ORIENTED_EDGE('',*,*,#8607,.F.);
#8609=CARTESIAN_POINT('',(50.389548267,6.268910827,12.626975));
#8610=DIRECTION('',(-0.340892893,-0.940102141,0.));
#8611=VECTOR('',#8610,0.327093205);
#8612=LINE('',#8609,#8611);
#8613=EDGE_CURVE('',#8602,#8578,#8612,.T.);
#8614=ORIENTED_EDGE('',*,*,#8613,.T.);
#8615=ORIENTED_EDGE('',*,*,#8583,.T.);
#8616=EDGE_LOOP('',(#8600,#8608,#8614,#8615));
#8617=FACE_BOUND('',#8616,.T.);
#8618=ADVANCED_FACE('',(#8617),#8599,.T.);
#8619=CARTESIAN_POINT('',(50.601820932,6.268910827,12.626975));
#8620=DIRECTION('',(0.,-1.,0.));
#8621=DIRECTION('',(0.,0.,-1.));
#8622=AXIS2_PLACEMENT_3D('',#8619,#8620,#8621);
#8623=PLANE('',#8622);
#8624=ORIENTED_EDGE('',*,*,#672,.F.);
#8625=CARTESIAN_POINT('',(50.814093597,6.268910827,12.626975));
#8626=VERTEX_POINT('',#8625);
#8627=CARTESIAN_POINT('',(50.814093597,6.268910827,12.626975));
#8628=DIRECTION('',(0.,0.,-1.));
#8629=VECTOR('',#8628,0.4826);
#8630=LINE('',#8627,#8629);
#8631=EDGE_CURVE('',#8626,#659,#8630,.T.);
#8632=ORIENTED_EDGE('',*,*,#8631,.F.);
#8633=CARTESIAN_POINT('',(50.814093597,6.268910827,12.626975));
#8634=DIRECTION('',(-1.,0.,0.));
#8635=VECTOR('',#8634,0.424545331);
#8636=LINE('',#8633,#8635);
#8637=EDGE_CURVE('',#8626,#8602,#8636,.T.);
#8638=ORIENTED_EDGE('',*,*,#8637,.T.);
#8639=ORIENTED_EDGE('',*,*,#8607,.T.);
#8640=EDGE_LOOP('',(#8624,#8632,#8638,#8639));
#8641=FACE_BOUND('',#8640,.T.);
#8642=ADVANCED_FACE('',(#8641),#8623,.T.);
#8643=CARTESIAN_POINT('',(50.666576215,6.659520234,12.626975));
#8644=CARTESIAN_POINT('',(50.666576215,6.659520234,12.144375));
#8645=CARTESIAN_POINT('',(50.618096324,6.787645659,12.626975));
#8646=CARTESIAN_POINT('',(50.618096324,6.787645659,12.144375));
#8647=CARTESIAN_POINT('',(50.594548948,6.870061474,12.626975));
#8648=CARTESIAN_POINT('',(50.594548948,6.870061474,12.144375));
#8649=B_SPLINE_SURFACE_WITH_KNOTS('',2,1,((#8643,#8644),(#8645,#8646),(#8647,#8648)),.UNSPECIFIED.,.F.,.F.,.U.,(3,3),(2,2),(0.,0.462635024),(0.,1.),.UNSPECIFIED.);
#8650=CARTESIAN_POINT('',(50.666576215,6.659520234,12.144375));
#8651=VERTEX_POINT('',#8650);
#8652=CARTESIAN_POINT('',(50.594548948,6.870061474,12.144375));
#8653=VERTEX_POINT('',#8652);
#8654=CARTESIAN_POINT('',(50.666576215,6.659520234,12.144375));
#8655=CARTESIAN_POINT('',(50.618096324,6.78764566,12.144375));
#8656=CARTESIAN_POINT('',(50.594548948,6.870061474,12.144375));
#8657=B_SPLINE_CURVE_WITH_KNOTS('',2,(#8654,#8655,#8656),.UNSPECIFIED.,.F.,.F.,(3,3),(0.,0.462635024),.UNSPECIFIED.);
#8658=EDGE_CURVE('',#8651,#8653,#8657,.T.);
#8659=ORIENTED_EDGE('',*,*,#8658,.F.);
#8660=CARTESIAN_POINT('',(50.666576215,6.659520234,12.626975));
#8661=VERTEX_POINT('',#8660);
#8662=CARTESIAN_POINT('',(50.666576215,6.659520234,12.626975));
#8663=DIRECTION('',(0.,0.,-1.));
#8664=VECTOR('',#8663,0.4826);
#8665=LINE('',#8662,#8664);
#8666=EDGE_CURVE('',#8661,#8651,#8665,.T.);
#8667=ORIENTED_EDGE('',*,*,#8666,.F.);
#8668=CARTESIAN_POINT('',(50.594548948,6.870061474,12.626975));
#8669=VERTEX_POINT('',#8668);
#8670=CARTESIAN_POINT('',(50.666576215,6.659520234,12.626975));
#8671=CARTESIAN_POINT('',(50.618096324,6.78764566,12.626975));
#8672=CARTESIAN_POINT('',(50.594548948,6.870061474,12.626975));
#8673=B_SPLINE_CURVE_WITH_KNOTS('',2,(#8670,#8671,#8672),.UNSPECIFIED.,.F.,.F.,(3,3),(0.,0.462635024),.UNSPECIFIED.);
#8674=EDGE_CURVE('',#8661,#8669,#8673,.T.);
#8675=ORIENTED_EDGE('',*,*,#8674,.T.);
#8676=CARTESIAN_POINT('',(50.594548948,6.870061474,12.626975));
#8677=DIRECTION('',(0.,0.,-1.));
#8678=VECTOR('',#8677,0.4826);
#8679=LINE('',#8676,#8678);
#8680=EDGE_CURVE('',#8669,#8653,#8679,.T.);
#8681=ORIENTED_EDGE('',*,*,#8680,.T.);
#8682=EDGE_LOOP('',(#8659,#8667,#8675,#8681));
#8683=FACE_BOUND('',#8682,.T.);
#8684=ADVANCED_FACE('',(#8683),#8649,.T.);
#8685=CARTESIAN_POINT('',(50.71955781,6.51892855,12.626975));
#8686=DIRECTION('',(-0.935759638,-0.352638484,0.));
#8687=DIRECTION('',(0.352638484,-0.935759638,0.));
#8688=AXIS2_PLACEMENT_3D('',#8685,#8686,#8687);
#8689=PLANE('',#8688);
#8690=CARTESIAN_POINT('',(50.772539405,6.378336866,12.144375));
#8691=VERTEX_POINT('',#8690);
#8692=CARTESIAN_POINT('',(50.772539405,6.378336866,12.144375));
#8693=DIRECTION('',(-0.352638484,0.935759638,0.));
#8694=VECTOR('',#8693,0.300486745);
#8695=LINE('',#8692,#8694);
#8696=EDGE_CURVE('',#8691,#8651,#8695,.T.);
#8697=ORIENTED_EDGE('',*,*,#8696,.F.);
#8698=CARTESIAN_POINT('',(50.772539405,6.378336866,12.626975));
#8699=VERTEX_POINT('',#8698);
#8700=CARTESIAN_POINT('',(50.772539405,6.378336866,12.626975));
#8701=DIRECTION('',(0.,0.,-1.));
#8702=VECTOR('',#8701,0.4826);
#8703=LINE('',#8700,#8702);
#8704=EDGE_CURVE('',#8699,#8691,#8703,.T.);
#8705=ORIENTED_EDGE('',*,*,#8704,.F.);
#8706=CARTESIAN_POINT('',(50.772539405,6.378336866,12.626975));
#8707=DIRECTION('',(-0.352638484,0.935759638,0.));
#8708=VECTOR('',#8707,0.300486745);
#8709=LINE('',#8706,#8708);
#8710=EDGE_CURVE('',#8699,#8661,#8709,.T.);
#8711=ORIENTED_EDGE('',*,*,#8710,.T.);
#8712=ORIENTED_EDGE('',*,*,#8666,.T.);
#8713=EDGE_LOOP('',(#8697,#8705,#8711,#8712));
#8714=FACE_BOUND('',#8713,.T.);
#8715=ADVANCED_FACE('',(#8714),#8689,.T.);
#8716=CARTESIAN_POINT('',(50.600435792,6.378336866,12.626975));
#8717=DIRECTION('',(0.,1.,0.));
#8718=DIRECTION('',(0.,0.,1.));
#8719=AXIS2_PLACEMENT_3D('',#8716,#8717,#8718);
#8720=PLANE('',#8719);
#8721=CARTESIAN_POINT('',(50.428332179,6.378336866,12.144375));
#8722=VERTEX_POINT('',#8721);
#8723=CARTESIAN_POINT('',(50.428332179,6.378336866,12.144375));
#8724=DIRECTION('',(1.,0.,-0.));
#8725=VECTOR('',#8724,0.344207226);
#8726=LINE('',#8723,#8725);
#8727=EDGE_CURVE('',#8722,#8691,#8726,.T.);
#8728=ORIENTED_EDGE('',*,*,#8727,.F.);
#8729=CARTESIAN_POINT('',(50.428332179,6.378336866,12.626975));
#8730=VERTEX_POINT('',#8729);
#8731=CARTESIAN_POINT('',(50.428332179,6.378336866,12.626975));
#8732=DIRECTION('',(0.,0.,-1.));
#8733=VECTOR('',#8732,0.4826);
#8734=LINE('',#8731,#8733);
#8735=EDGE_CURVE('',#8730,#8722,#8734,.T.);
#8736=ORIENTED_EDGE('',*,*,#8735,.F.);
#8737=CARTESIAN_POINT('',(50.428332179,6.378336866,12.626975));
#8738=DIRECTION('',(1.,0.,-0.));
#8739=VECTOR('',#8738,0.344207226);
#8740=LINE('',#8737,#8739);
#8741=EDGE_CURVE('',#8730,#8699,#8740,.T.);
#8742=ORIENTED_EDGE('',*,*,#8741,.T.);
#8743=ORIENTED_EDGE('',*,*,#8704,.T.);
#8744=EDGE_LOOP('',(#8728,#8736,#8742,#8743));
#8745=FACE_BOUND('',#8744,.T.);
#8746=ADVANCED_FACE('',(#8745),#8720,.T.);
#8747=CARTESIAN_POINT('',(50.484084054,6.527239388,12.626975));
#8748=DIRECTION('',(0.936508063,-0.350646042,0.));
#8749=DIRECTION('',(0.350646042,0.936508063,0.));
#8750=AXIS2_PLACEMENT_3D('',#8747,#8748,#8749);
#8751=PLANE('',#8750);
#8752=CARTESIAN_POINT('',(50.539835928,6.67614191,12.144375));
#8753=VERTEX_POINT('',#8752);
#8754=CARTESIAN_POINT('',(50.539835928,6.67614191,12.144375));
#8755=DIRECTION('',(-0.350646042,-0.936508063,0.));
#8756=VECTOR('',#8755,0.317995174);
#8757=LINE('',#8754,#8756);
#8758=EDGE_CURVE('',#8753,#8722,#8757,.T.);
#8759=ORIENTED_EDGE('',*,*,#8758,.F.);
#8760=CARTESIAN_POINT('',(50.539835928,6.67614191,12.626975));
#8761=VERTEX_POINT('',#8760);
#8762=CARTESIAN_POINT('',(50.539835928,6.67614191,12.626975));
#8763=DIRECTION('',(0.,0.,-1.));
#8764=VECTOR('',#8763,0.4826);
#8765=LINE('',#8762,#8764);
#8766=EDGE_CURVE('',#8761,#8753,#8765,.T.);
#8767=ORIENTED_EDGE('',*,*,#8766,.F.);
#8768=CARTESIAN_POINT('',(50.539835928,6.67614191,12.626975));
#8769=DIRECTION('',(-0.350646042,-0.936508063,0.));
#8770=VECTOR('',#8769,0.317995174);
#8771=LINE('',#8768,#8770);
#8772=EDGE_CURVE('',#8761,#8730,#8771,.T.);
#8773=ORIENTED_EDGE('',*,*,#8772,.T.);
#8774=ORIENTED_EDGE('',*,*,#8735,.T.);
#8775=EDGE_LOOP('',(#8759,#8767,#8773,#8774));
#8776=FACE_BOUND('',#8775,.T.);
#8777=ADVANCED_FACE('',(#8776),#8751,.T.);
#8778=CARTESIAN_POINT('',(50.594548914,6.870061301,12.626975));
#8779=CARTESIAN_POINT('',(50.594548914,6.870061301,12.144375));
#8780=CARTESIAN_POINT('',(50.57515696,6.772409037,12.626975));
#8781=CARTESIAN_POINT('',(50.57515696,6.772409037,12.144375));
#8782=CARTESIAN_POINT('',(50.539835928,6.67614191,12.626975));
#8783=CARTESIAN_POINT('',(50.539835928,6.67614191,12.144375));
#8784=B_SPLINE_SURFACE_WITH_KNOTS('',2,1,((#8778,#8779),(#8780,#8781),(#8782,#8783)),.UNSPECIFIED.,.F.,.F.,.U.,(3,3),(2,2),(0.462635501,1.),(0.,1.),.UNSPECIFIED.);
#8785=CARTESIAN_POINT('',(50.594548948,6.870061474,12.144375));
#8786=CARTESIAN_POINT('',(50.575156992,6.772409122,12.144375));
#8787=CARTESIAN_POINT('',(50.539835928,6.67614191,12.144375));
#8788=B_SPLINE_CURVE_WITH_KNOTS('',2,(#8785,#8786,#8787),.UNSPECIFIED.,.F.,.F.,(3,3),(0.462635024,1.),.UNSPECIFIED.);
#8789=EDGE_CURVE('',#8653,#8753,#8788,.T.);
#8790=ORIENTED_EDGE('',*,*,#8789,.F.);
#8791=ORIENTED_EDGE('',*,*,#8680,.F.);
#8792=CARTESIAN_POINT('',(50.594548948,6.870061474,12.626975));
#8793=CARTESIAN_POINT('',(50.575156992,6.772409122,12.626975));
#8794=CARTESIAN_POINT('',(50.539835928,6.67614191,12.626975));
#8795=B_SPLINE_CURVE_WITH_KNOTS('',2,(#8792,#8793,#8794),.UNSPECIFIED.,.F.,.F.,(3,3),(0.462635024,1.),.UNSPECIFIED.);
#8796=EDGE_CURVE('',#8669,#8761,#8795,.T.);
#8797=ORIENTED_EDGE('',*,*,#8796,.T.);
#8798=ORIENTED_EDGE('',*,*,#8766,.T.);
#8799=EDGE_LOOP('',(#8790,#8791,#8797,#8798));
#8800=FACE_BOUND('',#8799,.T.);
#8801=ADVANCED_FACE('',(#8800),#8784,.T.);
#8802=CARTESIAN_POINT('',(50.873308321,6.115160315,12.626975));
#8803=DIRECTION('',(-0.933183003,-0.359401562,0.));
#8804=DIRECTION('',(0.359401562,-0.933183003,0.));
#8805=AXIS2_PLACEMENT_3D('',#8802,#8803,#8804);
#8806=PLANE('',#8805);
#8807=ORIENTED_EDGE('',*,*,#664,.F.);
#8808=ORIENTED_EDGE('',*,*,#8494,.F.);
#8809=CARTESIAN_POINT('',(50.932523045,5.961409804,12.626975));
#8810=DIRECTION('',(-0.359401562,0.933183003,0.));
#8811=VECTOR('',#8810,0.329518456);
#8812=LINE('',#8809,#8811);
#8813=EDGE_CURVE('',#8483,#8626,#8812,.T.);
#8814=ORIENTED_EDGE('',*,*,#8813,.T.);
#8815=ORIENTED_EDGE('',*,*,#8631,.T.);
#8816=EDGE_LOOP('',(#8807,#8808,#8814,#8815));
#8817=FACE_BOUND('',#8816,.T.);
#8818=ADVANCED_FACE('',(#8817),#8806,.T.);
#8819=CARTESIAN_POINT('',(27.393290555,13.215938519,12.626975));
#8820=DIRECTION('',(0.,0.,1.));
#8821=DIRECTION('',(1.,0.,0.));
#8822=AXIS2_PLACEMENT_3D('',#8819,#8820,#8821);
#8823=PLANE('',#8822);
#8824=ORIENTED_EDGE('',*,*,#8674,.F.);
#8825=ORIENTED_EDGE('',*,*,#8710,.F.);
#8826=ORIENTED_EDGE('',*,*,#8741,.F.);
#8827=ORIENTED_EDGE('',*,*,#8772,.F.);
#8828=ORIENTED_EDGE('',*,*,#8796,.F.);
#8829=EDGE_LOOP('',(#8824,#8825,#8826,#8827,#8828));
#8830=FACE_BOUND('',#8829,.T.);
#8831=ORIENTED_EDGE('',*,*,#8488,.F.);
#8832=ORIENTED_EDGE('',*,*,#8517,.F.);
#8833=ORIENTED_EDGE('',*,*,#8541,.F.);
#8834=ORIENTED_EDGE('',*,*,#8565,.F.);
#8835=ORIENTED_EDGE('',*,*,#8589,.F.);
#8836=ORIENTED_EDGE('',*,*,#8613,.F.);
#8837=ORIENTED_EDGE('',*,*,#8637,.F.);
#8838=ORIENTED_EDGE('',*,*,#8813,.F.);
#8839=EDGE_LOOP('',(#8831,#8832,#8833,#8834,#8835,#8836,#8837,#8838));
#8840=FACE_BOUND('',#8839,.T.);
#8841=ADVANCED_FACE('',(#8830,#8840),#8823,.T.);
#8842=CARTESIAN_POINT('',(1.984375,1.7859375,12.144375));
#8843=DIRECTION('',(0.,0.,1.));
#8844=DIRECTION('',(1.,0.,0.));
#8845=AXIS2_PLACEMENT_3D('',#8842,#8843,#8844);
#8846=PLANE('',#8845);
#8847=ORIENTED_EDGE('',*,*,#8658,.T.);
#8848=ORIENTED_EDGE('',*,*,#8789,.T.);
#8849=ORIENTED_EDGE('',*,*,#8758,.T.);
#8850=ORIENTED_EDGE('',*,*,#8727,.T.);
#8851=ORIENTED_EDGE('',*,*,#8696,.T.);
#8852=EDGE_LOOP('',(#8847,#8848,#8849,#8850,#8851));
#8853=FACE_BOUND('',#8852,.T.);
#8854=ADVANCED_FACE('',(#8853),#8846,.T.);
#8855=CARTESIAN_POINT('',(52.120047713,6.349248932,12.285265625));
#8856=CARTESIAN_POINT('',(52.120047713,6.349248932,12.144375));
#8857=CARTESIAN_POINT('',(52.096500337,6.325701556,12.285265625));
#8858=CARTESIAN_POINT('',(52.096500337,6.325701556,12.144375));
#8859=CARTESIAN_POINT('',(52.065334693,6.311850159,12.285265625));
#8860=CARTESIAN_POINT('',(52.065334693,6.311850159,12.144375));
#8861=CARTESIAN_POINT('',(52.034169049,6.297998761,12.285265625));
#8862=CARTESIAN_POINT('',(52.034169049,6.297998761,12.144375));
#8863=CARTESIAN_POINT('',(51.998155415,6.297998761,12.285265625));
#8864=CARTESIAN_POINT('',(51.998155415,6.297998761,12.144375));
#8865=CARTESIAN_POINT('',(51.963526922,6.297998761,12.285265625));
#8866=CARTESIAN_POINT('',(51.963526922,6.297998761,12.144375));
#8867=CARTESIAN_POINT('',(51.932361278,6.311850159,12.285265625));
#8868=CARTESIAN_POINT('',(51.932361278,6.311850159,12.144375));
#8869=CARTESIAN_POINT('',(51.901195634,6.325701556,12.285265625));
#8870=CARTESIAN_POINT('',(51.901195634,6.325701556,12.144375));
#8871=CARTESIAN_POINT('',(51.877648258,6.349248932,12.285265625));
#8872=CARTESIAN_POINT('',(51.877648258,6.349248932,12.144375));
#8873=CARTESIAN_POINT('',(51.854100882,6.372796307,12.285265625));
#8874=CARTESIAN_POINT('',(51.854100882,6.372796307,12.144375));
#8875=CARTESIAN_POINT('',(51.840942055,6.403961951,12.285265625));
#8876=CARTESIAN_POINT('',(51.840942055,6.403961951,12.144375));
#8877=CARTESIAN_POINT('',(51.827783227,6.435127595,12.285265625));
#8878=CARTESIAN_POINT('',(51.827783227,6.435127595,12.144375));
#8879=CARTESIAN_POINT('',(51.827783227,6.471141229,12.285265625));
#8880=CARTESIAN_POINT('',(51.827783227,6.471141229,12.144375));
#8881=CARTESIAN_POINT('',(51.827783227,6.507154862,12.285265625));
#8882=CARTESIAN_POINT('',(51.827783227,6.507154862,12.144375));
#8883=CARTESIAN_POINT('',(51.840942055,6.537627936,12.285265625));
#8884=CARTESIAN_POINT('',(51.840942055,6.537627936,12.144375));
#8885=CARTESIAN_POINT('',(51.854100882,6.568101011,12.285265625));
#8886=CARTESIAN_POINT('',(51.854100882,6.568101011,12.144375));
#8887=CARTESIAN_POINT('',(51.877648258,6.590955816,12.285265625));
#8888=CARTESIAN_POINT('',(51.877648258,6.590955816,12.144375));
#8889=B_SPLINE_SURFACE_WITH_KNOTS('',2,1,((#8855,#8856),(#8857,#8858),(#8859,#8860),(#8861,#8862),(#8863,#8864),(#8865,#8866),(#8867,#8868),(#8869,#8870),(#8871,#8872),(#8873,#8874),(#8875,#8876),(#8877,#8878),(#8879,#8880),(#8881,#8882),(#8883,#8884),(#8885,#8886),(#8887,#8888)),.UNSPECIFIED.,.F.,.F.,.U.,(3,2,2,2,2,2,2,2,3),(2,2),(0.504901961,0.568627451,0.632352941,0.693627451,0.754901961,0.816176471,0.87745098,0.93872549,1.),(0.1953125,0.75),.UNSPECIFIED.);
#8890=CARTESIAN_POINT('',(52.120047713,6.349248932,12.285265625));
#8891=VERTEX_POINT('',#8890);
#8892=CARTESIAN_POINT('',(52.120047713,6.349248932,12.285265625));
#8893=DIRECTION('',(0.,0.,-1.));
#8894=VECTOR('',#8893,0.140890625);
#8895=LINE('',#8892,#8894);
#8896=EDGE_CURVE('',#8891,#611,#8895,.T.);
#8897=ORIENTED_EDGE('',*,*,#8896,.F.);
#8898=CARTESIAN_POINT('',(51.877648258,6.590955816,12.285265625));
#8899=VERTEX_POINT('',#8898);
#8900=CARTESIAN_POINT('',(52.120047713,6.349248932,12.285265625));
#8901=CARTESIAN_POINT('',(52.104726957,6.333928176,12.285265625));
#8902=CARTESIAN_POINT('',(52.086513882,6.321464558,12.285265625));
#8903=CARTESIAN_POINT('',(52.066784689,6.312501721,12.285265625));
#8904=CARTESIAN_POINT('',(52.056920092,6.308020303,12.285265625));
#8905=CARTESIAN_POINT('',(52.045123665,6.304043309,12.285265625));
#8906=CARTESIAN_POINT('',(52.03390433,6.301659885,12.285265625));
#8907=CARTESIAN_POINT('',(52.022684995,6.29927646,12.285265625));
#8908=CARTESIAN_POINT('',(52.011280463,6.29814186,12.285265625));
#8909=CARTESIAN_POINT('',(52.000372048,6.298011934,12.285265625));
#8910=CARTESIAN_POINT('',(51.978555219,6.297752083,12.285265625));
#8911=CARTESIAN_POINT('',(51.954134954,6.302328979,12.285265625));
#8912=CARTESIAN_POINT('',(51.933287589,6.311441858,12.285265625));
#8913=CARTESIAN_POINT('',(51.912440224,6.320554737,12.285265625));
#8914=CARTESIAN_POINT('',(51.894570216,6.332627527,12.285265625));
#8915=CARTESIAN_POINT('',(51.878841724,6.348066494,12.285265625));
#8916=CARTESIAN_POINT('',(51.863113233,6.363505462,12.285265625));
#8917=CARTESIAN_POINT('',(51.849882922,6.383008434,12.285265625));
#8918=CARTESIAN_POINT('',(51.841216667,6.403315039,12.285265625));
#8919=CARTESIAN_POINT('',(51.832550411,6.423621645,12.285265625));
#8920=CARTESIAN_POINT('',(51.828060759,6.447309726,12.285265625));
#8921=CARTESIAN_POINT('',(51.827797921,6.468739762,12.285265625));
#8922=CARTESIAN_POINT('',(51.827535083,6.490169797,12.285265625));
#8923=CARTESIAN_POINT('',(51.830956261,6.513294653,12.285265625));
#8924=CARTESIAN_POINT('',(51.839787374,6.534881394,12.285265625));
#8925=CARTESIAN_POINT('',(51.844202931,6.545674764,12.285265625));
#8926=CARTESIAN_POINT('',(51.849278516,6.555172597,12.285265625));
#8927=CARTESIAN_POINT('',(51.855672008,6.564687792,12.285265625));
#8928=CARTESIAN_POINT('',(51.858868753,6.569445389,12.285265625));
#8929=CARTESIAN_POINT('',(51.862368574,6.574099206,12.285265625));
#8930=CARTESIAN_POINT('',(51.866051801,6.578491851,12.285265625));
#8931=CARTESIAN_POINT('',(51.867893414,6.580688173,12.285265625));
#8932=CARTESIAN_POINT('',(51.869784532,6.582826134,12.285265625));
#8933=CARTESIAN_POINT('',(51.871719063,6.584903675,12.285265625));
#8934=CARTESIAN_POINT('',(51.873653594,6.586981215,12.285265625));
#8935=CARTESIAN_POINT('',(51.87622262,6.589572109,12.285265625));
#8936=CARTESIAN_POINT('',(51.877649395,6.590956919,12.285265625));
#8937=B_SPLINE_CURVE_WITH_KNOTS('',3,(#8900,#8901,#8902,#8903,#8904,#8905,#8906,#8907,#8908,#8909,#8910,#8911,#8912,#8913,#8914,#8915,#8916,#8917,#8918,#8919,#8920,#8921,#8922,#8923,#8924,#8925,
#8926,#8927,#8928,#8929,#8930,#8931,#8932,#8933,#8934,#8935,#8936),.UNSPECIFIED.,.F.,.F.,(4,3,3,3,3,3,3,3,3,3,3,3,4),(0.000693198,0.000740398,0.000763999,0.000787599,0.000834799,0.000881999,0.0009292,0.0009764,0.0010236,0.0010472,0.001059,0.001064901,0.001070801),.UNSPECIFIED.);
#8938=EDGE_CURVE('',#8891,#8899,#8937,.T.);
#8939=ORIENTED_EDGE('',*,*,#8938,.T.);
#8940=CARTESIAN_POINT('',(51.877648258,6.590955816,12.285265625));
#8941=DIRECTION('',(0.,0.,-1.));
#8942=VECTOR('',#8941,0.140890625);
#8943=LINE('',#8940,#8942);
#8944=EDGE_CURVE('',#8899,#613,#8943,.T.);
#8945=ORIENTED_EDGE('',*,*,#8944,.T.);
#8946=ORIENTED_EDGE('',*,*,#628,.F.);
#8947=EDGE_LOOP('',(#8897,#8939,#8945,#8946));
#8948=FACE_BOUND('',#8947,.T.);
#8949=ADVANCED_FACE('',(#8948),#8889,.T.);
#8950=CARTESIAN_POINT('',(51.877648258,6.590955816,12.285265625));
#8951=CARTESIAN_POINT('',(51.877648258,6.590955816,12.144375));
#8952=CARTESIAN_POINT('',(51.901195634,6.613810622,12.285265625));
#8953=CARTESIAN_POINT('',(51.901195634,6.613810622,12.144375));
#8954=CARTESIAN_POINT('',(51.932361278,6.62696945,12.285265625));
#8955=CARTESIAN_POINT('',(51.932361278,6.62696945,12.144375));
#8956=CARTESIAN_POINT('',(51.963526922,6.640128277,12.285265625));
#8957=CARTESIAN_POINT('',(51.963526922,6.640128277,12.144375));
#8958=CARTESIAN_POINT('',(51.998155415,6.640128277,12.285265625));
#8959=CARTESIAN_POINT('',(51.998155415,6.640128277,12.144375));
#8960=CARTESIAN_POINT('',(52.034169049,6.640128277,12.285265625));
#8961=CARTESIAN_POINT('',(52.034169049,6.640128277,12.144375));
#8962=CARTESIAN_POINT('',(52.065334693,6.62696945,12.285265625));
#8963=CARTESIAN_POINT('',(52.065334693,6.62696945,12.144375));
#8964=CARTESIAN_POINT('',(52.096500337,6.613810622,12.285265625));
#8965=CARTESIAN_POINT('',(52.096500337,6.613810622,12.144375));
#8966=CARTESIAN_POINT('',(52.120047713,6.590955816,12.285265625));
#8967=CARTESIAN_POINT('',(52.120047713,6.590955816,12.144375));
#8968=CARTESIAN_POINT('',(52.143595088,6.568101011,12.285265625));
#8969=CARTESIAN_POINT('',(52.143595088,6.568101011,12.144375));
#8970=CARTESIAN_POINT('',(52.157446486,6.537627936,12.285265625));
#8971=CARTESIAN_POINT('',(52.157446486,6.537627936,12.144375));
#8972=CARTESIAN_POINT('',(52.171297883,6.507154862,12.285265625));
#8973=CARTESIAN_POINT('',(52.171297883,6.507154862,12.144375));
#8974=CARTESIAN_POINT('',(52.171297883,6.471141229,12.285265625));
#8975=CARTESIAN_POINT('',(52.171297883,6.471141229,12.144375));
#8976=CARTESIAN_POINT('',(52.171297883,6.435127595,12.285265625));
#8977=CARTESIAN_POINT('',(52.171297883,6.435127595,12.144375));
#8978=CARTESIAN_POINT('',(52.157446486,6.403961951,12.285265625));
#8979=CARTESIAN_POINT('',(52.157446486,6.403961951,12.144375));
#8980=CARTESIAN_POINT('',(52.143595158,6.372796464,12.285265625));
#8981=CARTESIAN_POINT('',(52.143595158,6.372796464,12.144375));
#8982=CARTESIAN_POINT('',(52.12004795,6.349249169,12.285265625));
#8983=CARTESIAN_POINT('',(52.12004795,6.349249169,12.144375));
#8984=B_SPLINE_SURFACE_WITH_KNOTS('',2,1,((#8950,#8951),(#8952,#8953),(#8954,#8955),(#8956,#8957),(#8958,#8959),(#8960,#8961),(#8962,#8963),(#8964,#8965),(#8966,#8967),(#8968,#8969),(#8970,#8971),(#8972,#8973),(#8974,#8975),(#8976,#8977),(#8978,#8979),(#8980,#8981),(#8982,#8983)),.UNSPECIFIED.,.F.,.F.,.U.,(3,2,2,2,2,2,2,2,3),(2,2),(0.,0.06127451,0.12254902,0.18627451,0.25,0.31372549,0.37745098,0.441176471,0.504901639),(0.1953125,0.75),.UNSPECIFIED.);
#8985=ORIENTED_EDGE('',*,*,#8944,.F.);
#8986=CARTESIAN_POINT('',(51.877648258,6.590955816,12.285265625));
#8987=CARTESIAN_POINT('',(51.893468999,6.606311241,12.285265625));
#8988=CARTESIAN_POINT('',(51.91202731,6.618439009,12.285265625));
#8989=CARTESIAN_POINT('',(51.932717953,6.627119567,12.285265625));
#8990=CARTESIAN_POINT('',(51.953408596,6.635800125,12.285265625));
#8991=CARTESIAN_POINT('',(51.977409871,6.640185204,12.285265625));
#8992=CARTESIAN_POINT('',(51.998688675,6.640127555,12.285265625));
#8993=CARTESIAN_POINT('',(52.019967479,6.640069907,12.285265625));
#8994=CARTESIAN_POINT('',(52.042991892,6.636197017,12.285265625));
#8995=CARTESIAN_POINT('',(52.064118024,6.627477378,12.285265625));
#8996=CARTESIAN_POINT('',(52.085244156,6.618757739,12.285265625));
#8997=CARTESIAN_POINT('',(52.103675866,6.60673394,12.285265625));
#8998=CARTESIAN_POINT('',(52.119594688,6.59139394,12.285265625));
#8999=CARTESIAN_POINT('',(52.127554099,6.583723941,12.285265625));
#9000=CARTESIAN_POINT('',(52.13493676,6.575124513,12.285265625));
#9001=CARTESIAN_POINT('',(52.14136788,6.565915245,12.285265625));
#9002=CARTESIAN_POINT('',(52.147799001,6.556705978,12.285265625));
#9003=CARTESIAN_POINT('',(52.152780185,6.547984548,12.285265625));
#9004=CARTESIAN_POINT('',(52.157647117,6.537184645,12.285265625));
#9005=CARTESIAN_POINT('',(52.167380982,6.515584838,12.285265625));
#9006=CARTESIAN_POINT('',(52.17143763,6.491716613,12.285265625));
#9007=CARTESIAN_POINT('',(52.17129383,6.469910538,12.285265625));
#9008=CARTESIAN_POINT('',(52.17122193,6.4590075,12.285265625));
#9009=CARTESIAN_POINT('',(52.170163475,6.447686566,12.285265625));
#9010=CARTESIAN_POINT('',(52.16786594,6.43648985,12.285265625));
#9011=CARTESIAN_POINT('',(52.165568406,6.425293133,12.285265625));
#9012=CARTESIAN_POINT('',(52.161634192,6.413312272,12.285265625));
#9013=CARTESIAN_POINT('',(52.157226194,6.403468147,12.285265625));
#9014=CARTESIAN_POINT('',(52.152818196,6.393624021,12.285265625));
#9015=CARTESIAN_POINT('',(52.147529688,6.384029142,12.285265625));
#9016=CARTESIAN_POINT('',(52.141302649,6.374893605,12.285265625));
#9017=CARTESIAN_POINT('',(52.138189129,6.370325836,12.285265625));
#9018=CARTESIAN_POINT('',(52.134864469,6.36590202,12.285265625));
#9019=CARTESIAN_POINT('',(52.131297553,6.361597832,12.285265625));
#9020=CARTESIAN_POINT('',(52.129514096,6.359445739,12.285265625));
#9021=CARTESIAN_POINT('',(52.127659004,6.357312671,12.285265625));
#9022=CARTESIAN_POINT('',(52.125787008,6.355259145,12.285265625));
#9023=CARTESIAN_POINT('',(52.123915012,6.353205619,12.285265625));
#9024=CARTESIAN_POINT('',(52.121465479,6.350666698,12.285265625));
#9025=CARTESIAN_POINT('',(52.120047238,6.349248456,12.285265625));
#9026=B_SPLINE_CURVE_WITH_KNOTS('',3,(#8986,#8987,#8988,#8989,#8990,#8991,#8992,#8993,#8994,#8995,#8996,#8997,#8998,#8999,#9000,#9001,#9002,#9003,#9004,#9005,#9006,#9007,#9008,#9009,#9010,#9011,
#9012,#9013,#9014,#9015,#9016,#9017,#9018,#9019,#9020,#9021,#9022,#9023,#9024,#9025),.UNSPECIFIED.,.F.,.F.,(4,3,3,3,3,3,3,3,3,3,3,3,3,4),(0.000837971,0.000885428,0.000932885,0.000980343,0.0010278,0.001051529,0.001075258,0.001122715,0.001146444,0.001170172,0.001193901,0.001205765,0.001211697,0.00121763),.UNSPECIFIED.);
#9027=EDGE_CURVE('',#8899,#8891,#9026,.T.);
#9028=ORIENTED_EDGE('',*,*,#9027,.T.);
#9029=ORIENTED_EDGE('',*,*,#8896,.T.);
#9030=ORIENTED_EDGE('',*,*,#644,.F.);
#9031=EDGE_LOOP('',(#8985,#9028,#9029,#9030));
#9032=FACE_BOUND('',#9031,.T.);
#9033=ADVANCED_FACE('',(#9032),#8984,.T.);
#9034=CARTESIAN_POINT('',(51.999540555,6.469063519,12.334875));
#9035=DIRECTION('',(0.,0.,1.));
#9036=DIRECTION('',(1.,0.,0.));
#9037=AXIS2_PLACEMENT_3D('',#9034,#9035,#9036);
#9038=PLANE('',#9037);
#9039=CARTESIAN_POINT('',(52.084968587,6.384328057,12.334875));
#9040=VERTEX_POINT('',#9039);
#9041=CARTESIAN_POINT('',(51.912199966,6.555357087,12.334875));
#9042=VERTEX_POINT('',#9041);
#9043=CARTESIAN_POINT('',(52.08496998,6.384326674,12.334875));
#9044=CARTESIAN_POINT('',(52.107661838,6.407018532,12.334875));
#9045=CARTESIAN_POINT('',(52.121475,6.438257857,12.334875));
#9046=CARTESIAN_POINT('',(52.121685889,6.47023742,12.334875));
#9047=CARTESIAN_POINT('',(52.121896777,6.502216983,12.334875));
#9048=CARTESIAN_POINT('',(52.108004775,6.533667893,12.334875));
#9049=CARTESIAN_POINT('',(52.085171031,6.555671381,12.334875));
#9050=CARTESIAN_POINT('',(52.062337288,6.577674868,12.334875));
#9051=CARTESIAN_POINT('',(52.030370003,6.590432471,12.334875));
#9052=CARTESIAN_POINT('',(51.998554498,6.590518666,12.334875));
#9053=CARTESIAN_POINT('',(51.966738994,6.59060486,12.334875));
#9054=CARTESIAN_POINT('',(51.934902952,6.577392338,12.334875));
#9055=CARTESIAN_POINT('',(51.912199966,6.555357087,12.334875));
#9056=B_SPLINE_CURVE_WITH_KNOTS('',3,(#9043,#9044,#9045,#9046,#9047,#9048,#9049,#9050,#9051,#9052,#9053,#9054,#9055),.UNSPECIFIED.,.F.,.F.,(4,3,3,3,4),(0.000837971,0.000932885,0.0010278,0.001122715,0.00121763),.UNSPECIFIED.);
#9057=EDGE_CURVE('',#9040,#9042,#9056,.T.);
#9058=ORIENTED_EDGE('',*,*,#9057,.T.);
#9059=CARTESIAN_POINT('',(51.912197806,6.555359271,12.334875));
#9060=CARTESIAN_POINT('',(51.88936942,6.533202307,12.334875));
#9061=CARTESIAN_POINT('',(51.87701166,6.501277377,12.334875));
#9062=CARTESIAN_POINT('',(51.877403272,6.469347957,12.334875));
#9063=CARTESIAN_POINT('',(51.877794885,6.437418536,12.334875));
#9064=CARTESIAN_POINT('',(51.890778602,6.405864838,12.334875));
#9065=CARTESIAN_POINT('',(51.913593476,6.383469931,12.334875));
#9066=CARTESIAN_POINT('',(51.93640835,6.361075024,12.334875));
#9067=CARTESIAN_POINT('',(51.967849267,6.347237215,12.334875));
#9068=CARTESIAN_POINT('',(51.999781393,6.347617544,12.334875));
#9069=CARTESIAN_POINT('',(52.031713519,6.347997874,12.334875));
#9070=CARTESIAN_POINT('',(52.062718149,6.362077619,12.334875));
#9071=CARTESIAN_POINT('',(52.084968587,6.384328057,12.334875));
#9072=B_SPLINE_CURVE_WITH_KNOTS('',3,(#9059,#9060,#9061,#9062,#9063,#9064,#9065,#9066,#9067,#9068,#9069,#9070,#9071),.UNSPECIFIED.,.F.,.F.,(4,3,3,3,4),(0.000693198,0.000787599,0.000881999,0.0009764,0.001070801),.UNSPECIFIED.);
#9073=EDGE_CURVE('',#9042,#9040,#9072,.T.);
#9074=ORIENTED_EDGE('',*,*,#9073,.T.);
#9075=EDGE_LOOP('',(#9058,#9074));
#9076=FACE_BOUND('',#9075,.T.);
#9077=ADVANCED_FACE('',(#9076),#9038,.T.);
#9078=CARTESIAN_POINT('',(51.912199966,6.555357087,12.334875));
#9079=CARTESIAN_POINT('',(51.90315435,6.564676812,12.334875));
#9080=CARTESIAN_POINT('',(51.894164435,6.573939149,12.329528444));
#9081=CARTESIAN_POINT('',(51.881372003,6.587119231,12.311161057));
#9082=CARTESIAN_POINT('',(51.877648258,6.590955816,12.298253329));
#9083=CARTESIAN_POINT('',(51.877648258,6.590955816,12.285265625));
#9084=CARTESIAN_POINT('',(51.930508057,6.573126704,12.334875));
#9085=CARTESIAN_POINT('',(51.923349533,6.584278019,12.334875));
#9086=CARTESIAN_POINT('',(51.91623509,6.595360667,12.329528444));
#9087=CARTESIAN_POINT('',(51.906111409,6.611131008,12.311161057));
#9088=CARTESIAN_POINT('',(51.90316451,6.61572159,12.298253329));
#9089=CARTESIAN_POINT('',(51.90316451,6.61572159,12.285265625));
#9090=CARTESIAN_POINT('',(51.954645081,6.585503576,12.334875));
#9091=CARTESIAN_POINT('',(51.949968031,6.597945185,12.33487489));
#9092=CARTESIAN_POINT('',(51.945319783,6.610310136,12.329528285));
#9093=CARTESIAN_POINT('',(51.938705414,6.627905143,12.311160919));
#9094=CARTESIAN_POINT('',(51.936780022,6.633026854,12.298253259));
#9095=CARTESIAN_POINT('',(51.936779987,6.633026847,12.285265625));
#9096=CARTESIAN_POINT('',(51.992881447,6.59109794,12.334875));
#9097=CARTESIAN_POINT('',(51.992399726,6.604153366,12.334874886));
#9098=CARTESIAN_POINT('',(51.991920974,6.617128353,12.329528279));
#9099=CARTESIAN_POINT('',(51.991239722,6.635591434,12.311160914));
#9100=CARTESIAN_POINT('',(51.991041417,6.640965838,12.298253257));
#9101=CARTESIAN_POINT('',(51.991041418,6.640965839,12.285265625));
#9102=CARTESIAN_POINT('',(52.005847341,6.590965467,12.334875));
#9103=CARTESIAN_POINT('',(52.006485892,6.604008341,12.334874989));
#9104=CARTESIAN_POINT('',(52.00712051,6.616970894,12.329528429));
#9105=CARTESIAN_POINT('',(52.008023554,6.635416295,12.311161044));
#9106=CARTESIAN_POINT('',(52.008286419,6.64078556,12.298253322));
#9107=CARTESIAN_POINT('',(52.008286416,6.64078556,12.285265625));
#9108=CARTESIAN_POINT('',(52.031347245,6.587030732,12.334875));
#9109=CARTESIAN_POINT('',(52.034669913,6.599659435,12.334874989));
#9110=CARTESIAN_POINT('',(52.037972119,6.612210369,12.329528428));
#9111=CARTESIAN_POINT('',(52.042671078,6.630070045,12.311161043));
#9112=CARTESIAN_POINT('',(52.044038896,6.635268811,12.298253322));
#9113=CARTESIAN_POINT('',(52.044038896,6.635268812,12.285265625));
#9114=CARTESIAN_POINT('',(52.043462416,6.582973243,12.334874999));
#9115=CARTESIAN_POINT('',(52.048236941,6.595119068,12.334877563));
#9116=CARTESIAN_POINT('',(52.052982588,6.607190983,12.329532154));
#9117=CARTESIAN_POINT('',(52.059735966,6.624369231,12.311164272));
#9118=CARTESIAN_POINT('',(52.061702089,6.629369732,12.298254961));
#9119=CARTESIAN_POINT('',(52.061702452,6.629369563,12.285265625));
#9120=CARTESIAN_POINT('',(52.06656602,6.571195306,12.334874999));
#9121=CARTESIAN_POINT('',(52.073591876,6.582193451,12.334877592));
#9122=CARTESIAN_POINT('',(52.080574983,6.593124756,12.329532196));
#9123=CARTESIAN_POINT('',(52.090511896,6.608680082,12.311164308));
#9124=CARTESIAN_POINT('',(52.093404483,6.613208269,12.29825498));
#9125=CARTESIAN_POINT('',(52.093404385,6.613208302,12.285265625));
#9126=CARTESIAN_POINT('',(52.077163298,6.563589921,12.334875));
#9127=CARTESIAN_POINT('',(52.085350133,6.573758126,12.334874996));
#9128=CARTESIAN_POINT('',(52.093486553,6.583863716,12.329528438));
#9129=CARTESIAN_POINT('',(52.105064484,6.598243728,12.311161051));
#9130=CARTESIAN_POINT('',(52.108434699,6.6024296,12.298253326));
#9131=CARTESIAN_POINT('',(52.108434699,6.602429601,12.285265625));
#9132=CARTESIAN_POINT('',(52.095364205,6.545621246,12.334875));
#9133=CARTESIAN_POINT('',(52.105426445,6.553937974,12.334874996));
#9134=CARTESIAN_POINT('',(52.115426723,6.562203489,12.329528438));
#9135=CARTESIAN_POINT('',(52.129656877,6.573965117,12.311161051));
#9136=CARTESIAN_POINT('',(52.133799128,6.577388804,12.298253326));
#9137=CARTESIAN_POINT('',(52.133799128,6.577388804,12.285265625));
#9138=CARTESIAN_POINT('',(52.103138716,6.53504045,12.334875));
#9139=CARTESIAN_POINT('',(52.114062457,6.54217903,12.334874963));
#9140=CARTESIAN_POINT('',(52.124918917,6.549273645,12.329528391));
#9141=CARTESIAN_POINT('',(52.140367395,6.559369113,12.311161011));
#9142=CARTESIAN_POINT('',(52.144864283,6.562307799,12.298253306));
#9143=CARTESIAN_POINT('',(52.144864281,6.562307803,12.285265625));
#9144=CARTESIAN_POINT('',(52.114979308,6.512380461,12.334875));
#9145=CARTESIAN_POINT('',(52.127077444,6.517271537,12.334874963));
#9146=CARTESIAN_POINT('',(52.139101068,6.522132487,12.329528391));
#9147=CARTESIAN_POINT('',(52.156210393,6.529049498,12.311161011));
#9148=CARTESIAN_POINT('',(52.161190739,6.531062966,12.298253306));
#9149=CARTESIAN_POINT('',(52.16119074,6.531062963,12.285265625));
#9150=CARTESIAN_POINT('',(52.119065718,6.499850151,12.334875));
#9151=CARTESIAN_POINT('',(52.13176356,6.50293265,12.334874106));
#9152=CARTESIAN_POINT('',(52.144382857,6.50599613,12.32952715));
#9153=CARTESIAN_POINT('',(52.162339676,6.510355452,12.311159935));
#9154=CARTESIAN_POINT('',(52.167566642,6.511624454,12.29825276));
#9155=CARTESIAN_POINT('',(52.167566626,6.511624567,12.285265625));
#9156=CARTESIAN_POINT('',(52.122329909,6.474444558,12.334875));
#9157=CARTESIAN_POINT('',(52.1353947,6.474671033,12.334874102));
#9158=CARTESIAN_POINT('',(52.148378687,6.474896072,12.329527145));
#9159=CARTESIAN_POINT('',(52.16685447,6.475216226,12.311159931));
#9160=CARTESIAN_POINT('',(52.172232515,6.47530937,12.298252758));
#9161=CARTESIAN_POINT('',(52.172232528,6.475309287,12.285265625));
#9162=CARTESIAN_POINT('',(52.122025328,6.461311064,12.334875));
#9163=CARTESIAN_POINT('',(52.135063013,6.460399335,12.334874732));
#9164=CARTESIAN_POINT('',(52.148020309,6.459493244,12.329528057));
#9165=CARTESIAN_POINT('',(52.166458199,6.458203934,12.311160721));
#9166=CARTESIAN_POINT('',(52.17182526,6.457828653,12.298253159));
#9167=CARTESIAN_POINT('',(52.171825266,6.457828693,12.285265625));
#9168=CARTESIAN_POINT('',(52.117398577,6.436154872,12.334875));
#9169=CARTESIAN_POINT('',(52.129907502,6.43236822,12.33487473));
#9170=CARTESIAN_POINT('',(52.142339295,6.428604909,12.329528054));
#9171=CARTESIAN_POINT('',(52.160029398,6.4232498,12.311160719));
#9172=CARTESIAN_POINT('',(52.165178782,6.421690978,12.298253157));
#9173=CARTESIAN_POINT('',(52.165178779,6.421690958,12.285265625));
#9174=CARTESIAN_POINT('',(52.112684044,6.423916146,12.334875));
#9175=CARTESIAN_POINT('',(52.12462623,6.418661558,12.334874945));
#9176=CARTESIAN_POINT('',(52.13649486,6.413439337,12.329528364));
#9177=CARTESIAN_POINT('',(52.15338363,6.406008251,12.311160988));
#9178=CARTESIAN_POINT('',(52.158299774,6.403845144,12.298253294));
#9179=CARTESIAN_POINT('',(52.158299778,6.403845151,12.285265625));
#9180=CARTESIAN_POINT('',(52.103264932,6.40707636,12.334875));
#9181=CARTESIAN_POINT('',(52.114296385,6.400193534,12.334874945));
#9182=CARTESIAN_POINT('',(52.12525989,6.393353102,12.329528364));
#9183=CARTESIAN_POINT('',(52.140860686,6.383619335,12.311160988));
#9184=CARTESIAN_POINT('',(52.145401913,6.380785938,12.298253294));
#9185=CARTESIAN_POINT('',(52.145401912,6.380785938,12.285265625));
#9186=CARTESIAN_POINT('',(52.099728709,6.401702084,12.334875));
#9187=CARTESIAN_POINT('',(52.110402859,6.394274031,12.334874992));
#9188=CARTESIAN_POINT('',(52.121011277,6.38689172,12.329528432));
#9189=CARTESIAN_POINT('',(52.136106799,6.376386869,12.311161047));
#9190=CARTESIAN_POINT('',(52.140500948,6.373329016,12.298253324));
#9191=CARTESIAN_POINT('',(52.140500948,6.373329016,12.285265625));
#9192=CARTESIAN_POINT('',(52.093787431,6.394024561,12.334875));
#9193=CARTESIAN_POINT('',(52.103857414,6.385815783,12.334874992));
#9194=CARTESIAN_POINT('',(52.113865385,6.377657555,12.329528432));
#9195=CARTESIAN_POINT('',(52.128106486,6.366048591,12.311161047));
#9196=CARTESIAN_POINT('',(52.132251922,6.362669342,12.298253324));
#9197=CARTESIAN_POINT('',(52.132251921,6.362669342,12.285265625));
#9198=CARTESIAN_POINT('',(52.091698289,6.391526937,12.334875));
#9199=CARTESIAN_POINT('',(52.101555429,6.383063996,12.334874866));
#9200=CARTESIAN_POINT('',(52.111351833,6.374653205,12.32952825));
#9201=CARTESIAN_POINT('',(52.125291872,6.36268487,12.311160889));
#9202=CARTESIAN_POINT('',(52.129349669,6.359201023,12.298253244));
#9203=CARTESIAN_POINT('',(52.129349675,6.359201031,12.285265625));
#9204=CARTESIAN_POINT('',(52.087983698,6.387413964,12.334875));
#9205=CARTESIAN_POINT('',(52.097466743,6.378536806,12.334874866));
#9206=CARTESIAN_POINT('',(52.106891354,6.369714349,12.32952825));
#9207=CARTESIAN_POINT('',(52.120302339,6.35716022,12.311160889));
#9208=CARTESIAN_POINT('',(52.124206131,6.353505852,12.298253244));
#9209=CARTESIAN_POINT('',(52.124206134,6.353505855,12.285265625));
#9210=CARTESIAN_POINT('',(52.086381518,6.385762163,12.334875));
#9211=CARTESIAN_POINT('',(52.095700138,6.376715556,12.334874934));
#9212=CARTESIAN_POINT('',(52.104961357,6.367724674,12.329528348));
#9213=CARTESIAN_POINT('',(52.118139844,6.354930873,12.311160974));
#9214=CARTESIAN_POINT('',(52.121975961,6.351206734,12.298253287));
#9215=CARTESIAN_POINT('',(52.121975963,6.351206736,12.285265625));
#9216=CARTESIAN_POINT('',(52.084761892,6.384127688,12.334875));
#9217=CARTESIAN_POINT('',(52.09399854,6.374997597,12.334874973));
#9218=CARTESIAN_POINT('',(52.103178302,6.365923734,12.329528405));
#9219=CARTESIAN_POINT('',(52.116240881,6.353011849,12.311161023));
#9220=CARTESIAN_POINT('',(52.120043261,6.349253335,12.298253312));
#9221=CARTESIAN_POINT('',(52.120043262,6.349253335,12.285265625));
#9222=B_SPLINE_SURFACE_WITH_KNOTS('',3,3,((#9078,#9079,#9080,#9081,#9082,#9083),(#9084,#9085,#9086,#9087,#9088,#9089),(#9090,#9091,#9092,#9093,#9094,#9095),(#9096,#9097,#9098,#9099,#9100,#9101),(#9102,#9103,#9104,#9105,#9106,#9107),(#9108,#9109,#9110,#9111,#9112,#9113),(#9114,#9115,#9116,#9117,#9118,#9119),(#9120,#9121,#9122,#9123,#9124,#9125),(#9126,#9127,#9128,#9129,#9130,#9131),(#9132,#9133,#9134,#9135,#9136,#9137),(#9138,#9139,#9140,#9141,#9142,#9143),(#9144,#9145,#9146,#9147,#9148,#9149),(#9150,#9151,#9152,#9153,#9154,#9155),(#9156,#9157,#9158,#9159,#9160,#9161),(#9162,#9163,#9164,#9165,#9166,#9167),(#9168,#9169,#9170,#9171,#9172,#9173),(#9174,#9175,#9176,#9177,#9178,#9179),(#9180,#9181,#9182,#9183,#9184,#9185),(#9186,#9187,#9188,#9189,#9190,#9191),(#9192,#9193,#9194,#9195,#9196,#9197),(#9198,#9199,#9200,#9201,#9202,#9203),(#9204,#9205,#9206,#9207,#9208,#9209),(#9210,#9211,#9212,#9213,#9214,#9215),(#9216,#9217,#9218,#9219,#9220,#9221)),.UNSPECIFIED.,.F.,.F.,.U.,(4,2,2,2,2,2,2,2,2,2,2,4),(4,2,4),(0.000837971,0.000914512,0.000952782,0.000991053,0.001029323,0.001067593,0.001105864,0.001144134,0.001182405,0.00120154,0.001211108,0.001217913),(0.,0.5,1.),.UNSPECIFIED.);
#9223=CARTESIAN_POINT('',(51.912199966,6.555357087,12.285265625));
#9224=DIRECTION('',(-0.717580692,-0.696475377,-0.));
#9225=DIRECTION('',(-0.696475377,0.717580692,0.));
#9226=AXIS2_PLACEMENT_3D('',#9223,#9224,#9225);
#9227=CIRCLE('',#9226,0.049609375);
#9228=EDGE_CURVE('',#9042,#8899,#9227,.T.);
#9229=ORIENTED_EDGE('',*,*,#9228,.F.);
#9230=ORIENTED_EDGE('',*,*,#9057,.F.);
#9231=CARTESIAN_POINT('',(52.084968587,6.384328057,12.285265625));
#9232=DIRECTION('',(-0.707106781,-0.707106781,0.));
#9233=DIRECTION('',(0.707106781,-0.707106781,0.));
#9234=AXIS2_PLACEMENT_3D('',#9231,#9232,#9233);
#9235=CIRCLE('',#9234,0.049609375);
#9236=EDGE_CURVE('',#8891,#9040,#9235,.T.);
#9237=ORIENTED_EDGE('',*,*,#9236,.F.);
#9238=ORIENTED_EDGE('',*,*,#9027,.F.);
#9239=EDGE_LOOP('',(#9229,#9230,#9237,#9238));
#9240=FACE_BOUND('',#9239,.T.);
#9241=ADVANCED_FACE('',(#9240),#9222,.T.);
#9242=CARTESIAN_POINT('',(52.084968587,6.384328057,12.334875));
#9243=CARTESIAN_POINT('',(52.094152281,6.375144363,12.334875));
#9244=CARTESIAN_POINT('',(52.103279423,6.366017222,12.329528444));
#9245=CARTESIAN_POINT('',(52.116267127,6.353029518,12.311161057));
#9246=CARTESIAN_POINT('',(52.120047713,6.349248932,12.298253329));
#9247=CARTESIAN_POINT('',(52.120047713,6.349248932,12.285265625));
#9248=CARTESIAN_POINT('',(52.07687087,6.37623034,12.334875));
#9249=CARTESIAN_POINT('',(52.085255079,6.366247162,12.334875));
#9250=CARTESIAN_POINT('',(52.09358766,6.356325458,12.329528444));
#9251=CARTESIAN_POINT('',(52.105444721,6.342207112,12.311161057));
#9252=CARTESIAN_POINT('',(52.108896189,6.338097408,12.298253329));
#9253=CARTESIAN_POINT('',(52.108896189,6.338097408,12.285265625));
#9254=CARTESIAN_POINT('',(52.067830729,6.369319115,12.334875));
#9255=CARTESIAN_POINT('',(52.075262902,6.358609426,12.334874974));
#9256=CARTESIAN_POINT('',(52.082649302,6.347965694,12.329528406));
#9257=CARTESIAN_POINT('',(52.09315997,6.33281992,12.311161024));
#9258=CARTESIAN_POINT('',(52.096219514,6.328411143,12.298253312));
#9259=CARTESIAN_POINT('',(52.096219513,6.328411142,12.285265625));
#9260=CARTESIAN_POINT('',(52.052856334,6.360732705,12.334875));
#9261=CARTESIAN_POINT('',(52.058830972,6.349187256,12.334874974));
#9262=CARTESIAN_POINT('',(52.064768813,6.337712911,12.329528407));
#9263=CARTESIAN_POINT('',(52.073218213,6.321385194,12.311161025));
#9264=CARTESIAN_POINT('',(52.075677743,6.316632365,12.298253313));
#9265=CARTESIAN_POINT('',(52.075677738,6.316632362,12.285265625));
#9266=CARTESIAN_POINT('',(52.047595386,6.358116977,12.334875));
#9267=CARTESIAN_POINT('',(52.053160009,6.346361,12.334874999));
#9268=CARTESIAN_POINT('',(52.058690367,6.334677416,12.329528443));
#9269=CARTESIAN_POINT('',(52.066559932,6.318051955,12.311161056));
#9270=CARTESIAN_POINT('',(52.068850681,6.313212456,12.298253328));
#9271=CARTESIAN_POINT('',(52.068850681,6.313212456,12.285265625));
#9272=CARTESIAN_POINT('',(52.036798486,6.353699232,12.334875));
#9273=CARTESIAN_POINT('',(52.041070591,6.341414398,12.334874999));
#9274=CARTESIAN_POINT('',(52.045316388,6.329205213,12.329528443));
#9275=CARTESIAN_POINT('',(52.051358055,6.311831835,12.311161056));
#9276=CARTESIAN_POINT('',(52.053116722,6.306774625,12.298253328));
#9277=CARTESIAN_POINT('',(52.053116722,6.306774625,12.285265625));
#9278=CARTESIAN_POINT('',(52.031282423,6.351951333,12.334875));
#9279=CARTESIAN_POINT('',(52.034882242,6.339454146,12.334874882));
#9280=CARTESIAN_POINT('',(52.038459883,6.32703396,12.329528274));
#9281=CARTESIAN_POINT('',(52.043550778,6.309360351,12.31116091));
#9282=CARTESIAN_POINT('',(52.045032684,6.304215756,12.298253254));
#9283=CARTESIAN_POINT('',(52.045032687,6.304215756,12.285265625));
#9284=CARTESIAN_POINT('',(52.014397301,6.348028198,12.334875));
#9285=CARTESIAN_POINT('',(52.016015445,6.335070584,12.334874883));
#9286=CARTESIAN_POINT('',(52.017623613,6.322192805,12.329528275));
#9287=CARTESIAN_POINT('',(52.019911984,6.30386805,12.31116091));
#9288=CARTESIAN_POINT('',(52.020578095,6.298533911,12.298253254));
#9289=CARTESIAN_POINT('',(52.020578081,6.298533908,12.285265625));
#9290=CARTESIAN_POINT('',(52.002567369,6.347128916,12.334875));
#9291=CARTESIAN_POINT('',(52.003078451,6.334087845,12.334874733));
#9292=CARTESIAN_POINT('',(52.003586395,6.321127184,12.329528057));
#9293=CARTESIAN_POINT('',(52.004309212,6.302684512,12.311160722));
#9294=CARTESIAN_POINT('',(52.004519634,6.297316062,12.298253159));
#9295=CARTESIAN_POINT('',(52.004519665,6.297316061,12.285265625));
#9296=CARTESIAN_POINT('',(51.97945361,6.348507045,12.334875));
#9297=CARTESIAN_POINT('',(51.977396759,6.335619084,12.334874732));
#9298=CARTESIAN_POINT('',(51.975352582,6.322810591,12.329528056));
#9299=CARTESIAN_POINT('',(51.972443755,6.304584452,12.31116072));
#9300=CARTESIAN_POINT('',(51.971597017,6.299279033,12.298253158));
#9301=CARTESIAN_POINT('',(51.971596995,6.299279034,12.285265625));
#9302=CARTESIAN_POINT('',(51.967842964,6.351032174,12.334875));
#9303=CARTESIAN_POINT('',(51.964330409,6.338457373,12.334874722));
#9304=CARTESIAN_POINT('',(51.960839529,6.325960106,12.329528042));
#9305=CARTESIAN_POINT('',(51.955872133,6.308176823,12.311160709));
#9306=CARTESIAN_POINT('',(51.954426204,6.303000306,12.298253152));
#9307=CARTESIAN_POINT('',(51.954426243,6.303000293,12.285265625));
#9308=CARTESIAN_POINT('',(51.951668217,6.357398614,12.334875));
#9309=CARTESIAN_POINT('',(51.946289259,6.345558437,12.33487472));
#9310=CARTESIAN_POINT('',(51.940943468,6.333791272,12.329528039));
#9311=CARTESIAN_POINT('',(51.933336551,6.317046914,12.311160706));
#9312=CARTESIAN_POINT('',(51.931122264,6.312172825,12.298253151));
#9313=CARTESIAN_POINT('',(51.931122262,6.312172826,12.285265625));
#9314=CARTESIAN_POINT('',(51.946449464,6.359910271,12.334875));
#9315=CARTESIAN_POINT('',(51.940626863,6.348287337,12.334874997));
#9316=CARTESIAN_POINT('',(51.934840117,6.336735976,12.32952844));
#9317=CARTESIAN_POINT('',(51.926605717,6.320298667,12.311161053));
#9318=CARTESIAN_POINT('',(51.924208769,6.315513937,12.298253327));
#9319=CARTESIAN_POINT('',(51.924208769,6.315513937,12.285265625));
#9320=CARTESIAN_POINT('',(51.93629027,6.365560827,12.334875));
#9321=CARTESIAN_POINT('',(51.929486903,6.354483397,12.334874997));
#9322=CARTESIAN_POINT('',(51.92272543,6.34347418,12.32952844));
#9323=CARTESIAN_POINT('',(51.913104017,6.32780833,12.311161053));
#9324=CARTESIAN_POINT('',(51.910303323,6.323248163,12.298253327));
#9325=CARTESIAN_POINT('',(51.910303323,6.323248163,12.285265625));
#9326=CARTESIAN_POINT('',(51.9313447,6.368751657,12.334875));
#9327=CARTESIAN_POINT('',(51.924042472,6.357994941,12.334875));
#9328=CARTESIAN_POINT('',(51.91678521,6.347304464,12.329528444));
#9329=CARTESIAN_POINT('',(51.9064583,6.332092171,12.311161057));
#9330=CARTESIAN_POINT('',(51.903452244,6.32766403,12.298253329));
#9331=CARTESIAN_POINT('',(51.903452244,6.32766403,12.285265625));
#9332=CARTESIAN_POINT('',(51.917369349,6.379197093,12.334875));
#9333=CARTESIAN_POINT('',(51.908647531,6.369501405,12.334875));
#9334=CARTESIAN_POINT('',(51.899979421,6.359865422,12.329528444));
#9335=CARTESIAN_POINT('',(51.887644909,6.346153649,12.311161057));
#9336=CARTESIAN_POINT('',(51.88405446,6.342162294,12.298253329));
#9337=CARTESIAN_POINT('',(51.88405446,6.342162294,12.285265625));
#9338=CARTESIAN_POINT('',(51.908941245,6.387454259,12.334875));
#9339=CARTESIAN_POINT('',(51.899364938,6.378589298,12.334874978));
#9340=CARTESIAN_POINT('',(51.889847607,6.369778931,12.329528412));
#9341=CARTESIAN_POINT('',(51.87630468,6.357241989,12.311161029));
#9342=CARTESIAN_POINT('',(51.872362477,6.353592615,12.298253315));
#9343=CARTESIAN_POINT('',(51.872362479,6.353592611,12.285265625));
#9344=CARTESIAN_POINT('',(51.894909846,6.405936112,12.334875));
#9345=CARTESIAN_POINT('',(51.883797554,6.399094317,12.334874977));
#9346=CARTESIAN_POINT('',(51.872753697,6.392294658,12.329528411));
#9347=CARTESIAN_POINT('',(51.857038556,6.382618908,12.311161028));
#9348=CARTESIAN_POINT('',(51.852464042,6.379802399,12.298253314));
#9349=CARTESIAN_POINT('',(51.852464042,6.379802399,12.285265625));
#9350=CARTESIAN_POINT('',(51.889268241,6.416156366,12.334875));
#9351=CARTESIAN_POINT('',(51.877604437,6.410289516,12.334874981));
#9352=CARTESIAN_POINT('',(51.866012465,6.404458794,12.329528417));
#9353=CARTESIAN_POINT('',(51.84951737,6.396161815,12.311161033));
#9354=CARTESIAN_POINT('',(51.844715821,6.393746648,12.298253317));
#9355=CARTESIAN_POINT('',(51.844715823,6.393746644,12.285265625));
#9356=CARTESIAN_POINT('',(51.880982253,6.437934643,12.334875));
#9357=CARTESIAN_POINT('',(51.868368487,6.434564602,12.33487498));
#9358=CARTESIAN_POINT('',(51.855832402,6.431215315,12.329528416));
#9359=CARTESIAN_POINT('',(51.837993857,6.42644936,12.311161032));
#9360=CARTESIAN_POINT('',(51.832801243,6.42506204,12.298253317));
#9361=CARTESIAN_POINT('',(51.832801243,6.42506204,12.285265625));
#9362=CARTESIAN_POINT('',(51.878619436,6.449223417,12.334875));
#9363=CARTESIAN_POINT('',(51.86574973,6.447142191,12.334874985));
#9364=CARTESIAN_POINT('',(51.852959278,6.445073783,12.329528423));
#9365=CARTESIAN_POINT('',(51.834758775,6.442130489,12.311161038));
#9366=CARTESIAN_POINT('',(51.829460798,6.441273727,12.29825332));
#9367=CARTESIAN_POINT('',(51.829460798,6.441273728,12.285265625));
#9368=CARTESIAN_POINT('',(51.876909159,6.472477889,12.334875));
#9369=CARTESIAN_POINT('',(51.863873442,6.472653884,12.334874986));
#9370=CARTESIAN_POINT('',(51.850918003,6.472828796,12.329528423));
#9371=CARTESIAN_POINT('',(51.832482726,6.473077694,12.311161039));
#9372=CARTESIAN_POINT('',(51.827116409,6.473150148,12.29825332));
#9373=CARTESIAN_POINT('',(51.827116409,6.473150151,12.285265625));
#9374=CARTESIAN_POINT('',(51.877421999,6.484090979,12.334875));
#9375=CARTESIAN_POINT('',(51.86442062,6.485254122,12.334874648));
#9376=CARTESIAN_POINT('',(51.851499438,6.486410091,12.329527935));
#9377=CARTESIAN_POINT('',(51.833112955,6.488055001,12.311160615));
#9378=CARTESIAN_POINT('',(51.827760866,6.488533815,12.298253105));
#9379=CARTESIAN_POINT('',(51.827760863,6.488533814,12.285265625));
#9380=CARTESIAN_POINT('',(51.880706795,6.50119898,12.334875));
#9381=CARTESIAN_POINT('',(51.868075663,6.504290475,12.334874653));
#9382=CARTESIAN_POINT('',(51.855522449,6.507362922,12.329527942));
#9383=CARTESIAN_POINT('',(51.837659585,6.511734971,12.311160622));
#9384=CARTESIAN_POINT('',(51.832459923,6.513007652,12.298253108));
#9385=CARTESIAN_POINT('',(51.832459935,6.513007702,12.285265625));
#9386=CARTESIAN_POINT('',(51.882261419,6.506888581,12.334875));
#9387=CARTESIAN_POINT('',(51.869815532,6.510668608,12.334874994));
#9388=CARTESIAN_POINT('',(51.857446288,6.514425357,12.329528435));
#9389=CARTESIAN_POINT('',(51.83984515,6.51977112,12.311161049));
#9390=CARTESIAN_POINT('',(51.834721642,6.521327216,12.298253325));
#9391=CARTESIAN_POINT('',(51.834721641,6.521327215,12.285265625));
#9392=CARTESIAN_POINT('',(51.886221199,6.517746386,12.334875));
#9393=CARTESIAN_POINT('',(51.874263878,6.522866071,12.334874994));
#9394=CARTESIAN_POINT('',(51.862380191,6.527954228,12.329528435));
#9395=CARTESIAN_POINT('',(51.845469989,6.535194554,12.311161049));
#9396=CARTESIAN_POINT('',(51.840547605,6.537302137,12.298253325));
#9397=CARTESIAN_POINT('',(51.840547605,6.537302137,12.285265625));
#9398=CARTESIAN_POINT('',(51.888626441,6.522968248,12.334875));
#9399=CARTESIAN_POINT('',(51.876923132,6.528635565,12.334874964));
#9400=CARTESIAN_POINT('',(51.865291902,6.534267977,12.329528393));
#9401=CARTESIAN_POINT('',(51.848740946,6.542282762,12.311161012));
#9402=CARTESIAN_POINT('',(51.843923136,6.544615781,12.298253306));
#9403=CARTESIAN_POINT('',(51.843923136,6.544615781,12.285265625));
#9404=CARTESIAN_POINT('',(51.894143805,6.533067898,12.334875));
#9405=CARTESIAN_POINT('',(51.883051482,6.539853639,12.334874965));
#9406=CARTESIAN_POINT('',(51.872027477,6.546597587,12.329528393));
#9407=CARTESIAN_POINT('',(51.856340587,6.556194064,12.311161013));
#9408=CARTESIAN_POINT('',(51.851774299,6.558987499,12.298253306));
#9409=CARTESIAN_POINT('',(51.851774301,6.558987502,12.285265625));
#9410=CARTESIAN_POINT('',(51.897294875,6.5379457,12.334875));
#9411=CARTESIAN_POINT('',(51.886565865,6.545295523,12.334874995));
#9412=CARTESIAN_POINT('',(51.875902923,6.552600087,12.329528436));
#9413=CARTESIAN_POINT('',(51.860729814,6.562994304,12.31116105));
#9414=CARTESIAN_POINT('',(51.856313079,6.566019952,12.298253326));
#9415=CARTESIAN_POINT('',(51.856313078,6.566019951,12.285265625));
#9416=CARTESIAN_POINT('',(51.902616604,6.544912916,12.334875));
#9417=CARTESIAN_POINT('',(51.892499203,6.55306346,12.334874995));
#9418=CARTESIAN_POINT('',(51.882444106,6.561163814,12.329528436));
#9419=CARTESIAN_POINT('',(51.868135944,6.572690422,12.31116105));
#9420=CARTESIAN_POINT('',(51.863970986,6.576045697,12.298253326));
#9421=CARTESIAN_POINT('',(51.863970986,6.576045697,12.285265625));
#9422=CARTESIAN_POINT('',(51.904470109,6.547154838,12.334875));
#9423=CARTESIAN_POINT('',(51.894565442,6.555561929,12.334874656));
#9424=CARTESIAN_POINT('',(51.884721863,6.563917153,12.329527946));
#9425=CARTESIAN_POINT('',(51.870714706,6.575806386,12.311160626));
#9426=CARTESIAN_POINT('',(51.866637378,6.579267187,12.29825311));
#9427=CARTESIAN_POINT('',(51.866637358,6.579267164,12.285265625));
#9428=CARTESIAN_POINT('',(51.907367525,6.550399259,12.334875));
#9429=CARTESIAN_POINT('',(51.897789534,6.559172149,12.334874655));
#9430=CARTESIAN_POINT('',(51.888270619,6.56789092,12.329527945));
#9431=CARTESIAN_POINT('',(51.874725459,6.580297479,12.311160625));
#9432=CARTESIAN_POINT('',(51.870782616,6.583908873,12.298253109));
#9433=CARTESIAN_POINT('',(51.870782605,6.583908861,12.285265625));
#9434=CARTESIAN_POINT('',(51.908351927,6.551461929,12.334875));
#9435=CARTESIAN_POINT('',(51.898884367,6.560353582,12.334874402));
#9436=CARTESIAN_POINT('',(51.889475273,6.569190313,12.329527579));
#9437=CARTESIAN_POINT('',(51.876086409,6.581764697,12.311160307));
#9438=CARTESIAN_POINT('',(51.872189075,6.585424928,12.298252948));
#9439=CARTESIAN_POINT('',(51.872189059,6.585424912,12.285265625));
#9440=CARTESIAN_POINT('',(51.910287274,6.553472403,12.334875));
#9441=CARTESIAN_POINT('',(51.901033921,6.562586578,12.334874402));
#9442=CARTESIAN_POINT('',(51.891837716,6.571644461,12.329527578));
#9443=CARTESIAN_POINT('',(51.878751794,6.584533546,12.311160307));
#9444=CARTESIAN_POINT('',(51.874942648,6.588285389,12.298252948));
#9445=CARTESIAN_POINT('',(51.874942642,6.588285383,12.285265625));
#9446=CARTESIAN_POINT('',(51.911238311,6.554420113,12.334875));
#9447=CARTESIAN_POINT('',(51.902164299,6.563711768,12.334874917));
#9448=CARTESIAN_POINT('',(51.893146187,6.572946183,12.329528323));
#9449=CARTESIAN_POINT('',(51.880313637,6.586086525,12.311160952));
#9450=CARTESIAN_POINT('',(51.876578219,6.589911538,12.298253276));
#9451=CARTESIAN_POINT('',(51.876578218,6.589911537,12.285265625));
#9452=CARTESIAN_POINT('',(51.912200154,6.555356896,12.334875));
#9453=CARTESIAN_POINT('',(51.90315152,6.564673639,12.334874991));
#9454=CARTESIAN_POINT('',(51.894158607,6.573933008,12.329528431));
#9455=CARTESIAN_POINT('',(51.881361909,6.587108867,12.311161046));
#9456=CARTESIAN_POINT('',(51.877636924,6.590944222,12.298253323));
#9457=CARTESIAN_POINT('',(51.877636924,6.590944222,12.285265625));
#9458=B_SPLINE_SURFACE_WITH_KNOTS('',3,3,((#9242,#9243,#9244,#9245,#9246,#9247),(#9248,#9249,#9250,#9251,#9252,#9253),(#9254,#9255,#9256,#9257,#9258,#9259),(#9260,#9261,#9262,#9263,#9264,#9265),(#9266,#9267,#9268,#9269,#9270,#9271),(#9272,#9273,#9274,#9275,#9276,#9277),(#9278,#9279,#9280,#9281,#9282,#9283),(#9284,#9285,#9286,#9287,#9288,#9289),(#9290,#9291,#9292,#9293,#9294,#9295),(#9296,#9297,#9298,#9299,#9300,#9301),(#9302,#9303,#9304,#9305,#9306,#9307),(#9308,#9309,#9310,#9311,#9312,#9313),(#9314,#9315,#9316,#9317,#9318,#9319),(#9320,#9321,#9322,#9323,#9324,#9325),(#9326,#9327,#9328,#9329,#9330,#9331),(#9332,#9333,#9334,#9335,#9336,#9337),(#9338,#9339,#9340,#9341,#9342,#9343),(#9344,#9345,#9346,#9347,#9348,#9349),(#9350,#9351,#9352,#9353,#9354,#9355),(#9356,#9357,#9358,#9359,#9360,#9361),(#9362,#9363,#9364,#9365,#9366,#9367),(#9368,#9369,#9370,#9371,#9372,#9373),(#9374,#9375,#9376,#9377,#9378,#9379),(#9380,#9381,#9382,#9383,#9384,#9385),(#9386,#9387,#9388,#9389,#9390,#9391),(#9392,#9393,#9394,#9395,#9396,#9397),
(#9398,#9399,#9400,#9401,#9402,#9403),(#9404,#9405,#9406,#9407,#9408,#9409),(#9410,#9411,#9412,#9413,#9414,#9415),(#9416,#9417,#9418,#9419,#9420,#9421),(#9422,#9423,#9424,#9425,#9426,#9427),(#9428,#9429,#9430,#9431,#9432,#9433),(#9434,#9435,#9436,#9437,#9438,#9439),(#9440,#9441,#9442,#9443,#9444,#9445),(#9446,#9447,#9448,#9449,#9450,#9451),(#9452,#9453,#9454,#9455,#9456,#9457)),.UNSPECIFIED.,.F.,.F.,.U.,(4,2,2,2,2,2,2,2,2,2,2,2,2,2,2,2,2,4),(4,2,4),(0.000693198,0.000727554,0.000744732,0.00076191,0.000796265,0.000830621,0.000847799,0.000864977,0.000899332,0.000933688,0.000968044,0.001002399,0.001019577,0.001036755,0.001053933,0.001062522,0.001066816,0.001070801),(0.,0.5,1.),.UNSPECIFIED.);
#9459=ORIENTED_EDGE('',*,*,#9236,.T.);
#9460=ORIENTED_EDGE('',*,*,#9073,.F.);
#9461=ORIENTED_EDGE('',*,*,#9228,.T.);
#9462=ORIENTED_EDGE('',*,*,#8938,.F.);
#9463=EDGE_LOOP('',(#9459,#9460,#9461,#9462));
#9464=FACE_BOUND('',#9463,.T.);
#9465=ADVANCED_FACE('',(#9464),#9458,.T.);
#9466=CARTESIAN_POINT('',(52.457430295,19.843009069,12.284075));
#9467=CARTESIAN_POINT('',(52.457430295,19.843009069,12.144375));
#9468=CARTESIAN_POINT('',(52.434575489,19.819461694,12.284075));
#9469=CARTESIAN_POINT('',(52.434575489,19.819461694,12.144375));
#9470=CARTESIAN_POINT('',(52.402717275,19.805610296,12.284075));
#9471=CARTESIAN_POINT('',(52.402717275,19.805610296,12.144375));
#9472=CARTESIAN_POINT('',(52.370859061,19.791758899,12.284075));
#9473=CARTESIAN_POINT('',(52.370859061,19.791758899,12.144375));
#9474=CARTESIAN_POINT('',(52.334845428,19.791758899,12.284075));
#9475=CARTESIAN_POINT('',(52.334845428,19.791758899,12.144375));
#9476=CARTESIAN_POINT('',(52.300216934,19.791758899,12.284075));
#9477=CARTESIAN_POINT('',(52.300216934,19.791758899,12.144375));
#9478=CARTESIAN_POINT('',(52.26835872,19.805610296,12.284075));
#9479=CARTESIAN_POINT('',(52.26835872,19.805610296,12.144375));
#9480=CARTESIAN_POINT('',(52.236500506,19.819461694,12.284075));
#9481=CARTESIAN_POINT('',(52.236500506,19.819461694,12.144375));
#9482=CARTESIAN_POINT('',(52.2136457,19.843009069,12.284075));
#9483=CARTESIAN_POINT('',(52.2136457,19.843009069,12.144375));
#9484=CARTESIAN_POINT('',(52.190790894,19.866556445,12.284075));
#9485=CARTESIAN_POINT('',(52.190790894,19.866556445,12.144375));
#9486=CARTESIAN_POINT('',(52.176939497,19.897722089,12.284075));
#9487=CARTESIAN_POINT('',(52.176939497,19.897722089,12.144375));
#9488=CARTESIAN_POINT('',(52.1630881,19.928887733,12.284075));
#9489=CARTESIAN_POINT('',(52.1630881,19.928887733,12.144375));
#9490=CARTESIAN_POINT('',(52.1630881,19.964901367,12.284075));
#9491=CARTESIAN_POINT('',(52.1630881,19.964901367,12.144375));
#9492=CARTESIAN_POINT('',(52.1630881,20.000915,12.284075));
#9493=CARTESIAN_POINT('',(52.1630881,20.000915,12.144375));
#9494=CARTESIAN_POINT('',(52.176939497,20.031388074,12.284075));
#9495=CARTESIAN_POINT('',(52.176939497,20.031388074,12.144375));
#9496=CARTESIAN_POINT('',(52.190790894,20.061861148,12.284075));
#9497=CARTESIAN_POINT('',(52.190790894,20.061861148,12.144375));
#9498=CARTESIAN_POINT('',(52.2136457,20.084715954,12.284075));
#9499=CARTESIAN_POINT('',(52.2136457,20.084715954,12.144375));
#9500=B_SPLINE_SURFACE_WITH_KNOTS('',2,1,((#9466,#9467),(#9468,#9469),(#9470,#9471),(#9472,#9473),(#9474,#9475),(#9476,#9477),(#9478,#9479),(#9480,#9481),(#9482,#9483),(#9484,#9485),(#9486,#9487),(#9488,#9489),(#9490,#9491),(#9492,#9493),(#9494,#9495),(#9496,#9497),(#9498,#9499)),.UNSPECIFIED.,.F.,.F.,.U.,(3,2,2,2,2,2,2,2,3),(2,2),(0.504901961,0.568627451,0.632352941,0.693627451,0.754901961,0.816176471,0.87745098,0.93872549,1.),(0.2,0.75),.UNSPECIFIED.);
#9501=CARTESIAN_POINT('',(52.457430295,19.843009069,12.284075));
#9502=VERTEX_POINT('',#9501);
#9503=CARTESIAN_POINT('',(52.457430295,19.843009069,12.284075));
#9504=DIRECTION('',(0.,0.,-1.));
#9505=VECTOR('',#9504,0.1397);
#9506=LINE('',#9503,#9505);
#9507=EDGE_CURVE('',#9502,#573,#9506,.T.);
#9508=ORIENTED_EDGE('',*,*,#9507,.F.);
#9509=CARTESIAN_POINT('',(52.2136457,20.084715954,12.284075));
#9510=VERTEX_POINT('',#9509);
#9511=CARTESIAN_POINT('',(52.457430295,19.843009069,12.284075));
#9512=CARTESIAN_POINT('',(52.441553635,19.826651299,12.284075));
#9513=CARTESIAN_POINT('',(52.422801019,19.814226217,12.284075));
#9514=CARTESIAN_POINT('',(52.401979437,19.805291594,12.284075));
#9515=CARTESIAN_POINT('',(52.381157855,19.796356971,12.284075));
#9516=CARTESIAN_POINT('',(52.357671011,19.791885573,12.284075));
#9517=CARTESIAN_POINT('',(52.33590676,19.791761911,12.284075));
#9518=CARTESIAN_POINT('',(52.314142509,19.79163825,12.284075));
#9519=CARTESIAN_POINT('',(52.28997338,19.796367779,12.284075));
#9520=CARTESIAN_POINT('',(52.269351298,19.80518239,12.284075));
#9521=CARTESIAN_POINT('',(52.248729215,19.813997,12.284075));
#9522=CARTESIAN_POINT('',(52.229672344,19.82650893,12.284075));
#9523=CARTESIAN_POINT('',(52.213687559,19.842965958,12.284075));
#9524=CARTESIAN_POINT('',(52.197702775,19.859422985,12.284075));
#9525=CARTESIAN_POINT('',(52.18607473,19.877456973,12.284075));
#9526=CARTESIAN_POINT('',(52.177393377,19.896708264,12.284075));
#9527=CARTESIAN_POINT('',(52.1730527,19.90633391,12.284075));
#9528=CARTESIAN_POINT('',(52.168957104,19.918558919,12.284075));
#9529=CARTESIAN_POINT('',(52.166624636,19.929744364,12.284075));
#9530=CARTESIAN_POINT('',(52.164292169,19.940929809,12.284075));
#9531=CARTESIAN_POINT('',(52.163210448,19.952071881,12.284075));
#9532=CARTESIAN_POINT('',(52.16309798,19.962981105,12.284075));
#9533=CARTESIAN_POINT('',(52.162873044,19.984799555,12.284075));
#9534=CARTESIAN_POINT('',(52.166694006,20.008401676,12.284075));
#9535=CARTESIAN_POINT('',(52.176476463,20.030359166,12.284075));
#9536=CARTESIAN_POINT('',(52.181367691,20.04133791,12.284075));
#9537=CARTESIAN_POINT('',(52.186139899,20.049788355,12.284075));
#9538=CARTESIAN_POINT('',(52.192351297,20.058946083,12.284075));
#9539=CARTESIAN_POINT('',(52.195456996,20.063524948,12.284075));
#9540=CARTESIAN_POINT('',(52.198816507,20.068015759,12.284075));
#9541=CARTESIAN_POINT('',(52.202385106,20.07233495,12.284075));
#9542=CARTESIAN_POINT('',(52.204169405,20.074494545,12.284075));
#9543=CARTESIAN_POINT('',(52.206002074,20.076607566,12.284075));
#9544=CARTESIAN_POINT('',(52.207879956,20.078671725,12.284075));
#9545=CARTESIAN_POINT('',(52.209757838,20.080735883,12.284075));
#9546=CARTESIAN_POINT('',(52.212242384,20.083312638,12.284075));
#9547=CARTESIAN_POINT('',(52.2136457,20.084715954,12.284075));
#9548=B_SPLINE_CURVE_WITH_KNOTS('',3,(#9511,#9512,#9513,#9514,#9515,#9516,#9517,#9518,#9519,#9520,#9521,#9522,#9523,#9524,#9525,#9526,#9527,#9528,#9529,#9530,#9531,#9532,#9533,#9534,#9535,#9536,
#9537,#9538,#9539,#9540,#9541,#9542,#9543,#9544,#9545,#9546,#9547),.UNSPECIFIED.,.F.,.F.,(4,3,3,3,3,3,3,3,3,3,3,3,4),(0.000794326,0.000841398,0.00088847,0.000935542,0.000982614,0.001029686,0.001053222,0.001076758,0.00112383,0.001147366,0.001159134,0.001165018,0.001170902),.UNSPECIFIED.);
#9549=EDGE_CURVE('',#9502,#9510,#9548,.T.);
#9550=ORIENTED_EDGE('',*,*,#9549,.T.);
#9551=CARTESIAN_POINT('',(52.2136457,20.084715954,12.284075));
#9552=DIRECTION('',(0.,0.,-1.));
#9553=VECTOR('',#9552,0.1397);
#9554=LINE('',#9551,#9553);
#9555=EDGE_CURVE('',#9510,#575,#9554,.T.);
#9556=ORIENTED_EDGE('',*,*,#9555,.T.);
#9557=ORIENTED_EDGE('',*,*,#590,.F.);
#9558=EDGE_LOOP('',(#9508,#9550,#9556,#9557));
#9559=FACE_BOUND('',#9558,.T.);
#9560=ADVANCED_FACE('',(#9559),#9500,.T.);
#9561=CARTESIAN_POINT('',(52.2136457,20.084715954,12.284075));
#9562=CARTESIAN_POINT('',(52.2136457,20.084715954,12.144375));
#9563=CARTESIAN_POINT('',(52.236500506,20.10757076,12.284075));
#9564=CARTESIAN_POINT('',(52.236500506,20.10757076,12.144375));
#9565=CARTESIAN_POINT('',(52.26835872,20.120729587,12.284075));
#9566=CARTESIAN_POINT('',(52.26835872,20.120729587,12.144375));
#9567=CARTESIAN_POINT('',(52.300216934,20.133888415,12.284075));
#9568=CARTESIAN_POINT('',(52.300216934,20.133888415,12.144375));
#9569=CARTESIAN_POINT('',(52.334845428,20.133888415,12.284075));
#9570=CARTESIAN_POINT('',(52.334845428,20.133888415,12.144375));
#9571=CARTESIAN_POINT('',(52.370859061,20.133888415,12.284075));
#9572=CARTESIAN_POINT('',(52.370859061,20.133888415,12.144375));
#9573=CARTESIAN_POINT('',(52.402717275,20.120729587,12.284075));
#9574=CARTESIAN_POINT('',(52.402717275,20.120729587,12.144375));
#9575=CARTESIAN_POINT('',(52.434575489,20.10757076,12.284075));
#9576=CARTESIAN_POINT('',(52.434575489,20.10757076,12.144375));
#9577=CARTESIAN_POINT('',(52.457430295,20.084715954,12.284075));
#9578=CARTESIAN_POINT('',(52.457430295,20.084715954,12.144375));
#9579=CARTESIAN_POINT('',(52.4802851,20.061861148,12.284075));
#9580=CARTESIAN_POINT('',(52.4802851,20.061861148,12.144375));
#9581=CARTESIAN_POINT('',(52.493443928,20.031388074,12.284075));
#9582=CARTESIAN_POINT('',(52.493443928,20.031388074,12.144375));
#9583=CARTESIAN_POINT('',(52.506602755,20.000915,12.284075));
#9584=CARTESIAN_POINT('',(52.506602755,20.000915,12.144375));
#9585=CARTESIAN_POINT('',(52.506602755,19.964901367,12.284075));
#9586=CARTESIAN_POINT('',(52.506602755,19.964901367,12.144375));
#9587=CARTESIAN_POINT('',(52.506602755,19.928887733,12.284075));
#9588=CARTESIAN_POINT('',(52.506602755,19.928887733,12.144375));
#9589=CARTESIAN_POINT('',(52.493443928,19.897722089,12.284075));
#9590=CARTESIAN_POINT('',(52.493443928,19.897722089,12.144375));
#9591=CARTESIAN_POINT('',(52.4802851,19.866556445,12.284075));
#9592=CARTESIAN_POINT('',(52.4802851,19.866556445,12.144375));
#9593=CARTESIAN_POINT('',(52.457430295,19.843009069,12.284075));
#9594=CARTESIAN_POINT('',(52.457430295,19.843009069,12.144375));
#9595=B_SPLINE_SURFACE_WITH_KNOTS('',2,1,((#9561,#9562),(#9563,#9564),(#9565,#9566),(#9567,#9568),(#9569,#9570),(#9571,#9572),(#9573,#9574),(#9575,#9576),(#9577,#9578),(#9579,#9580),(#9581,#9582),(#9583,#9584),(#9585,#9586),(#9587,#9588),(#9589,#9590),(#9591,#9592),(#9593,#9594)),.UNSPECIFIED.,.F.,.F.,.U.,(3,2,2,2,2,2,2,2,3),(2,2),(0.,0.06127451,0.12254902,0.18627451,0.25,0.31372549,0.37745098,0.441176471,0.504901961),(0.2,0.75),.UNSPECIFIED.);
#9596=ORIENTED_EDGE('',*,*,#9555,.F.);
#9597=CARTESIAN_POINT('',(52.2136457,20.084715954,12.284075));
#9598=CARTESIAN_POINT('',(52.214988149,20.086058403,12.284075));
#9599=CARTESIAN_POINT('',(52.21765646,20.088621471,12.284075));
#9600=CARTESIAN_POINT('',(52.219738521,20.090492916,12.284075));
#9601=CARTESIAN_POINT('',(52.221820582,20.092364361,12.284075));
#9602=CARTESIAN_POINT('',(52.22395245,20.094180243,12.284075));
#9603=CARTESIAN_POINT('',(52.226129447,20.095937432,12.284075));
#9604=CARTESIAN_POINT('',(52.230483439,20.09945181,12.284075));
#9605=CARTESIAN_POINT('',(52.235017954,20.102730308,12.284075));
#9606=CARTESIAN_POINT('',(52.239693277,20.105762159,12.284075));
#9607=CARTESIAN_POINT('',(52.249043922,20.11182586,12.284075));
#9608=CARTESIAN_POINT('',(52.258837273,20.116845992,12.284075));
#9609=CARTESIAN_POINT('',(52.269066473,20.121020157,12.284075));
#9610=CARTESIAN_POINT('',(52.289524871,20.129368487,12.284075));
#9611=CARTESIAN_POINT('',(52.312484238,20.133834176,12.284075));
#9612=CARTESIAN_POINT('',(52.334399243,20.133887868,12.284075));
#9613=CARTESIAN_POINT('',(52.378229253,20.133995253,12.284075));
#9614=CARTESIAN_POINT('',(52.423096639,20.118392894,12.284075));
#9615=CARTESIAN_POINT('',(52.456328922,20.085806572,12.284075));
#9616=CARTESIAN_POINT('',(52.464636993,20.077659992,12.284075));
#9617=CARTESIAN_POINT('',(52.471810039,20.068970766,12.284075));
#9618=CARTESIAN_POINT('',(52.478117267,20.059576149,12.284075));
#9619=CARTESIAN_POINT('',(52.484424495,20.050181532,12.284075));
#9620=CARTESIAN_POINT('',(52.489359925,20.041083156,12.284075));
#9621=CARTESIAN_POINT('',(52.493954355,20.030192216,12.284075));
#9622=CARTESIAN_POINT('',(52.503143214,20.008410337,12.284075));
#9623=CARTESIAN_POINT('',(52.50671664,19.985264966,12.284075));
#9624=CARTESIAN_POINT('',(52.50659984,19.963830423,12.284075));
#9625=CARTESIAN_POINT('',(52.506483041,19.94239588,12.284075));
#9626=CARTESIAN_POINT('',(52.502486647,19.919339101,12.284075));
#9627=CARTESIAN_POINT('',(52.493656586,19.898228124,12.284075));
#9628=CARTESIAN_POINT('',(52.489241556,19.887672636,12.284075));
#9629=CARTESIAN_POINT('',(52.484462875,19.878607112,12.284075));
#9630=CARTESIAN_POINT('',(52.478388175,19.869266577,12.284075));
#9631=CARTESIAN_POINT('',(52.475350825,19.864596309,12.284075));
#9632=CARTESIAN_POINT('',(52.47203994,19.8600021,12.284075));
#9633=CARTESIAN_POINT('',(52.468528509,19.855604646,12.284075));
#9634=CARTESIAN_POINT('',(52.466772794,19.853405918,12.284075));
#9635=CARTESIAN_POINT('',(52.464967638,19.851255533,12.284075));
#9636=CARTESIAN_POINT('',(52.463116672,19.849155668,12.284075));
#9637=CARTESIAN_POINT('',(52.461265705,19.847055804,12.284075));
#9638=CARTESIAN_POINT('',(52.458808145,19.844428673,12.284075));
#9639=CARTESIAN_POINT('',(52.457430295,19.843009069,12.284075));
#9640=B_SPLINE_CURVE_WITH_KNOTS('',3,(#9597,#9598,#9599,#9600,#9601,#9602,#9603,#9604,#9605,#9606,#9607,#9608,#9609,#9610,#9611,#9612,#9613,#9614,#9615,#9616,#9617,#9618,#9619,#9620,#9621,#9622,
#9623,#9624,#9625,#9626,#9627,#9628,#9629,#9630,#9631,#9632,#9633,#9634,#9635,#9636,#9637,#9638,#9639),.UNSPECIFIED.,.F.,.F.,(4,3,3,3,3,3,3,3,3,3,3,3,3,3,4),(-0.000040045,-0.000034144,-0.000028243,-0.00001644,0.000007164,0.000054373,0.00014879,0.000172395,0.000195999,0.000243208,0.000290417,0.000314021,0.000325823,0.000331724,0.000337626),.UNSPECIFIED.);
#9641=EDGE_CURVE('',#9510,#9502,#9640,.T.);
#9642=ORIENTED_EDGE('',*,*,#9641,.T.);
#9643=ORIENTED_EDGE('',*,*,#9507,.T.);
#9644=ORIENTED_EDGE('',*,*,#606,.F.);
#9645=EDGE_LOOP('',(#9596,#9642,#9643,#9644));
#9646=FACE_BOUND('',#9645,.T.);
#9647=ADVANCED_FACE('',(#9646),#9595,.T.);
#9648=CARTESIAN_POINT('',(51.9994395,-7.024696619,12.334875));
#9649=DIRECTION('',(0.,0.,1.));
#9650=DIRECTION('',(1.,0.,0.));
#9651=AXIS2_PLACEMENT_3D('',#9648,#9649,#9650);
#9652=PLANE('',#9651);
#9653=CARTESIAN_POINT('',(52.420977195,19.878390018,12.334875));
#9654=VERTEX_POINT('',#9653);
#9655=CARTESIAN_POINT('',(52.249566725,20.04879493,12.334875));
#9656=VERTEX_POINT('',#9655);
#9657=CARTESIAN_POINT('',(52.420977195,19.878390018,12.334875));
#9658=CARTESIAN_POINT('',(52.443022807,19.901103679,12.334875));
#9659=CARTESIAN_POINT('',(52.455627715,19.932351633,12.334875));
#9660=CARTESIAN_POINT('',(52.455800755,19.964107114,12.334875));
#9661=CARTESIAN_POINT('',(52.455973794,19.995862595,12.334875));
#9662=CARTESIAN_POINT('',(52.443300665,20.027434404,12.334875));
#9663=CARTESIAN_POINT('',(52.420762179,20.049534792,12.334875));
#9664=CARTESIAN_POINT('',(52.398223694,20.071635179,12.334875));
#9665=CARTESIAN_POINT('',(52.366118171,20.083165429,12.334875));
#9666=CARTESIAN_POINT('',(52.334523703,20.083088022,12.334875));
#9667=CARTESIAN_POINT('',(52.302929236,20.083010615,12.334875));
#9668=CARTESIAN_POINT('',(52.2710459,20.070274105,12.334875));
#9669=CARTESIAN_POINT('',(52.249566725,20.04879493,12.334875));
#9670=B_SPLINE_CURVE_WITH_KNOTS('',3,(#9657,#9658,#9659,#9660,#9661,#9662,#9663,#9664,#9665,#9666,#9667,#9668,#9669),.UNSPECIFIED.,.F.,.F.,(4,3,3,3,4),(-0.000040045,0.000054373,0.00014879,0.000243208,0.000337626),.UNSPECIFIED.);
#9671=EDGE_CURVE('',#9654,#9656,#9670,.T.);
#9672=ORIENTED_EDGE('',*,*,#9671,.T.);
#9673=CARTESIAN_POINT('',(52.249566725,20.04879493,12.334875));
#9674=CARTESIAN_POINT('',(52.227113673,20.026341878,12.334875));
#9675=CARTESIAN_POINT('',(52.213568374,19.995177574,12.334875));
#9676=CARTESIAN_POINT('',(52.213894905,19.963504521,12.334875));
#9677=CARTESIAN_POINT('',(52.214221437,19.931831468,12.334875));
#9678=CARTESIAN_POINT('',(52.228122828,19.90101482,12.334875));
#9679=CARTESIAN_POINT('',(52.250127434,19.878360126,12.334875));
#9680=CARTESIAN_POINT('',(52.27213204,19.855705432,12.334875));
#9681=CARTESIAN_POINT('',(52.303957287,19.842381192,12.334875));
#9682=CARTESIAN_POINT('',(52.33561813,19.842561085,12.334875));
#9683=CARTESIAN_POINT('',(52.367278973,19.842740977,12.334875));
#9684=CARTESIAN_POINT('',(52.399120867,19.855871377,12.334875));
#9685=CARTESIAN_POINT('',(52.420977195,19.878390018,12.334875));
#9686=B_SPLINE_CURVE_WITH_KNOTS('',3,(#9673,#9674,#9675,#9676,#9677,#9678,#9679,#9680,#9681,#9682,#9683,#9684,#9685),.UNSPECIFIED.,.F.,.F.,(4,3,3,3,4),(0.000794326,0.00088847,0.000982614,0.001076758,0.001170902),.UNSPECIFIED.);
#9687=EDGE_CURVE('',#9656,#9654,#9686,.T.);
#9688=ORIENTED_EDGE('',*,*,#9687,.T.);
#9689=EDGE_LOOP('',(#9672,#9688));
#9690=FACE_BOUND('',#9689,.T.);
#9691=ADVANCED_FACE('',(#9690),#9652,.T.);
#9692=CARTESIAN_POINT('',(52.120148768,12.754697123,12.284075));
#9693=CARTESIAN_POINT('',(52.120148768,12.754697123,12.144375));
#9694=CARTESIAN_POINT('',(52.096601392,12.731149748,12.284075));
#9695=CARTESIAN_POINT('',(52.096601392,12.731149748,12.144375));
#9696=CARTESIAN_POINT('',(52.065435748,12.71799092,12.284075));
#9697=CARTESIAN_POINT('',(52.065435748,12.71799092,12.144375));
#9698=CARTESIAN_POINT('',(52.034270104,12.704832092,12.284075));
#9699=CARTESIAN_POINT('',(52.034270104,12.704832092,12.144375));
#9700=CARTESIAN_POINT('',(51.99825647,12.704832092,12.284075));
#9701=CARTESIAN_POINT('',(51.99825647,12.704832092,12.144375));
#9702=CARTESIAN_POINT('',(51.963627977,12.704832092,12.284075));
#9703=CARTESIAN_POINT('',(51.963627977,12.704832092,12.144375));
#9704=CARTESIAN_POINT('',(51.932462333,12.71799092,12.284075));
#9705=CARTESIAN_POINT('',(51.932462333,12.71799092,12.144375));
#9706=CARTESIAN_POINT('',(51.901296689,12.731149748,12.284075));
#9707=CARTESIAN_POINT('',(51.901296689,12.731149748,12.144375));
#9708=CARTESIAN_POINT('',(51.877749313,12.754697123,12.284075));
#9709=CARTESIAN_POINT('',(51.877749313,12.754697123,12.144375));
#9710=CARTESIAN_POINT('',(51.854201937,12.778244499,12.284075));
#9711=CARTESIAN_POINT('',(51.854201937,12.778244499,12.144375));
#9712=CARTESIAN_POINT('',(51.84104311,12.809410143,12.284075));
#9713=CARTESIAN_POINT('',(51.84104311,12.809410143,12.144375));
#9714=CARTESIAN_POINT('',(51.827884282,12.840575787,12.284075));
#9715=CARTESIAN_POINT('',(51.827884282,12.840575787,12.144375));
#9716=CARTESIAN_POINT('',(51.827884282,12.87658942,12.284075));
#9717=CARTESIAN_POINT('',(51.827884282,12.87658942,12.144375));
#9718=CARTESIAN_POINT('',(51.827884282,12.912603054,12.284075));
#9719=CARTESIAN_POINT('',(51.827884282,12.912603054,12.144375));
#9720=CARTESIAN_POINT('',(51.84104311,12.943768698,12.284075));
#9721=CARTESIAN_POINT('',(51.84104311,12.943768698,12.144375));
#9722=CARTESIAN_POINT('',(51.854201875,12.974934194,12.284075));
#9723=CARTESIAN_POINT('',(51.854201875,12.974934194,12.144375));
#9724=CARTESIAN_POINT('',(51.877749089,12.99778893,12.284075));
#9725=CARTESIAN_POINT('',(51.877749089,12.99778893,12.144375));
#9726=B_SPLINE_SURFACE_WITH_KNOTS('',2,1,((#9692,#9693),(#9694,#9695),(#9696,#9697),(#9698,#9699),(#9700,#9701),(#9702,#9703),(#9704,#9705),(#9706,#9707),(#9708,#9709),(#9710,#9711),(#9712,#9713),(#9714,#9715),(#9716,#9717),(#9718,#9719),(#9720,#9721),(#9722,#9723),(#9724,#9725)),.UNSPECIFIED.,.F.,.F.,.U.,(3,2,2,2,2,2,2,2,3),(2,2),(0.504901961,0.568627451,0.632352941,0.693627451,0.754901961,0.816176471,0.87745098,0.93872549,0.999999709),(0.2,0.75),.UNSPECIFIED.);
#9727=CARTESIAN_POINT('',(52.120148768,12.754697123,12.284075));
#9728=VERTEX_POINT('',#9727);
#9729=CARTESIAN_POINT('',(52.120148768,12.754697123,12.284075));
#9730=DIRECTION('',(0.,0.,-1.));
#9731=VECTOR('',#9730,0.1397);
#9732=LINE('',#9729,#9731);
#9733=EDGE_CURVE('',#9728,#535,#9732,.T.);
#9734=ORIENTED_EDGE('',*,*,#9733,.F.);
#9735=CARTESIAN_POINT('',(51.877749313,12.997789148,12.284075));
#9736=VERTEX_POINT('',#9735);
#9737=CARTESIAN_POINT('',(52.120148768,12.754697123,12.284075));
#9738=CARTESIAN_POINT('',(52.104261843,12.738810199,12.284075));
#9739=CARTESIAN_POINT('',(52.085703418,12.726405831,12.284075));
#9740=CARTESIAN_POINT('',(52.064553424,12.717621423,12.284075));
#9741=CARTESIAN_POINT('',(52.04340343,12.708837016,12.284075));
#9742=CARTESIAN_POINT('',(52.020457634,12.70493524,12.284075));
#9743=CARTESIAN_POINT('',(51.999189565,12.704834305,12.284075));
#9744=CARTESIAN_POINT('',(51.977921495,12.704733369,12.284075));
#9745=CARTESIAN_POINT('',(51.953951716,12.70904106,12.284075));
#9746=CARTESIAN_POINT('',(51.9332412,12.717664345,12.284075));
#9747=CARTESIAN_POINT('',(51.912530685,12.726287629,12.284075));
#9748=CARTESIAN_POINT('',(51.893417658,12.73902214,12.284075));
#9749=CARTESIAN_POINT('',(51.877723252,12.754723189,12.284075));
#9750=CARTESIAN_POINT('',(51.86987605,12.762573714,12.284075));
#9751=CARTESIAN_POINT('',(51.862544178,12.771481992,12.284075));
#9752=CARTESIAN_POINT('',(51.85630091,12.780895902,12.284075));
#9753=CARTESIAN_POINT('',(51.850057641,12.790309812,12.284075));
#9754=CARTESIAN_POINT('',(51.845036514,12.799763312,12.284075));
#9755=CARTESIAN_POINT('',(51.840621897,12.810417128,12.284075));
#9756=CARTESIAN_POINT('',(51.831792663,12.831724759,12.284075));
#9757=CARTESIAN_POINT('',(51.827976934,12.854379983,12.284075));
#9758=CARTESIAN_POINT('',(51.827886059,12.875753235,12.284075));
#9759=CARTESIAN_POINT('',(51.827795183,12.897126488,12.284075));
#9760=CARTESIAN_POINT('',(51.831361353,12.91974969,12.284075));
#9761=CARTESIAN_POINT('',(51.839967706,12.941158964,12.284075));
#9762=CARTESIAN_POINT('',(51.844270882,12.9518636,12.284075));
#9763=CARTESIAN_POINT('',(51.849413298,12.961726764,12.284075));
#9764=CARTESIAN_POINT('',(51.855741617,12.971280462,12.284075));
#9765=CARTESIAN_POINT('',(51.858905777,12.976057311,12.284075));
#9766=CARTESIAN_POINT('',(51.86233717,12.98068172,12.284075));
#9767=CARTESIAN_POINT('',(51.866014857,12.985111891,12.284075));
#9768=CARTESIAN_POINT('',(51.867853701,12.987326976,12.284075));
#9769=CARTESIAN_POINT('',(51.869753941,12.989493756,12.284075));
#9770=CARTESIAN_POINT('',(51.871711168,12.99160781,12.284075));
#9771=CARTESIAN_POINT('',(51.873668394,12.993721865,12.284075));
#9772=CARTESIAN_POINT('',(51.876326482,12.996408164,12.284075));
#9773=CARTESIAN_POINT('',(51.877749761,12.997789582,12.284075));
#9774=B_SPLINE_CURVE_WITH_KNOTS('',3,(#9737,#9738,#9739,#9740,#9741,#9742,#9743,#9744,#9745,#9746,#9747,#9748,#9749,#9750,#9751,#9752,#9753,#9754,#9755,#9756,#9757,#9758,#9759,#9760,#9761,#9762,
#9763,#9764,#9765,#9766,#9767,#9768,#9769,#9770,#9771,#9772,#9773),.UNSPECIFIED.,.F.,.F.,(4,3,3,3,3,3,3,3,3,3,3,3,4),(-0.000053873,-0.000006853,0.000040167,0.000087187,0.000134207,0.000157717,0.000181227,0.000228247,0.000275267,0.000298777,0.000310532,0.000316409,0.000322287),.UNSPECIFIED.);
#9775=EDGE_CURVE('',#9728,#9736,#9774,.T.);
#9776=ORIENTED_EDGE('',*,*,#9775,.T.);
#9777=CARTESIAN_POINT('',(51.877749313,12.997789148,12.284075));
#9778=DIRECTION('',(0.,0.,-1.));
#9779=VECTOR('',#9778,0.1397);
#9780=LINE('',#9777,#9779);
#9781=EDGE_CURVE('',#9736,#537,#9780,.T.);
#9782=ORIENTED_EDGE('',*,*,#9781,.T.);
#9783=ORIENTED_EDGE('',*,*,#552,.F.);
#9784=EDGE_LOOP('',(#9734,#9776,#9782,#9783));
#9785=FACE_BOUND('',#9784,.T.);
#9786=ADVANCED_FACE('',(#9785),#9726,.T.);
#9787=CARTESIAN_POINT('',(51.877749313,12.997789148,12.284075));
#9788=CARTESIAN_POINT('',(51.877749313,12.997789148,12.144375));
#9789=CARTESIAN_POINT('',(51.901296689,13.020643953,12.284075));
#9790=CARTESIAN_POINT('',(51.901296689,13.020643953,12.144375));
#9791=CARTESIAN_POINT('',(51.932462333,13.033802781,12.284075));
#9792=CARTESIAN_POINT('',(51.932462333,13.033802781,12.144375));
#9793=CARTESIAN_POINT('',(51.963627977,13.046961608,12.284075));
#9794=CARTESIAN_POINT('',(51.963627977,13.046961608,12.144375));
#9795=CARTESIAN_POINT('',(51.99825647,13.046961608,12.284075));
#9796=CARTESIAN_POINT('',(51.99825647,13.046961608,12.144375));
#9797=CARTESIAN_POINT('',(52.034270104,13.046961608,12.284075));
#9798=CARTESIAN_POINT('',(52.034270104,13.046961608,12.144375));
#9799=CARTESIAN_POINT('',(52.065435748,13.033802781,12.284075));
#9800=CARTESIAN_POINT('',(52.065435748,13.033802781,12.144375));
#9801=CARTESIAN_POINT('',(52.096601392,13.020643953,12.284075));
#9802=CARTESIAN_POINT('',(52.096601392,13.020643953,12.144375));
#9803=CARTESIAN_POINT('',(52.120148768,12.997789148,12.284075));
#9804=CARTESIAN_POINT('',(52.120148768,12.997789148,12.144375));
#9805=CARTESIAN_POINT('',(52.143696143,12.974934342,12.284075));
#9806=CARTESIAN_POINT('',(52.143696143,12.974934342,12.144375));
#9807=CARTESIAN_POINT('',(52.157547541,12.943768698,12.284075));
#9808=CARTESIAN_POINT('',(52.157547541,12.943768698,12.144375));
#9809=CARTESIAN_POINT('',(52.171398938,12.912603054,12.284075));
#9810=CARTESIAN_POINT('',(52.171398938,12.912603054,12.144375));
#9811=CARTESIAN_POINT('',(52.171398938,12.87658942,12.284075));
#9812=CARTESIAN_POINT('',(52.171398938,12.87658942,12.144375));
#9813=CARTESIAN_POINT('',(52.171398938,12.840575787,12.284075));
#9814=CARTESIAN_POINT('',(52.171398938,12.840575787,12.144375));
#9815=CARTESIAN_POINT('',(52.157547541,12.809410143,12.284075));
#9816=CARTESIAN_POINT('',(52.157547541,12.809410143,12.144375));
#9817=CARTESIAN_POINT('',(52.143696143,12.778244499,12.284075));
#9818=CARTESIAN_POINT('',(52.143696143,12.778244499,12.144375));
#9819=CARTESIAN_POINT('',(52.120148768,12.754697123,12.284075));
#9820=CARTESIAN_POINT('',(52.120148768,12.754697123,12.144375));
#9821=B_SPLINE_SURFACE_WITH_KNOTS('',2,1,((#9787,#9788),(#9789,#9790),(#9791,#9792),(#9793,#9794),(#9795,#9796),(#9797,#9798),(#9799,#9800),(#9801,#9802),(#9803,#9804),(#9805,#9806),(#9807,#9808),(#9809,#9810),(#9811,#9812),(#9813,#9814),(#9815,#9816),(#9817,#9818),(#9819,#9820)),.UNSPECIFIED.,.F.,.F.,.U.,(3,2,2,2,2,2,2,2,3),(2,2),(0.,0.06127451,0.12254902,0.18627451,0.25,0.31372549,0.37745098,0.441176471,0.504901961),(0.2,0.75),.UNSPECIFIED.);
#9822=ORIENTED_EDGE('',*,*,#9781,.F.);
#9823=CARTESIAN_POINT('',(51.877749313,12.997789148,12.284075));
#9824=CARTESIAN_POINT('',(51.879175057,12.999172958,12.284075));
#9825=CARTESIAN_POINT('',(51.881807205,13.00163458,12.284075));
#9826=CARTESIAN_POINT('',(51.883902454,13.003481291,12.284075));
#9827=CARTESIAN_POINT('',(51.885997704,13.005328002,12.284075));
#9828=CARTESIAN_POINT('',(51.888136338,13.007123013,12.284075));
#9829=CARTESIAN_POINT('',(51.890315271,13.008863706,12.284075));
#9830=CARTESIAN_POINT('',(51.894673138,13.012345092,12.284075));
#9831=CARTESIAN_POINT('',(51.899192441,13.015608443,12.284075));
#9832=CARTESIAN_POINT('',(51.903843559,13.01864072,12.284075));
#9833=CARTESIAN_POINT('',(51.913145794,13.024705274,12.284075));
#9834=CARTESIAN_POINT('',(51.922589081,13.029676148,12.284075));
#9835=CARTESIAN_POINT('',(51.933013949,13.034034542,12.284075));
#9836=CARTESIAN_POINT('',(51.953863686,13.042751329,12.284075));
#9837=CARTESIAN_POINT('',(51.977678258,13.047046218,12.284075));
#9838=CARTESIAN_POINT('',(51.999049873,13.046960009,12.284075));
#9839=CARTESIAN_POINT('',(52.020421488,13.046873801,12.284075));
#9840=CARTESIAN_POINT('',(52.043645943,13.042896594,12.284075));
#9841=CARTESIAN_POINT('',(52.064801655,13.034068938,12.284075));
#9842=CARTESIAN_POINT('',(52.085957368,13.025241281,12.284075));
#9843=CARTESIAN_POINT('',(52.103989158,13.013475606,12.284075));
#9844=CARTESIAN_POINT('',(52.120157016,12.997781141,12.284075));
#9845=CARTESIAN_POINT('',(52.128240946,12.989933909,12.284075));
#9846=CARTESIAN_POINT('',(52.135698406,12.981062162,12.284075));
#9847=CARTESIAN_POINT('',(52.142069413,12.971694773,12.284075));
#9848=CARTESIAN_POINT('',(52.14844042,12.962327384,12.284075));
#9849=CARTESIAN_POINT('',(52.153405936,12.953299062,12.284075));
#9850=CARTESIAN_POINT('',(52.15804712,12.942632717,12.284075));
#9851=CARTESIAN_POINT('',(52.167329488,12.921300027,12.284075));
#9852=CARTESIAN_POINT('',(52.171486459,12.897691628,12.284075));
#9853=CARTESIAN_POINT('',(52.171397388,12.875828123,12.284075));
#9854=CARTESIAN_POINT('',(52.171352853,12.86489637,12.284075));
#9855=CARTESIAN_POINT('',(52.170323531,12.853560375,12.284075));
#9856=CARTESIAN_POINT('',(52.16804396,12.842315397,12.284075));
#9857=CARTESIAN_POINT('',(52.165764388,12.831070419,12.284075));
#9858=CARTESIAN_POINT('',(52.161810986,12.818956096,12.284075));
#9859=CARTESIAN_POINT('',(52.157406016,12.809092477,12.284075));
#9860=CARTESIAN_POINT('',(52.153001045,12.799228859,12.284075));
#9861=CARTESIAN_POINT('',(52.147708197,12.789603153,12.284075));
#9862=CARTESIAN_POINT('',(52.141465599,12.780432661,12.284075));
#9863=CARTESIAN_POINT('',(52.1383443,12.775847415,12.284075));
#9864=CARTESIAN_POINT('',(52.134988862,12.771379378,12.284075));
#9865=CARTESIAN_POINT('',(52.13141168,12.767061787,12.284075));
#9866=CARTESIAN_POINT('',(52.129623088,12.764902992,12.284075));
#9867=CARTESIAN_POINT('',(52.127781438,12.762784872,12.284075));
#9868=CARTESIAN_POINT('',(52.125904207,12.760725048,12.284075));
#9869=CARTESIAN_POINT('',(52.124026975,12.758665224,12.284075));
#9870=CARTESIAN_POINT('',(52.121558065,12.75610642,12.284075));
#9871=CARTESIAN_POINT('',(52.120148768,12.754697123,12.284075));
#9872=B_SPLINE_CURVE_WITH_KNOTS('',3,(#9823,#9824,#9825,#9826,#9827,#9828,#9829,#9830,#9831,#9832,#9833,#9834,#9835,#9836,#9837,#9838,#9839,#9840,#9841,#9842,#9843,#9844,#9845,#9846,#9847,#9848,
#9849,#9850,#9851,#9852,#9853,#9854,#9855,#9856,#9857,#9858,#9859,#9860,#9861,#9862,#9863,#9864,#9865,#9866,#9867,#9868,#9869,#9870,#9871),.UNSPECIFIED.,.F.,.F.,(4,3,3,3,3,3,3,3,3,3,3,3,3,3,3,3,4),(-0.000126508,-0.000120589,-0.00011467,-0.000102832,-0.000079156,-0.000031803,0.000015549,0.000062902,0.000086578,0.000110254,0.000157607,0.000181283,0.00020496,0.000228636,0.000240474,0.000246393,0.000252312),.UNSPECIFIED.);
#9873=EDGE_CURVE('',#9736,#9728,#9872,.T.);
#9874=ORIENTED_EDGE('',*,*,#9873,.T.);
#9875=ORIENTED_EDGE('',*,*,#9733,.T.);
#9876=ORIENTED_EDGE('',*,*,#568,.F.);
#9877=EDGE_LOOP('',(#9822,#9874,#9875,#9876));
#9878=FACE_BOUND('',#9877,.T.);
#9879=ADVANCED_FACE('',(#9878),#9821,.T.);
#9880=CARTESIAN_POINT('',(51.9994395,-0.277821619,12.334875));
#9881=DIRECTION('',(0.,0.,1.));
#9882=DIRECTION('',(1.,0.,0.));
#9883=AXIS2_PLACEMENT_3D('',#9880,#9881,#9882);
#9884=PLANE('',#9883);
#9885=CARTESIAN_POINT('',(52.084227743,12.790618148,12.334875));
#9886=VERTEX_POINT('',#9885);
#9887=CARTESIAN_POINT('',(51.913130262,12.961336049,12.334875));
#9888=VERTEX_POINT('',#9887);
#9889=CARTESIAN_POINT('',(52.084227743,12.790618148,12.334875));
#9890=CARTESIAN_POINT('',(52.106776499,12.813166903,12.334875));
#9891=CARTESIAN_POINT('',(52.120468394,12.844220034,12.334875));
#9892=CARTESIAN_POINT('',(52.120598005,12.876034932,12.334875));
#9893=CARTESIAN_POINT('',(52.120727616,12.907849829,12.334875));
#9894=CARTESIAN_POINT('',(52.107409747,12.939357196,12.334875));
#9895=CARTESIAN_POINT('',(52.084773666,12.961330493,12.334875));
#9896=CARTESIAN_POINT('',(52.062137586,12.983303791,12.334875));
#9897=CARTESIAN_POINT('',(52.030524386,12.996032778,12.334875));
#9898=CARTESIAN_POINT('',(51.998845065,12.996160566,12.334875));
#9899=CARTESIAN_POINT('',(51.967165744,12.996288354,12.334875));
#9900=CARTESIAN_POINT('',(51.935942168,12.983477016,12.334875));
#9901=CARTESIAN_POINT('',(51.913130262,12.961336049,12.334875));
#9902=B_SPLINE_CURVE_WITH_KNOTS('',3,(#9889,#9890,#9891,#9892,#9893,#9894,#9895,#9896,#9897,#9898,#9899,#9900,#9901),.UNSPECIFIED.,.F.,.F.,(4,3,3,3,4),(-0.000126508,-0.000031803,0.000062902,0.000157607,0.000252312),.UNSPECIFIED.);
#9903=EDGE_CURVE('',#9886,#9888,#9902,.T.);
#9904=ORIENTED_EDGE('',*,*,#9903,.T.);
#9905=CARTESIAN_POINT('',(51.91312765,12.961338008,12.334875));
#9906=CARTESIAN_POINT('',(51.890355185,12.93923532,12.334875));
#9907=CARTESIAN_POINT('',(51.878550811,12.907648271,12.334875));
#9908=CARTESIAN_POINT('',(51.878685505,12.875969155,12.334875));
#9909=CARTESIAN_POINT('',(51.878820199,12.844290039,12.334875));
#9910=CARTESIAN_POINT('',(51.891418055,12.812879844,12.334875));
#9911=CARTESIAN_POINT('',(51.913651876,12.790636611,12.334875));
#9912=CARTESIAN_POINT('',(51.935885697,12.768393378,12.334875));
#9913=CARTESIAN_POINT('',(51.967431452,12.755483811,12.334875));
#9914=CARTESIAN_POINT('',(51.998948735,12.755633388,12.334875));
#9915=CARTESIAN_POINT('',(52.030466018,12.755782966,12.334875));
#9916=CARTESIAN_POINT('',(52.061679565,12.76816754,12.334874952));
#9917=CARTESIAN_POINT('',(52.084187026,12.790675001,12.334874952));
#9918=B_SPLINE_CURVE_WITH_KNOTS('',3,(#9905,#9906,#9907,#9908,#9909,#9910,#9911,#9912,#9913,#9914,#9915,#9916,#9917),.UNSPECIFIED.,.F.,.F.,(4,3,3,3,4),(-0.000053873,0.000040167,0.000134207,0.000228247,0.000322287),.UNSPECIFIED.);
#9919=EDGE_CURVE('',#9888,#9886,#9918,.T.);
#9920=ORIENTED_EDGE('',*,*,#9919,.T.);
#9921=EDGE_LOOP('',(#9904,#9920));
#9922=FACE_BOUND('',#9921,.T.);
#9923=ADVANCED_FACE('',(#9922),#9884,.T.);
#9924=CARTESIAN_POINT('',(52.120148768,13.436185876,12.284075));
#9925=CARTESIAN_POINT('',(52.120148768,13.436185876,12.144375));
#9926=CARTESIAN_POINT('',(52.096601392,13.4126385,12.284075));
#9927=CARTESIAN_POINT('',(52.096601392,13.4126385,12.144375));
#9928=CARTESIAN_POINT('',(52.065435748,13.398787103,12.284075));
#9929=CARTESIAN_POINT('',(52.065435748,13.398787103,12.144375));
#9930=CARTESIAN_POINT('',(52.034270104,13.384935705,12.284075));
#9931=CARTESIAN_POINT('',(52.034270104,13.384935705,12.144375));
#9932=CARTESIAN_POINT('',(51.99825647,13.384935705,12.284075));
#9933=CARTESIAN_POINT('',(51.99825647,13.384935705,12.144375));
#9934=CARTESIAN_POINT('',(51.963627977,13.384935705,12.284075));
#9935=CARTESIAN_POINT('',(51.963627977,13.384935705,12.144375));
#9936=CARTESIAN_POINT('',(51.932462333,13.398787103,12.284075));
#9937=CARTESIAN_POINT('',(51.932462333,13.398787103,12.144375));
#9938=CARTESIAN_POINT('',(51.901296689,13.4126385,12.284075));
#9939=CARTESIAN_POINT('',(51.901296689,13.4126385,12.144375));
#9940=CARTESIAN_POINT('',(51.877749313,13.436185876,12.284075));
#9941=CARTESIAN_POINT('',(51.877749313,13.436185876,12.144375));
#9942=CARTESIAN_POINT('',(51.854201937,13.459733251,12.284075));
#9943=CARTESIAN_POINT('',(51.854201937,13.459733251,12.144375));
#9944=CARTESIAN_POINT('',(51.84104311,13.490898895,12.284075));
#9945=CARTESIAN_POINT('',(51.84104311,13.490898895,12.144375));
#9946=CARTESIAN_POINT('',(51.827884282,13.52206454,12.284075));
#9947=CARTESIAN_POINT('',(51.827884282,13.52206454,12.144375));
#9948=CARTESIAN_POINT('',(51.827884282,13.558078173,12.284075));
#9949=CARTESIAN_POINT('',(51.827884282,13.558078173,12.144375));
#9950=CARTESIAN_POINT('',(51.827884282,13.594091806,12.284075));
#9951=CARTESIAN_POINT('',(51.827884282,13.594091806,12.144375));
#9952=CARTESIAN_POINT('',(51.84104311,13.62456488,12.284075));
#9953=CARTESIAN_POINT('',(51.84104311,13.62456488,12.144375));
#9954=CARTESIAN_POINT('',(51.854201937,13.655037955,12.284075));
#9955=CARTESIAN_POINT('',(51.854201937,13.655037955,12.144375));
#9956=CARTESIAN_POINT('',(51.877749313,13.67789276,12.284075));
#9957=CARTESIAN_POINT('',(51.877749313,13.67789276,12.144375));
#9958=B_SPLINE_SURFACE_WITH_KNOTS('',2,1,((#9924,#9925),(#9926,#9927),(#9928,#9929),(#9930,#9931),(#9932,#9933),(#9934,#9935),(#9936,#9937),(#9938,#9939),(#9940,#9941),(#9942,#9943),(#9944,#9945),(#9946,#9947),(#9948,#9949),(#9950,#9951),(#9952,#9953),(#9954,#9955),(#9956,#9957)),.UNSPECIFIED.,.F.,.F.,.U.,(3,2,2,2,2,2,2,2,3),(2,2),(0.504901961,0.568627451,0.632352941,0.693627451,0.754901961,0.816176471,0.87745098,0.93872549,1.),(0.2,0.75),.UNSPECIFIED.);
#9959=CARTESIAN_POINT('',(52.120148768,13.436185876,12.284075));
#9960=VERTEX_POINT('',#9959);
#9961=CARTESIAN_POINT('',(52.120148768,13.436185876,12.284075));
#9962=DIRECTION('',(0.,0.,-1.));
#9963=VECTOR('',#9962,0.1397);
#9964=LINE('',#9961,#9963);
#9965=EDGE_CURVE('',#9960,#497,#9964,.T.);
#9966=ORIENTED_EDGE('',*,*,#9965,.F.);
#9967=CARTESIAN_POINT('',(51.877749313,13.67789276,12.284075));
#9968=VERTEX_POINT('',#9967);
#9969=CARTESIAN_POINT('',(52.120148768,13.436185876,12.284075));
#9970=CARTESIAN_POINT('',(52.118757269,13.434794377,12.284075));
#9971=CARTESIAN_POINT('',(52.116234716,13.432359465,12.284075));
#9972=CARTESIAN_POINT('',(52.114209289,13.430511097,12.284075));
#9973=CARTESIAN_POINT('',(52.112183862,13.428662729,12.284075));
#9974=CARTESIAN_POINT('',(52.110113301,13.426858654,12.284075));
#9975=CARTESIAN_POINT('',(52.107999623,13.425101811,12.284075));
#9976=CARTESIAN_POINT('',(52.103772266,13.421588125,12.284075));
#9977=CARTESIAN_POINT('',(52.099372079,13.418263947,12.284075));
#9978=CARTESIAN_POINT('',(52.094820993,13.415147446,12.284075));
#9979=CARTESIAN_POINT('',(52.085718821,13.408914444,12.284075));
#9980=CARTESIAN_POINT('',(52.076026906,13.403554825,12.284075));
#9981=CARTESIAN_POINT('',(52.066316891,13.399181345,12.284075));
#9982=CARTESIAN_POINT('',(52.056606875,13.394807864,12.284075));
#9983=CARTESIAN_POINT('',(52.044758833,13.390835218,12.284075));
#9984=CARTESIAN_POINT('',(52.033375542,13.388464342,12.284075));
#9985=CARTESIAN_POINT('',(52.021992252,13.386093466,12.284075));
#9986=CARTESIAN_POINT('',(52.010774989,13.385040974,12.284075));
#9987=CARTESIAN_POINT('',(51.999936763,13.384943267,12.284075));
#9988=CARTESIAN_POINT('',(51.978260311,13.384747854,12.284075));
#9989=CARTESIAN_POINT('',(51.953831709,13.389374434,12.284075));
#9990=CARTESIAN_POINT('',(51.932970109,13.398562445,12.284075));
#9991=CARTESIAN_POINT('',(51.91210851,13.407750456,12.284075));
#9992=CARTESIAN_POINT('',(51.894491105,13.419688743,12.284075));
#9993=CARTESIAN_POINT('',(51.878722897,13.435219643,12.284075));
#9994=CARTESIAN_POINT('',(51.862954688,13.450750542,12.284075));
#9995=CARTESIAN_POINT('',(51.84983434,13.470217172,12.284075));
#9996=CARTESIAN_POINT('',(51.841216828,13.490488855,12.284075));
#9997=CARTESIAN_POINT('',(51.832599317,13.510760537,12.284075));
#9998=CARTESIAN_POINT('',(51.828143297,13.534464694,12.284075));
#9999=CARTESIAN_POINT('',(51.827897254,13.555821526,12.284075));
#10000=CARTESIAN_POINT('',(51.82765121,13.577178358,12.284075));
#10001=CARTESIAN_POINT('',(51.831073823,13.600299682,12.284075));
#10002=CARTESIAN_POINT('',(51.839914797,13.621882751,12.284075));
#10003=CARTESIAN_POINT('',(51.844335285,13.632674285,12.284075));
#10004=CARTESIAN_POINT('',(51.849399268,13.642142698,12.284075));
#10005=CARTESIAN_POINT('',(51.855790085,13.651650064,12.284075));
#10006=CARTESIAN_POINT('',(51.858985493,13.656403747,12.284075));
#10007=CARTESIAN_POINT('',(51.86248368,13.661053876,12.284075));
#10008=CARTESIAN_POINT('',(51.866164298,13.66544244,12.284075));
#10009=CARTESIAN_POINT('',(51.868004608,13.667636721,12.284075));
#10010=CARTESIAN_POINT('',(51.869893788,13.669772117,12.284075));
#10011=CARTESIAN_POINT('',(51.871826421,13.671847388,12.284075));
#10012=CARTESIAN_POINT('',(51.873759055,13.673922658,12.284075));
#10013=CARTESIAN_POINT('',(51.876338599,13.676523538,12.284075));
#10014=CARTESIAN_POINT('',(51.877749313,13.67789276,12.284075));
#10015=B_SPLINE_CURVE_WITH_KNOTS('',3,(#9969,#9970,#9971,#9972,#9973,#9974,#9975,#9976,#9977,#9978,#9979,#9980,#9981,#9982,#9983,#9984,#9985,#9986,#9987,#9988,#9989,#9990,#9991,#9992,#9993,#9994,
#9995,#9996,#9997,#9998,#9999,#10000,#10001,#10002,#10003,#10004,#10005,#10006,#10007,#10008,#10009,#10010,#10011,#10012,#10013,#10014),.UNSPECIFIED.,.F.,.F.,(4,3,3,3,3,3,3,3,3,3,3,3,3,3,3,4),(-0.00010956,-0.000103677,-0.000097794,-0.000086027,-0.000062494,-0.000038962,-0.000015429,0.000031637,0.000078703,0.000125768,0.000172834,0.0002199,0.000243433,0.000255199,0.000261082,0.000266966),.UNSPECIFIED.);
#10016=EDGE_CURVE('',#9960,#9968,#10015,.T.);
#10017=ORIENTED_EDGE('',*,*,#10016,.T.);
#10018=CARTESIAN_POINT('',(51.877749313,13.67789276,12.284075));
#10019=DIRECTION('',(0.,0.,-1.));
#10020=VECTOR('',#10019,0.1397);
#10021=LINE('',#10018,#10020);
#10022=EDGE_CURVE('',#9968,#499,#10021,.T.);
#10023=ORIENTED_EDGE('',*,*,#10022,.T.);
#10024=ORIENTED_EDGE('',*,*,#514,.F.);
#10025=EDGE_LOOP('',(#9966,#10017,#10023,#10024));
#10026=FACE_BOUND('',#10025,.T.);
#10027=ADVANCED_FACE('',(#10026),#9958,.T.);
#10028=CARTESIAN_POINT('',(51.877749313,13.67789276,12.284075));
#10029=CARTESIAN_POINT('',(51.877749313,13.67789276,12.144375));
#10030=CARTESIAN_POINT('',(51.901296689,13.700747566,12.284075));
#10031=CARTESIAN_POINT('',(51.901296689,13.700747566,12.144375));
#10032=CARTESIAN_POINT('',(51.932462333,13.713906394,12.284075));
#10033=CARTESIAN_POINT('',(51.932462333,13.713906394,12.144375));
#10034=CARTESIAN_POINT('',(51.963627977,13.727065221,12.284075));
#10035=CARTESIAN_POINT('',(51.963627977,13.727065221,12.144375));
#10036=CARTESIAN_POINT('',(51.99825647,13.727065221,12.284075));
#10037=CARTESIAN_POINT('',(51.99825647,13.727065221,12.144375));
#10038=CARTESIAN_POINT('',(52.034270104,13.727065221,12.284075));
#10039=CARTESIAN_POINT('',(52.034270104,13.727065221,12.144375));
#10040=CARTESIAN_POINT('',(52.065435748,13.713906394,12.284075));
#10041=CARTESIAN_POINT('',(52.065435748,13.713906394,12.144375));
#10042=CARTESIAN_POINT('',(52.096601392,13.700747566,12.284075));
#10043=CARTESIAN_POINT('',(52.096601392,13.700747566,12.144375));
#10044=CARTESIAN_POINT('',(52.120148768,13.67789276,12.284075));
#10045=CARTESIAN_POINT('',(52.120148768,13.67789276,12.144375));
#10046=CARTESIAN_POINT('',(52.143696143,13.655037955,12.284075));
#10047=CARTESIAN_POINT('',(52.143696143,13.655037955,12.144375));
#10048=CARTESIAN_POINT('',(52.157547541,13.62456488,12.284075));
#10049=CARTESIAN_POINT('',(52.157547541,13.62456488,12.144375));
#10050=CARTESIAN_POINT('',(52.171398938,13.594091806,12.284075));
#10051=CARTESIAN_POINT('',(52.171398938,13.594091806,12.144375));
#10052=CARTESIAN_POINT('',(52.171398938,13.558078173,12.284075));
#10053=CARTESIAN_POINT('',(52.171398938,13.558078173,12.144375));
#10054=CARTESIAN_POINT('',(52.171398938,13.52206454,12.284075));
#10055=CARTESIAN_POINT('',(52.171398938,13.52206454,12.144375));
#10056=CARTESIAN_POINT('',(52.157547541,13.490898895,12.284075));
#10057=CARTESIAN_POINT('',(52.157547541,13.490898895,12.144375));
#10058=CARTESIAN_POINT('',(52.143696217,13.459733418,12.284075));
#10059=CARTESIAN_POINT('',(52.143696217,13.459733418,12.144375));
#10060=CARTESIAN_POINT('',(52.12014902,13.436186128,12.284075));
#10061=CARTESIAN_POINT('',(52.12014902,13.436186128,12.144375));
#10062=B_SPLINE_SURFACE_WITH_KNOTS('',2,1,((#10028,#10029),(#10030,#10031),(#10032,#10033),(#10034,#10035),(#10036,#10037),(#10038,#10039),(#10040,#10041),(#10042,#10043),(#10044,#10045),(#10046,#10047),(#10048,#10049),(#10050,#10051),(#10052,#10053),(#10054,#10055),(#10056,#10057),(#10058,#10059),(#10060,#10061)),.UNSPECIFIED.,.F.,.F.,.U.,(3,2,2,2,2,2,2,2,3),(2,2),(0.,0.06127451,0.12254902,0.18627451,0.25,0.31372549,0.37745098,0.441176471,0.504901619),(0.2,0.75),.UNSPECIFIED.);
#10063=ORIENTED_EDGE('',*,*,#10022,.F.);
#10064=CARTESIAN_POINT('',(51.877744694,13.677888277,12.284075));
#10065=CARTESIAN_POINT('',(51.879178563,13.679279974,12.284075));
#10066=CARTESIAN_POINT('',(51.881831836,13.681761051,12.284075));
#10067=CARTESIAN_POINT('',(51.883942738,13.683620398,12.284075));
#10068=CARTESIAN_POINT('',(51.88605364,13.685479746,12.284075));
#10069=CARTESIAN_POINT('',(51.888206594,13.687284915,12.284075));
#10070=CARTESIAN_POINT('',(51.890398223,13.689033546,12.284075));
#10071=CARTESIAN_POINT('',(51.894781482,13.692530807,12.284075));
#10072=CARTESIAN_POINT('',(51.899319686,13.695801168,12.284075));
#10073=CARTESIAN_POINT('',(51.903981416,13.698834115,12.284075));
#10074=CARTESIAN_POINT('',(51.913304875,13.70490001,12.284075));
#10075=CARTESIAN_POINT('',(51.922718803,13.709846697,12.284075));
#10076=CARTESIAN_POINT('',(51.933177137,13.71420628,12.284075));
#10077=CARTESIAN_POINT('',(51.954093805,13.722925445,12.284075));
#10078=CARTESIAN_POINT('',(51.977870319,13.72717064,12.284075));
#10079=CARTESIAN_POINT('',(51.999248826,13.727062719,12.284075));
#10080=CARTESIAN_POINT('',(52.020627334,13.726954797,12.284075));
#10081=CARTESIAN_POINT('',(52.043849559,13.722943375,12.284075));
#10082=CARTESIAN_POINT('',(52.064973184,13.714100862,12.284075));
#10083=CARTESIAN_POINT('',(52.075534997,13.709679606,12.284075));
#10084=CARTESIAN_POINT('',(52.084643171,13.704880681,12.284075));
#10085=CARTESIAN_POINT('',(52.094061686,13.698739662,12.284075));
#10086=CARTESIAN_POINT('',(52.1034802,13.692598643,12.284075));
#10087=CARTESIAN_POINT('',(52.112377632,13.685456815,12.284075));
#10088=CARTESIAN_POINT('',(52.120326334,13.677720175,12.284075));
#10089=CARTESIAN_POINT('',(52.128275036,13.669983534,12.284075));
#10090=CARTESIAN_POINT('',(52.135634703,13.661317164,12.284075));
#10091=CARTESIAN_POINT('',(52.142045267,13.652021715,12.284075));
#10092=CARTESIAN_POINT('',(52.148455831,13.642726265,12.284075));
#10093=CARTESIAN_POINT('',(52.153441997,13.633904509,12.284075));
#10094=CARTESIAN_POINT('',(52.158253325,13.622988165,12.284075));
#10095=CARTESIAN_POINT('',(52.167875979,13.601155477,12.284075));
#10096=CARTESIAN_POINT('',(52.171696517,13.577328355,12.284075));
#10097=CARTESIAN_POINT('',(52.171379588,13.555392829,12.284075));
#10098=CARTESIAN_POINT('',(52.171221123,13.544425067,12.284075));
#10099=CARTESIAN_POINT('',(52.17005187,13.533038874,12.284075));
#10100=CARTESIAN_POINT('',(52.16762333,13.52179481,12.284075));
#10101=CARTESIAN_POINT('',(52.165194791,13.510550745,12.284075));
#10102=CARTESIAN_POINT('',(52.161120421,13.498661902,12.284075));
#10103=CARTESIAN_POINT('',(52.156623555,13.48885193,12.284075));
#10104=CARTESIAN_POINT('',(52.152126689,13.479041958,12.284075));
#10105=CARTESIAN_POINT('',(52.146806387,13.469630363,12.284075));
#10106=CARTESIAN_POINT('',(52.140693238,13.460796076,12.284075));
#10107=CARTESIAN_POINT('',(52.137636663,13.456378932,12.284075));
#10108=CARTESIAN_POINT('',(52.134384152,13.452106654,12.284075));
#10109=CARTESIAN_POINT('',(52.130953245,13.447999486,12.284075));
#10110=CARTESIAN_POINT('',(52.129237791,13.445945902,12.284075));
#10111=CARTESIAN_POINT('',(52.127477672,13.443933285,12.284075));
#10112=CARTESIAN_POINT('',(52.125675948,13.441963816,12.284075));
#10113=CARTESIAN_POINT('',(52.123874224,13.439994347,12.284075));
#10114=CARTESIAN_POINT('',(52.121502718,13.437539826,12.284075));
#10115=CARTESIAN_POINT('',(52.120148263,13.436185371,12.284075));
#10116=B_SPLINE_CURVE_WITH_KNOTS('',3,(#10064,#10065,#10066,#10067,#10068,#10069,#10070,#10071,#10072,#10073,#10074,#10075,#10076,#10077,#10078,#10079,#10080,#10081,#10082,#10083,#10084,#10085,#10086,#10087,#10088,#10089,
#10090,#10091,#10092,#10093,#10094,#10095,#10096,#10097,#10098,#10099,#10100,#10101,#10102,#10103,#10104,#10105,#10106,#10107,#10108,#10109,#10110,#10111,#10112,#10113,#10114,
#10115),.UNSPECIFIED.,.F.,.F.,(4,3,3,3,3,3,3,3,3,3,3,3,3,3,3,3,3,4),(-0.000050189,-0.000044281,-0.000038374,-0.000026559,-0.00000293,0.000044329,0.000091587,0.000115217,0.000138846,0.000162475,0.000186105,0.000233363,0.000256993,0.000280622,0.000304251,0.000316066,0.000321973,0.000327881),.UNSPECIFIED.);
#10117=EDGE_CURVE('',#9968,#9960,#10116,.T.);
#10118=ORIENTED_EDGE('',*,*,#10117,.T.);
#10119=ORIENTED_EDGE('',*,*,#9965,.T.);
#10120=ORIENTED_EDGE('',*,*,#530,.F.);
#10121=EDGE_LOOP('',(#10063,#10118,#10119,#10120));
#10122=FACE_BOUND('',#10121,.T.);
#10123=ADVANCED_FACE('',(#10122),#10062,.T.);
#10124=CARTESIAN_POINT('',(51.9994395,-0.277821619,12.334875));
#10125=DIRECTION('',(0.,0.,1.));
#10126=DIRECTION('',(1.,0.,0.));
#10127=AXIS2_PLACEMENT_3D('',#10124,#10125,#10126);
#10128=PLANE('',#10127);
#10129=CARTESIAN_POINT('',(52.084227743,13.4721069,12.334875));
#10130=VERTEX_POINT('',#10129);
#10131=CARTESIAN_POINT('',(51.913130262,13.641439661,12.334875));
#10132=VERTEX_POINT('',#10131);
#10133=CARTESIAN_POINT('',(52.084229913,13.472105036,12.334875));
#10134=CARTESIAN_POINT('',(52.105900829,13.493775952,12.334875));
#10135=CARTESIAN_POINT('',(52.120125397,13.524332724,12.334875));
#10136=CARTESIAN_POINT('',(52.120585118,13.556124937,12.334875));
#10137=CARTESIAN_POINT('',(52.121044839,13.58791715,12.334875));
#10138=CARTESIAN_POINT('',(52.10752065,13.61929291,12.334875));
#10139=CARTESIAN_POINT('',(52.08489647,13.641314623,12.334875));
#10140=CARTESIAN_POINT('',(52.06227229,13.663336335,12.334875));
#10141=CARTESIAN_POINT('',(52.030673954,13.676102543,12.334875));
#10142=CARTESIAN_POINT('',(51.998997279,13.676263494,12.334875));
#10143=CARTESIAN_POINT('',(51.967320603,13.676424444,12.334875));
#10144=CARTESIAN_POINT('',(51.936086246,13.663691526,12.334874996));
#10145=CARTESIAN_POINT('',(51.913144726,13.641424756,12.334874996));
#10146=B_SPLINE_CURVE_WITH_KNOTS('',3,(#10133,#10134,#10135,#10136,#10137,#10138,#10139,#10140,#10141,#10142,#10143,#10144,#10145),.UNSPECIFIED.,.F.,.F.,(4,3,3,3,4),(-0.000050189,0.000044327,0.000138843,0.000233359,0.000327874),.UNSPECIFIED.);
#10147=EDGE_CURVE('',#10130,#10132,#10146,.T.);
#10148=ORIENTED_EDGE('',*,*,#10147,.T.);
#10149=CARTESIAN_POINT('',(51.913130262,13.641439661,12.334875));
#10150=CARTESIAN_POINT('',(51.890558835,13.6195321,12.334875));
#10151=CARTESIAN_POINT('',(51.878329886,13.587974246,12.334875));
#10152=CARTESIAN_POINT('',(51.878693565,13.556406496,12.334875));
#10153=CARTESIAN_POINT('',(51.879057245,13.524838746,12.334875));
#10154=CARTESIAN_POINT('',(51.89174812,13.493802201,12.33487494));
#10155=CARTESIAN_POINT('',(51.914417733,13.47147376,12.33487494));
#10156=CARTESIAN_POINT('',(51.937087345,13.449145319,12.33487494));
#10157=CARTESIAN_POINT('',(51.967996268,13.435457369,12.334875));
#10158=CARTESIAN_POINT('',(51.999478833,13.435741184,12.334875));
#10159=CARTESIAN_POINT('',(52.030961397,13.436025,12.334875));
#10160=CARTESIAN_POINT('',(52.061963762,13.449842919,12.334875));
#10161=CARTESIAN_POINT('',(52.084227743,13.4721069,12.334875));
#10162=B_SPLINE_CURVE_WITH_KNOTS('',3,(#10149,#10150,#10151,#10152,#10153,#10154,#10155,#10156,#10157,#10158,#10159,#10160,#10161),.UNSPECIFIED.,.F.,.F.,(4,3,3,3,4),(-0.00010956,-0.000015429,0.000078703,0.000172834,0.000266966),.UNSPECIFIED.);
#10163=EDGE_CURVE('',#10132,#10130,#10162,.T.);
#10164=ORIENTED_EDGE('',*,*,#10163,.T.);
#10165=EDGE_LOOP('',(#10148,#10164));
#10166=FACE_BOUND('',#10165,.T.);
#10167=ADVANCED_FACE('',(#10166),#10128,.T.);
#10168=CARTESIAN_POINT('',(51.913130262,12.961336049,12.334875));
#10169=CARTESIAN_POINT('',(51.903867551,12.970879448,12.334875));
#10170=CARTESIAN_POINT('',(51.894661879,12.98036408,12.329400127));
#10171=CARTESIAN_POINT('',(51.881562427,12.993860484,12.310591922));
#10172=CARTESIAN_POINT('',(51.877749313,12.997789148,12.297374409));
#10173=CARTESIAN_POINT('',(51.877749313,12.997789148,12.284075));
#10174=CARTESIAN_POINT('',(51.913801999,12.961988028,12.334875));
#10175=CARTESIAN_POINT('',(51.904539288,12.971531427,12.334875));
#10176=CARTESIAN_POINT('',(51.895333615,12.98101606,12.329400127));
#10177=CARTESIAN_POINT('',(51.882234164,12.994512464,12.310591922));
#10178=CARTESIAN_POINT('',(51.87842105,12.998441127,12.297374409));
#10179=CARTESIAN_POINT('',(51.87842105,12.998441127,12.284075));
#10180=CARTESIAN_POINT('',(51.914479986,12.9626314,12.334875));
#10181=CARTESIAN_POINT('',(51.905361453,12.972313171,12.334875));
#10182=CARTESIAN_POINT('',(51.896299069,12.981935322,12.329400126));
#10183=CARTESIAN_POINT('',(51.883403515,12.995627413,12.310591922));
#10184=CARTESIAN_POINT('',(51.879649753,12.999613039,12.297374409));
#10185=CARTESIAN_POINT('',(51.879649753,12.999613039,12.284075));
#10186=CARTESIAN_POINT('',(51.915848467,12.963900924,12.334875));
#10187=CARTESIAN_POINT('',(51.906877058,12.97371918,12.334875));
#10188=CARTESIAN_POINT('',(51.897960893,12.983476977,12.329400126));
#10189=CARTESIAN_POINT('',(51.885273405,12.997362088,12.310591922));
#10190=CARTESIAN_POINT('',(51.881580209,13.0014039,12.297374409));
#10191=CARTESIAN_POINT('',(51.881580209,13.0014039,12.284075));
#10192=CARTESIAN_POINT('',(51.916538956,12.964527081,12.334875));
#10193=CARTESIAN_POINT('',(51.907642072,12.974412922,12.334874998));
#10194=CARTESIAN_POINT('',(51.898799974,12.984237887,12.329400124));
#10195=CARTESIAN_POINT('',(51.88621788,12.998218577,12.31059192));
#10196=CARTESIAN_POINT('',(51.882555364,13.00228821,12.297374408));
#10197=CARTESIAN_POINT('',(51.882555363,13.00228821,12.284075));
#10198=CARTESIAN_POINT('',(51.918629177,12.966379729,12.334875));
#10199=CARTESIAN_POINT('',(51.909958544,12.976466105,12.334874998));
#10200=CARTESIAN_POINT('',(51.901341304,12.986490371,12.329400124));
#10201=CARTESIAN_POINT('',(51.889079177,13.000754659,12.31059192));
#10202=CARTESIAN_POINT('',(51.8855098,13.004906846,12.297374408));
#10203=CARTESIAN_POINT('',(51.885509799,13.004906846,12.284075));
#10204=CARTESIAN_POINT('',(51.920047637,12.967580432,12.334875));
#10205=CARTESIAN_POINT('',(51.911531417,12.977797528,12.33487499));
#10206=CARTESIAN_POINT('',(51.903067642,12.987951705,12.329400112));
#10207=CARTESIAN_POINT('',(51.891023893,13.002400854,12.31059191));
#10208=CARTESIAN_POINT('',(51.887518083,13.00660685,12.297374402));
#10209=CARTESIAN_POINT('',(51.887518083,13.00660685,12.284075));
#10210=CARTESIAN_POINT('',(51.924377824,12.971079529,12.334875));
#10211=CARTESIAN_POINT('',(51.916333635,12.981678058,12.33487499));
#10212=CARTESIAN_POINT('',(51.908338983,12.99221132,12.329400112));
#10213=CARTESIAN_POINT('',(51.896962785,13.007199898,12.31059191));
#10214=CARTESIAN_POINT('',(51.893651293,13.011562916,12.297374402));
#10215=CARTESIAN_POINT('',(51.893651293,13.011562916,12.284075));
#10216=CARTESIAN_POINT('',(51.927364301,12.973274994,12.334875));
#10217=CARTESIAN_POINT('',(51.91964658,12.984113355,12.334874968));
#10218=CARTESIAN_POINT('',(51.911976391,12.994884964,12.32940008));
#10219=CARTESIAN_POINT('',(51.901061899,13.010212702,12.310591882));
#10220=CARTESIAN_POINT('',(51.897884805,13.014674446,12.297374388));
#10221=CARTESIAN_POINT('',(51.897884805,13.014674446,12.284075));
#10222=CARTESIAN_POINT('',(51.936618948,12.979454876,12.334875));
#10223=CARTESIAN_POINT('',(51.929897775,12.990958692,12.334874968));
#10224=CARTESIAN_POINT('',(51.923217998,13.002391658,12.32940008));
#10225=CARTESIAN_POINT('',(51.913712839,13.018660493,12.310591882));
#10226=CARTESIAN_POINT('',(51.910945989,13.023396181,12.297374388));
#10227=CARTESIAN_POINT('',(51.910945992,13.023396182,12.284075));
#10228=CARTESIAN_POINT('',(51.943245444,12.983057867,12.334875));
#10229=CARTESIAN_POINT('',(51.937215941,12.994933493,12.334874981));
#10230=CARTESIAN_POINT('',(51.931223569,13.006735983,12.329400099));
#10231=CARTESIAN_POINT('',(51.922696566,13.02353064,12.310591898));
#10232=CARTESIAN_POINT('',(51.920214442,13.028419388,12.297374397));
#10233=CARTESIAN_POINT('',(51.920214439,13.028419386,12.284075));
#10234=CARTESIAN_POINT('',(51.96377168,12.992128065,12.334875));
#10235=CARTESIAN_POINT('',(51.959704623,13.004870862,12.33487498));
#10236=CARTESIAN_POINT('',(51.955662613,13.017535184,12.329400098));
#10237=CARTESIAN_POINT('',(51.949910929,13.035556208,12.310591898));
#10238=CARTESIAN_POINT('',(51.948236673,13.040801939,12.297374396));
#10239=CARTESIAN_POINT('',(51.948236672,13.040801939,12.284075));
#10240=CARTESIAN_POINT('',(51.97837132,12.995498279,12.334875));
#10241=CARTESIAN_POINT('',(51.976289852,13.008728052,12.334875));
#10242=CARTESIAN_POINT('',(51.974221202,13.021876358,12.329400126));
#10243=CARTESIAN_POINT('',(51.971277562,13.040586083,12.310591922));
#10244=CARTESIAN_POINT('',(51.970420699,13.046032289,12.297374409));
#10245=CARTESIAN_POINT('',(51.970420699,13.046032289,12.284075));
#10246=CARTESIAN_POINT('',(52.000841156,12.996354107,12.334875));
#10247=CARTESIAN_POINT('',(52.001122622,13.009673879,12.334875));
#10248=CARTESIAN_POINT('',(52.001402355,13.02291163,12.329400126));
#10249=CARTESIAN_POINT('',(52.001800407,13.041748632,12.310591922));
#10250=CARTESIAN_POINT('',(52.001916277,13.047231888,12.297374409));
#10251=CARTESIAN_POINT('',(52.001916277,13.047231888,12.284075));
#10252=CARTESIAN_POINT('',(52.008278347,12.996025908,12.334875));
#10253=CARTESIAN_POINT('',(52.009211958,13.009315944,12.334874575));
#10254=CARTESIAN_POINT('',(52.010139806,13.022523975,12.329399512));
#10255=CARTESIAN_POINT('',(52.011460101,13.041318626,12.310591389));
#10256=CARTESIAN_POINT('',(52.01184442,13.046789522,12.297374138));
#10257=CARTESIAN_POINT('',(52.011844413,13.046789524,12.284075));
#10258=CARTESIAN_POINT('',(52.023043528,12.994099648,12.334875));
#10259=CARTESIAN_POINT('',(52.025550302,13.007184451,12.334874577));
#10260=CARTESIAN_POINT('',(52.028041626,13.020188513,12.329399515));
#10261=CARTESIAN_POINT('',(52.031586745,13.038692915,12.310591392));
#10262=CARTESIAN_POINT('',(52.032618711,13.044079318,12.29737414));
#10263=CARTESIAN_POINT('',(52.032618755,13.044079311,12.284075));
#10264=CARTESIAN_POINT('',(52.030450762,12.992438343,12.334875));
#10265=CARTESIAN_POINT('',(52.033819943,13.00533435,12.334874981));
#10266=CARTESIAN_POINT('',(52.037168374,13.018150939,12.329400099));
#10267=CARTESIAN_POINT('',(52.041933106,13.036388634,12.310591898));
#10268=CARTESIAN_POINT('',(52.043320069,13.041697438,12.297374397));
#10269=CARTESIAN_POINT('',(52.043320065,13.041697439,12.284075));
#10270=CARTESIAN_POINT('',(52.044639163,12.987704272,12.334875));
#10271=CARTESIAN_POINT('',(52.049688629,13.000039639,12.334874981));
#10272=CARTESIAN_POINT('',(52.054706998,13.012299039,12.329400099));
#10273=CARTESIAN_POINT('',(52.061848015,13.029743869,12.310591898));
#10274=CARTESIAN_POINT('',(52.06392669,13.034821877,12.297374397));
#10275=CARTESIAN_POINT('',(52.063926689,13.034821877,12.284075));
#10276=CARTESIAN_POINT('',(52.051423,12.984657028,12.334875));
#10277=CARTESIAN_POINT('',(52.057134315,12.996692136,12.33487498));
#10278=CARTESIAN_POINT('',(52.062810457,13.008653128,12.329400097));
#10279=CARTESIAN_POINT('',(52.07088747,13.025673329,12.310591897));
#10280=CARTESIAN_POINT('',(52.073238604,13.030627731,12.297374396));
#10281=CARTESIAN_POINT('',(52.073238604,13.030627731,12.284075));
#10282=CARTESIAN_POINT('',(52.064504931,12.977497955,12.334875));
#10283=CARTESIAN_POINT('',(52.071562746,12.988796193,12.33487498));
#10284=CARTESIAN_POINT('',(52.078577097,13.00002485,12.329400098));
#10285=CARTESIAN_POINT('',(52.088558351,13.016002958,12.310591897));
#10286=CARTESIAN_POINT('',(52.091463791,13.020654017,12.297374396));
#10287=CARTESIAN_POINT('',(52.091463793,13.020654016,12.284075));
#10288=CARTESIAN_POINT('',(52.070817656,12.973282976,12.334875));
#10289=CARTESIAN_POINT('',(52.078567324,12.984121643,12.334875));
#10290=CARTESIAN_POINT('',(52.086269271,12.994893567,12.329400126));
#10291=CARTESIAN_POINT('',(52.097228957,13.010221758,12.310591922));
#10292=CARTESIAN_POINT('',(52.100419207,13.014683635,12.297374409));
#10293=CARTESIAN_POINT('',(52.100419207,13.014683635,12.284075));
#10294=CARTESIAN_POINT('',(52.088177813,12.959194917,12.334875));
#10295=CARTESIAN_POINT('',(52.097819651,12.968498057,12.334875));
#10296=CARTESIAN_POINT('',(52.107402116,12.977743909,12.329400126));
#10297=CARTESIAN_POINT('',(52.121037735,12.990900535,12.310591922));
#10298=CARTESIAN_POINT('',(52.125006922,12.994730293,12.297374409));
#10299=CARTESIAN_POINT('',(52.125006922,12.994730293,12.284075));
#10300=CARTESIAN_POINT('',(52.098030693,12.947545266,12.334875));
#10301=CARTESIAN_POINT('',(52.108830043,12.955464279,12.334874954));
#10302=CARTESIAN_POINT('',(52.119562876,12.96333452,12.329400061));
#10303=CARTESIAN_POINT('',(52.134835433,12.974533685,12.310591865));
#10304=CARTESIAN_POINT('',(52.13928111,12.977793647,12.29737438));
#10305=CARTESIAN_POINT('',(52.139281107,12.977793653,12.284075));
#10306=CARTESIAN_POINT('',(52.109033471,12.928115087,12.334875));
#10307=CARTESIAN_POINT('',(52.120992878,12.933985516,12.334874954));
#10308=CARTESIAN_POINT('',(52.132878625,12.939819787,12.32940006));
#10309=CARTESIAN_POINT('',(52.149791752,12.948121812,12.310591865));
#10310=CARTESIAN_POINT('',(52.154714985,12.950538443,12.29737438));
#10311=CARTESIAN_POINT('',(52.154714986,12.950538443,12.284075));
#10312=CARTESIAN_POINT('',(52.112179745,12.921369278,12.334875));
#10313=CARTESIAN_POINT('',(52.124462249,12.926555111,12.334874992));
#10314=CARTESIAN_POINT('',(52.136669117,12.931709008,12.329400115));
#10315=CARTESIAN_POINT('',(52.154039197,12.93904288,12.310591912));
#10316=CARTESIAN_POINT('',(52.159095446,12.941177694,12.297374404));
#10317=CARTESIAN_POINT('',(52.159095447,12.941177693,12.284075));
#10318=CARTESIAN_POINT('',(52.117040479,12.90713862,12.334875));
#10319=CARTESIAN_POINT('',(52.129928948,12.910550383,12.334874992));
#10320=CARTESIAN_POINT('',(52.14273805,12.913941135,12.329400116));
#10321=CARTESIAN_POINT('',(52.160965094,12.918766092,12.310591913));
#10322=CARTESIAN_POINT('',(52.166270797,12.920170586,12.297374404));
#10323=CARTESIAN_POINT('',(52.166270798,12.920170585,12.284075));
#10324=CARTESIAN_POINT('',(52.11869485,12.899799987,12.334875));
#10325=CARTESIAN_POINT('',(52.131783122,12.902303252,12.334874357));
#10326=CARTESIAN_POINT('',(52.144790546,12.90479107,12.329399196));
#10327=CARTESIAN_POINT('',(52.163299703,12.908331193,12.310591116));
#10328=CARTESIAN_POINT('',(52.168687474,12.9093617,12.297374));
#10329=CARTESIAN_POINT('',(52.168687469,12.909361741,12.284075));
#10330=CARTESIAN_POINT('',(52.121494298,12.877680233,12.334875));
#10331=CARTESIAN_POINT('',(52.13489914,12.877682125,12.334874357));
#10332=CARTESIAN_POINT('',(52.148221186,12.877683973,12.329399196));
#10333=CARTESIAN_POINT('',(52.167178052,12.877686535,12.310591116));
#10334=CARTESIAN_POINT('',(52.172696154,12.877687234,12.297374));
#10335=CARTESIAN_POINT('',(52.172696165,12.877687153,12.284075));
#10336=CARTESIAN_POINT('',(52.120812717,12.862396103,12.334875));
#10337=CARTESIAN_POINT('',(52.134160228,12.860979838,12.334874717));
#10338=CARTESIAN_POINT('',(52.147425438,12.859572319,12.329399717));
#10339=CARTESIAN_POINT('',(52.16630148,12.857569479,12.310591567));
#10340=CARTESIAN_POINT('',(52.171796082,12.856986492,12.297374229));
#10341=CARTESIAN_POINT('',(52.17179609,12.85698652,12.284075));
#10342=CARTESIAN_POINT('',(52.115490212,12.840769163,12.334875));
#10343=CARTESIAN_POINT('',(52.128187325,12.836710133,12.334874719));
#10344=CARTESIAN_POINT('',(52.140806142,12.832676121,12.32939972));
#10345=CARTESIAN_POINT('',(52.158762372,12.826935808,12.31059157));
#10346=CARTESIAN_POINT('',(52.163989219,12.825264853,12.29737423));
#10347=CARTESIAN_POINT('',(52.163989211,12.825264825,12.284075));
#10348=CARTESIAN_POINT('',(52.112890401,12.833664919,12.334875));
#10349=CARTESIAN_POINT('',(52.125212277,12.828610185,12.334875));
#10350=CARTESIAN_POINT('',(52.137458278,12.823586578,12.329400127));
#10351=CARTESIAN_POINT('',(52.154884042,12.816438105,12.310591922));
#10352=CARTESIAN_POINT('',(52.159956501,12.814357259,12.297374409));
#10353=CARTESIAN_POINT('',(52.159956501,12.814357259,12.284075));
#10354=CARTESIAN_POINT('',(52.106465175,12.82011042,12.334875));
#10355=CARTESIAN_POINT('',(52.11817845,12.813771795,12.334875));
#10356=CARTESIAN_POINT('',(52.129819596,12.807472202,12.329400126));
#10357=CARTESIAN_POINT('',(52.146384667,12.798508033,12.310591922));
#10358=CARTESIAN_POINT('',(52.151206588,12.795898656,12.297374409));
#10359=CARTESIAN_POINT('',(52.151206588,12.795898656,12.284075));
#10360=CARTESIAN_POINT('',(52.102733679,12.813642747,12.334875));
#10361=CARTESIAN_POINT('',(52.114068553,12.806642307,12.334874965));
#10362=CARTESIAN_POINT('',(52.125333617,12.799684981,12.329400075));
#10363=CARTESIAN_POINT('',(52.141363529,12.789784876,12.310591878));
#10364=CARTESIAN_POINT('',(52.146029667,12.786903059,12.297374386));
#10365=CARTESIAN_POINT('',(52.146029667,12.786903059,12.284075));
#10366=CARTESIAN_POINT('',(52.096281903,12.804451071,12.334875));
#10367=CARTESIAN_POINT('',(52.106942691,12.796490277,12.334874965));
#10368=CARTESIAN_POINT('',(52.117537819,12.788578511,12.329400076));
#10369=CARTESIAN_POINT('',(52.132614427,12.777320259,12.310591878));
#10370=CARTESIAN_POINT('',(52.137003068,12.774043099,12.297374386));
#10371=CARTESIAN_POINT('',(52.137003066,12.774043096,12.284075));
#10372=CARTESIAN_POINT('',(52.093981782,12.801463876,12.334875));
#10373=CARTESIAN_POINT('',(52.104399878,12.793187786,12.334875));
#10374=CARTESIAN_POINT('',(52.114753821,12.784962658,12.329400126));
#10375=CARTESIAN_POINT('',(52.129487233,12.7732585,12.310591922));
#10376=CARTESIAN_POINT('',(52.133775976,12.76985154,12.297374409));
#10377=CARTESIAN_POINT('',(52.133775976,12.76985154,12.284075));
#10378=CARTESIAN_POINT('',(52.090335986,12.797144335,12.334875));
#10379=CARTESIAN_POINT('',(52.100371815,12.788415336,12.334875));
#10380=CARTESIAN_POINT('',(52.110345846,12.779740088,12.329400126));
#10381=CARTESIAN_POINT('',(52.124538652,12.76739542,12.310591922));
#10382=CARTESIAN_POINT('',(52.128670031,12.763802015,12.297374409));
#10383=CARTESIAN_POINT('',(52.128670031,12.763802015,12.284075));
#10384=CARTESIAN_POINT('',(52.089090824,12.795734161,12.334875));
#10385=CARTESIAN_POINT('',(52.098996512,12.78685781,12.334874999));
#10386=CARTESIAN_POINT('',(52.108841202,12.778036118,12.329400125));
#10387=CARTESIAN_POINT('',(52.12284996,12.765483061,12.310591921));
#10388=CARTESIAN_POINT('',(52.126927764,12.761828997,12.297374408));
#10389=CARTESIAN_POINT('',(52.126927764,12.761828997,12.284075));
#10390=CARTESIAN_POINT('',(52.086639775,12.793078257,12.334875));
#10391=CARTESIAN_POINT('',(52.096291187,12.783926378,12.334874999));
#10392=CARTESIAN_POINT('',(52.105883168,12.774830855,12.329400125));
#10393=CARTESIAN_POINT('',(52.119532325,12.761888145,12.310591921));
#10394=CARTESIAN_POINT('',(52.123505454,12.758120656,12.297374408));
#10395=CARTESIAN_POINT('',(52.123505454,12.758120656,12.284075));
#10396=CARTESIAN_POINT('',(52.085434744,12.791831675,12.334875));
#10397=CARTESIAN_POINT('',(52.094874688,12.782464081,12.334875));
#10398=CARTESIAN_POINT('',(52.104256503,12.773154172,12.329400126));
#10399=CARTESIAN_POINT('',(52.1176066,12.759906393,12.310591922));
#10400=CARTESIAN_POINT('',(52.121492675,12.756050102,12.297374409));
#10401=CARTESIAN_POINT('',(52.121492675,12.756050102,12.284075));
#10402=CARTESIAN_POINT('',(52.084211775,12.790602899,12.334875));
#10403=CARTESIAN_POINT('',(52.093619926,12.781202919,12.334875));
#10404=CARTESIAN_POINT('',(52.102970144,12.771860823,12.329400127));
#10405=CARTESIAN_POINT('',(52.116275279,12.758567244,12.310591922));
#10406=CARTESIAN_POINT('',(52.120148266,12.754697621,12.297374409));
#10407=CARTESIAN_POINT('',(52.120148266,12.754697621,12.284075));
#10408=B_SPLINE_SURFACE_WITH_KNOTS('',3,3,((#10168,#10169,#10170,#10171,#10172,#10173),(#10174,#10175,#10176,#10177,#10178,#10179),(#10180,#10181,#10182,#10183,#10184,#10185),(#10186,#10187,#10188,#10189,#10190,#10191),(#10192,#10193,#10194,#10195,#10196,#10197),(#10198,#10199,#10200,#10201,#10202,#10203),(#10204,#10205,#10206,#10207,#10208,#10209),(#10210,#10211,#10212,#10213,#10214,#10215),(#10216,#10217,#10218,#10219,#10220,#10221),(#10222,#10223,#10224,#10225,#10226,#10227),(#10228,#10229,#10230,#10231,#10232,#10233),(#10234,#10235,#10236,#10237,#10238,#10239),(#10240,#10241,#10242,#10243,#10244,#10245),(#10246,#10247,#10248,#10249,#10250,#10251),(#10252,#10253,#10254,#10255,#10256,#10257),(#10258,#10259,#10260,#10261,#10262,#10263),(#10264,#10265,#10266,#10267,#10268,#10269),(#10270,#10271,#10272,#10273,#10274,#10275),(#10276,#10277,#10278,#10279,#10280,#10281),(#10282,#10283,#10284,#10285,#10286,#10287),(#10288,#10289,#10290,#10291,#10292,#10293),(#10294,#10295,#10296,#10297,#10298,#10299),(#10300,#10301,#10302,#10303,#10304,#10305),(#10306,#10307,#10308,#10309,#10310,#10311),(#10312,#10313,#10314,#10315,#10316,#10317),(#10318,#10319,#10320,#10321,#10322,#10323),
(#10324,#10325,#10326,#10327,#10328,#10329),(#10330,#10331,#10332,#10333,#10334,#10335),(#10336,#10337,#10338,#10339,#10340,#10341),(#10342,#10343,#10344,#10345,#10346,#10347),(#10348,#10349,#10350,#10351,#10352,#10353),(#10354,#10355,#10356,#10357,#10358,#10359),(#10360,#10361,#10362,#10363,#10364,#10365),(#10366,#10367,#10368,#10369,#10370,#10371),(#10372,#10373,#10374,#10375,#10376,#10377),(#10378,#10379,#10380,#10381,#10382,#10383),(#10384,#10385,#10386,#10387,#10388,#10389),(#10390,#10391,#10392,#10393,#10394,#10395),(#10396,#10397,#10398,#10399,#10400,#10401),(#10402,#10403,#10404,#10405,#10406,#10407)),.UNSPECIFIED.,.F.,.F.,.U.,(4,2,2,2,2,2,2,2,2,2,2,2,2,2,2,2,2,2,2,4),(4,2,4),(-0.000126508,-0.000123719,-0.000120931,-0.000115353,-0.000104198,-0.000081888,-0.000037268,-0.000014958,0.000007352,0.000029662,0.000051972,0.000096592,0.000118902,0.000141212,0.000185833,0.000208143,0.000230453,0.000241608,0.000247185,0.000252334),(0.,0.5,1.),.UNSPECIFIED.);
#10409=CARTESIAN_POINT('',(51.913130262,12.961336049,12.284075));
#10410=DIRECTION('',(-0.717580692,-0.696475377,-0.));
#10411=DIRECTION('',(-0.696475377,0.717580692,0.));
#10412=AXIS2_PLACEMENT_3D('',#10409,#10410,#10411);
#10413=CIRCLE('',#10412,0.0508);
#10414=EDGE_CURVE('',#9888,#9736,#10413,.T.);
#10415=ORIENTED_EDGE('',*,*,#10414,.F.);
#10416=ORIENTED_EDGE('',*,*,#9903,.F.);
#10417=CARTESIAN_POINT('',(52.084227743,12.790618148,12.284075));
#10418=DIRECTION('',(-0.707106781,-0.707106781,0.));
#10419=DIRECTION('',(0.707106781,-0.707106781,0.));
#10420=AXIS2_PLACEMENT_3D('',#10417,#10418,#10419);
#10421=CIRCLE('',#10420,0.0508);
#10422=EDGE_CURVE('',#9728,#9886,#10421,.T.);
#10423=ORIENTED_EDGE('',*,*,#10422,.F.);
#10424=ORIENTED_EDGE('',*,*,#9873,.F.);
#10425=EDGE_LOOP('',(#10415,#10416,#10423,#10424));
#10426=FACE_BOUND('',#10425,.T.);
#10427=ADVANCED_FACE('',(#10426),#10408,.T.);
#10428=CARTESIAN_POINT('',(51.877749761,12.997789582,12.284075));
#10429=CARTESIAN_POINT('',(51.877749665,12.997789489,12.297373871));
#10430=CARTESIAN_POINT('',(51.881562315,12.993861018,12.310590864));
#10431=CARTESIAN_POINT('',(51.89466052,12.980365295,12.329398905));
#10432=CARTESIAN_POINT('',(51.903865431,12.970881135,12.334874156));
#10433=CARTESIAN_POINT('',(51.913127651,12.961338008,12.334875));
#10434=CARTESIAN_POINT('',(51.877041811,12.997102454,12.284075));
#10435=CARTESIAN_POINT('',(51.877041715,12.997102361,12.297373871));
#10436=CARTESIAN_POINT('',(51.880854365,12.99317389,12.310590864));
#10437=CARTESIAN_POINT('',(51.89395257,12.979678167,12.329398905));
#10438=CARTESIAN_POINT('',(51.903157481,12.970194007,12.334874156));
#10439=CARTESIAN_POINT('',(51.9124197,12.96065088,12.334875));
#10440=CARTESIAN_POINT('',(51.875706528,12.995780153,12.284075));
#10441=CARTESIAN_POINT('',(51.87570646,12.995780084,12.297373967));
#10442=CARTESIAN_POINT('',(51.879587932,12.991919177,12.310591052));
#10443=CARTESIAN_POINT('',(51.89292249,12.978655545,12.329399122));
#10444=CARTESIAN_POINT('',(51.902293474,12.969334484,12.334874306));
#10445=CARTESIAN_POINT('',(51.911722745,12.959955504,12.334875));
#10446=CARTESIAN_POINT('',(51.873703529,12.993730383,12.284075));
#10447=CARTESIAN_POINT('',(51.87370347,12.993730321,12.297373966));
#10448=CARTESIAN_POINT('',(51.87765276,12.989938814,12.31059105));
#10449=CARTESIAN_POINT('',(51.89122028,12.976913584,12.32939912));
#10450=CARTESIAN_POINT('',(51.900754974,12.967760057,12.334874304));
#10451=CARTESIAN_POINT('',(51.910348969,12.958549649,12.334875));
#10452=CARTESIAN_POINT('',(51.872715449,12.992691965,12.284075));
#10453=CARTESIAN_POINT('',(51.872715407,12.99269192,12.297374061));
#10454=CARTESIAN_POINT('',(51.876698367,12.988935675,12.310591236));
#10455=CARTESIAN_POINT('',(51.890381495,12.976031579,12.329399335));
#10456=CARTESIAN_POINT('',(51.899997412,12.966963182,12.334874453));
#10457=CARTESIAN_POINT('',(51.909673086,12.957838466,12.334875));
#10458=CARTESIAN_POINT('',(51.869793948,12.989538136,12.284075));
#10459=CARTESIAN_POINT('',(51.869793917,12.989538101,12.29737406));
#10460=CARTESIAN_POINT('',(51.873876475,12.985889374,12.310591235));
#10461=CARTESIAN_POINT('',(51.88790174,12.973354623,12.329399333));
#10462=CARTESIAN_POINT('',(51.89775809,12.96454578,12.334874452));
#10463=CARTESIAN_POINT('',(51.907675685,12.955682225,12.334875));
#10464=CARTESIAN_POINT('',(51.867902652,12.987383384,12.284075));
#10465=CARTESIAN_POINT('',(51.867902639,12.987383369,12.297374225));
#10466=CARTESIAN_POINT('',(51.872050188,12.983808454,12.31059156));
#10467=CARTESIAN_POINT('',(51.886298631,12.971527286,12.329399708));
#10468=CARTESIAN_POINT('',(51.89631179,12.962896653,12.334874711));
#10469=CARTESIAN_POINT('',(51.906387083,12.954212476,12.334875));
#10470=CARTESIAN_POINT('',(51.862410935,12.980775576,12.284075));
#10471=CARTESIAN_POINT('',(51.862410933,12.980775572,12.297374224));
#10472=CARTESIAN_POINT('',(51.86674708,12.977427584,12.310591559));
#10473=CARTESIAN_POINT('',(51.881643407,12.965925971,12.329399707));
#10474=CARTESIAN_POINT('',(51.892111863,12.957843167,12.33487471));
#10475=CARTESIAN_POINT('',(51.902645274,12.949710213,12.334875));
#10476=CARTESIAN_POINT('',(51.858993364,12.976177951,12.284075));
#10477=CARTESIAN_POINT('',(51.858993365,12.976177951,12.297374391));
#10478=CARTESIAN_POINT('',(51.863447285,12.972988259,12.310591888));
#10479=CARTESIAN_POINT('',(51.878748146,12.962030489,12.329400087));
#10480=CARTESIAN_POINT('',(51.889500867,12.954329886,12.334874972));
#10481=CARTESIAN_POINT('',(51.90032022,12.946581563,12.334875));
#10482=CARTESIAN_POINT('',(51.849533665,12.961931121,12.284075));
#10483=CARTESIAN_POINT('',(51.849533667,12.961931124,12.297374391));
#10484=CARTESIAN_POINT('',(51.854308807,12.959225208,12.310591888));
#10485=CARTESIAN_POINT('',(51.870713175,12.949929379,12.329400087));
#10486=CARTESIAN_POINT('',(51.882241387,12.943396709,12.334874973));
#10487=CARTESIAN_POINT('',(51.893841036,12.936823556,12.334875));
#10488=CARTESIAN_POINT('',(51.844405719,12.952130261,12.284075));
#10489=CARTESIAN_POINT('',(51.844405719,12.95213026,12.297374405));
#10490=CARTESIAN_POINT('',(51.849336545,12.949719962,12.310591914));
#10491=CARTESIAN_POINT('',(51.866275748,12.941439701,12.329400117));
#10492=CARTESIAN_POINT('',(51.878179816,12.935620726,12.334874993));
#10493=CARTESIAN_POINT('',(51.890157644,12.929765696,12.334875));
#10494=CARTESIAN_POINT('',(51.831494336,12.92021485,12.284075));
#10495=CARTESIAN_POINT('',(51.831494337,12.920214851,12.297374405));
#10496=CARTESIAN_POINT('',(51.836858545,12.918875823,12.310591914));
#10497=CARTESIAN_POINT('',(51.855286576,12.91427577,12.329400117));
#10498=CARTESIAN_POINT('',(51.868236923,12.911043069,12.334874993));
#10499=CARTESIAN_POINT('',(51.881267511,12.907790338,12.334875));
#10500=CARTESIAN_POINT('',(51.827865826,12.897642231,12.284075));
#10501=CARTESIAN_POINT('',(51.827865827,12.897642233,12.297374385));
#10502=CARTESIAN_POINT('',(51.833341193,12.897056964,12.310591875));
#10503=CARTESIAN_POINT('',(51.852151101,12.895046349,12.329400072));
#10504=CARTESIAN_POINT('',(51.865369815,12.893633383,12.334874962));
#10505=CARTESIAN_POINT('',(51.878670446,12.89221166,12.334875));
#10506=CARTESIAN_POINT('',(51.827902888,12.85519256,12.284075));
#10507=CARTESIAN_POINT('',(51.827902888,12.85519257,12.297374386));
#10508=CARTESIAN_POINT('',(51.833377223,12.855787409,12.310591877));
#10509=CARTESIAN_POINT('',(51.852183591,12.857830883,12.329400074));
#10510=CARTESIAN_POINT('',(51.865399818,12.859266935,12.334874964));
#10511=CARTESIAN_POINT('',(51.878697948,12.860711882,12.334875));
#10512=CARTESIAN_POINT('',(51.831559195,12.832693453,12.284075));
#10513=CARTESIAN_POINT('',(51.831559195,12.832693453,12.297374409));
#10514=CARTESIAN_POINT('',(51.836921179,12.834041687,12.310591922));
#10515=CARTESIAN_POINT('',(51.855341567,12.838673369,12.329400126));
#10516=CARTESIAN_POINT('',(51.868286542,12.841928295,12.334875));
#10517=CARTESIAN_POINT('',(51.881311723,12.845203388,12.334875));
#10518=CARTESIAN_POINT('',(51.844539832,12.800773245,12.284075));
#10519=CARTESIAN_POINT('',(51.844539832,12.800773245,12.297374409));
#10520=CARTESIAN_POINT('',(51.849466185,12.803192723,12.310591922));
#10521=CARTESIAN_POINT('',(51.866390022,12.811504518,12.329400126));
#10522=CARTESIAN_POINT('',(51.878283291,12.817345654,12.334875));
#10523=CARTESIAN_POINT('',(51.890250251,12.823222981,12.334875));
#10524=CARTESIAN_POINT('',(51.849488339,12.791324233,12.284075));
#10525=CARTESIAN_POINT('',(51.849488339,12.791324232,12.29737438));
#10526=CARTESIAN_POINT('',(51.854271782,12.794012174,12.310591865));
#10527=CARTESIAN_POINT('',(51.870704681,12.803246247,12.329400061));
#10528=CARTESIAN_POINT('',(51.882252946,12.809735518,12.334874955));
#10529=CARTESIAN_POINT('',(51.893872779,12.816265005,12.334875));
#10530=CARTESIAN_POINT('',(51.86176209,12.772521462,12.284075));
#10531=CARTESIAN_POINT('',(51.861762087,12.772521467,12.29737438));
#10532=CARTESIAN_POINT('',(51.866147755,12.77581878,12.310591866));
#10533=CARTESIAN_POINT('',(51.881214154,12.78714626,12.329400061));
#10534=CARTESIAN_POINT('',(51.89180211,12.795106676,12.334874955));
#10535=CARTESIAN_POINT('',(51.902455685,12.803116424,12.334875));
#10536=CARTESIAN_POINT('',(51.868990715,12.763591635,12.284075));
#10537=CARTESIAN_POINT('',(51.868990715,12.763591635,12.297374409));
#10538=CARTESIAN_POINT('',(51.873138276,12.767182427,12.310591922));
#10539=CARTESIAN_POINT('',(51.887386673,12.77951812,12.329400127));
#10540=CARTESIAN_POINT('',(51.89739977,12.788187059,12.334875));
#10541=CARTESIAN_POINT('',(51.907474908,12.796909711,12.334875));
#10542=CARTESIAN_POINT('',(51.892267925,12.739931247,12.284075));
#10543=CARTESIAN_POINT('',(51.892267925,12.739931247,12.297374409));
#10544=CARTESIAN_POINT('',(51.895681185,12.744268428,12.310591922));
#10545=CARTESIAN_POINT('',(51.907406989,12.759168239,12.329400127));
#10546=CARTESIAN_POINT('',(51.915647328,12.769639118,12.334875));
#10547=CARTESIAN_POINT('',(51.923938724,12.780174876,12.334875));
#10548=CARTESIAN_POINT('',(51.911721515,12.726863213,12.284075));
#10549=CARTESIAN_POINT('',(51.911721517,12.726863212,12.2973744));
#10550=CARTESIAN_POINT('',(51.914474951,12.731640059,12.310591904));
#10551=CARTESIAN_POINT('',(51.92393401,12.74805029,12.329400106));
#10552=CARTESIAN_POINT('',(51.930581387,12.759582623,12.334874985));
#10553=CARTESIAN_POINT('',(51.937269953,12.771186416,12.334875));
#10554=CARTESIAN_POINT('',(51.941626821,12.714067346,12.284075));
#10555=CARTESIAN_POINT('',(51.94162682,12.714067346,12.2973744));
#10556=CARTESIAN_POINT('',(51.943480667,12.719229107,12.310591904));
#10557=CARTESIAN_POINT('',(51.949849318,12.736961661,12.329400106));
#10558=CARTESIAN_POINT('',(51.954324905,12.749423259,12.334874985));
#10559=CARTESIAN_POINT('',(51.958828224,12.761962074,12.334875));
#10560=CARTESIAN_POINT('',(51.952815261,12.710494519,12.284075));
#10561=CARTESIAN_POINT('',(51.952815265,12.710494518,12.297374398));
#10562=CARTESIAN_POINT('',(51.954274977,12.715784638,12.3105919));
#10563=CARTESIAN_POINT('',(51.95928962,12.733958155,12.329400101));
#10564=CARTESIAN_POINT('',(51.962813671,12.746729643,12.334874982));
#10565=CARTESIAN_POINT('',(51.966359557,12.75958027,12.334875));
#10566=CARTESIAN_POINT('',(51.975160347,12.705953073,12.284075));
#10567=CARTESIAN_POINT('',(51.975160349,12.705953073,12.297374397));
#10568=CARTESIAN_POINT('',(51.975881489,12.711393302,12.310591899));
#10569=CARTESIAN_POINT('',(51.978358867,12.730082496,12.3294001));
#10570=CARTESIAN_POINT('',(51.980099851,12.743216376,12.334874982));
#10571=CARTESIAN_POINT('',(51.981851622,12.756431641,12.334875));
#10572=CARTESIAN_POINT('',(51.98629691,12.704899865,12.284075));
#10573=CARTESIAN_POINT('',(51.986296911,12.704899865,12.297374318));
#10574=CARTESIAN_POINT('',(51.98665773,12.710372616,12.310591743));
#10575=CARTESIAN_POINT('',(51.987897275,12.729173567,12.32939992));
#10576=CARTESIAN_POINT('',(51.988768369,12.742385996,12.334874857));
#10577=CARTESIAN_POINT('',(51.989644863,12.755680347,12.334875));
#10578=CARTESIAN_POINT('',(52.008057803,12.704770719,12.284075));
#10579=CARTESIAN_POINT('',(52.008057788,12.704770719,12.297374319));
#10580=CARTESIAN_POINT('',(52.007761877,12.710247367,12.310591744));
#10581=CARTESIAN_POINT('',(52.006745347,12.729061707,12.329399921));
#10582=CARTESIAN_POINT('',(52.006030986,12.742283546,12.334874858));
#10583=CARTESIAN_POINT('',(52.005312202,12.755587365,12.334875));
#10584=CARTESIAN_POINT('',(52.018779931,12.705583043,12.284075));
#10585=CARTESIAN_POINT('',(52.018779942,12.705583044,12.297374367));
#10586=CARTESIAN_POINT('',(52.018185368,12.711037191,12.310591839));
#10587=CARTESIAN_POINT('',(52.016142762,12.729774206,12.329400031));
#10588=CARTESIAN_POINT('',(52.014707309,12.742941697,12.334874934));
#10589=CARTESIAN_POINT('',(52.013262954,12.756190799,12.334875));
#10590=CARTESIAN_POINT('',(52.040734238,12.709435022,12.284075));
#10591=CARTESIAN_POINT('',(52.04073424,12.709435023,12.297374366));
#10592=CARTESIAN_POINT('',(52.039436581,12.714765811,12.310591838));
#10593=CARTESIAN_POINT('',(52.034978637,12.733079044,12.329400029));
#10594=CARTESIAN_POINT('',(52.031845802,12.745948721,12.334874933));
#10595=CARTESIAN_POINT('',(52.028693549,12.758898164,12.334875));
#10596=CARTESIAN_POINT('',(52.051669625,12.712479132,12.284075));
#10597=CARTESIAN_POINT('',(52.051669625,12.712479132,12.297374409));
#10598=CARTESIAN_POINT('',(52.050002253,12.717707914,12.310591922));
#10599=CARTESIAN_POINT('',(52.044274217,12.735670706,12.329400126));
#10600=CARTESIAN_POINT('',(52.040248825,12.748294104,12.334875));
#10601=CARTESIAN_POINT('',(52.036198492,12.760995716,12.334875));
#10602=CARTESIAN_POINT('',(52.07281965,12.720887073,12.284075));
#10603=CARTESIAN_POINT('',(52.07281965,12.720887073,12.297374409));
#10604=CARTESIAN_POINT('',(52.070441992,12.72583349,12.310591922));
#10605=CARTESIAN_POINT('',(52.062273863,12.742826251,12.329400126));
#10606=CARTESIAN_POINT('',(52.056533689,12.754767958,12.334875));
#10607=CARTESIAN_POINT('',(52.050757949,12.766783655,12.334875));
#10608=CARTESIAN_POINT('',(52.08249891,12.725869811,12.284075));
#10609=CARTESIAN_POINT('',(52.08249891,12.725869811,12.297374405));
#10610=CARTESIAN_POINT('',(52.0798437,12.730671367,12.310591915));
#10611=CARTESIAN_POINT('',(52.070722072,12.74716648,12.329400119));
#10612=CARTESIAN_POINT('',(52.064311824,12.758758463,12.334874994));
#10613=CARTESIAN_POINT('',(52.057861858,12.770422272,12.334875));
#10614=CARTESIAN_POINT('',(52.101305262,12.737953806,12.284075));
#10615=CARTESIAN_POINT('',(52.101305262,12.737953806,12.297374405));
#10616=CARTESIAN_POINT('',(52.098041329,12.742364229,12.310591915));
#10617=CARTESIAN_POINT('',(52.086828519,12.757515656,12.329400118));
#10618=CARTESIAN_POINT('',(52.078948687,12.76816336,12.334874994));
#10619=CARTESIAN_POINT('',(52.071020031,12.778877038,12.334875));
#10620=CARTESIAN_POINT('',(52.110124152,12.744959019,12.284075));
#10621=CARTESIAN_POINT('',(52.110124152,12.744959019,12.297374409));
#10622=CARTESIAN_POINT('',(52.106569919,12.749138359,12.310591922));
#10623=CARTESIAN_POINT('',(52.094359819,12.763495931,12.329400127));
#10624=CARTESIAN_POINT('',(52.085779141,12.77358575,12.334875));
#10625=CARTESIAN_POINT('',(52.077145297,12.783738086,12.334875));
#10626=CARTESIAN_POINT('',(52.118877647,12.753434925,12.284075));
#10627=CARTESIAN_POINT('',(52.118877647,12.753434925,12.297374409));
#10628=CARTESIAN_POINT('',(52.115046345,12.757345982,12.310591922));
#10629=CARTESIAN_POINT('',(52.101884409,12.770781902,12.329400127));
#10630=CARTESIAN_POINT('',(52.092634826,12.780224029,12.334875));
#10631=CARTESIAN_POINT('',(52.083327932,12.789724659,12.334875));
#10632=CARTESIAN_POINT('',(52.119540036,12.754081623,12.284075));
#10633=CARTESIAN_POINT('',(52.119540036,12.754081623,12.297374409));
#10634=CARTESIAN_POINT('',(52.115692067,12.75797651,12.310591922));
#10635=CARTESIAN_POINT('',(52.102472877,12.771356882,12.329400127));
#10636=CARTESIAN_POINT('',(52.093183059,12.780759973,12.334875));
#10637=CARTESIAN_POINT('',(52.08383568,12.790221324,12.334875));
#10638=CARTESIAN_POINT('',(52.120157248,12.754688498,12.284075));
#10639=CARTESIAN_POINT('',(52.120157248,12.754688498,12.297374409));
#10640=CARTESIAN_POINT('',(52.116297312,12.758571745,12.310591922));
#10641=CARTESIAN_POINT('',(52.10303701,12.771912129,12.329400127));
#10642=CARTESIAN_POINT('',(52.0937183,12.781287117,12.334875));
#10643=CARTESIAN_POINT('',(52.084341851,12.790720192,12.334875));
#10644=B_SPLINE_SURFACE_WITH_KNOTS('',3,3,((#10428,#10429,#10430,#10431,#10432,#10433),(#10434,#10435,#10436,#10437,#10438,#10439),(#10440,#10441,#10442,#10443,#10444,#10445),(#10446,#10447,#10448,#10449,#10450,#10451),(#10452,#10453,#10454,#10455,#10456,#10457),(#10458,#10459,#10460,#10461,#10462,#10463),(#10464,#10465,#10466,#10467,#10468,#10469),(#10470,#10471,#10472,#10473,#10474,#10475),(#10476,#10477,#10478,#10479,#10480,#10481),(#10482,#10483,#10484,#10485,#10486,#10487),(#10488,#10489,#10490,#10491,#10492,#10493),(#10494,#10495,#10496,#10497,#10498,#10499),(#10500,#10501,#10502,#10503,#10504,#10505),(#10506,#10507,#10508,#10509,#10510,#10511),(#10512,#10513,#10514,#10515,#10516,#10517),(#10518,#10519,#10520,#10521,#10522,#10523),(#10524,#10525,#10526,#10527,#10528,#10529),(#10530,#10531,#10532,#10533,#10534,#10535),(#10536,#10537,#10538,#10539,#10540,#10541),(#10542,#10543,#10544,#10545,#10546,#10547),(#10548,#10549,#10550,#10551,#10552,#10553),(#10554,#10555,#10556,#10557,#10558,#10559),(#10560,#10561,#10562,#10563,#10564,#10565),(#10566,#10567,#10568,#10569,#10570,#10571),(#10572,#10573,#10574,#10575,#10576,#10577),(#10578,#10579,#10580,#10581,#10582,#10583),
(#10584,#10585,#10586,#10587,#10588,#10589),(#10590,#10591,#10592,#10593,#10594,#10595),(#10596,#10597,#10598,#10599,#10600,#10601),(#10602,#10603,#10604,#10605,#10606,#10607),(#10608,#10609,#10610,#10611,#10612,#10613),(#10614,#10615,#10616,#10617,#10618,#10619),(#10620,#10621,#10622,#10623,#10624,#10625),(#10626,#10627,#10628,#10629,#10630,#10631),(#10632,#10633,#10634,#10635,#10636,#10637),(#10638,#10639,#10640,#10641,#10642,#10643)),.UNSPECIFIED.,.F.,.F.,.U.,(4,2,2,2,2,2,2,2,2,2,2,2,2,2,2,2,2,4),(4,2,4),(-0.000053873,-0.00005095,-0.000048026,-0.000042179,-0.000030485,-0.000007097,0.000039679,0.000086456,0.000109844,0.000133232,0.000180008,0.000203396,0.000226784,0.000250172,0.00027356,0.000296948,0.000320337,0.000322439),(0.,0.5,1.),.UNSPECIFIED.);
#10645=ORIENTED_EDGE('',*,*,#10422,.T.);
#10646=ORIENTED_EDGE('',*,*,#9919,.F.);
#10647=ORIENTED_EDGE('',*,*,#10414,.T.);
#10648=ORIENTED_EDGE('',*,*,#9775,.F.);
#10649=EDGE_LOOP('',(#10645,#10646,#10647,#10648));
#10650=FACE_BOUND('',#10649,.T.);
#10651=ADVANCED_FACE('',(#10650),#10644,.T.);
#10652=CARTESIAN_POINT('',(52.120148263,13.436185371,12.284075));
#10653=CARTESIAN_POINT('',(52.120148303,13.436185411,12.297373934));
#10654=CARTESIAN_POINT('',(52.116277365,13.440056536,12.310590986));
#10655=CARTESIAN_POINT('',(52.102979048,13.453355339,12.329399046));
#10656=CARTESIAN_POINT('',(52.093633546,13.462701137,12.334874253));
#10657=CARTESIAN_POINT('',(52.084229912,13.472105035,12.334875));
#10658=CARTESIAN_POINT('',(52.120861811,13.436898919,12.284075));
#10659=CARTESIAN_POINT('',(52.120861851,13.436898959,12.297373934));
#10660=CARTESIAN_POINT('',(52.116990914,13.440770084,12.310590986));
#10661=CARTESIAN_POINT('',(52.103692597,13.454068888,12.329399046));
#10662=CARTESIAN_POINT('',(52.094347095,13.463414686,12.334874253));
#10663=CARTESIAN_POINT('',(52.084943461,13.472818584,12.334875));
#10664=CARTESIAN_POINT('',(52.122120837,13.438180965,12.284075));
#10665=CARTESIAN_POINT('',(52.122120866,13.438180995,12.297373968));
#10666=CARTESIAN_POINT('',(52.118190152,13.441991692,12.310591053));
#10667=CARTESIAN_POINT('',(52.104686513,13.455082911,12.329399124));
#10668=CARTESIAN_POINT('',(52.095196729,13.464282829,12.334874307));
#10669=CARTESIAN_POINT('',(52.085647936,13.47353993,12.334875));
#10670=CARTESIAN_POINT('',(52.12406013,13.440212919,12.284075));
#10671=CARTESIAN_POINT('',(52.124060151,13.440212941,12.297373967));
#10672=CARTESIAN_POINT('',(52.12007038,13.44396176,12.310591053));
#10673=CARTESIAN_POINT('',(52.10636387,13.456840414,12.329399123));
#10674=CARTESIAN_POINT('',(52.096731522,13.465890956,12.334874306));
#10675=CARTESIAN_POINT('',(52.087039282,13.474997755,12.334875));
#10676=CARTESIAN_POINT('',(52.125018672,13.441241104,12.284075));
#10677=CARTESIAN_POINT('',(52.125018688,13.441241121,12.297374012));
#10678=CARTESIAN_POINT('',(52.120999588,13.44495854,12.31059114));
#10679=CARTESIAN_POINT('',(52.107192346,13.457729321,12.329399224));
#10680=CARTESIAN_POINT('',(52.097489217,13.466704053,12.334874376));
#10681=CARTESIAN_POINT('',(52.087725778,13.475734554,12.334875));
#10682=CARTESIAN_POINT('',(52.127859113,13.444361016,12.284075));
#10683=CARTESIAN_POINT('',(52.127859119,13.444361022,12.297374012));
#10684=CARTESIAN_POINT('',(52.123753001,13.447982862,12.31059114));
#10685=CARTESIAN_POINT('',(52.109646841,13.460425313,12.329399224));
#10686=CARTESIAN_POINT('',(52.09973365,13.469169316,12.334874376));
#10687=CARTESIAN_POINT('',(52.089758849,13.477967658,12.334875));
#10688=CARTESIAN_POINT('',(52.129706366,13.446488755,12.284075));
#10689=CARTESIAN_POINT('',(52.129706365,13.446488754,12.297374116));
#10690=CARTESIAN_POINT('',(52.125543278,13.450045123,12.310591345));
#10691=CARTESIAN_POINT('',(52.111241451,13.462262644,12.329399461));
#10692=CARTESIAN_POINT('',(52.101190771,13.470848568,12.33487454));
#10693=CARTESIAN_POINT('',(52.091077678,13.47948781,12.334875));
#10694=CARTESIAN_POINT('',(52.135098478,13.453007717,12.284075));
#10695=CARTESIAN_POINT('',(52.135098464,13.453007699,12.297374116));
#10696=CARTESIAN_POINT('',(52.130769038,13.456362966,12.310591346));
#10697=CARTESIAN_POINT('',(52.115895796,13.467889658,12.329399462));
#10698=CARTESIAN_POINT('',(52.10544356,13.475990109,12.33487454));
#10699=CARTESIAN_POINT('',(52.094926423,13.48414087,12.334875));
#10700=CARTESIAN_POINT('',(52.138493824,13.457535982,12.284075));
#10701=CARTESIAN_POINT('',(52.138493816,13.45753597,12.297374303));
#10702=CARTESIAN_POINT('',(52.13405917,13.460751132,12.310591714));
#10703=CARTESIAN_POINT('',(52.11882451,13.471796445,12.329399886));
#10704=CARTESIAN_POINT('',(52.108118305,13.479558582,12.334874834));
#10705=CARTESIAN_POINT('',(52.097345714,13.487368857,12.334875));
#10706=CARTESIAN_POINT('',(52.14484631,13.466908899,12.284075));
#10707=CARTESIAN_POINT('',(52.144846297,13.466908878,12.297374304));
#10708=CARTESIAN_POINT('',(52.140216956,13.469836772,12.310591716));
#10709=CARTESIAN_POINT('',(52.124313455,13.479895229,12.329399888));
#10710=CARTESIAN_POINT('',(52.113137222,13.486963856,12.334874835));
#10711=CARTESIAN_POINT('',(52.101891692,13.494076323,12.334875));
#10712=CARTESIAN_POINT('',(52.14780344,13.471753256,12.284075));
#10713=CARTESIAN_POINT('',(52.147803437,13.471753251,12.297374388));
#10714=CARTESIAN_POINT('',(52.143084456,13.474534179,12.310591881));
#10715=CARTESIAN_POINT('',(52.126873016,13.484087706,12.329400079));
#10716=CARTESIAN_POINT('',(52.115480385,13.490801477,12.334874967));
#10717=CARTESIAN_POINT('',(52.104017155,13.497556854,12.334875));
#10718=CARTESIAN_POINT('',(52.153262776,13.4817039,12.284075));
#10719=CARTESIAN_POINT('',(52.153262773,13.481703893,12.297374388));
#10720=CARTESIAN_POINT('',(52.148381933,13.484189805,12.310591882));
#10721=CARTESIAN_POINT('',(52.131614451,13.492729843,12.32940008));
#10722=CARTESIAN_POINT('',(52.11983106,13.498731382,12.334874968));
#10723=CARTESIAN_POINT('',(52.107974649,13.504770116,12.334875));
#10724=CARTESIAN_POINT('',(52.155615771,13.48643802,12.284075));
#10725=CARTESIAN_POINT('',(52.15561577,13.486438019,12.297374408));
#10726=CARTESIAN_POINT('',(52.150679413,13.488815472,12.310591921));
#10727=CARTESIAN_POINT('',(52.13372121,13.496982898,12.329400125));
#10728=CARTESIAN_POINT('',(52.12180379,13.502722578,12.334874999));
#10729=CARTESIAN_POINT('',(52.10981253,13.508497821,12.334875));
#10730=CARTESIAN_POINT('',(52.167960252,13.514854106,12.284075));
#10731=CARTESIAN_POINT('',(52.167960252,13.514854106,12.297374408));
#10732=CARTESIAN_POINT('',(52.162598132,13.516251484,12.310591921));
#10733=CARTESIAN_POINT('',(52.144177278,13.521051994,12.329400125));
#10734=CARTESIAN_POINT('',(52.131231976,13.524425565,12.334874999));
#10735=CARTESIAN_POINT('',(52.118206464,13.52782004,12.334875));
#10736=CARTESIAN_POINT('',(52.171892683,13.539295546,12.284075));
#10737=CARTESIAN_POINT('',(52.171892685,13.539295626,12.297374167));
#10738=CARTESIAN_POINT('',(52.166403172,13.539861857,12.310591446));
#10739=CARTESIAN_POINT('',(52.147544566,13.541806922,12.329399577));
#10740=CARTESIAN_POINT('',(52.134291593,13.543173778,12.33487462));
#10741=CARTESIAN_POINT('',(52.120956353,13.544549087,12.334875));
#10742=CARTESIAN_POINT('',(52.171075626,13.573992143,12.284075));
#10743=CARTESIAN_POINT('',(52.171075624,13.573992149,12.297374163));
#10744=CARTESIAN_POINT('',(52.165610656,13.573515923,12.310591439));
#10745=CARTESIAN_POINT('',(52.146836381,13.571879891,12.329399568));
#10746=CARTESIAN_POINT('',(52.133642674,13.570730158,12.334874614));
#10747=CARTESIAN_POINT('',(52.120367067,13.569573285,12.334875));
#10748=CARTESIAN_POINT('',(52.169696835,13.585957356,12.284075));
#10749=CARTESIAN_POINT('',(52.169696836,13.585957349,12.297374327));
#10750=CARTESIAN_POINT('',(52.164274307,13.585081718,12.310591761));
#10751=CARTESIAN_POINT('',(52.145645889,13.582073612,12.32939994));
#10752=CARTESIAN_POINT('',(52.132554708,13.57995966,12.334874871));
#10753=CARTESIAN_POINT('',(52.119382364,13.577832605,12.334875));
#10754=CARTESIAN_POINT('',(52.163722788,13.61026353,12.284075));
#10755=CARTESIAN_POINT('',(52.163722796,13.610263503,12.297374329));
#10756=CARTESIAN_POINT('',(52.158512175,13.608525702,12.310591764));
#10757=CARTESIAN_POINT('',(52.140611727,13.602555757,12.329399944));
#10758=CARTESIAN_POINT('',(52.128032125,13.598360374,12.334874874));
#10759=CARTESIAN_POINT('',(52.115374529,13.594138993,12.334875));
#10760=CARTESIAN_POINT('',(52.15893638,13.622342571,12.284075));
#10761=CARTESIAN_POINT('',(52.158936379,13.622342574,12.29737437));
#10762=CARTESIAN_POINT('',(52.15390854,13.620147941,12.310591846));
#10763=CARTESIAN_POINT('',(52.136636049,13.612608558,12.329400038));
#10764=CARTESIAN_POINT('',(52.124497757,13.607310233,12.334874939));
#10765=CARTESIAN_POINT('',(52.112284236,13.601979069,12.334875));
#10766=CARTESIAN_POINT('',(52.143088391,13.653143484,12.284075));
#10767=CARTESIAN_POINT('',(52.143088395,13.653143476,12.29737437));
#10768=CARTESIAN_POINT('',(52.138539386,13.650018227,12.310591846));
#10769=CARTESIAN_POINT('',(52.122911842,13.639281854,12.329400038));
#10770=CARTESIAN_POINT('',(52.111929538,13.631736841,12.334874939));
#10771=CARTESIAN_POINT('',(52.100879167,13.624145069,12.334875));
#10772=CARTESIAN_POINT('',(52.127886212,13.672261064,12.284075));
#10773=CARTESIAN_POINT('',(52.127886212,13.672261064,12.297374408));
#10774=CARTESIAN_POINT('',(52.123826072,13.668512598,12.310591921));
#10775=CARTESIAN_POINT('',(52.109877996,13.655635238,12.329400125));
#10776=CARTESIAN_POINT('',(52.100075951,13.646585641,12.334874999));
#10777=CARTESIAN_POINT('',(52.090213172,13.637479972,12.334875));
#10778=CARTESIAN_POINT('',(52.100493785,13.694835349,12.284075));
#10779=CARTESIAN_POINT('',(52.100493785,13.694835348,12.297374408));
#10780=CARTESIAN_POINT('',(52.09730105,13.690372048,12.310591921));
#10781=CARTESIAN_POINT('',(52.086332833,13.675038967,12.329400125));
#10782=CARTESIAN_POINT('',(52.07862489,13.664263605,12.334874999));
#10783=CARTESIAN_POINT('',(52.070869189,13.65342148,12.334875));
#10784=CARTESIAN_POINT('',(52.090423833,13.701485789,12.284075));
#10785=CARTESIAN_POINT('',(52.090423831,13.70148579,12.297374399));
#10786=CARTESIAN_POINT('',(52.08755197,13.696811551,12.310591902));
#10787=CARTESIAN_POINT('',(52.077686072,13.680753812,12.329400103));
#10788=CARTESIAN_POINT('',(52.070752787,13.669469193,12.334874984));
#10789=CARTESIAN_POINT('',(52.063776541,13.658114649,12.334875));
#10790=CARTESIAN_POINT('',(52.075097045,13.709606662,12.284075));
#10791=CARTESIAN_POINT('',(52.075097044,13.709606662,12.297374399));
#10792=CARTESIAN_POINT('',(52.072688071,13.704687162,12.310591902));
#10793=CARTESIAN_POINT('',(52.06441236,13.687786865,12.329400103));
#10794=CARTESIAN_POINT('',(52.058596583,13.675910137,12.334874984));
#10795=CARTESIAN_POINT('',(52.052744768,13.663959815,12.334875));
#10796=CARTESIAN_POINT('',(52.070241719,13.711908132,12.284075));
#10797=CARTESIAN_POINT('',(52.070241719,13.711908132,12.297374362));
#10798=CARTESIAN_POINT('',(52.067951011,13.706931449,12.31059183));
#10799=CARTESIAN_POINT('',(52.060081577,13.689834693,12.32940002));
#10800=CARTESIAN_POINT('',(52.05455131,13.677819898,12.334874926));
#10801=CARTESIAN_POINT('',(52.048986765,13.665730633,12.334875));
#10802=CARTESIAN_POINT('',(52.05910219,13.716545079,12.284075));
#10803=CARTESIAN_POINT('',(52.059102195,13.716545077,12.297374362));
#10804=CARTESIAN_POINT('',(52.057184988,13.711412921,12.31059183));
#10805=CARTESIAN_POINT('',(52.05059866,13.693782059,12.32940002));
#10806=CARTESIAN_POINT('',(52.045970096,13.68139192,12.334874927));
#10807=CARTESIAN_POINT('',(52.041312841,13.668924986,12.334875));
#10808=CARTESIAN_POINT('',(52.053375723,13.71856459,12.284075));
#10809=CARTESIAN_POINT('',(52.053375723,13.71856459,12.297374407));
#10810=CARTESIAN_POINT('',(52.051651841,13.713364243,12.310591918));
#10811=CARTESIAN_POINT('',(52.045729672,13.695499138,12.329400121));
#10812=CARTESIAN_POINT('',(52.041567852,13.682944389,12.334874996));
#10813=CARTESIAN_POINT('',(52.037380245,13.670311851,12.334875));
#10814=CARTESIAN_POINT('',(52.035862541,13.723658558,12.284075));
#10815=CARTESIAN_POINT('',(52.035862542,13.723658558,12.297374407));
#10816=CARTESIAN_POINT('',(52.034723072,13.718288226,12.310591918));
#10817=CARTESIAN_POINT('',(52.03080857,13.699839161,12.329400122));
#10818=CARTESIAN_POINT('',(52.028057644,13.686874033,12.334874996));
#10819=CARTESIAN_POINT('',(52.025289672,13.673828572,12.334875));
#10820=CARTESIAN_POINT('',(52.024001719,13.725669128,12.284075));
#10821=CARTESIAN_POINT('',(52.0240017,13.725669129,12.297374174));
#10822=CARTESIAN_POINT('',(52.023246967,13.720235827,12.31059146));
#10823=CARTESIAN_POINT('',(52.020654206,13.701570333,12.329399594));
#10824=CARTESIAN_POINT('',(52.018832143,13.688453073,12.334874632));
#10825=CARTESIAN_POINT('',(52.016998777,13.675254391,12.334875));
#10826=CARTESIAN_POINT('',(52.001047037,13.727400123,12.284075));
#10827=CARTESIAN_POINT('',(52.001047065,13.727400122,12.297374175));
#10828=CARTESIAN_POINT('',(52.000978643,13.721915065,12.310591461));
#10829=CARTESIAN_POINT('',(52.000743535,13.703071783,12.329399594));
#10830=CARTESIAN_POINT('',(52.000578295,13.689829582,12.334874632));
#10831=CARTESIAN_POINT('',(52.000412019,13.676505186,12.334875));
#10832=CARTESIAN_POINT('',(51.989560432,13.727269849,12.284075));
#10833=CARTESIAN_POINT('',(51.989560431,13.727269849,12.297374408));
#10834=CARTESIAN_POINT('',(51.989819908,13.721787607,12.310591921));
#10835=CARTESIAN_POINT('',(51.990711305,13.702954087,12.329400125));
#10836=CARTESIAN_POINT('',(51.991337736,13.689718783,12.334874999));
#10837=CARTESIAN_POINT('',(51.991968049,13.676401472,12.334875));
#10838=CARTESIAN_POINT('',(51.954010797,13.723074649,12.284075));
#10839=CARTESIAN_POINT('',(51.954010797,13.723074649,12.297374408));
#10840=CARTESIAN_POINT('',(51.95541675,13.717727702,12.310591921));
#10841=CARTESIAN_POINT('',(51.960246718,13.699358971,12.329400125));
#10842=CARTESIAN_POINT('',(51.96364099,13.686450299,12.334874999));
#10843=CARTESIAN_POINT('',(51.967056293,13.673461644,12.334875));
#10844=CARTESIAN_POINT('',(51.931170145,13.714979484,12.284075));
#10845=CARTESIAN_POINT('',(51.931170134,13.714979478,12.297374366));
#10846=CARTESIAN_POINT('',(51.933316021,13.709891656,12.310591837));
#10847=CARTESIAN_POINT('',(51.940687964,13.692413114,12.329400029));
#10848=CARTESIAN_POINT('',(51.945868625,13.680130021,12.334874932));
#10849=CARTESIAN_POINT('',(51.951081401,13.667770799,12.334875));
#10850=CARTESIAN_POINT('',(51.900972428,13.697297959,12.284075));
#10851=CARTESIAN_POINT('',(51.900972428,13.697297959,12.297374365));
#10852=CARTESIAN_POINT('',(51.904048972,13.69275506,12.310591836));
#10853=CARTESIAN_POINT('',(51.914618039,13.677148514,12.329400027));
#10854=CARTESIAN_POINT('',(51.922045482,13.666180969,12.334874931));
#10855=CARTESIAN_POINT('',(51.929518961,13.655145446,12.334875));
#10856=CARTESIAN_POINT('',(51.891387521,13.690332393,12.284075));
#10857=CARTESIAN_POINT('',(51.891387521,13.690332393,12.297374408));
#10858=CARTESIAN_POINT('',(51.894771975,13.686012767,12.31059192));
#10859=CARTESIAN_POINT('',(51.906398822,13.671173261,12.329400124));
#10860=CARTESIAN_POINT('',(51.914569618,13.660744761,12.334874998));
#10861=CARTESIAN_POINT('',(51.922791041,13.650251646,12.334875));
#10862=CARTESIAN_POINT('',(51.880932314,13.680924681,12.284075));
#10863=CARTESIAN_POINT('',(51.880932314,13.680924681,12.297374408));
#10864=CARTESIAN_POINT('',(51.884645904,13.676901215,12.31059192));
#10865=CARTESIAN_POINT('',(51.89740345,13.663079126,12.329400124));
#10866=CARTESIAN_POINT('',(51.906368849,13.653365618,12.334874998));
#10867=CARTESIAN_POINT('',(51.915389797,13.643591924,12.334875));
#10868=CARTESIAN_POINT('',(51.879256125,13.679337146,12.284075));
#10869=CARTESIAN_POINT('',(51.879256125,13.679337146,12.297376297));
#10870=CARTESIAN_POINT('',(51.883029102,13.675367829,12.31059564));
#10871=CARTESIAN_POINT('',(51.895990109,13.661732343,12.329404417));
#10872=CARTESIAN_POINT('',(51.905098281,13.652150185,12.334877964));
#10873=CARTESIAN_POINT('',(51.914262063,13.642509505,12.334874998));
#10874=CARTESIAN_POINT('',(51.877882969,13.678016968,12.284075));
#10875=CARTESIAN_POINT('',(51.877882969,13.678016968,12.29737727));
#10876=CARTESIAN_POINT('',(51.881683135,13.674072483,12.310597558));
#10877=CARTESIAN_POINT('',(51.894737257,13.660522601,12.32940663));
#10878=CARTESIAN_POINT('',(51.903910759,13.651000713,12.334879492));
#10879=CARTESIAN_POINT('',(51.913139851,13.641421113,12.334874997));
#10880=B_SPLINE_SURFACE_WITH_KNOTS('',3,3,((#10652,#10653,#10654,#10655,#10656,#10657),(#10658,#10659,#10660,#10661,#10662,#10663),(#10664,#10665,#10666,#10667,#10668,#10669),(#10670,#10671,#10672,#10673,#10674,#10675),(#10676,#10677,#10678,#10679,#10680,#10681),(#10682,#10683,#10684,#10685,#10686,#10687),(#10688,#10689,#10690,#10691,#10692,#10693),(#10694,#10695,#10696,#10697,#10698,#10699),(#10700,#10701,#10702,#10703,#10704,#10705),(#10706,#10707,#10708,#10709,#10710,#10711),(#10712,#10713,#10714,#10715,#10716,#10717),(#10718,#10719,#10720,#10721,#10722,#10723),(#10724,#10725,#10726,#10727,#10728,#10729),(#10730,#10731,#10732,#10733,#10734,#10735),(#10736,#10737,#10738,#10739,#10740,#10741),(#10742,#10743,#10744,#10745,#10746,#10747),(#10748,#10749,#10750,#10751,#10752,#10753),(#10754,#10755,#10756,#10757,#10758,#10759),(#10760,#10761,#10762,#10763,#10764,#10765),(#10766,#10767,#10768,#10769,#10770,#10771),(#10772,#10773,#10774,#10775,#10776,#10777),(#10778,#10779,#10780,#10781,#10782,#10783),(#10784,#10785,#10786,#10787,#10788,#10789),(#10790,#10791,#10792,#10793,#10794,#10795),(#10796,#10797,#10798,#10799,#10800,#10801),(#10802,#10803,#10804,#10805,#10806,#10807),
(#10808,#10809,#10810,#10811,#10812,#10813),(#10814,#10815,#10816,#10817,#10818,#10819),(#10820,#10821,#10822,#10823,#10824,#10825),(#10826,#10827,#10828,#10829,#10830,#10831),(#10832,#10833,#10834,#10835,#10836,#10837),(#10838,#10839,#10840,#10841,#10842,#10843),(#10844,#10845,#10846,#10847,#10848,#10849),(#10850,#10851,#10852,#10853,#10854,#10855),(#10856,#10857,#10858,#10859,#10860,#10861),(#10862,#10863,#10864,#10865,#10866,#10867),(#10868,#10869,#10870,#10871,#10872,#10873),(#10874,#10875,#10876,#10877,#10878,#10879)),.UNSPECIFIED.,.F.,.F.,.U.,(4,2,2,2,2,2,2,2,2,2,2,2,2,2,2,2,2,2,4),(4,2,4),(-0.000050189,-0.000047076,-0.000043964,-0.00003774,-0.000025292,-0.000012844,-0.000000395,0.000049398,0.000074294,0.000099191,0.000148984,0.000173881,0.000186329,0.000198778,0.000223674,0.000248571,0.000298364,0.000323261,0.000327881),(0.,0.5,1.),.UNSPECIFIED.);
#10881=CARTESIAN_POINT('',(51.913130262,13.641439661,12.284075));
#10882=DIRECTION('',(-0.717580692,-0.696475377,-0.));
#10883=DIRECTION('',(-0.696475377,0.717580692,0.));
#10884=AXIS2_PLACEMENT_3D('',#10881,#10882,#10883);
#10885=CIRCLE('',#10884,0.0508);
#10886=EDGE_CURVE('',#10132,#9968,#10885,.T.);
#10887=ORIENTED_EDGE('',*,*,#10886,.F.);
#10888=ORIENTED_EDGE('',*,*,#10147,.F.);
#10889=CARTESIAN_POINT('',(52.084227743,13.4721069,12.284075));
#10890=DIRECTION('',(-0.707106781,-0.707106781,0.));
#10891=DIRECTION('',(0.707106781,-0.707106781,0.));
#10892=AXIS2_PLACEMENT_3D('',#10889,#10890,#10891);
#10893=CIRCLE('',#10892,0.0508);
#10894=EDGE_CURVE('',#9960,#10130,#10893,.T.);
#10895=ORIENTED_EDGE('',*,*,#10894,.F.);
#10896=ORIENTED_EDGE('',*,*,#10117,.F.);
#10897=EDGE_LOOP('',(#10887,#10888,#10895,#10896));
#10898=FACE_BOUND('',#10897,.T.);
#10899=ADVANCED_FACE('',(#10898),#10880,.T.);
#10900=CARTESIAN_POINT('',(52.084227743,13.4721069,12.334875));
#10901=CARTESIAN_POINT('',(52.093631845,13.462702798,12.334875));
#10902=CARTESIAN_POINT('',(52.102978039,13.453356605,12.329400127));
#10903=CARTESIAN_POINT('',(52.116277448,13.440057196,12.310591922));
#10904=CARTESIAN_POINT('',(52.120148768,13.436185876,12.297374409));
#10905=CARTESIAN_POINT('',(52.120148768,13.436185876,12.284075));
#10906=CARTESIAN_POINT('',(52.083019557,13.470898714,12.334875));
#10907=CARTESIAN_POINT('',(52.092423659,13.461494611,12.334875));
#10908=CARTESIAN_POINT('',(52.101769852,13.452148418,12.329400127));
#10909=CARTESIAN_POINT('',(52.115069261,13.438849009,12.310591922));
#10910=CARTESIAN_POINT('',(52.118940581,13.434977689,12.297374409));
#10911=CARTESIAN_POINT('',(52.118940581,13.434977689,12.284075));
#10912=CARTESIAN_POINT('',(52.081789492,13.469716156,12.334875));
#10913=CARTESIAN_POINT('',(52.090943618,13.460066933,12.334874999));
#10914=CARTESIAN_POINT('',(52.100041373,13.450477129,12.329400125));
#10915=CARTESIAN_POINT('',(52.112987261,13.436831068,12.310591921));
#10916=CARTESIAN_POINT('',(52.116755674,13.432858841,12.297374408));
#10917=CARTESIAN_POINT('',(52.116755674,13.432858841,12.284075));
#10918=CARTESIAN_POINT('',(52.079285176,13.467402807,12.334875));
#10919=CARTESIAN_POINT('',(52.088179541,13.457513632,12.334874999));
#10920=CARTESIAN_POINT('',(52.097019135,13.447685353,12.329400125));
#10921=CARTESIAN_POINT('',(52.109597666,13.433699948,12.310591921));
#10922=CARTESIAN_POINT('',(52.113259146,13.429628942,12.297374408));
#10923=CARTESIAN_POINT('',(52.113259146,13.429628942,12.284075));
#10924=CARTESIAN_POINT('',(52.078010928,13.46627201,12.334875));
#10925=CARTESIAN_POINT('',(52.086772247,13.456264743,12.334874998));
#10926=CARTESIAN_POINT('',(52.095479615,13.446319101,12.329400124));
#10927=CARTESIAN_POINT('',(52.10786999,13.43216669,12.31059192));
#10928=CARTESIAN_POINT('',(52.1114767,13.42804707,12.297374408));
#10929=CARTESIAN_POINT('',(52.1114767,13.42804707,12.284075));
#10930=CARTESIAN_POINT('',(52.074121391,13.462957866,12.334875));
#10931=CARTESIAN_POINT('',(52.082475187,13.452603363,12.334874998));
#10932=CARTESIAN_POINT('',(52.090777542,13.442312622,12.329400124));
#10933=CARTESIAN_POINT('',(52.102591592,13.427669145,12.31059192));
#10934=CARTESIAN_POINT('',(52.10603054,13.423406581,12.297374408));
#10935=CARTESIAN_POINT('',(52.10603054,13.423406581,12.284075));
#10936=CARTESIAN_POINT('',(52.071439266,13.460852816,12.334875));
#10937=CARTESIAN_POINT('',(52.079510147,13.45027627,12.334875));
#10938=CARTESIAN_POINT('',(52.087531329,13.439764852,12.329400126));
#10939=CARTESIAN_POINT('',(52.098945279,13.424807356,12.310591922));
#10940=CARTESIAN_POINT('',(52.102267762,13.420453385,12.297374409));
#10941=CARTESIAN_POINT('',(52.102267762,13.420453385,12.284075));
#10942=CARTESIAN_POINT('',(52.063122985,13.454853856,12.334875));
#10943=CARTESIAN_POINT('',(52.070322732,13.443648915,12.334875));
#10944=CARTESIAN_POINT('',(52.077478145,13.432512974,12.329400126));
#10945=CARTESIAN_POINT('',(52.087660126,13.416666796,12.310591922));
#10946=CARTESIAN_POINT('',(52.090623995,13.412054137,12.297374409));
#10947=CARTESIAN_POINT('',(52.090623994,13.412054137,12.284075));
#10948=CARTESIAN_POINT('',(52.057175367,13.451262201,12.334875));
#10949=CARTESIAN_POINT('',(52.063761131,13.439688954,12.334874957));
#10950=CARTESIAN_POINT('',(52.070306334,13.42818699,12.329400065));
#10951=CARTESIAN_POINT('',(52.079620003,13.411819978,12.310591869));
#10952=CARTESIAN_POINT('',(52.082331116,13.407055715,12.297374382));
#10953=CARTESIAN_POINT('',(52.082331121,13.407055718,12.284075));
#10954=CARTESIAN_POINT('',(52.038852253,13.442010253,12.334875));
#10955=CARTESIAN_POINT('',(52.043664078,13.429541286,12.334874957));
#10956=CARTESIAN_POINT('',(52.048446266,13.417149117,12.329400064));
#10957=CARTESIAN_POINT('',(52.055251202,13.399515363,12.310591868));
#10958=CARTESIAN_POINT('',(52.057232046,13.394382363,12.297374381));
#10959=CARTESIAN_POINT('',(52.057232046,13.394382362,12.284075));
#10960=CARTESIAN_POINT('',(52.025506809,13.437916516,12.334875));
#10961=CARTESIAN_POINT('',(52.028442233,13.424856387,12.334874837));
#10962=CARTESIAN_POINT('',(52.031359579,13.411876745,12.329399891));
#10963=CARTESIAN_POINT('',(52.035510911,13.393407053,12.310591718));
#10964=CARTESIAN_POINT('',(52.036719335,13.388030732,12.297374305));
#10965=CARTESIAN_POINT('',(52.036719364,13.388030737,12.284075));
#10966=CARTESIAN_POINT('',(52.005090419,13.435718483,12.334875));
#10967=CARTESIAN_POINT('',(52.005757931,13.422414191,12.334874835));
#10968=CARTESIAN_POINT('',(52.00642133,13.40919189,12.329399888));
#10969=CARTESIAN_POINT('',(52.00736533,13.390376896,12.310591716));
#10970=CARTESIAN_POINT('',(52.007640119,13.384900059,12.297374304));
#10971=CARTESIAN_POINT('',(52.00764012,13.384900059,12.284075));
#10972=CARTESIAN_POINT('',(51.998261737,13.435535958,12.334875));
#10973=CARTESIAN_POINT('',(51.998282553,13.422213267,12.334874983));
#10974=CARTESIAN_POINT('',(51.998303239,13.408972621,12.329400102));
#10975=CARTESIAN_POINT('',(51.998332676,13.390131502,12.310591901));
#10976=CARTESIAN_POINT('',(51.998341244,13.384647049,12.297374398));
#10977=CARTESIAN_POINT('',(51.998341243,13.384647049,12.284075));
#10978=CARTESIAN_POINT('',(51.984555613,13.436326304,12.334875));
#10979=CARTESIAN_POINT('',(51.983003574,13.423094309,12.334874983));
#10980=CARTESIAN_POINT('',(51.981461091,13.409943802,12.329400103));
#10981=CARTESIAN_POINT('',(51.979266173,13.391230948,12.310591902));
#10982=CARTESIAN_POINT('',(51.978627254,13.385783831,12.297374398));
#10983=CARTESIAN_POINT('',(51.978627251,13.385783832,12.284075));
#10984=CARTESIAN_POINT('',(51.977663934,13.43735504,12.334875));
#10985=CARTESIAN_POINT('',(51.975259924,13.424247451,12.334874911));
#10986=CARTESIAN_POINT('',(51.972870728,13.411220611,12.329399997));
#10987=CARTESIAN_POINT('',(51.969470972,13.39268374,12.31059181));
#10988=CARTESIAN_POINT('',(51.968481345,13.387287854,12.297374352));
#10989=CARTESIAN_POINT('',(51.968481356,13.387287852,12.284075));
#10990=CARTESIAN_POINT('',(51.964424014,13.440663944,12.334875));
#10991=CARTESIAN_POINT('',(51.960378855,13.42796651,12.33487491));
#10992=CARTESIAN_POINT('',(51.956358616,13.415347298,12.329399996));
#10993=CARTESIAN_POINT('',(51.950637916,13.397390474,12.310591809));
#10994=CARTESIAN_POINT('',(51.948972681,13.392163435,12.297374352));
#10995=CARTESIAN_POINT('',(51.948972681,13.392163435,12.284075));
#10996=CARTESIAN_POINT('',(51.958005658,13.442956884,12.334875));
#10997=CARTESIAN_POINT('',(51.953063952,13.430593105,12.334874879));
#10998=CARTESIAN_POINT('',(51.94815269,13.418305506,12.329399952));
#10999=CARTESIAN_POINT('',(51.941164081,13.400820566,12.310591771));
#11000=CARTESIAN_POINT('',(51.939129769,13.395730892,12.297374332));
#11001=CARTESIAN_POINT('',(51.93912976,13.395730895,12.284075));
#11002=CARTESIAN_POINT('',(51.945521298,13.448658669,12.334875));
#11003=CARTESIAN_POINT('',(51.939413063,13.43682766,12.334874881));
#11004=CARTESIAN_POINT('',(51.933342456,13.425069549,12.329399954));
#11005=CARTESIAN_POINT('',(51.924704121,13.408338063,12.310591773));
#11006=CARTESIAN_POINT('',(51.922189585,13.403467714,12.297374333));
#11007=CARTESIAN_POINT('',(51.922189566,13.403467723,12.284075));
#11008=CARTESIAN_POINT('',(51.939440314,13.451993996,12.334875));
#11009=CARTESIAN_POINT('',(51.932720224,13.440495496,12.334874979));
#11010=CARTESIAN_POINT('',(51.92604152,13.429067809,12.329400096));
#11011=CARTESIAN_POINT('',(51.916537888,13.412806486,12.310591896));
#11012=CARTESIAN_POINT('',(51.91377148,13.408072984,12.297374396));
#11013=CARTESIAN_POINT('',(51.913771482,13.408072983,12.284075));
#11014=CARTESIAN_POINT('',(51.922312452,13.463266504,12.334875));
#11015=CARTESIAN_POINT('',(51.913818266,13.452935605,12.334874979));
#11016=CARTESIAN_POINT('',(51.90537639,13.442668329,12.329400096));
#11017=CARTESIAN_POINT('',(51.893363805,13.428058244,12.310591896));
#11018=CARTESIAN_POINT('',(51.889867066,13.423805402,12.297374395));
#11019=CARTESIAN_POINT('',(51.889867065,13.423805402,12.284075));
#11020=CARTESIAN_POINT('',(51.911958464,13.472719367,12.334875));
#11021=CARTESIAN_POINT('',(51.902382368,13.463361289,12.334874982));
#11022=CARTESIAN_POINT('',(51.892865247,13.454060841,12.3294001));
#11023=CARTESIAN_POINT('',(51.879322615,13.440826525,12.310591899));
#11024=CARTESIAN_POINT('',(51.875380498,13.436974152,12.297374397));
#11025=CARTESIAN_POINT('',(51.875380501,13.436974149,12.284075));
#11026=CARTESIAN_POINT('',(51.895209946,13.494393836,12.334875));
#11027=CARTESIAN_POINT('',(51.883738845,13.487488109,12.334874981));
#11028=CARTESIAN_POINT('',(51.872338387,13.48062491,12.3294001));
#11029=CARTESIAN_POINT('',(51.85611581,13.470858744,12.310591899));
#11030=CARTESIAN_POINT('',(51.851393588,13.468015915,12.297374397));
#11031=CARTESIAN_POINT('',(51.851393587,13.468015915,12.284075));
#11032=CARTESIAN_POINT('',(51.888696518,13.506686465,12.334875));
#11033=CARTESIAN_POINT('',(51.876544763,13.501045759,12.33487489));
#11034=CARTESIAN_POINT('',(51.864467879,13.495439796,12.329399967));
#11035=CARTESIAN_POINT('',(51.847282785,13.487462633,12.310591784));
#11036=CARTESIAN_POINT('',(51.842280395,13.485140555,12.297374339));
#11037=CARTESIAN_POINT('',(51.842280404,13.485140532,12.284075));
#11038=CARTESIAN_POINT('',(51.880265949,13.532673772,12.334875));
#11039=CARTESIAN_POINT('',(51.867117068,13.530106715,12.334874887));
#11040=CARTESIAN_POINT('',(51.8540492,13.527555476,12.329399963));
#11041=CARTESIAN_POINT('',(51.835453951,13.523925129,12.310591781));
#11042=CARTESIAN_POINT('',(51.830041075,13.522868376,12.297374337));
#11043=CARTESIAN_POINT('',(51.830041073,13.522868379,12.284075));
#11044=CARTESIAN_POINT('',(51.878507145,13.546415357,12.334875));
#11045=CARTESIAN_POINT('',(51.865191531,13.545327966,12.334874712));
#11046=CARTESIAN_POINT('',(51.851958026,13.544247259,12.32939971));
#11047=CARTESIAN_POINT('',(51.83312711,13.542709401,12.310591561));
#11048=CARTESIAN_POINT('',(51.827645649,13.542261719,12.297374225));
#11049=CARTESIAN_POINT('',(51.82764565,13.542261669,12.284075));
#11050=CARTESIAN_POINT('',(51.878887027,13.57376086,12.334875));
#11051=CARTESIAN_POINT('',(51.865606753,13.575217279,12.334874708));
#11052=CARTESIAN_POINT('',(51.852408372,13.576664719,12.329399703));
#11053=CARTESIAN_POINT('',(51.833627433,13.578724391,12.310591556));
#11054=CARTESIAN_POINT('',(51.828160518,13.57932394,12.297374223));
#11055=CARTESIAN_POINT('',(51.828160516,13.579323946,12.284075));
#11056=CARTESIAN_POINT('',(51.881142525,13.587554447,12.334875));
#11057=CARTESIAN_POINT('',(51.868094659,13.590663947,12.334874989));
#11058=CARTESIAN_POINT('',(51.855127143,13.593754298,12.329400111));
#11059=CARTESIAN_POINT('',(51.836674679,13.598151791,12.310591909));
#11060=CARTESIAN_POINT('',(51.831303359,13.599431854,12.297374402));
#11061=CARTESIAN_POINT('',(51.831303358,13.599431851,12.284075));
#11062=CARTESIAN_POINT('',(51.888417641,13.606630668,12.334875));
#11063=CARTESIAN_POINT('',(51.876301979,13.612184518,12.334874989));
#11064=CARTESIAN_POINT('',(51.864260926,13.617704166,12.329400111));
#11065=CARTESIAN_POINT('',(51.847126799,13.625558492,12.310591909));
#11066=CARTESIAN_POINT('',(51.842139233,13.627844805,12.297374402));
#11067=CARTESIAN_POINT('',(51.842139233,13.627844805,12.284075));
#11068=CARTESIAN_POINT('',(51.891408651,13.612714268,12.334875));
#11069=CARTESIAN_POINT('',(51.879603455,13.618890358,12.334874959));
#11070=CARTESIAN_POINT('',(51.867870968,13.625028411,12.329400068));
#11071=CARTESIAN_POINT('',(51.851175925,13.63376271,12.310591871));
#11072=CARTESIAN_POINT('',(51.846316175,13.636305174,12.297374383));
#11073=CARTESIAN_POINT('',(51.846316175,13.636305175,12.284075));
#11074=CARTESIAN_POINT('',(51.898427858,13.624377247,12.334875));
#11075=CARTESIAN_POINT('',(51.887443275,13.631916851,12.33487496));
#11076=CARTESIAN_POINT('',(51.876526347,13.639410021,12.329400068));
#11077=CARTESIAN_POINT('',(51.860991828,13.650072624,12.310591872));
#11078=CARTESIAN_POINT('',(51.856469895,13.653176398,12.297374383));
#11079=CARTESIAN_POINT('',(51.856469898,13.653176403,12.284075));
#11080=CARTESIAN_POINT('',(51.902539783,13.629983385,12.334875));
#11081=CARTESIAN_POINT('',(51.892053193,13.638201955,12.334874989));
#11082=CARTESIAN_POINT('',(51.881631181,13.646369913,12.32940011));
#11083=CARTESIAN_POINT('',(51.866800909,13.65799272,12.310591908));
#11084=CARTESIAN_POINT('',(51.862483971,13.661375998,12.297374402));
#11085=CARTESIAN_POINT('',(51.86248397,13.661375996,12.284075));
#11086=CARTESIAN_POINT('',(51.909015913,13.637296305,12.334875));
#11087=CARTESIAN_POINT('',(51.899286127,13.646369466,12.334874989));
#11088=CARTESIAN_POINT('',(51.889616258,13.655386753,12.32940011));
#11089=CARTESIAN_POINT('',(51.875856268,13.668218135,12.310591908));
#11090=CARTESIAN_POINT('',(51.871850878,13.671953216,12.297374402));
#11091=CARTESIAN_POINT('',(51.871850878,13.671953216,12.284075));
#11092=CARTESIAN_POINT('',(51.911052317,13.639388984,12.334875));
#11093=CARTESIAN_POINT('',(51.901668889,13.648811431,12.334874997));
#11094=CARTESIAN_POINT('',(51.892343244,13.658175855,12.329400122));
#11095=CARTESIAN_POINT('',(51.879073075,13.671501205,12.310591918));
#11096=CARTESIAN_POINT('',(51.875210266,13.675380076,12.297374407));
#11097=CARTESIAN_POINT('',(51.875210266,13.675380076,12.284075));
#11098=CARTESIAN_POINT('',(51.913133621,13.641436265,12.334875));
#11099=CARTESIAN_POINT('',(51.903845744,13.650954496,12.334874999));
#11100=CARTESIAN_POINT('',(51.894615061,13.660414115,12.329400126));
#11101=CARTESIAN_POINT('',(51.88148002,13.673874926,12.310591921));
#11102=CARTESIAN_POINT('',(51.877656545,13.677793229,12.297374409));
#11103=CARTESIAN_POINT('',(51.877656545,13.677793229,12.284075));
#11104=B_SPLINE_SURFACE_WITH_KNOTS('',3,3,((#10900,#10901,#10902,#10903,#10904,#10905),(#10906,#10907,#10908,#10909,#10910,#10911),(#10912,#10913,#10914,#10915,#10916,#10917),(#10918,#10919,#10920,#10921,#10922,#10923),(#10924,#10925,#10926,#10927,#10928,#10929),(#10930,#10931,#10932,#10933,#10934,#10935),(#10936,#10937,#10938,#10939,#10940,#10941),(#10942,#10943,#10944,#10945,#10946,#10947),(#10948,#10949,#10950,#10951,#10952,#10953),(#10954,#10955,#10956,#10957,#10958,#10959),(#10960,#10961,#10962,#10963,#10964,#10965),(#10966,#10967,#10968,#10969,#10970,#10971),(#10972,#10973,#10974,#10975,#10976,#10977),(#10978,#10979,#10980,#10981,#10982,#10983),(#10984,#10985,#10986,#10987,#10988,#10989),(#10990,#10991,#10992,#10993,#10994,#10995),(#10996,#10997,#10998,#10999,#11000,#11001),(#11002,#11003,#11004,#11005,#11006,#11007),(#11008,#11009,#11010,#11011,#11012,#11013),(#11014,#11015,#11016,#11017,#11018,#11019),(#11020,#11021,#11022,#11023,#11024,#11025),(#11026,#11027,#11028,#11029,#11030,#11031),(#11032,#11033,#11034,#11035,#11036,#11037),(#11038,#11039,#11040,#11041,#11042,#11043),(#11044,#11045,#11046,#11047,#11048,#11049),(#11050,#11051,#11052,#11053,#11054,#11055),
(#11056,#11057,#11058,#11059,#11060,#11061),(#11062,#11063,#11064,#11065,#11066,#11067),(#11068,#11069,#11070,#11071,#11072,#11073),(#11074,#11075,#11076,#11077,#11078,#11079),(#11080,#11081,#11082,#11083,#11084,#11085),(#11086,#11087,#11088,#11089,#11090,#11091),(#11092,#11093,#11094,#11095,#11096,#11097),(#11098,#11099,#11100,#11101,#11102,#11103)),.UNSPECIFIED.,.F.,.F.,.U.,(4,2,2,2,2,2,2,2,2,2,2,2,2,2,2,2,4),(4,2,4),(-0.00010956,-0.000104452,-0.000099344,-0.000089127,-0.000068695,-0.000027829,-0.000007397,0.000013036,0.000033469,0.000053901,0.000094767,0.000135632,0.000176498,0.000217363,0.000237796,0.000258228,0.000266966),(0.,0.5,1.),.UNSPECIFIED.);
#11105=ORIENTED_EDGE('',*,*,#10894,.T.);
#11106=ORIENTED_EDGE('',*,*,#10163,.F.);
#11107=ORIENTED_EDGE('',*,*,#10886,.T.);
#11108=ORIENTED_EDGE('',*,*,#10016,.F.);
#11109=EDGE_LOOP('',(#11105,#11106,#11107,#11108));
#11110=FACE_BOUND('',#11109,.T.);
#11111=ADVANCED_FACE('',(#11110),#11104,.T.);
#11112=CARTESIAN_POINT('',(52.249566725,20.04879493,12.334875));
#11113=CARTESIAN_POINT('',(52.240162622,20.058199032,12.334875));
#11114=CARTESIAN_POINT('',(52.230816429,20.067545225,12.329400127));
#11115=CARTESIAN_POINT('',(52.21751702,20.080844634,12.310591922));
#11116=CARTESIAN_POINT('',(52.2136457,20.084715954,12.297374409));
#11117=CARTESIAN_POINT('',(52.2136457,20.084715954,12.284075));
#11118=CARTESIAN_POINT('',(52.269321877,20.068550082,12.334875));
#11119=CARTESIAN_POINT('',(52.262368252,20.080404662,12.334875));
#11120=CARTESIAN_POINT('',(52.255457447,20.092186243,12.329400127));
#11121=CARTESIAN_POINT('',(52.245623537,20.10895115,12.310591922));
#11122=CARTESIAN_POINT('',(52.242760987,20.113831241,12.297374409));
#11123=CARTESIAN_POINT('',(52.242760987,20.113831241,12.284075));
#11124=CARTESIAN_POINT('',(52.297742359,20.08103537,12.334875));
#11125=CARTESIAN_POINT('',(52.293829053,20.094117593,12.334874996));
#11126=CARTESIAN_POINT('',(52.289939844,20.107119255,12.329400121));
#11127=CARTESIAN_POINT('',(52.284405593,20.125620309,12.310591918));
#11128=CARTESIAN_POINT('',(52.282794629,20.131005773,12.297374407));
#11129=CARTESIAN_POINT('',(52.282794627,20.131005773,12.284075));
#11130=CARTESIAN_POINT('',(52.356063106,20.084653069,12.334875));
#11131=CARTESIAN_POINT('',(52.358329627,20.098118633,12.334874996));
#11132=CARTESIAN_POINT('',(52.360582192,20.111501277,12.329400121));
#11133=CARTESIAN_POINT('',(52.363787538,20.130544457,12.310591917));
#11134=CARTESIAN_POINT('',(52.364720581,20.136087729,12.297374406));
#11135=CARTESIAN_POINT('',(52.364720581,20.136087729,12.284075));
#11136=CARTESIAN_POINT('',(52.38568671,20.076670087,12.334875));
#11137=CARTESIAN_POINT('',(52.390728364,20.089472203,12.334874999));
#11138=CARTESIAN_POINT('',(52.395738971,20.102195486,12.329400125));
#11139=CARTESIAN_POINT('',(52.402868946,20.120300412,12.310591921));
#11140=CARTESIAN_POINT('',(52.404944408,20.125570568,12.297374408));
#11141=CARTESIAN_POINT('',(52.404944407,20.125570568,12.284075));
#11142=CARTESIAN_POINT('',(52.42092987,20.050736628,12.334875));
#11143=CARTESIAN_POINT('',(52.430232438,20.060403377,12.334874999));
#11144=CARTESIAN_POINT('',(52.439477722,20.070010599,12.329400125));
#11145=CARTESIAN_POINT('',(52.45263354,20.083681446,12.310591921));
#11146=CARTESIAN_POINT('',(52.456463062,20.087660888,12.297374408));
#11147=CARTESIAN_POINT('',(52.456463062,20.087660888,12.284075));
#11148=CARTESIAN_POINT('',(52.4308651,20.039680973,12.334875));
#11149=CARTESIAN_POINT('',(52.441344566,20.048027071,12.33487493));
#11150=CARTESIAN_POINT('',(52.451759476,20.056321762,12.329400025));
#11151=CARTESIAN_POINT('',(52.466579631,20.068124909,12.310591834));
#11152=CARTESIAN_POINT('',(52.470893617,20.071560685,12.297374364));
#11153=CARTESIAN_POINT('',(52.47089361,20.071560695,12.284075));
#11154=CARTESIAN_POINT('',(52.442269941,20.021155089,12.334875));
#11155=CARTESIAN_POINT('',(52.454018237,20.027440115,12.334874929));
#11156=CARTESIAN_POINT('',(52.465694164,20.033686424,12.329400025));
#11157=CARTESIAN_POINT('',(52.482308721,20.042574767,12.310591834));
#11158=CARTESIAN_POINT('',(52.487145041,20.045162068,12.297374364));
#11159=CARTESIAN_POINT('',(52.487145042,20.045162067,12.284075));
#11160=CARTESIAN_POINT('',(52.445536662,20.014678811,12.334875));
#11161=CARTESIAN_POINT('',(52.457583679,20.020390614,12.334874993));
#11162=CARTESIAN_POINT('',(52.469556511,20.026067242,12.329400117));
#11163=CARTESIAN_POINT('',(52.486593561,20.034144948,12.310591914));
#11164=CARTESIAN_POINT('',(52.49155287,20.036496284,12.297374405));
#11165=CARTESIAN_POINT('',(52.49155287,20.036496284,12.284075));
#11166=CARTESIAN_POINT('',(52.450860182,20.001045432,12.334875));
#11167=CARTESIAN_POINT('',(52.463590064,20.005008437,12.334874993));
#11168=CARTESIAN_POINT('',(52.476241555,20.008947037,12.329400117));
#11169=CARTESIAN_POINT('',(52.494244323,20.01455157,12.310591914));
#11170=CARTESIAN_POINT('',(52.499484742,20.01618299,12.297374405));
#11171=CARTESIAN_POINT('',(52.499484743,20.016182988,12.284075));
#11172=CARTESIAN_POINT('',(52.452775468,19.993985293,12.334875));
#11173=CARTESIAN_POINT('',(52.465741192,19.997057148,12.334874212));
#11174=CARTESIAN_POINT('',(52.478626767,20.000110035,12.329398987));
#11175=CARTESIAN_POINT('',(52.496962516,20.004454232,12.310590934));
#11176=CARTESIAN_POINT('',(52.502299797,20.005718795,12.297373907));
#11177=CARTESIAN_POINT('',(52.502299789,20.005718841,12.284075));
#11178=CARTESIAN_POINT('',(52.45645718,19.972596405,12.334875));
#11179=CARTESIAN_POINT('',(52.469844427,19.97321943,12.334874213));
#11180=CARTESIAN_POINT('',(52.48314893,19.973838562,12.329398987));
#11181=CARTESIAN_POINT('',(52.502080818,19.974719486,12.310590935));
#11182=CARTESIAN_POINT('',(52.507591642,19.974975854,12.297373908));
#11183=CARTESIAN_POINT('',(52.507591659,19.974975755,12.284075));
#11184=CARTESIAN_POINT('',(52.456459663,19.957747634,12.334875));
#11185=CARTESIAN_POINT('',(52.469840583,19.957158804,12.334874482));
#11186=CARTESIAN_POINT('',(52.483138903,19.956573629,12.329399377));
#11187=CARTESIAN_POINT('',(52.502062026,19.955740979,12.310591273));
#11188=CARTESIAN_POINT('',(52.507570316,19.955498632,12.297374079));
#11189=CARTESIAN_POINT('',(52.507570325,19.955498677,12.284075));
#11190=CARTESIAN_POINT('',(52.452931587,19.936297555,12.334875));
#11191=CARTESIAN_POINT('',(52.465925323,19.933354705,12.334874485));
#11192=CARTESIAN_POINT('',(52.478838843,19.930430003,12.329399381));
#11193=CARTESIAN_POINT('',(52.497214393,19.9262682,12.310591276));
#11194=CARTESIAN_POINT('',(52.502563281,19.925056725,12.297374081));
#11195=CARTESIAN_POINT('',(52.502563272,19.925056679,12.284075));
#11196=CARTESIAN_POINT('',(52.451076978,19.929159143,12.334875));
#11197=CARTESIAN_POINT('',(52.463854691,19.92537094,12.334874982));
#11198=CARTESIAN_POINT('',(52.476553714,19.921606066,12.3294001));
#11199=CARTESIAN_POINT('',(52.494624119,19.916248746,12.310591899));
#11200=CARTESIAN_POINT('',(52.499884225,19.914689287,12.297374397));
#11201=CARTESIAN_POINT('',(52.499884226,19.91468929,12.284075));
#11202=CARTESIAN_POINT('',(52.446041921,19.915496677,12.334875));
#11203=CARTESIAN_POINT('',(52.458222102,19.910087092,12.334874981));
#11204=CARTESIAN_POINT('',(52.470327274,19.904710821,12.3294001));
#11205=CARTESIAN_POINT('',(52.487552641,19.897060518,12.310591899));
#11206=CARTESIAN_POINT('',(52.492566766,19.894833595,12.297374397));
#11207=CARTESIAN_POINT('',(52.492566766,19.894833596,12.284075));
#11208=CARTESIAN_POINT('',(52.442931768,19.908967251,12.334875));
#11209=CARTESIAN_POINT('',(52.45483057,19.902978647,12.334874936));
#11210=CARTESIAN_POINT('',(52.466656078,19.897026931,12.329400034));
#11211=CARTESIAN_POINT('',(52.483483485,19.888557786,12.310591842));
#11212=CARTESIAN_POINT('',(52.488381765,19.886092508,12.297374368));
#11213=CARTESIAN_POINT('',(52.488381765,19.886092508,12.284075));
#11214=CARTESIAN_POINT('',(52.43569882,19.896424108,12.334875));
#11215=CARTESIAN_POINT('',(52.446842251,19.889125564,12.334874937));
#11216=CARTESIAN_POINT('',(52.457917041,19.881871975,12.329400035));
#11217=CARTESIAN_POINT('',(52.47367619,19.871550292,12.310591843));
#11218=CARTESIAN_POINT('',(52.478263508,19.868545756,12.297374369));
#11219=CARTESIAN_POINT('',(52.478263505,19.86854575,12.284075));
#11220=CARTESIAN_POINT('',(52.431485019,19.890385602,12.334875));
#11221=CARTESIAN_POINT('',(52.442165958,19.882421862,12.334874999));
#11222=CARTESIAN_POINT('',(52.452781125,19.874507162,12.329400125));
#11223=CARTESIAN_POINT('',(52.467886253,19.863244734,12.31059192));
#11224=CARTESIAN_POINT('',(52.4722832,19.859966358,12.297374408));
#11225=CARTESIAN_POINT('',(52.4722832,19.859966358,12.284075));
#11226=CARTESIAN_POINT('',(52.42487931,19.882547187,12.334875));
#11227=CARTESIAN_POINT('',(52.434841678,19.873730781,12.334874998));
#11228=CARTESIAN_POINT('',(52.444742698,19.864968666,12.329400125));
#11229=CARTESIAN_POINT('',(52.458831613,19.852500386,12.31059192));
#11230=CARTESIAN_POINT('',(52.462932749,19.848870999,12.297374408));
#11231=CARTESIAN_POINT('',(52.462932749,19.848871,12.284075));
#11232=CARTESIAN_POINT('',(52.422874058,19.88038053,12.334875));
#11233=CARTESIAN_POINT('',(52.432553368,19.8712617,12.334874999));
#11234=CARTESIAN_POINT('',(52.442173075,19.862199024,12.329400126));
#11235=CARTESIAN_POINT('',(52.455861686,19.849303052,12.310591922));
#11236=CARTESIAN_POINT('',(52.459846299,19.845549169,12.297374409));
#11237=CARTESIAN_POINT('',(52.459846299,19.845549169,12.284075));
#11238=CARTESIAN_POINT('',(52.420831972,19.878249176,12.334875));
#11239=CARTESIAN_POINT('',(52.430411763,19.869024893,12.334875));
#11240=CARTESIAN_POINT('',(52.439932564,19.859857412,12.329400127));
#11241=CARTESIAN_POINT('',(52.453480434,19.846812305,12.310591922));
#11242=CARTESIAN_POINT('',(52.457424079,19.84301501,12.297374409));
#11243=CARTESIAN_POINT('',(52.457424079,19.84301501,12.284075));
#11244=B_SPLINE_SURFACE_WITH_KNOTS('',3,3,((#11112,#11113,#11114,#11115,#11116,#11117),(#11118,#11119,#11120,#11121,#11122,#11123),(#11124,#11125,#11126,#11127,#11128,#11129),(#11130,#11131,#11132,#11133,#11134,#11135),(#11136,#11137,#11138,#11139,#11140,#11141),(#11142,#11143,#11144,#11145,#11146,#11147),(#11148,#11149,#11150,#11151,#11152,#11153),(#11154,#11155,#11156,#11157,#11158,#11159),(#11160,#11161,#11162,#11163,#11164,#11165),(#11166,#11167,#11168,#11169,#11170,#11171),(#11172,#11173,#11174,#11175,#11176,#11177),(#11178,#11179,#11180,#11181,#11182,#11183),(#11184,#11185,#11186,#11187,#11188,#11189),(#11190,#11191,#11192,#11193,#11194,#11195),(#11196,#11197,#11198,#11199,#11200,#11201),(#11202,#11203,#11204,#11205,#11206,#11207),(#11208,#11209,#11210,#11211,#11212,#11213),(#11214,#11215,#11216,#11217,#11218,#11219),(#11220,#11221,#11222,#11223,#11224,#11225),(#11226,#11227,#11228,#11229,#11230,#11231),(#11232,#11233,#11234,#11235,#11236,#11237),(#11238,#11239,#11240,#11241,#11242,#11243)),.UNSPECIFIED.,.F.,.F.,.U.,(4,2,2,2,2,2,2,2,2,2,4),(4,2,4),(-0.000040045,0.000046794,0.000133634,0.000177053,0.000198763,0.000220473,0.000263892,0.000285602,0.000307312,0.000329022,0.000337827),(0.,0.5,1.),.UNSPECIFIED.);
#11245=CARTESIAN_POINT('',(52.249566725,20.04879493,12.284075));
#11246=DIRECTION('',(-0.707106781,-0.707106781,-0.));
#11247=DIRECTION('',(-0.707106781,0.707106781,0.));
#11248=AXIS2_PLACEMENT_3D('',#11245,#11246,#11247);
#11249=CIRCLE('',#11248,0.0508);
#11250=EDGE_CURVE('',#9656,#9510,#11249,.T.);
#11251=ORIENTED_EDGE('',*,*,#11250,.F.);
#11252=ORIENTED_EDGE('',*,*,#9671,.F.);
#11253=CARTESIAN_POINT('',(52.420977195,19.878390018,12.284075));
#11254=DIRECTION('',(-0.696475377,-0.717580692,0.));
#11255=DIRECTION('',(0.717580692,-0.696475377,0.));
#11256=AXIS2_PLACEMENT_3D('',#11253,#11254,#11255);
#11257=CIRCLE('',#11256,0.0508);
#11258=EDGE_CURVE('',#9502,#9654,#11257,.T.);
#11259=ORIENTED_EDGE('',*,*,#11258,.F.);
#11260=ORIENTED_EDGE('',*,*,#9641,.F.);
#11261=EDGE_LOOP('',(#11251,#11252,#11259,#11260));
#11262=FACE_BOUND('',#11261,.T.);
#11263=ADVANCED_FACE('',(#11262),#11244,.T.);
#11264=CARTESIAN_POINT('',(52.420977195,19.878390018,12.334875));
#11265=CARTESIAN_POINT('',(52.430520595,19.869127308,12.334875));
#11266=CARTESIAN_POINT('',(52.440005227,19.859921635,12.329400127));
#11267=CARTESIAN_POINT('',(52.453501631,19.846822184,12.310591922));
#11268=CARTESIAN_POINT('',(52.457430295,19.843009069,12.297374409));
#11269=CARTESIAN_POINT('',(52.457430295,19.843009069,12.284075));
#11270=CARTESIAN_POINT('',(52.403556235,19.860441151,12.334875));
#11271=CARTESIAN_POINT('',(52.411034413,19.849050636,12.334875));
#11272=CARTESIAN_POINT('',(52.418466541,19.837730262,12.329400127));
#11273=CARTESIAN_POINT('',(52.429042281,19.821621641,12.310591922));
#11274=CARTESIAN_POINT('',(52.432120769,19.816932588,12.297374409));
#11275=CARTESIAN_POINT('',(52.432120769,19.816932588,12.284075));
#11276=CARTESIAN_POINT('',(52.37980797,19.848122454,12.334875));
#11277=CARTESIAN_POINT('',(52.384728859,19.835442531,12.334874912));
#11278=CARTESIAN_POINT('',(52.389619444,19.822840724,12.329399999));
#11279=CARTESIAN_POINT('',(52.396578648,19.804908672,12.310591812));
#11280=CARTESIAN_POINT('',(52.398604414,19.799688848,12.297374353));
#11281=CARTESIAN_POINT('',(52.398604441,19.799688855,12.284075));
#11282=CARTESIAN_POINT('',(52.342305149,19.842105454,12.334875));
#11283=CARTESIAN_POINT('',(52.343004882,19.828748284,12.334874909));
#11284=CARTESIAN_POINT('',(52.343700304,19.815473402,12.329399995));
#11285=CARTESIAN_POINT('',(52.344689872,19.796583575,12.310591808));
#11286=CARTESIAN_POINT('',(52.344977925,19.791084949,12.297374351));
#11287=CARTESIAN_POINT('',(52.344977924,19.791084948,12.284075));
#11288=CARTESIAN_POINT('',(52.32952658,19.841973467,12.334875));
#11289=CARTESIAN_POINT('',(52.328966314,19.828602211,12.334874981));
#11290=CARTESIAN_POINT('',(52.328409501,19.815313301,12.3294001));
#11291=CARTESIAN_POINT('',(52.327617173,19.796403502,12.310591899));
#11292=CARTESIAN_POINT('',(52.327386537,19.790899057,12.297374397));
#11293=CARTESIAN_POINT('',(52.327386541,19.790899057,12.284075));
#11294=CARTESIAN_POINT('',(52.304465172,19.8458561,12.334875));
#11295=CARTESIAN_POINT('',(52.300953205,19.832942137,12.334874981));
#11296=CARTESIAN_POINT('',(52.297462865,19.820107703,12.329400099));
#11297=CARTESIAN_POINT('',(52.292496197,19.801844613,12.310591898));
#11298=CARTESIAN_POINT('',(52.291050452,19.796528418,12.297374397));
#11299=CARTESIAN_POINT('',(52.291050453,19.796528418,12.284075));
#11300=CARTESIAN_POINT('',(52.292516492,19.849931607,12.334875));
#11301=CARTESIAN_POINT('',(52.287636079,19.837493351,12.334874998));
#11302=CARTESIAN_POINT('',(52.282785719,19.825131688,12.329400124));
#11303=CARTESIAN_POINT('',(52.275883773,19.807541338,12.31059192));
#11304=CARTESIAN_POINT('',(52.273874689,19.80242097,12.297374408));
#11305=CARTESIAN_POINT('',(52.273874689,19.80242097,12.284075));
#11306=CARTESIAN_POINT('',(52.269796781,19.861481784,12.334875));
#11307=CARTESIAN_POINT('',(52.262623211,19.850209316,12.334874998));
#11308=CARTESIAN_POINT('',(52.255493815,19.839006262,12.329400124));
#11309=CARTESIAN_POINT('',(52.245348856,19.823064586,12.31059192));
#11310=CARTESIAN_POINT('',(52.242395763,19.81842413,12.297374408));
#11311=CARTESIAN_POINT('',(52.242395763,19.81842413,12.284075));
#11312=CARTESIAN_POINT('',(52.259434096,19.868893515,12.334875));
#11313=CARTESIAN_POINT('',(52.250998925,19.858503542,12.334874934));
#11314=CARTESIAN_POINT('',(52.242615713,19.848177568,12.329400031));
#11315=CARTESIAN_POINT('',(52.230686612,19.833483961,12.310591839));
#11316=CARTESIAN_POINT('',(52.227214178,19.829206807,12.297374367));
#11317=CARTESIAN_POINT('',(52.22721418,19.829206804,12.284075));
#11318=CARTESIAN_POINT('',(52.241791725,19.886833355,12.334875));
#11319=CARTESIAN_POINT('',(52.231262173,19.878573074,12.334874935));
#11320=CARTESIAN_POINT('',(52.220797478,19.870363679,12.329400032));
#11321=CARTESIAN_POINT('',(52.205906469,19.85868192,12.31059184));
#11322=CARTESIAN_POINT('',(52.20157185,19.85528149,12.297374367));
#11323=CARTESIAN_POINT('',(52.201571842,19.855281499,12.284075));
#11324=CARTESIAN_POINT('',(52.234235582,19.897233231,12.334875));
#11325=CARTESIAN_POINT('',(52.223075512,19.889905764,12.334874973));
#11326=CARTESIAN_POINT('',(52.211984172,19.882623423,12.329400087));
#11327=CARTESIAN_POINT('',(52.196201466,19.872260828,12.310591888));
#11328=CARTESIAN_POINT('',(52.191607287,19.869244384,12.297374392));
#11329=CARTESIAN_POINT('',(52.191607287,19.869244383,12.284075));
#11330=CARTESIAN_POINT('',(52.222307499,19.919416355,12.334875));
#11331=CARTESIAN_POINT('',(52.210040751,19.914147017,12.334874973));
#11332=CARTESIAN_POINT('',(52.19784955,19.908910133,12.329400088));
#11333=CARTESIAN_POINT('',(52.180501765,19.901458176,12.310591888));
#11334=CARTESIAN_POINT('',(52.175452006,19.899288991,12.297374392));
#11335=CARTESIAN_POINT('',(52.175452005,19.899288994,12.284075));
#11336=CARTESIAN_POINT('',(52.217789554,19.931486919,12.334875));
#11337=CARTESIAN_POINT('',(52.204938561,19.927764081,12.334874174));
#11338=CARTESIAN_POINT('',(52.192167026,19.924064219,12.329398932));
#11339=CARTESIAN_POINT('',(52.173993566,19.918799357,12.310590887));
#11340=CARTESIAN_POINT('',(52.168703534,19.917266772,12.297373883));
#11341=CARTESIAN_POINT('',(52.168703552,19.917266675,12.284075));
#11342=CARTESIAN_POINT('',(52.213512723,19.956072852,12.334875));
#11343=CARTESIAN_POINT('',(52.200159356,19.955237987,12.334874173));
#11344=CARTESIAN_POINT('',(52.18688854,19.954408317,12.32939893));
#11345=CARTESIAN_POINT('',(52.168004592,19.953227792,12.310590885));
#11346=CARTESIAN_POINT('',(52.162507728,19.952884205,12.297373882));
#11347=CARTESIAN_POINT('',(52.162507713,19.952884287,12.284075));
#11348=CARTESIAN_POINT('',(52.213284817,19.968917903,12.334875));
#11349=CARTESIAN_POINT('',(52.199908708,19.969227326,12.334874379));
#11350=CARTESIAN_POINT('',(52.186615211,19.969534794,12.329399227));
#11351=CARTESIAN_POINT('',(52.167698964,19.969972222,12.310591143));
#11352=CARTESIAN_POINT('',(52.162192685,19.970099489,12.297374013));
#11353=CARTESIAN_POINT('',(52.162192675,19.970099381,12.284075));
#11354=CARTESIAN_POINT('',(52.215778599,19.987557783,12.334875));
#11355=CARTESIAN_POINT('',(52.202694241,19.990047875,12.334874372));
#11356=CARTESIAN_POINT('',(52.189690697,19.992522584,12.329399218));
#11357=CARTESIAN_POINT('',(52.171187053,19.996044017,12.310591135));
#11358=CARTESIAN_POINT('',(52.165800881,19.997069057,12.297374009));
#11359=CARTESIAN_POINT('',(52.165800878,19.997069053,12.284075));
#11360=CARTESIAN_POINT('',(52.21712123,19.993669816,12.334875));
#11361=CARTESIAN_POINT('',(52.20420444,19.996944909,12.334874775));
#11362=CARTESIAN_POINT('',(52.191367277,20.000199817,12.329399801));
#11363=CARTESIAN_POINT('',(52.173100334,20.004831474,12.31059164));
#11364=CARTESIAN_POINT('',(52.167783035,20.006179704,12.297374266));
#11365=CARTESIAN_POINT('',(52.167783037,20.006179716,12.284075));
#11366=CARTESIAN_POINT('',(52.220013348,20.002663974,12.334875));
#11367=CARTESIAN_POINT('',(52.207480491,20.007133061,12.334874778));
#11368=CARTESIAN_POINT('',(52.195024897,20.011574611,12.329399805));
#11369=CARTESIAN_POINT('',(52.177300924,20.017894845,12.310591643));
#11370=CARTESIAN_POINT('',(52.172141682,20.019734612,12.297374267));
#11371=CARTESIAN_POINT('',(52.172141693,20.019734643,12.284075));
#11372=CARTESIAN_POINT('',(52.221131434,20.005647295,12.334875));
#11373=CARTESIAN_POINT('',(52.208748961,20.010518553,12.334874973));
#11374=CARTESIAN_POINT('',(52.196442746,20.015359809,12.329400088));
#11375=CARTESIAN_POINT('',(52.178931299,20.022248796,12.310591889));
#11376=CARTESIAN_POINT('',(52.1738339,20.024254106,12.297374392));
#11377=CARTESIAN_POINT('',(52.173833898,20.024254102,12.284075));
#11378=CARTESIAN_POINT('',(52.223643707,20.011478818,12.334875));
#11379=CARTESIAN_POINT('',(52.211597879,20.017131502,12.334874973));
#11380=CARTESIAN_POINT('',(52.199626236,20.022749372,12.329400088));
#11381=CARTESIAN_POINT('',(52.182590878,20.030743463,12.310591888));
#11382=CARTESIAN_POINT('',(52.177632063,20.033070458,12.297374392));
#11383=CARTESIAN_POINT('',(52.177632062,20.033070456,12.284075));
#11384=CARTESIAN_POINT('',(52.22501833,20.014325264,12.334875));
#11385=CARTESIAN_POINT('',(52.213078391,20.020190704,12.334874998));
#11386=CARTESIAN_POINT('',(52.201211977,20.026020026,12.329400124));
#11387=CARTESIAN_POINT('',(52.184326354,20.034315011,12.31059192));
#11388=CARTESIAN_POINT('',(52.179411125,20.036729595,12.297374408));
#11389=CARTESIAN_POINT('',(52.179411125,20.036729594,12.284075));
#11390=CARTESIAN_POINT('',(52.232293504,20.028322286,12.334875));
#11391=CARTESIAN_POINT('',(52.221050315,20.035528234,12.334874998));
#11392=CARTESIAN_POINT('',(52.209876361,20.042689809,12.329400124));
#11393=CARTESIAN_POINT('',(52.193976091,20.052880557,12.31059192));
#11394=CARTESIAN_POINT('',(52.189347688,20.055846978,12.297374408));
#11395=CARTESIAN_POINT('',(52.189347688,20.055846978,12.284075));
#11396=CARTESIAN_POINT('',(52.23973521,20.03875527,12.334875));
#11397=CARTESIAN_POINT('',(52.229297764,20.047104149,12.334875));
#11398=CARTESIAN_POINT('',(52.218924591,20.055401617,12.329400127));
#11399=CARTESIAN_POINT('',(52.204163814,20.067208715,12.310591922));
#11400=CARTESIAN_POINT('',(52.199867105,20.070645639,12.297374409));
#11401=CARTESIAN_POINT('',(52.199867105,20.070645639,12.284075));
#11402=CARTESIAN_POINT('',(52.248932584,20.04815767,12.334875));
#11403=CARTESIAN_POINT('',(52.239462001,20.057494964,12.334875));
#11404=CARTESIAN_POINT('',(52.230049736,20.066774761,12.329400127));
#11405=CARTESIAN_POINT('',(52.216656308,20.079979689,12.310591922));
#11406=CARTESIAN_POINT('',(52.21275762,20.083823507,12.297374409));
#11407=CARTESIAN_POINT('',(52.21275762,20.083823507,12.284075));
#11408=CARTESIAN_POINT('',(52.249281864,20.048512538,12.334875));
#11409=CARTESIAN_POINT('',(52.239838916,20.057878055,12.334875));
#11410=CARTESIAN_POINT('',(52.230454115,20.0671859,12.329400127));
#11411=CARTESIAN_POINT('',(52.217099769,20.08043074,12.310591922));
#11412=CARTESIAN_POINT('',(52.213212457,20.084286175,12.297374409));
#11413=CARTESIAN_POINT('',(52.213212457,20.084286175,12.284075));
#11414=CARTESIAN_POINT('',(52.249631989,20.04886657,12.334875));
#11415=CARTESIAN_POINT('',(52.240209623,20.058253079,12.334875));
#11416=CARTESIAN_POINT('',(52.230845279,20.067581788,12.329400127));
#11417=CARTESIAN_POINT('',(52.217520041,20.080856318,12.310591922));
#11418=CARTESIAN_POINT('',(52.213641202,20.084720395,12.297374409));
#11419=CARTESIAN_POINT('',(52.213641202,20.084720395,12.284075));
#11420=B_SPLINE_SURFACE_WITH_KNOTS('',3,3,((#11264,#11265,#11266,#11267,#11268,#11269),(#11270,#11271,#11272,#11273,#11274,#11275),(#11276,#11277,#11278,#11279,#11280,#11281),(#11282,#11283,#11284,#11285,#11286,#11287),(#11288,#11289,#11290,#11291,#11292,#11293),(#11294,#11295,#11296,#11297,#11298,#11299),(#11300,#11301,#11302,#11303,#11304,#11305),(#11306,#11307,#11308,#11309,#11310,#11311),(#11312,#11313,#11314,#11315,#11316,#11317),(#11318,#11319,#11320,#11321,#11322,#11323),(#11324,#11325,#11326,#11327,#11328,#11329),(#11330,#11331,#11332,#11333,#11334,#11335),(#11336,#11337,#11338,#11339,#11340,#11341),(#11342,#11343,#11344,#11345,#11346,#11347),(#11348,#11349,#11350,#11351,#11352,#11353),(#11354,#11355,#11356,#11357,#11358,#11359),(#11360,#11361,#11362,#11363,#11364,#11365),(#11366,#11367,#11368,#11369,#11370,#11371),(#11372,#11373,#11374,#11375,#11376,#11377),(#11378,#11379,#11380,#11381,#11382,#11383),(#11384,#11385,#11386,#11387,#11388,#11389),(#11390,#11391,#11392,#11393,#11394,#11395),(#11396,#11397,#11398,#11399,#11400,#11401),(#11402,#11403,#11404,#11405,#11406,#11407),(#11408,#11409,#11410,#11411,#11412,#11413),(#11414,#11415,#11416,#11417,#11418,#11419)),.UNSPECIFIED.,.F.,.F.,.U.,(4,2,2,2,2,2,2,2,2,2,2,2,4),(4,2,4),(0.000794326,0.000869365,0.000906884,0.000944404,0.000981924,0.001019443,0.001056963,0.001094482,0.001113242,0.001122622,0.001132002,0.001169521,0.001170998),(0.,0.5,1.),.UNSPECIFIED.);
#11421=ORIENTED_EDGE('',*,*,#11258,.T.);
#11422=ORIENTED_EDGE('',*,*,#9687,.F.);
#11423=ORIENTED_EDGE('',*,*,#11250,.T.);
#11424=ORIENTED_EDGE('',*,*,#9549,.F.);
#11425=EDGE_LOOP('',(#11421,#11422,#11423,#11424));
#11426=FACE_BOUND('',#11425,.T.);
#11427=ADVANCED_FACE('',(#11426),#11420,.T.);
#11428=CARTESIAN_POINT('',(51.78494495,19.843009069,12.284075));
#11429=CARTESIAN_POINT('',(51.78494495,19.843009069,12.144375));
#11430=CARTESIAN_POINT('',(51.761397575,19.819461694,12.284075));
#11431=CARTESIAN_POINT('',(51.761397575,19.819461694,12.144375));
#11432=CARTESIAN_POINT('',(51.730231931,19.805610296,12.284075));
#11433=CARTESIAN_POINT('',(51.730231931,19.805610296,12.144375));
#11434=CARTESIAN_POINT('',(51.699066286,19.791758899,12.284075));
#11435=CARTESIAN_POINT('',(51.699066286,19.791758899,12.144375));
#11436=CARTESIAN_POINT('',(51.663052653,19.791758899,12.284075));
#11437=CARTESIAN_POINT('',(51.663052653,19.791758899,12.144375));
#11438=CARTESIAN_POINT('',(51.62842416,19.791758899,12.284075));
#11439=CARTESIAN_POINT('',(51.62842416,19.791758899,12.144375));
#11440=CARTESIAN_POINT('',(51.597258515,19.805610296,12.284075));
#11441=CARTESIAN_POINT('',(51.597258515,19.805610296,12.144375));
#11442=CARTESIAN_POINT('',(51.566092871,19.819461694,12.284075));
#11443=CARTESIAN_POINT('',(51.566092871,19.819461694,12.144375));
#11444=CARTESIAN_POINT('',(51.542545496,19.843009069,12.284075));
#11445=CARTESIAN_POINT('',(51.542545496,19.843009069,12.144375));
#11446=CARTESIAN_POINT('',(51.51899812,19.866556445,12.284075));
#11447=CARTESIAN_POINT('',(51.51899812,19.866556445,12.144375));
#11448=CARTESIAN_POINT('',(51.505839293,19.897722089,12.284075));
#11449=CARTESIAN_POINT('',(51.505839293,19.897722089,12.144375));
#11450=CARTESIAN_POINT('',(51.492680465,19.928887733,12.284075));
#11451=CARTESIAN_POINT('',(51.492680465,19.928887733,12.144375));
#11452=CARTESIAN_POINT('',(51.492680465,19.964901367,12.284075));
#11453=CARTESIAN_POINT('',(51.492680465,19.964901367,12.144375));
#11454=CARTESIAN_POINT('',(51.492680465,20.000915,12.284075));
#11455=CARTESIAN_POINT('',(51.492680465,20.000915,12.144375));
#11456=CARTESIAN_POINT('',(51.505839293,20.031388074,12.284075));
#11457=CARTESIAN_POINT('',(51.505839293,20.031388074,12.144375));
#11458=CARTESIAN_POINT('',(51.51899812,20.061861148,12.284075));
#11459=CARTESIAN_POINT('',(51.51899812,20.061861148,12.144375));
#11460=CARTESIAN_POINT('',(51.542545496,20.084715954,12.284075));
#11461=CARTESIAN_POINT('',(51.542545496,20.084715954,12.144375));
#11462=B_SPLINE_SURFACE_WITH_KNOTS('',2,1,((#11428,#11429),(#11430,#11431),(#11432,#11433),(#11434,#11435),(#11436,#11437),(#11438,#11439),(#11440,#11441),(#11442,#11443),(#11444,#11445),(#11446,#11447),(#11448,#11449),(#11450,#11451),(#11452,#11453),(#11454,#11455),(#11456,#11457),(#11458,#11459),(#11460,#11461)),.UNSPECIFIED.,.F.,.F.,.U.,(3,2,2,2,2,2,2,2,3),(2,2),(0.504901961,0.568627451,0.632352941,0.693627451,0.754901961,0.816176471,0.87745098,0.93872549,1.),(0.2,0.75),.UNSPECIFIED.);
#11463=CARTESIAN_POINT('',(51.78494495,19.843009069,12.284075));
#11464=VERTEX_POINT('',#11463);
#11465=CARTESIAN_POINT('',(51.78494495,19.843009069,12.284075));
#11466=DIRECTION('',(0.,0.,-1.));
#11467=VECTOR('',#11466,0.1397);
#11468=LINE('',#11465,#11467);
#11469=EDGE_CURVE('',#11464,#459,#11468,.T.);
#11470=ORIENTED_EDGE('',*,*,#11469,.F.);
#11471=CARTESIAN_POINT('',(51.542545496,20.084715954,12.284075));
#11472=VERTEX_POINT('',#11471);
#11473=CARTESIAN_POINT('',(51.78494495,19.843009069,12.284075));
#11474=CARTESIAN_POINT('',(51.783537967,19.841602086,12.284075));
#11475=CARTESIAN_POINT('',(51.780974903,19.839129127,12.284075));
#11476=CARTESIAN_POINT('',(51.778918364,19.837254851,12.284075));
#11477=CARTESIAN_POINT('',(51.776861825,19.835380575,12.284075));
#11478=CARTESIAN_POINT('',(51.774765167,19.833557585,12.284075));
#11479=CARTESIAN_POINT('',(51.772626188,19.8317842,12.284075));
#11480=CARTESIAN_POINT('',(51.768348232,19.828237431,12.284075));
#11481=CARTESIAN_POINT('',(51.763922321,19.824908115,12.284075));
#11482=CARTESIAN_POINT('',(51.759376415,19.82180606,12.284075));
#11483=CARTESIAN_POINT('',(51.750284605,19.81560195,12.284075));
#11484=CARTESIAN_POINT('',(51.740718473,19.810316117,12.284075));
#11485=CARTESIAN_POINT('',(51.730889223,19.805903885,12.284075));
#11486=CARTESIAN_POINT('',(51.721059973,19.801491652,12.284075));
#11487=CARTESIAN_POINT('',(51.709051943,19.797517665,12.284075));
#11488=CARTESIAN_POINT('',(51.697680788,19.795186074,12.284075));
#11489=CARTESIAN_POINT('',(51.686309633,19.792854483,12.284075));
#11490=CARTESIAN_POINT('',(51.675133757,19.791836464,12.284075));
#11491=CARTESIAN_POINT('',(51.664316975,19.791763177,12.284075));
#11492=CARTESIAN_POINT('',(51.642683411,19.791616603,12.284075));
#11493=CARTESIAN_POINT('',(51.618257406,19.796306741,12.284075));
#11494=CARTESIAN_POINT('',(51.597435371,19.805531818,12.284075));
#11495=CARTESIAN_POINT('',(51.576613337,19.814756894,12.284075));
#11496=CARTESIAN_POINT('',(51.558977763,19.826755343,12.284075));
#11497=CARTESIAN_POINT('',(51.543262086,19.842296479,12.284075));
#11498=CARTESIAN_POINT('',(51.527546409,19.857837616,12.284075));
#11499=CARTESIAN_POINT('',(51.514494172,19.877284973,12.284075));
#11500=CARTESIAN_POINT('',(51.505915993,19.897540702,12.284075));
#11501=CARTESIAN_POINT('',(51.497337815,19.917796432,12.284075));
#11502=CARTESIAN_POINT('',(51.492920417,19.941476442,12.284075));
#11503=CARTESIAN_POINT('',(51.492691714,19.962799533,12.284075));
#11504=CARTESIAN_POINT('',(51.492463012,19.984122623,12.284075));
#11505=CARTESIAN_POINT('',(51.495901188,20.0072326,12.284075));
#11506=CARTESIAN_POINT('',(51.504743047,20.028784166,12.284075));
#11507=CARTESIAN_POINT('',(51.509163976,20.039559949,12.284075));
#11508=CARTESIAN_POINT('',(51.514223603,20.049012991,12.284075));
#11509=CARTESIAN_POINT('',(51.520609437,20.058507717,12.284075));
#11510=CARTESIAN_POINT('',(51.523802354,20.06325508,12.284075));
#11511=CARTESIAN_POINT('',(51.52729718,20.067898846,12.284075));
#11512=CARTESIAN_POINT('',(51.530973823,20.072281539,12.284075));
#11513=CARTESIAN_POINT('',(51.532812144,20.074472886,12.284075));
#11514=CARTESIAN_POINT('',(51.534699206,20.076605485,12.284075));
#11515=CARTESIAN_POINT('',(51.536629609,20.078678103,12.284075));
#11516=CARTESIAN_POINT('',(51.538560012,20.080750722,12.284075));
#11517=CARTESIAN_POINT('',(51.541136486,20.083348386,12.284075));
#11518=CARTESIAN_POINT('',(51.542545496,20.084715954,12.284075));
#11519=B_SPLINE_CURVE_WITH_KNOTS('',3,(#11473,#11474,#11475,#11476,#11477,#11478,#11479,#11480,#11481,#11482,#11483,#11484,#11485,#11486,#11487,#11488,#11489,#11490,#11491,#11492,#11493,#11494,#11495,#11496,#11497,#11498,
#11499,#11500,#11501,#11502,#11503,#11504,#11505,#11506,#11507,#11508,#11509,#11510,#11511,#11512,#11513,#11514,#11515,#11516,#11517,#11518),.UNSPECIFIED.,.F.,.F.,(4,3,3,3,3,3,3,3,3,3,3,3,3,3,3,4),(-0.000070615,-0.000064722,-0.000058828,-0.000047042,-0.000023468,0.000000106,0.000023679,0.000070827,0.000117974,0.000165121,0.000212269,0.000259416,0.00028299,0.000294777,0.00030067,0.000306563),.UNSPECIFIED.);
#11520=EDGE_CURVE('',#11464,#11472,#11519,.T.);
#11521=ORIENTED_EDGE('',*,*,#11520,.T.);
#11522=CARTESIAN_POINT('',(51.542545496,20.084715954,12.284075));
#11523=DIRECTION('',(0.,0.,-1.));
#11524=VECTOR('',#11523,0.1397);
#11525=LINE('',#11522,#11524);
#11526=EDGE_CURVE('',#11472,#461,#11525,.T.);
#11527=ORIENTED_EDGE('',*,*,#11526,.T.);
#11528=ORIENTED_EDGE('',*,*,#476,.F.);
#11529=EDGE_LOOP('',(#11470,#11521,#11527,#11528));
#11530=FACE_BOUND('',#11529,.T.);
#11531=ADVANCED_FACE('',(#11530),#11462,.T.);
#11532=CARTESIAN_POINT('',(51.542545496,20.084715954,12.284075));
#11533=CARTESIAN_POINT('',(51.542545496,20.084715954,12.144375));
#11534=CARTESIAN_POINT('',(51.566092871,20.10757076,12.284075));
#11535=CARTESIAN_POINT('',(51.566092871,20.10757076,12.144375));
#11536=CARTESIAN_POINT('',(51.597258515,20.120729587,12.284075));
#11537=CARTESIAN_POINT('',(51.597258515,20.120729587,12.144375));
#11538=CARTESIAN_POINT('',(51.62842416,20.133888415,12.284075));
#11539=CARTESIAN_POINT('',(51.62842416,20.133888415,12.144375));
#11540=CARTESIAN_POINT('',(51.663052653,20.133888415,12.284075));
#11541=CARTESIAN_POINT('',(51.663052653,20.133888415,12.144375));
#11542=CARTESIAN_POINT('',(51.699066286,20.133888415,12.284075));
#11543=CARTESIAN_POINT('',(51.699066286,20.133888415,12.144375));
#11544=CARTESIAN_POINT('',(51.730231931,20.120729587,12.284075));
#11545=CARTESIAN_POINT('',(51.730231931,20.120729587,12.144375));
#11546=CARTESIAN_POINT('',(51.761397575,20.10757076,12.284075));
#11547=CARTESIAN_POINT('',(51.761397575,20.10757076,12.144375));
#11548=CARTESIAN_POINT('',(51.78494495,20.084715954,12.284075));
#11549=CARTESIAN_POINT('',(51.78494495,20.084715954,12.144375));
#11550=CARTESIAN_POINT('',(51.808492326,20.061861148,12.284075));
#11551=CARTESIAN_POINT('',(51.808492326,20.061861148,12.144375));
#11552=CARTESIAN_POINT('',(51.822343723,20.031388074,12.284075));
#11553=CARTESIAN_POINT('',(51.822343723,20.031388074,12.144375));
#11554=CARTESIAN_POINT('',(51.836195121,20.000915,12.284075));
#11555=CARTESIAN_POINT('',(51.836195121,20.000915,12.144375));
#11556=CARTESIAN_POINT('',(51.836195121,19.964901367,12.284075));
#11557=CARTESIAN_POINT('',(51.836195121,19.964901367,12.144375));
#11558=CARTESIAN_POINT('',(51.836195121,19.928887733,12.284075));
#11559=CARTESIAN_POINT('',(51.836195121,19.928887733,12.144375));
#11560=CARTESIAN_POINT('',(51.822343723,19.897722089,12.284075));
#11561=CARTESIAN_POINT('',(51.822343723,19.897722089,12.144375));
#11562=CARTESIAN_POINT('',(51.808492326,19.866556445,12.284075));
#11563=CARTESIAN_POINT('',(51.808492326,19.866556445,12.144375));
#11564=CARTESIAN_POINT('',(51.78494495,19.843009069,12.284075));
#11565=CARTESIAN_POINT('',(51.78494495,19.843009069,12.144375));
#11566=B_SPLINE_SURFACE_WITH_KNOTS('',2,1,((#11532,#11533),(#11534,#11535),(#11536,#11537),(#11538,#11539),(#11540,#11541),(#11542,#11543),(#11544,#11545),(#11546,#11547),(#11548,#11549),(#11550,#11551),(#11552,#11553),(#11554,#11555),(#11556,#11557),(#11558,#11559),(#11560,#11561),(#11562,#11563),(#11564,#11565)),.UNSPECIFIED.,.F.,.F.,.U.,(3,2,2,2,2,2,2,2,3),(2,2),(0.,0.06127451,0.12254902,0.18627451,0.25,0.31372549,0.37745098,0.441176471,0.504901961),(0.2,0.75),.UNSPECIFIED.);
#11567=ORIENTED_EDGE('',*,*,#11526,.F.);
#11568=CARTESIAN_POINT('',(51.542540877,20.084711471,12.284075));
#11569=CARTESIAN_POINT('',(51.543971188,20.086099714,12.284075));
#11570=CARTESIAN_POINT('',(51.546617752,20.088574749,12.284075));
#11571=CARTESIAN_POINT('',(51.548723209,20.090429751,12.284075));
#11572=CARTESIAN_POINT('',(51.550828666,20.092284753,12.284075));
#11573=CARTESIAN_POINT('',(51.552975973,20.094085852,12.284075));
#11574=CARTESIAN_POINT('',(51.555161782,20.095830703,12.284075));
#11575=CARTESIAN_POINT('',(51.5595334,20.099320405,12.284075));
#11576=CARTESIAN_POINT('',(51.564059267,20.102584378,12.284075));
#11577=CARTESIAN_POINT('',(51.568708208,20.10561214,12.284075));
#11578=CARTESIAN_POINT('',(51.57800609,20.111667664,12.284075));
#11579=CARTESIAN_POINT('',(51.587389996,20.116605522,12.284075));
#11580=CARTESIAN_POINT('',(51.597817662,20.120964496,12.284075));
#11581=CARTESIAN_POINT('',(51.618672993,20.129682443,12.284075));
#11582=CARTESIAN_POINT('',(51.642411552,20.133960299,12.284075));
#11583=CARTESIAN_POINT('',(51.663726843,20.133887261,12.284075));
#11584=CARTESIAN_POINT('',(51.685042134,20.133814223,12.284075));
#11585=CARTESIAN_POINT('',(51.708192692,20.129877771,12.284075));
#11586=CARTESIAN_POINT('',(51.729297289,20.121120803,12.284075));
#11587=CARTESIAN_POINT('',(51.739849588,20.116742319,12.284075));
#11588=CARTESIAN_POINT('',(51.748959423,20.111970826,12.284075));
#11589=CARTESIAN_POINT('',(51.7583668,20.105881869,12.284075));
#11590=CARTESIAN_POINT('',(51.767774177,20.099792912,12.284075));
#11591=CARTESIAN_POINT('',(51.776693465,20.092689934,12.284075));
#11592=CARTESIAN_POINT('',(51.784665663,20.084986427,12.284075));
#11593=CARTESIAN_POINT('',(51.792637861,20.077282921,12.284075));
#11594=CARTESIAN_POINT('',(51.799956465,20.068737816,12.284075));
#11595=CARTESIAN_POINT('',(51.806409343,20.059468532,12.284075));
#11596=CARTESIAN_POINT('',(51.812862221,20.050199249,12.284075));
#11597=CARTESIAN_POINT('',(51.817847811,20.041442004,12.284075));
#11598=CARTESIAN_POINT('',(51.822707409,20.030581676,12.284075));
#11599=CARTESIAN_POINT('',(51.832426605,20.00886102,12.284075));
#11600=CARTESIAN_POINT('',(51.836393951,19.984970052,12.284075));
#11601=CARTESIAN_POINT('',(51.836186746,19.963133205,12.284075));
#11602=CARTESIAN_POINT('',(51.836083143,19.952214782,12.284075));
#11603=CARTESIAN_POINT('',(51.834969699,19.940757155,12.284075));
#11604=CARTESIAN_POINT('',(51.832616805,19.92954464,12.284075));
#11605=CARTESIAN_POINT('',(51.83026391,19.918332124,12.284075));
#11606=CARTESIAN_POINT('',(51.826322259,19.906548287,12.284075));
#11607=CARTESIAN_POINT('',(51.821946055,19.896833341,12.284075));
#11608=CARTESIAN_POINT('',(51.813193648,19.87740345,12.284075));
#11609=CARTESIAN_POINT('',(51.800467045,19.858531164,12.284075));
#11610=CARTESIAN_POINT('',(51.78494495,19.843009069,12.284075));
#11611=B_SPLINE_CURVE_WITH_KNOTS('',3,(#11568,#11569,#11570,#11571,#11572,#11573,#11574,#11575,#11576,#11577,#11578,#11579,#11580,#11581,#11582,#11583,#11584,#11585,#11586,#11587,#11588,#11589,#11590,#11591,#11592,#11593,
#11594,#11595,#11596,#11597,#11598,#11599,#11600,#11601,#11602,#11603,#11604,#11605,#11606,#11607,#11608,#11609,#11610),.UNSPECIFIED.,.F.,.F.,(4,3,3,3,3,3,3,3,3,3,3,3,3,3,4),(-0.000088946,-0.000083037,-0.000077129,-0.000065313,-0.00004168,0.000005587,0.000052853,0.000076486,0.000100119,0.000123752,0.000147385,0.000194651,0.000218284,0.000241917,0.000289183),.UNSPECIFIED.);
#11612=EDGE_CURVE('',#11472,#11464,#11611,.T.);
#11613=ORIENTED_EDGE('',*,*,#11612,.T.);
#11614=ORIENTED_EDGE('',*,*,#11469,.T.);
#11615=ORIENTED_EDGE('',*,*,#492,.F.);
#11616=EDGE_LOOP('',(#11567,#11613,#11614,#11615));
#11617=FACE_BOUND('',#11616,.T.);
#11618=ADVANCED_FACE('',(#11617),#11566,.T.);
#11619=CARTESIAN_POINT('',(51.9994395,-7.024696619,12.334875));
#11620=DIRECTION('',(0.,0.,1.));
#11621=DIRECTION('',(1.,0.,0.));
#11622=AXIS2_PLACEMENT_3D('',#11619,#11620,#11621);
#11623=PLANE('',#11622);
#11624=CARTESIAN_POINT('',(51.749023926,19.878930094,12.334875));
#11625=VERTEX_POINT('',#11624);
#11626=CARTESIAN_POINT('',(51.577926445,20.048262855,12.334875));
#11627=VERTEX_POINT('',#11626);
#11628=CARTESIAN_POINT('',(51.749023926,19.878930094,12.334875));
#11629=CARTESIAN_POINT('',(51.771362362,19.90126853,12.334875));
#11630=CARTESIAN_POINT('',(51.785088084,19.931904123,12.334875));
#11631=CARTESIAN_POINT('',(51.785389343,19.963613374,12.334875));
#11632=CARTESIAN_POINT('',(51.785690602,19.995322625,12.334875));
#11633=CARTESIAN_POINT('',(51.772024733,20.026558442,12.334875));
#11634=CARTESIAN_POINT('',(51.749367819,20.048452855,12.334875));
#11635=CARTESIAN_POINT('',(51.726710905,20.070347268,12.334875));
#11636=CARTESIAN_POINT('',(51.695160183,20.082978347,12.334875));
#11637=CARTESIAN_POINT('',(51.663557654,20.083087672,12.334875));
#11638=CARTESIAN_POINT('',(51.631955125,20.083196998,12.334875));
#11639=CARTESIAN_POINT('',(51.600825506,20.070459471,12.334874996));
#11640=CARTESIAN_POINT('',(51.577940908,20.04824795,12.334874996));
#11641=B_SPLINE_CURVE_WITH_KNOTS('',3,(#11628,#11629,#11630,#11631,#11632,#11633,#11634,#11635,#11636,#11637,#11638,#11639,#11640),.UNSPECIFIED.,.F.,.F.,(4,3,3,3,4),(-0.000088946,0.000005585,0.000100116,0.000194646,0.000289177),.UNSPECIFIED.);
#11642=EDGE_CURVE('',#11625,#11627,#11641,.T.);
#11643=ORIENTED_EDGE('',*,*,#11642,.T.);
#11644=CARTESIAN_POINT('',(51.577926445,20.048262855,12.334875));
#11645=CARTESIAN_POINT('',(51.555382289,20.026381762,12.334875));
#11646=CARTESIAN_POINT('',(51.543150311,19.994871424,12.334875));
#11647=CARTESIAN_POINT('',(51.543488459,19.963344109,12.334875));
#11648=CARTESIAN_POINT('',(51.543826607,19.931816794,12.334875));
#11649=CARTESIAN_POINT('',(51.556445028,19.90078756,12.334874965));
#11650=CARTESIAN_POINT('',(51.579045107,19.878438457,12.334874965));
#11651=CARTESIAN_POINT('',(51.601645187,19.856089355,12.334874965));
#11652=CARTESIAN_POINT('',(51.632525403,19.842348939,12.334875));
#11653=CARTESIAN_POINT('',(51.663972801,19.842562005,12.334875));
#11654=CARTESIAN_POINT('',(51.695420199,19.842775071,12.334875));
#11655=CARTESIAN_POINT('',(51.726366766,19.856564503,12.334874582));
#11656=CARTESIAN_POINT('',(51.748878504,19.879076241,12.334874582));
#11657=B_SPLINE_CURVE_WITH_KNOTS('',3,(#11644,#11645,#11646,#11647,#11648,#11649,#11650,#11651,#11652,#11653,#11654,#11655,#11656),.UNSPECIFIED.,.F.,.F.,(4,3,3,3,4),(-0.000070615,0.000023679,0.000117974,0.000212269,0.000306563),.UNSPECIFIED.);
#11658=EDGE_CURVE('',#11627,#11625,#11657,.T.);
#11659=ORIENTED_EDGE('',*,*,#11658,.T.);
#11660=EDGE_LOOP('',(#11643,#11659));
#11661=FACE_BOUND('',#11660,.T.);
#11662=ADVANCED_FACE('',(#11661),#11623,.T.);
#11663=CARTESIAN_POINT('',(51.78494495,19.843009069,12.284075));
#11664=CARTESIAN_POINT('',(51.78494495,19.843009069,12.297374409));
#11665=CARTESIAN_POINT('',(51.78107363,19.846880389,12.310591922));
#11666=CARTESIAN_POINT('',(51.767774221,19.860179798,12.329400127));
#11667=CARTESIAN_POINT('',(51.758428028,19.869525992,12.334875));
#11668=CARTESIAN_POINT('',(51.749023926,19.878930094,12.334875));
#11669=CARTESIAN_POINT('',(51.785601887,19.843666006,12.284075));
#11670=CARTESIAN_POINT('',(51.785601887,19.843666006,12.297374409));
#11671=CARTESIAN_POINT('',(51.781730567,19.847537326,12.310591922));
#11672=CARTESIAN_POINT('',(51.768431158,19.860836735,12.329400127));
#11673=CARTESIAN_POINT('',(51.759084965,19.870182928,12.334875));
#11674=CARTESIAN_POINT('',(51.749680863,19.879587031,12.334875));
#11675=CARTESIAN_POINT('',(51.786761292,19.844844934,12.284075));
#11676=CARTESIAN_POINT('',(51.786761292,19.844844934,12.297374409));
#11677=CARTESIAN_POINT('',(51.782834973,19.848660665,12.310591922));
#11678=CARTESIAN_POINT('',(51.769346623,19.861769104,12.329400127));
#11679=CARTESIAN_POINT('',(51.75986765,19.870981094,12.334875));
#11680=CARTESIAN_POINT('',(51.750329946,19.88025016,12.334875));
#11681=CARTESIAN_POINT('',(51.78854837,19.84671042,12.284075));
#11682=CARTESIAN_POINT('',(51.78854837,19.84671042,12.297374409));
#11683=CARTESIAN_POINT('',(51.784567662,19.850469376,12.310591922));
#11684=CARTESIAN_POINT('',(51.770892465,19.86338277,12.329400127));
#11685=CARTESIAN_POINT('',(51.761282185,19.872457691,12.334875));
#11686=CARTESIAN_POINT('',(51.75161236,19.88158884,12.334875));
#11687=CARTESIAN_POINT('',(51.78943205,19.847652986,12.284075));
#11688=CARTESIAN_POINT('',(51.78943205,19.847652986,12.297374409));
#11689=CARTESIAN_POINT('',(51.785424361,19.851383164,12.310591922));
#11690=CARTESIAN_POINT('',(51.771656474,19.864197699,12.329400127));
#11691=CARTESIAN_POINT('',(51.761981057,19.873203146,12.334875));
#11692=CARTESIAN_POINT('',(51.752245691,19.882264391,12.334875));
#11693=CARTESIAN_POINT('',(51.792052594,19.85050959,12.284075));
#11694=CARTESIAN_POINT('',(51.792052594,19.85050959,12.297374409));
#11695=CARTESIAN_POINT('',(51.787964696,19.854152335,12.310591922));
#11696=CARTESIAN_POINT('',(51.773921263,19.866666502,12.329400127));
#11697=CARTESIAN_POINT('',(51.764052205,19.875460865,12.334875));
#11698=CARTESIAN_POINT('',(51.754121998,19.884309717,12.334875));
#11699=CARTESIAN_POINT('',(51.793758945,19.852452564,12.284075));
#11700=CARTESIAN_POINT('',(51.793758945,19.852452564,12.297374409));
#11701=CARTESIAN_POINT('',(51.789618555,19.856035546,12.310591922));
#11702=CARTESIAN_POINT('',(51.775394792,19.868344408,12.329400127));
#11703=CARTESIAN_POINT('',(51.765399006,19.876994492,12.334875));
#11704=CARTESIAN_POINT('',(51.755341286,19.885698172,12.334875));
#11705=CARTESIAN_POINT('',(51.798749137,19.858391659,12.284075));
#11706=CARTESIAN_POINT('',(51.798749137,19.858391659,12.297374409));
#11707=CARTESIAN_POINT('',(51.794454915,19.861791558,12.310591922));
#11708=CARTESIAN_POINT('',(51.779702681,19.87347146,12.329400127));
#11709=CARTESIAN_POINT('',(51.769335512,19.881679541,12.334875));
#11710=CARTESIAN_POINT('',(51.758904108,19.889938479,12.334875));
#11711=CARTESIAN_POINT('',(51.801903658,19.86249823,12.284075));
#11712=CARTESIAN_POINT('',(51.801903658,19.86249823,12.297374407));
#11713=CARTESIAN_POINT('',(51.797511783,19.865770985,12.310591919));
#11714=CARTESIAN_POINT('',(51.782424077,19.877014105,12.329400123));
#11715=CARTESIAN_POINT('',(51.771821153,19.884915237,12.334874998));
#11716=CARTESIAN_POINT('',(51.761152533,19.892865324,12.334875));
#11717=CARTESIAN_POINT('',(51.810808666,19.875201828,12.284075));
#11718=CARTESIAN_POINT('',(51.810808666,19.875201828,12.297374407));
#11719=CARTESIAN_POINT('',(51.80614306,19.878084088,12.310591919));
#11720=CARTESIAN_POINT('',(51.790114988,19.887985711,12.329400123));
#11721=CARTESIAN_POINT('',(51.778851219,19.894944102,12.334874998));
#11722=CARTESIAN_POINT('',(51.767517659,19.901945607,12.334875));
#11723=CARTESIAN_POINT('',(51.816029399,19.884272279,12.284075));
#11724=CARTESIAN_POINT('',(51.816029403,19.884272287,12.297374377));
#11725=CARTESIAN_POINT('',(51.811206763,19.886879923,12.310591859));
#11726=CARTESIAN_POINT('',(51.794639199,19.895838102,12.329400053));
#11727=CARTESIAN_POINT('',(51.782996294,19.902133483,12.334874949));
#11728=CARTESIAN_POINT('',(51.771281231,19.908467875,12.334875));
#11729=CARTESIAN_POINT('',(51.824687913,19.902527086,12.284075));
#11730=CARTESIAN_POINT('',(51.824687914,19.90252709,12.297374376));
#11731=CARTESIAN_POINT('',(51.819617312,19.904611946,12.310591858));
#11732=CARTESIAN_POINT('',(51.802197911,19.911774191,12.329400052));
#11733=CARTESIAN_POINT('',(51.789956377,19.916807476,12.334874948));
#11734=CARTESIAN_POINT('',(51.777638976,19.921871954,12.334875));
#11735=CARTESIAN_POINT('',(51.828634477,19.913124668,12.284075));
#11736=CARTESIAN_POINT('',(51.828634477,19.913124668,12.297374409));
#11737=CARTESIAN_POINT('',(51.82341275,19.914811538,12.310591922));
#11738=CARTESIAN_POINT('',(51.805474194,19.920606558,12.329400127));
#11739=CARTESIAN_POINT('',(51.792867828,19.924679024,12.334875));
#11740=CARTESIAN_POINT('',(51.780183354,19.928776722,12.334875));
#11741=CARTESIAN_POINT('',(51.833874208,19.934101085,12.284075));
#11742=CARTESIAN_POINT('',(51.833874208,19.934101085,12.297374409));
#11743=CARTESIAN_POINT('',(51.8284726,19.935067833,12.310591922));
#11744=CARTESIAN_POINT('',(51.809916089,19.93838897,12.329400127));
#11745=CARTESIAN_POINT('',(51.796875454,19.940722908,12.334875));
#11746=CARTESIAN_POINT('',(51.783754019,19.943071306,12.334875));
#11747=CARTESIAN_POINT('',(51.835395468,19.944846079,12.284075));
#11748=CARTESIAN_POINT('',(51.835395456,19.944845957,12.297374768));
#11749=CARTESIAN_POINT('',(51.829944728,19.945455358,12.310592629));
#11750=CARTESIAN_POINT('',(51.811219647,19.947549103,12.329400942));
#11751=CARTESIAN_POINT('',(51.798060612,19.949020553,12.334875564));
#11752=CARTESIAN_POINT('',(51.784820273,19.950501145,12.334875));
#11753=CARTESIAN_POINT('',(51.836496754,19.965816239,12.284075));
#11754=CARTESIAN_POINT('',(51.836496756,19.965816183,12.297374774));
#11755=CARTESIAN_POINT('',(51.83101217,19.965780789,12.310592642));
#11756=CARTESIAN_POINT('',(51.812170751,19.965659309,12.329400957));
#11757=CARTESIAN_POINT('',(51.798929952,19.965573971,12.334875574));
#11758=CARTESIAN_POINT('',(51.785607342,19.96548813,12.334875));
#11759=CARTESIAN_POINT('',(51.836202227,19.975923504,12.284075));
#11760=CARTESIAN_POINT('',(51.836202222,19.975923541,12.29737387));
#11761=CARTESIAN_POINT('',(51.83072597,19.97559969,12.31059086));
#11762=CARTESIAN_POINT('',(51.811912812,19.974487055,12.329398901));
#11763=CARTESIAN_POINT('',(51.798691736,19.973705122,12.334874153));
#11764=CARTESIAN_POINT('',(51.785388407,19.972918309,12.334875));
#11765=CARTESIAN_POINT('',(51.833566099,19.99714788,12.284075));
#11766=CARTESIAN_POINT('',(51.833566109,19.997147808,12.297373871));
#11767=CARTESIAN_POINT('',(51.828176975,19.996122553,12.310590863));
#11768=CARTESIAN_POINT('',(51.809663071,19.992600525,12.329398904));
#11769=CARTESIAN_POINT('',(51.796652288,19.990125437,12.334874155));
#11770=CARTESIAN_POINT('',(51.783560555,19.987634979,12.334875));
#11771=CARTESIAN_POINT('',(51.831104836,20.008180246,12.284075));
#11772=CARTESIAN_POINT('',(51.831104832,20.008180259,12.297374367));
#11773=CARTESIAN_POINT('',(51.825801309,20.006760823,12.310591839));
#11774=CARTESIAN_POINT('',(51.807581745,20.001884511,12.329400031));
#11775=CARTESIAN_POINT('',(51.794777896,19.998457661,12.334874934));
#11776=CARTESIAN_POINT('',(51.78189469,19.995009566,12.334875));
#11777=CARTESIAN_POINT('',(51.823669641,20.02944863,12.284075));
#11778=CARTESIAN_POINT('',(51.82366964,20.029448633,12.297374366));
#11779=CARTESIAN_POINT('',(51.818636894,20.027254638,12.310591838));
#11780=CARTESIAN_POINT('',(51.801347544,20.019717446,12.329400029));
#11781=CARTESIAN_POINT('',(51.789197405,20.014420661,12.334874933));
#11782=CARTESIAN_POINT('',(51.776971959,20.009091045,12.334875));
#11783=CARTESIAN_POINT('',(51.819125469,20.038782225,12.284075));
#11784=CARTESIAN_POINT('',(51.819125469,20.038782225,12.297374408));
#11785=CARTESIAN_POINT('',(51.814234511,20.036300796,12.31059192));
#11786=CARTESIAN_POINT('',(51.797432272,20.027776174,12.329400124));
#11787=CARTESIAN_POINT('',(51.785624456,20.021785475,12.334874998));
#11788=CARTESIAN_POINT('',(51.773743478,20.015757657,12.334875));
#11789=CARTESIAN_POINT('',(51.808605427,20.056796844,12.284075));
#11790=CARTESIAN_POINT('',(51.808605427,20.056796844,12.297374408));
#11791=CARTESIAN_POINT('',(51.804040857,20.053756506,12.31059192));
#11792=CARTESIAN_POINT('',(51.78835988,20.043311825,12.329400124));
#11793=CARTESIAN_POINT('',(51.777340033,20.035971799,12.334874998));
#11794=CARTESIAN_POINT('',(51.766251907,20.028586294,12.334875));
#11795=CARTESIAN_POINT('',(51.802360513,20.065576576,12.284075));
#11796=CARTESIAN_POINT('',(51.802360512,20.065576577,12.297374402));
#11797=CARTESIAN_POINT('',(51.797996681,20.062253409,12.310591909));
#11798=CARTESIAN_POINT('',(51.783005312,20.050837098,12.329400111));
#11799=CARTESIAN_POINT('',(51.77247009,20.042814255,12.334874989));
#11800=CARTESIAN_POINT('',(51.761869588,20.034741699,12.334875));
#11801=CARTESIAN_POINT('',(51.781717502,20.089497707,12.284075));
#11802=CARTESIAN_POINT('',(51.781717502,20.089497706,12.297374402));
#11803=CARTESIAN_POINT('',(51.778010498,20.085413406,12.310591909));
#11804=CARTESIAN_POINT('',(51.765275571,20.071382329,12.329400111));
#11805=CARTESIAN_POINT('',(51.756326068,20.061521954,12.334874989));
#11806=CARTESIAN_POINT('',(51.747321111,20.051600482,12.334875));
#11807=CARTESIAN_POINT('',(51.764781723,20.102994124,12.284075));
#11808=CARTESIAN_POINT('',(51.76478172,20.102994125,12.297374397));
#11809=CARTESIAN_POINT('',(51.761618007,20.098482073,12.310591898));
#11810=CARTESIAN_POINT('',(51.750749491,20.082981505,12.329400099));
#11811=CARTESIAN_POINT('',(51.743111615,20.072088439,12.334874981));
#11812=CARTESIAN_POINT('',(51.735426411,20.061127872,12.334875));
#11813=CARTESIAN_POINT('',(51.737544991,20.117782481,12.284075));
#11814=CARTESIAN_POINT('',(51.73754499,20.117782481,12.297374396));
#11815=CARTESIAN_POINT('',(51.735208278,20.112821404,12.310591898));
#11816=CARTESIAN_POINT('',(51.72718081,20.095778271,12.329400098));
#11817=CARTESIAN_POINT('',(51.721539485,20.083801164,12.33487498));
#11818=CARTESIAN_POINT('',(51.715863204,20.07174984,12.334875));
#11819=CARTESIAN_POINT('',(51.728238621,20.12194239,12.284075));
#11820=CARTESIAN_POINT('',(51.728238622,20.121942389,12.297374397));
#11821=CARTESIAN_POINT('',(51.726176296,20.116857848,12.310591899));
#11822=CARTESIAN_POINT('',(51.719091445,20.099390572,12.3294001));
#11823=CARTESIAN_POINT('',(51.714112547,20.087115398,12.334874981));
#11824=CARTESIAN_POINT('',(51.709102797,20.07476416,12.334875));
#11825=CARTESIAN_POINT('',(51.707708172,20.128726842,12.284075));
#11826=CARTESIAN_POINT('',(51.707708175,20.128726842,12.297374397));
#11827=CARTESIAN_POINT('',(51.706334812,20.123414627,12.310591899));
#11828=CARTESIAN_POINT('',(51.701616798,20.10516521,12.3294001));
#11829=CARTESIAN_POINT('',(51.6983012,20.092340385,12.334874982));
#11830=CARTESIAN_POINT('',(51.694965054,20.079436091,12.334875));
#11831=CARTESIAN_POINT('',(51.697053704,20.131072098,12.284075));
#11832=CARTESIAN_POINT('',(51.697053664,20.131072104,12.29737415));
#11833=CARTESIAN_POINT('',(51.696033351,20.125683585,12.310591412));
#11834=CARTESIAN_POINT('',(51.692528263,20.107171919,12.329399537));
#11835=CARTESIAN_POINT('',(51.69006507,20.094162755,12.334874593));
#11836=CARTESIAN_POINT('',(51.687586601,20.081072823,12.334875));
#11837=CARTESIAN_POINT('',(51.676367238,20.133732551,12.284075));
#11838=CARTESIAN_POINT('',(51.676367245,20.13373255,12.297374148));
#11839=CARTESIAN_POINT('',(51.675991038,20.128261192,12.310591409));
#11840=CARTESIAN_POINT('',(51.674698605,20.109464961,12.329399534));
#11841=CARTESIAN_POINT('',(51.673790337,20.096255821,12.334874591));
#11842=CARTESIAN_POINT('',(51.672876428,20.082964675,12.334875));
#11843=CARTESIAN_POINT('',(51.666476571,20.134161484,12.284075));
#11844=CARTESIAN_POINT('',(51.666476571,20.134161484,12.297374409));
#11845=CARTESIAN_POINT('',(51.666367745,20.128678132,12.310591922));
#11846=CARTESIAN_POINT('',(51.665993888,20.109840801,12.329400126));
#11847=CARTESIAN_POINT('',(51.665731159,20.096602819,12.334875));
#11848=CARTESIAN_POINT('',(51.665466802,20.083282814,12.334875));
#11849=CARTESIAN_POINT('',(51.645549554,20.133340643,12.284075));
#11850=CARTESIAN_POINT('',(51.645549554,20.133340643,12.297374409));
#11851=CARTESIAN_POINT('',(51.646087542,20.127882662,12.310591922));
#11852=CARTESIAN_POINT('',(51.647935729,20.109132489,12.329400126));
#11853=CARTESIAN_POINT('',(51.649234548,20.095955757,12.334875));
#11854=CARTESIAN_POINT('',(51.650541413,20.082697382,12.334875));
#11855=CARTESIAN_POINT('',(51.634859294,20.131961878,12.284075));
#11856=CARTESIAN_POINT('',(51.634859294,20.131961878,12.297374408));
#11857=CARTESIAN_POINT('',(51.63574799,20.126548049,12.310591921));
#11858=CARTESIAN_POINT('',(51.638800987,20.107949556,12.329400125));
#11859=CARTESIAN_POINT('',(51.640946488,20.094879418,12.334874999));
#11860=CARTESIAN_POINT('',(51.643105283,20.081728296,12.334875));
#11861=CARTESIAN_POINT('',(51.603692039,20.124755851,12.284075));
#11862=CARTESIAN_POINT('',(51.603692039,20.124755851,12.297374408));
#11863=CARTESIAN_POINT('',(51.6056145,20.119581034,12.310591921));
#11864=CARTESIAN_POINT('',(51.612218862,20.101803634,12.329400125));
#11865=CARTESIAN_POINT('',(51.616860094,20.089310522,12.334874999));
#11866=CARTESIAN_POINT('',(51.621530083,20.076740001,12.334875));
#11867=CARTESIAN_POINT('',(51.584520656,20.116168724,12.284075));
#11868=CARTESIAN_POINT('',(51.584520649,20.116168719,12.297374363));
#11869=CARTESIAN_POINT('',(51.587011839,20.111249491,12.310591831));
#11870=CARTESIAN_POINT('',(51.595570015,20.094350125,12.329400021));
#11871=CARTESIAN_POINT('',(51.601584304,20.082474048,12.334874927));
#11872=CARTESIAN_POINT('',(51.607635872,20.070524364,12.334875));
#11873=CARTESIAN_POINT('',(51.558431391,20.098771569,12.284075));
#11874=CARTESIAN_POINT('',(51.558431394,20.098771571,12.297374363));
#11875=CARTESIAN_POINT('',(51.561741911,20.094398697,12.310591831));
#11876=CARTESIAN_POINT('',(51.573114761,20.079376244,12.329400021));
#11877=CARTESIAN_POINT('',(51.581107062,20.06881917,12.334874927));
#11878=CARTESIAN_POINT('',(51.5891489,20.05819666,12.334875));
#11879=CARTESIAN_POINT('',(51.550168523,20.092109535,12.284075));
#11880=CARTESIAN_POINT('',(51.550168758,20.092109764,12.29737787));
#11881=CARTESIAN_POINT('',(51.553746361,20.087948536,12.310598739));
#11882=CARTESIAN_POINT('',(51.56603531,20.073653849,12.329407993));
#11883=CARTESIAN_POINT('',(51.574670905,20.063608505,12.334880434));
#11884=CARTESIAN_POINT('',(51.583358492,20.053502473,12.334874996));
#11885=CARTESIAN_POINT('',(51.542573188,20.084742829,12.284075));
#11886=CARTESIAN_POINT('',(51.542573189,20.084742829,12.29737787));
#11887=CARTESIAN_POINT('',(51.546387504,20.080811188,12.310598739));
#11888=CARTESIAN_POINT('',(51.559490052,20.06730561,12.329407993));
#11889=CARTESIAN_POINT('',(51.56869752,20.057814925,12.334880434));
#11890=CARTESIAN_POINT('',(51.577960526,20.048266991,12.334874996));
#11891=CARTESIAN_POINT('',(51.542556306,20.084726454,12.284075));
#11892=CARTESIAN_POINT('',(51.542556306,20.084726454,12.29737787));
#11893=CARTESIAN_POINT('',(51.546371134,20.08079531,12.310598739));
#11894=CARTESIAN_POINT('',(51.559475445,20.067291443,12.329407993));
#11895=CARTESIAN_POINT('',(51.568684151,20.057801959,12.334880434));
#11896=CARTESIAN_POINT('',(51.577948405,20.048255235,12.334874996));
#11897=CARTESIAN_POINT('',(51.542539592,20.084710243,12.284075));
#11898=CARTESIAN_POINT('',(51.542539592,20.084710242,12.29737787));
#11899=CARTESIAN_POINT('',(51.546354914,20.080779579,12.310598739));
#11900=CARTESIAN_POINT('',(51.559460926,20.06727736,12.329407993));
#11901=CARTESIAN_POINT('',(51.568670827,20.057789035,12.334880434));
#11902=CARTESIAN_POINT('',(51.577936283,20.048243478,12.334874996));
#11903=B_SPLINE_SURFACE_WITH_KNOTS('',3,3,((#11663,#11664,#11665,#11666,#11667,#11668),(#11669,#11670,#11671,#11672,#11673,#11674),(#11675,#11676,#11677,#11678,#11679,#11680),(#11681,#11682,#11683,#11684,#11685,#11686),(#11687,#11688,#11689,#11690,#11691,#11692),(#11693,#11694,#11695,#11696,#11697,#11698),(#11699,#11700,#11701,#11702,#11703,#11704),(#11705,#11706,#11707,#11708,#11709,#11710),(#11711,#11712,#11713,#11714,#11715,#11716),(#11717,#11718,#11719,#11720,#11721,#11722),(#11723,#11724,#11725,#11726,#11727,#11728),(#11729,#11730,#11731,#11732,#11733,#11734),(#11735,#11736,#11737,#11738,#11739,#11740),(#11741,#11742,#11743,#11744,#11745,#11746),(#11747,#11748,#11749,#11750,#11751,#11752),(#11753,#11754,#11755,#11756,#11757,#11758),(#11759,#11760,#11761,#11762,#11763,#11764),(#11765,#11766,#11767,#11768,#11769,#11770),(#11771,#11772,#11773,#11774,#11775,#11776),(#11777,#11778,#11779,#11780,#11781,#11782),(#11783,#11784,#11785,#11786,#11787,#11788),(#11789,#11790,#11791,#11792,#11793,#11794),(#11795,#11796,#11797,#11798,#11799,#11800),(#11801,#11802,#11803,#11804,#11805,#11806),(#11807,#11808,#11809,#11810,#11811,#11812),(#11813,#11814,#11815,#11816,#11817,#11818),
(#11819,#11820,#11821,#11822,#11823,#11824),(#11825,#11826,#11827,#11828,#11829,#11830),(#11831,#11832,#11833,#11834,#11835,#11836),(#11837,#11838,#11839,#11840,#11841,#11842),(#11843,#11844,#11845,#11846,#11847,#11848),(#11849,#11850,#11851,#11852,#11853,#11854),(#11855,#11856,#11857,#11858,#11859,#11860),(#11861,#11862,#11863,#11864,#11865,#11866),(#11867,#11868,#11869,#11870,#11871,#11872),(#11873,#11874,#11875,#11876,#11877,#11878),(#11879,#11880,#11881,#11882,#11883,#11884),(#11885,#11886,#11887,#11888,#11889,#11890),(#11891,#11892,#11893,#11894,#11895,#11896),(#11897,#11898,#11899,#11900,#11901,#11902)),.UNSPECIFIED.,.F.,.F.,.U.,(4,2,2,2,2,2,2,2,2,2,2,2,2,2,2,2,2,2,2,4),(4,2,4),(-0.000088946,-0.000086166,-0.000083386,-0.000077826,-0.000066706,-0.000044466,-0.000022226,0.000000014,0.000022254,0.000044494,0.000066734,0.000088974,0.000133454,0.000155693,0.000177933,0.000200173,0.000222413,0.000266893,0.000289133,0.000289183),(0.,0.5,1.),.UNSPECIFIED.);
#11904=CARTESIAN_POINT('',(51.577926445,20.048262855,12.284075));
#11905=DIRECTION('',(-0.717580692,-0.696475377,-0.));
#11906=DIRECTION('',(-0.696475377,0.717580692,0.));
#11907=AXIS2_PLACEMENT_3D('',#11904,#11905,#11906);
#11908=CIRCLE('',#11907,0.0508);
#11909=EDGE_CURVE('',#11627,#11472,#11908,.T.);
#11910=ORIENTED_EDGE('',*,*,#11909,.F.);
#11911=ORIENTED_EDGE('',*,*,#11642,.F.);
#11912=CARTESIAN_POINT('',(51.749023926,19.878930094,12.284075));
#11913=DIRECTION('',(-0.707106781,-0.707106781,0.));
#11914=DIRECTION('',(0.707106781,-0.707106781,0.));
#11915=AXIS2_PLACEMENT_3D('',#11912,#11913,#11914);
#11916=CIRCLE('',#11915,0.0508);
#11917=EDGE_CURVE('',#11464,#11625,#11916,.T.);
#11918=ORIENTED_EDGE('',*,*,#11917,.F.);
#11919=ORIENTED_EDGE('',*,*,#11612,.F.);
#11920=EDGE_LOOP('',(#11910,#11911,#11918,#11919));
#11921=FACE_BOUND('',#11920,.T.);
#11922=ADVANCED_FACE('',(#11921),#11903,.T.);
#11923=CARTESIAN_POINT('',(51.749023926,19.878930094,12.334875));
#11924=CARTESIAN_POINT('',(51.758428028,19.869525992,12.334875));
#11925=CARTESIAN_POINT('',(51.767774221,19.860179798,12.329400127));
#11926=CARTESIAN_POINT('',(51.78107363,19.846880389,12.310591922));
#11927=CARTESIAN_POINT('',(51.78494495,19.843009069,12.297374409));
#11928=CARTESIAN_POINT('',(51.78494495,19.843009069,12.284075));
#11929=CARTESIAN_POINT('',(51.739242456,19.869148624,12.334875));
#11930=CARTESIAN_POINT('',(51.747648627,19.858746591,12.334875));
#11931=CARTESIAN_POINT('',(51.756003035,19.848408612,12.329400127));
#11932=CARTESIAN_POINT('',(51.767891157,19.833697916,12.310591922));
#11933=CARTESIAN_POINT('',(51.771351666,19.829415785,12.297374409));
#11934=CARTESIAN_POINT('',(51.771351666,19.829415785,12.284075));
#11935=CARTESIAN_POINT('',(51.727994048,19.861107692,12.334875));
#11936=CARTESIAN_POINT('',(51.735161695,19.849826444,12.334874965));
#11937=CARTESIAN_POINT('',(51.742285197,19.838614675,12.329400075));
#11938=CARTESIAN_POINT('',(51.752421767,19.822660602,12.310591878));
#11939=CARTESIAN_POINT('',(51.755372416,19.818016539,12.297374386));
#11940=CARTESIAN_POINT('',(51.755372417,19.818016539,12.284075));
#11941=CARTESIAN_POINT('',(51.703433811,19.848744035,12.334875));
#11942=CARTESIAN_POINT('',(51.708226081,19.836267019,12.334874965));
#11943=CARTESIAN_POINT('',(51.712988833,19.823866846,12.329400076));
#11944=CARTESIAN_POINT('',(51.719766108,19.806221699,12.310591879));
#11945=CARTESIAN_POINT('',(51.721738898,19.80108538,12.297374387));
#11946=CARTESIAN_POINT('',(51.721738891,19.801085377,12.284075));
#11947=CARTESIAN_POINT('',(51.689919458,19.844654729,12.334875));
#11948=CARTESIAN_POINT('',(51.692807472,19.831584641,12.334874854));
#11949=CARTESIAN_POINT('',(51.695677701,19.818595095,12.329399915));
#11950=CARTESIAN_POINT('',(51.699761984,19.800111306,12.310591739));
#11951=CARTESIAN_POINT('',(51.70095089,19.79473088,12.297374316));
#11952=CARTESIAN_POINT('',(51.700950916,19.794730884,12.284075));
#11953=CARTESIAN_POINT('',(51.669501588,19.842523108,12.334875));
#11954=CARTESIAN_POINT('',(51.670128859,19.829217,12.334874852));
#11955=CARTESIAN_POINT('',(51.670752266,19.815992887,12.329399913));
#11956=CARTESIAN_POINT('',(51.671639358,19.797175312,12.310591737));
#11957=CARTESIAN_POINT('',(51.671897582,19.791697723,12.297374315));
#11958=CARTESIAN_POINT('',(51.671897583,19.791697722,12.284075));
#11959=CARTESIAN_POINT('',(51.662674173,19.842359238,12.334875));
#11960=CARTESIAN_POINT('',(51.662652998,19.829036433,12.334874981));
#11961=CARTESIAN_POINT('',(51.662631954,19.815795676,12.3294001));
#11962=CARTESIAN_POINT('',(51.662602008,19.796954399,12.310591899));
#11963=CARTESIAN_POINT('',(51.66259329,19.791469899,12.297374397));
#11964=CARTESIAN_POINT('',(51.66259329,19.791469899,12.284075));
#11965=CARTESIAN_POINT('',(51.648973686,19.843194589,12.334875));
#11966=CARTESIAN_POINT('',(51.647376093,19.829967903,12.334874982));
#11967=CARTESIAN_POINT('',(51.645788338,19.816822671,12.3294001));
#11968=CARTESIAN_POINT('',(51.643528999,19.798117325,12.310591899));
#11969=CARTESIAN_POINT('',(51.642871328,19.792672395,12.297374397));
#11970=CARTESIAN_POINT('',(51.642871325,19.792672395,12.284075));
#11971=CARTESIAN_POINT('',(51.642092352,19.844246517,12.334875));
#11972=CARTESIAN_POINT('',(51.639642735,19.831147394,12.334874914));
#11973=CARTESIAN_POINT('',(51.637208212,19.818128965,12.329400002));
#11974=CARTESIAN_POINT('',(51.633743955,19.799604064,12.310591814));
#11975=CARTESIAN_POINT('',(51.632735553,19.794211663,12.297374354));
#11976=CARTESIAN_POINT('',(51.632735563,19.794211661,12.284075));
#11977=CARTESIAN_POINT('',(51.628868712,19.847599956,12.334875));
#11978=CARTESIAN_POINT('',(51.624780005,19.834916496,12.334874913));
#11979=CARTESIAN_POINT('',(51.620716485,19.822311173,12.329400001));
#11980=CARTESIAN_POINT('',(51.614934198,19.804374111,12.310591813));
#11981=CARTESIAN_POINT('',(51.613251035,19.799152825,12.297374354));
#11982=CARTESIAN_POINT('',(51.613251035,19.799152825,12.284075));
#11983=CARTESIAN_POINT('',(51.622457936,19.849917961,12.334875));
#11984=CARTESIAN_POINT('',(51.617485524,19.837566374,12.334874911));
#11985=CARTESIAN_POINT('',(51.612543742,19.82529088,12.329399998));
#11986=CARTESIAN_POINT('',(51.605511704,19.80782316,12.310591811));
#11987=CARTESIAN_POINT('',(51.603464749,19.802738496,12.297374352));
#11988=CARTESIAN_POINT('',(51.603464742,19.802738499,12.284075));
#11989=CARTESIAN_POINT('',(51.609981781,19.85565571,12.334875));
#11990=CARTESIAN_POINT('',(51.603840596,19.843841638,12.334874912));
#11991=CARTESIAN_POINT('',(51.597737238,19.832100349,12.3294));
#11992=CARTESIAN_POINT('',(51.589052299,19.815392793,12.310591812));
#11993=CARTESIAN_POINT('',(51.586524199,19.810529407,12.297374353));
#11994=CARTESIAN_POINT('',(51.586524185,19.810529414,12.284075));
#11995=CARTESIAN_POINT('',(51.603919866,19.859002807,12.334875));
#11996=CARTESIAN_POINT('',(51.597167552,19.847523161,12.334874973));
#11997=CARTESIAN_POINT('',(51.590456823,19.836114214,12.329400088));
#11998=CARTESIAN_POINT('',(51.580907621,19.819879558,12.310591889));
#11999=CARTESIAN_POINT('',(51.57812795,19.815153819,12.297374392));
#12000=CARTESIAN_POINT('',(51.578127952,19.815153818,12.284075));
#12001=CARTESIAN_POINT('',(51.586824161,19.870324261,12.334875));
#12002=CARTESIAN_POINT('',(51.578299331,19.860018446,12.334874973));
#12003=CARTESIAN_POINT('',(51.569827001,19.849776101,12.329400088));
#12004=CARTESIAN_POINT('',(51.55777108,19.835201493,12.310591888));
#12005=CARTESIAN_POINT('',(51.554261727,19.830958978,12.297374392));
#12006=CARTESIAN_POINT('',(51.554261725,19.83095898,12.284075));
#12007=CARTESIAN_POINT('',(51.576477987,19.879828121,12.334875));
#12008=CARTESIAN_POINT('',(51.566870899,19.870501953,12.33487498));
#12009=CARTESIAN_POINT('',(51.557322975,19.861233217,12.329400098));
#12010=CARTESIAN_POINT('',(51.543736514,19.848044029,12.310591897));
#12011=CARTESIAN_POINT('',(51.539781639,19.844204792,12.297374396));
#12012=CARTESIAN_POINT('',(51.539781642,19.844204789,12.284075));
#12013=CARTESIAN_POINT('',(51.559811905,19.901542895,12.334875));
#12014=CARTESIAN_POINT('',(51.548318512,19.894674453,12.33487498));
#12015=CARTESIAN_POINT('',(51.536895901,19.887848309,12.329400097));
#12016=CARTESIAN_POINT('',(51.520641801,19.878134872,12.310591897));
#12017=CARTESIAN_POINT('',(51.515910403,19.875307392,12.297374396));
#12018=CARTESIAN_POINT('',(51.515910402,19.875307392,12.284075));
#12019=CARTESIAN_POINT('',(51.553333349,19.913856975,12.334875));
#12020=CARTESIAN_POINT('',(51.541162467,19.908258244,12.334874882));
#12021=CARTESIAN_POINT('',(51.529066577,19.902693999,12.329399956));
#12022=CARTESIAN_POINT('',(51.51185444,19.894776199,12.310591775));
#12023=CARTESIAN_POINT('',(51.506844179,19.8924714,12.297374334));
#12024=CARTESIAN_POINT('',(51.506844188,19.892471376,12.284075));
#12025=CARTESIAN_POINT('',(51.54499386,19.939855073,12.334875));
#12026=CARTESIAN_POINT('',(51.531837206,19.937329461,12.33487488));
#12027=CARTESIAN_POINT('',(51.518761615,19.934819411,12.329399953));
#12028=CARTESIAN_POINT('',(51.500155377,19.931247676,12.310591771));
#12029=CARTESIAN_POINT('',(51.494739302,19.930207985,12.297374332));
#12030=CARTESIAN_POINT('',(51.4947393,19.930207988,12.284075));
#12031=CARTESIAN_POINT('',(51.543274579,19.953603136,12.334875));
#12032=CARTESIAN_POINT('',(51.529956228,19.952544479,12.334874688));
#12033=CARTESIAN_POINT('',(51.516720014,19.95149233,12.329399675));
#12034=CARTESIAN_POINT('',(51.497885245,19.949995105,12.310591531));
#12035=CARTESIAN_POINT('',(51.492402664,19.949559249,12.29737421));
#12036=CARTESIAN_POINT('',(51.492402665,19.949559195,12.284075));
#12037=CARTESIAN_POINT('',(51.543722581,19.980932886,12.334875));
#12038=CARTESIAN_POINT('',(51.530446079,19.982427022,12.334874683));
#12039=CARTESIAN_POINT('',(51.517251457,19.983911945,12.329399668));
#12040=CARTESIAN_POINT('',(51.498475869,19.986024956,12.310591525));
#12041=CARTESIAN_POINT('',(51.493010514,19.986640033,12.297374207));
#12042=CARTESIAN_POINT('',(51.493010512,19.98664004,12.284075));
#12043=CARTESIAN_POINT('',(51.546022037,19.994719977,12.334875));
#12044=CARTESIAN_POINT('',(51.532984554,19.997872576,12.334874989));
#12045=CARTESIAN_POINT('',(51.520027357,20.001005759,12.32940011));
#12046=CARTESIAN_POINT('',(51.501589578,20.005464201,12.310591908));
#12047=CARTESIAN_POINT('',(51.496222533,20.006762006,12.297374402));
#12048=CARTESIAN_POINT('',(51.496222532,20.006762003,12.284075));
#12049=CARTESIAN_POINT('',(51.553355138,20.013760144,12.334875));
#12050=CARTESIAN_POINT('',(51.541257737,20.019353637,12.334874988));
#12051=CARTESIAN_POINT('',(51.529234835,20.024912685,12.32940011));
#12052=CARTESIAN_POINT('',(51.512126534,20.032823076,12.310591908));
#12053=CARTESIAN_POINT('',(51.507146486,20.035125708,12.297374402));
#12054=CARTESIAN_POINT('',(51.507146486,20.035125708,12.284075));
#12055=CARTESIAN_POINT('',(51.556360604,20.019834093,12.334875));
#12056=CARTESIAN_POINT('',(51.544573159,20.026044103,12.33487496));
#12057=CARTESIAN_POINT('',(51.532858312,20.032215867,12.329400069));
#12058=CARTESIAN_POINT('',(51.516188373,20.040998137,12.310591872));
#12059=CARTESIAN_POINT('',(51.511335929,20.043554564,12.297374383));
#12060=CARTESIAN_POINT('',(51.51133593,20.043554565,12.284075));
#12061=CARTESIAN_POINT('',(51.563413465,20.031475467,12.334875));
#12062=CARTESIAN_POINT('',(51.55245151,20.039048024,12.33487496));
#12063=CARTESIAN_POINT('',(51.541557071,20.046573943,12.329400069));
#12064=CARTESIAN_POINT('',(51.526054553,20.057283147,12.310591872));
#12065=CARTESIAN_POINT('',(51.521541936,20.060400487,12.297374384));
#12066=CARTESIAN_POINT('',(51.521541939,20.060400492,12.284075));
#12067=CARTESIAN_POINT('',(51.567541759,20.037068002,12.334875));
#12068=CARTESIAN_POINT('',(51.557079827,20.045317805,12.334874989));
#12069=CARTESIAN_POINT('',(51.546682321,20.053516804,12.32940011));
#12070=CARTESIAN_POINT('',(51.531886919,20.065183782,12.310591908));
#12071=CARTESIAN_POINT('',(51.527580132,20.068579917,12.297374402));
#12072=CARTESIAN_POINT('',(51.527580131,20.068579915,12.284075));
#12073=CARTESIAN_POINT('',(51.573963342,20.044277322,12.334875));
#12074=CARTESIAN_POINT('',(51.564250959,20.053368622,12.334874989));
#12075=CARTESIAN_POINT('',(51.554598387,20.062403935,12.32940011));
#12076=CARTESIAN_POINT('',(51.540863009,20.075260969,12.310591908));
#12077=CARTESIAN_POINT('',(51.536864783,20.079003517,12.297374402));
#12078=CARTESIAN_POINT('',(51.536864783,20.079003517,12.284075));
#12079=CARTESIAN_POINT('',(51.575927922,20.046287249,12.334875));
#12080=CARTESIAN_POINT('',(51.566527284,20.055692775,12.334874996));
#12081=CARTESIAN_POINT('',(51.557184536,20.065040384,12.329400121));
#12082=CARTESIAN_POINT('',(51.543890029,20.078341806,12.310591918));
#12083=CARTESIAN_POINT('',(51.540020136,20.082213711,12.297374407));
#12084=CARTESIAN_POINT('',(51.540020136,20.082213711,12.284075));
#12085=CARTESIAN_POINT('',(51.577930648,20.048258605,12.334875));
#12086=CARTESIAN_POINT('',(51.568633256,20.057767417,12.334874999));
#12087=CARTESIAN_POINT('',(51.559393116,20.067217675,12.329400125));
#12088=CARTESIAN_POINT('',(51.546244617,20.080665166,12.310591921));
#12089=CARTESIAN_POINT('',(51.542417226,20.084579591,12.297374408));
#12090=CARTESIAN_POINT('',(51.542417226,20.084579591,12.284075));
#12091=B_SPLINE_SURFACE_WITH_KNOTS('',3,3,((#11923,#11924,#11925,#11926,#11927,#11928),(#11929,#11930,#11931,#11932,#11933,#11934),(#11935,#11936,#11937,#11938,#11939,#11940),(#11941,#11942,#11943,#11944,#11945,#11946),(#11947,#11948,#11949,#11950,#11951,#11952),(#11953,#11954,#11955,#11956,#11957,#11958),(#11959,#11960,#11961,#11962,#11963,#11964),(#11965,#11966,#11967,#11968,#11969,#11970),(#11971,#11972,#11973,#11974,#11975,#11976),(#11977,#11978,#11979,#11980,#11981,#11982),(#11983,#11984,#11985,#11986,#11987,#11988),(#11989,#11990,#11991,#11992,#11993,#11994),(#11995,#11996,#11997,#11998,#11999,#12000),(#12001,#12002,#12003,#12004,#12005,#12006),(#12007,#12008,#12009,#12010,#12011,#12012),(#12013,#12014,#12015,#12016,#12017,#12018),(#12019,#12020,#12021,#12022,#12023,#12024),(#12025,#12026,#12027,#12028,#12029,#12030),(#12031,#12032,#12033,#12034,#12035,#12036),(#12037,#12038,#12039,#12040,#12041,#12042),(#12043,#12044,#12045,#12046,#12047,#12048),(#12049,#12050,#12051,#12052,#12053,#12054),(#12055,#12056,#12057,#12058,#12059,#12060),(#12061,#12062,#12063,#12064,#12065,#12066),(#12067,#12068,#12069,#12070,#12071,#12072),(#12073,#12074,#12075,#12076,#12077,#12078),
(#12079,#12080,#12081,#12082,#12083,#12084),(#12085,#12086,#12087,#12088,#12089,#12090)),.UNSPECIFIED.,.F.,.F.,.U.,(4,2,2,2,2,2,2,2,2,2,2,2,2,4),(4,2,4),(-0.000070615,-0.000029644,0.000011328,0.000031814,0.000052299,0.000072785,0.000093271,0.000134242,0.000175214,0.000216186,0.000257157,0.000277643,0.000298129,0.000306563),(0.,0.5,1.),.UNSPECIFIED.);
#12092=ORIENTED_EDGE('',*,*,#11917,.T.);
#12093=ORIENTED_EDGE('',*,*,#11658,.F.);
#12094=ORIENTED_EDGE('',*,*,#11909,.T.);
#12095=ORIENTED_EDGE('',*,*,#11520,.F.);
#12096=EDGE_LOOP('',(#12092,#12093,#12094,#12095));
#12097=FACE_BOUND('',#12096,.T.);
#12098=ADVANCED_FACE('',(#12097),#12091,.T.);
#12099=CARTESIAN_POINT('',(0.52784375,24.627886276,4.143375));
#12100=DIRECTION('',(0.,-1.,0.));
#12101=DIRECTION('',(0.,0.,-1.));
#12102=AXIS2_PLACEMENT_3D('',#12099,#12100,#12101);
#12103=PLANE('',#12102);
#12104=ORIENTED_EDGE('',*,*,#6112,.T.);
#12105=CARTESIAN_POINT('',(1.730375,24.627886276,4.270375));
#12106=VERTEX_POINT('',#12105);
#12107=CARTESIAN_POINT('',(6.5801875,24.627886276,4.270375));
#12108=DIRECTION('',(-1.,-0.,0.));
#12109=VECTOR('',#12108,4.8498125);
#12110=LINE('',#12107,#12109);
#12111=EDGE_CURVE('',#3187,#12106,#12110,.T.);
#12112=ORIENTED_EDGE('',*,*,#12111,.T.);
#12113=CARTESIAN_POINT('',(1.730375,24.627886276,4.270375));
#12114=DIRECTION('',(-0.,-0.,1.));
#12115=VECTOR('',#12114,0.254);
#12116=LINE('',#12113,#12115);
#12117=EDGE_CURVE('',#12106,#4082,#12116,.T.);
#12118=ORIENTED_EDGE('',*,*,#12117,.T.);
#12119=ORIENTED_EDGE('',*,*,#4087,.T.);
#12120=EDGE_LOOP('',(#12104,#12112,#12118,#12119));
#12121=FACE_BOUND('',#12120,.T.);
#12122=ADVANCED_FACE('',(#12121),#12103,.F.);
#12123=CARTESIAN_POINT('',(0.52784375,13.2159375,3.762375));
#12124=DIRECTION('',(0.,0.,1.));
#12125=DIRECTION('',(1.,0.,0.));
#12126=AXIS2_PLACEMENT_3D('',#12123,#12124,#12125);
#12127=PLANE('',#12126);
#12128=ORIENTED_EDGE('',*,*,#3184,.T.);
#12129=CARTESIAN_POINT('',(1.730375,2.311988724,3.762375));
#12130=VERTEX_POINT('',#12129);
#12131=CARTESIAN_POINT('',(6.5801875,2.311988724,3.762375));
#12132=DIRECTION('',(-1.,-0.,0.));
#12133=VECTOR('',#12132,4.8498125);
#12134=LINE('',#12131,#12133);
#12135=EDGE_CURVE('',#3179,#12130,#12134,.T.);
#12136=ORIENTED_EDGE('',*,*,#12135,.T.);
#12137=CARTESIAN_POINT('',(1.730375,24.119886276,3.762375));
#12138=VERTEX_POINT('',#12137);
#12139=CARTESIAN_POINT('',(1.730375,2.311988724,3.762375));
#12140=DIRECTION('',(-0.,1.,-0.));
#12141=VECTOR('',#12140,21.807897552);
#12142=LINE('',#12139,#12141);
#12143=EDGE_CURVE('',#12130,#12138,#12142,.T.);
#12144=ORIENTED_EDGE('',*,*,#12143,.T.);
#12145=CARTESIAN_POINT('',(1.730375,24.119886276,3.762375));
#12146=DIRECTION('',(1.,0.,-0.));
#12147=VECTOR('',#12146,4.8498125);
#12148=LINE('',#12145,#12147);
#12149=EDGE_CURVE('',#12138,#3177,#12148,.T.);
#12150=ORIENTED_EDGE('',*,*,#12149,.T.);
#12151=EDGE_LOOP('',(#12128,#12136,#12144,#12150));
#12152=FACE_BOUND('',#12151,.T.);
#12153=ADVANCED_FACE('',(#12152),#12127,.F.);
#12154=CARTESIAN_POINT('',(0.52784375,1.803988724,4.143375));
#12155=DIRECTION('',(0.,1.,0.));
#12156=DIRECTION('',(0.,-0.,1.));
#12157=AXIS2_PLACEMENT_3D('',#12154,#12155,#12156);
#12158=PLANE('',#12157);
#12159=ORIENTED_EDGE('',*,*,#4051,.F.);
#12160=CARTESIAN_POINT('',(1.730375,1.803988724,4.270375));
#12161=VERTEX_POINT('',#12160);
#12162=CARTESIAN_POINT('',(1.730375,1.803988724,4.524375));
#12163=DIRECTION('',(-0.,0.,-1.));
#12164=VECTOR('',#12163,0.254);
#12165=LINE('',#12162,#12164);
#12166=EDGE_CURVE('',#4037,#12161,#12165,.T.);
#12167=ORIENTED_EDGE('',*,*,#12166,.T.);
#12168=CARTESIAN_POINT('',(1.730375,1.803988724,4.270375));
#12169=DIRECTION('',(1.,0.,-0.));
#12170=VECTOR('',#12169,4.8498125);
#12171=LINE('',#12168,#12170);
#12172=EDGE_CURVE('',#12161,#3212,#12171,.T.);
#12173=ORIENTED_EDGE('',*,*,#12172,.T.);
#12174=ORIENTED_EDGE('',*,*,#6190,.T.);
#12175=EDGE_LOOP('',(#12159,#12167,#12173,#12174));
#12176=FACE_BOUND('',#12175,.T.);
#12177=ADVANCED_FACE('',(#12176),#12158,.F.);
#12178=CARTESIAN_POINT('',(1.222375,0.,0.));
#12179=DIRECTION('',(-1.,0.,0.));
#12180=DIRECTION('',(0.,1.,0.));
#12181=AXIS2_PLACEMENT_3D('',#12178,#12179,#12180);
#12182=PLANE('',#12181);
#12183=CARTESIAN_POINT('',(1.222375,24.119886276,4.270375));
#12184=VERTEX_POINT('',#12183);
#12185=CARTESIAN_POINT('',(1.222375,2.311988724,4.270375));
#12186=VERTEX_POINT('',#12185);
#12187=CARTESIAN_POINT('',(1.222375,24.119886276,4.270375));
#12188=DIRECTION('',(0.,-1.,0.));
#12189=VECTOR('',#12188,21.807897552);
#12190=LINE('',#12187,#12189);
#12191=EDGE_CURVE('',#12184,#12186,#12190,.T.);
#12192=ORIENTED_EDGE('',*,*,#12191,.T.);
#12193=CARTESIAN_POINT('',(1.222375,2.311988724,4.270375));
#12194=DIRECTION('',(0.,-0.,1.));
#12195=VECTOR('',#12194,0.254);
#12196=LINE('',#12193,#12195);
#12197=EDGE_CURVE('',#12186,#4027,#12196,.T.);
#12198=ORIENTED_EDGE('',*,*,#12197,.T.);
#12199=ORIENTED_EDGE('',*,*,#4034,.T.);
#12200=CARTESIAN_POINT('',(1.222375,24.119886276,4.524375));
#12201=DIRECTION('',(0.,0.,-1.));
#12202=VECTOR('',#12201,0.254);
#12203=LINE('',#12200,#12202);
#12204=EDGE_CURVE('',#4029,#12184,#12203,.T.);
#12205=ORIENTED_EDGE('',*,*,#12204,.T.);
#12206=EDGE_LOOP('',(#12192,#12198,#12199,#12205));
#12207=FACE_BOUND('',#12206,.T.);
#12208=ADVANCED_FACE('',(#12207),#12182,.T.);
#12209=CARTESIAN_POINT('',(1.730375,0.,4.270375));
#12210=DIRECTION('',(0.,1.,0.));
#12211=DIRECTION('',(0.,-0.,1.));
#12212=AXIS2_PLACEMENT_3D('',#12209,#12210,#12211);
#12213=CYLINDRICAL_SURFACE('',#12212,0.508);
#12214=ORIENTED_EDGE('',*,*,#12143,.F.);
#12215=CARTESIAN_POINT('',(1.730375,2.311988724,4.270375));
#12216=DIRECTION('',(0.,1.,0.));
#12217=DIRECTION('',(0.,-0.,1.));
#12218=AXIS2_PLACEMENT_3D('',#12215,#12216,#12217);
#12219=CIRCLE('',#12218,0.508);
#12220=EDGE_CURVE('',#12130,#12186,#12219,.T.);
#12221=ORIENTED_EDGE('',*,*,#12220,.T.);
#12222=ORIENTED_EDGE('',*,*,#12191,.F.);
#12223=CARTESIAN_POINT('',(1.730375,24.119886276,4.270375));
#12224=DIRECTION('',(-0.,-1.,-0.));
#12225=DIRECTION('',(0.,-0.,1.));
#12226=AXIS2_PLACEMENT_3D('',#12223,#12224,#12225);
#12227=CIRCLE('',#12226,0.508);
#12228=EDGE_CURVE('',#12184,#12138,#12227,.T.);
#12229=ORIENTED_EDGE('',*,*,#12228,.T.);
#12230=EDGE_LOOP('',(#12214,#12221,#12222,#12229));
#12231=FACE_BOUND('',#12230,.T.);
#12232=ADVANCED_FACE('',(#12231),#12213,.T.);
#12233=CARTESIAN_POINT('',(1.730375,24.119886276,0.));
#12234=DIRECTION('',(0.,0.,1.));
#12235=DIRECTION('',(1.,0.,-0.));
#12236=AXIS2_PLACEMENT_3D('',#12233,#12234,#12235);
#12237=CYLINDRICAL_SURFACE('',#12236,0.508);
#12238=CARTESIAN_POINT('',(1.730375,24.119886276,4.270375));
#12239=DIRECTION('',(0.,0.,-1.));
#12240=DIRECTION('',(-1.,0.,0.));
#12241=AXIS2_PLACEMENT_3D('',#12238,#12239,#12240);
#12242=CIRCLE('',#12241,0.508);
#12243=EDGE_CURVE('',#12184,#12106,#12242,.T.);
#12244=ORIENTED_EDGE('',*,*,#12243,.F.);
#12245=ORIENTED_EDGE('',*,*,#12204,.F.);
#12246=ORIENTED_EDGE('',*,*,#4094,.F.);
#12247=ORIENTED_EDGE('',*,*,#12117,.F.);
#12248=EDGE_LOOP('',(#12244,#12245,#12246,#12247));
#12249=FACE_BOUND('',#12248,.T.);
#12250=ADVANCED_FACE('',(#12249),#12237,.T.);
#12251=CARTESIAN_POINT('',(1.730375,24.119886276,4.270375));
#12252=DIRECTION('',(0.,-1.,0.));
#12253=DIRECTION('',(0.,0.,-1.));
#12254=AXIS2_PLACEMENT_3D('',#12251,#12252,#12253);
#12255=SPHERICAL_SURFACE('',#12254,0.508);
#12256=ORIENTED_EDGE('',*,*,#12228,.F.);
#12257=ORIENTED_EDGE('',*,*,#12243,.T.);
#12258=CARTESIAN_POINT('',(1.730375,24.119886276,4.270375));
#12259=DIRECTION('',(1.,0.,0.));
#12260=DIRECTION('',(0.,0.,-1.));
#12261=AXIS2_PLACEMENT_3D('',#12258,#12259,#12260);
#12262=CIRCLE('',#12261,0.508);
#12263=EDGE_CURVE('',#12138,#12106,#12262,.T.);
#12264=ORIENTED_EDGE('',*,*,#12263,.F.);
#12265=EDGE_LOOP('',(#12256,#12257,#12264));
#12266=FACE_BOUND('',#12265,.T.);
#12267=ADVANCED_FACE('',(#12266),#12255,.T.);
#12268=CARTESIAN_POINT('',(0.52784375,24.119886276,4.270375));
#12269=DIRECTION('',(1.,0.,0.));
#12270=DIRECTION('',(0.,0.,-1.));
#12271=AXIS2_PLACEMENT_3D('',#12268,#12269,#12270);
#12272=CYLINDRICAL_SURFACE('',#12271,0.508);
#12273=ORIENTED_EDGE('',*,*,#12263,.T.);
#12274=ORIENTED_EDGE('',*,*,#12111,.F.);
#12275=ORIENTED_EDGE('',*,*,#3193,.F.);
#12276=ORIENTED_EDGE('',*,*,#12149,.F.);
#12277=EDGE_LOOP('',(#12273,#12274,#12275,#12276));
#12278=FACE_BOUND('',#12277,.T.);
#12279=ADVANCED_FACE('',(#12278),#12272,.T.);
#12280=CARTESIAN_POINT('',(0.52784375,2.311988724,4.270375));
#12281=DIRECTION('',(1.,0.,0.));
#12282=DIRECTION('',(0.,0.,-1.));
#12283=AXIS2_PLACEMENT_3D('',#12280,#12281,#12282);
#12284=CYLINDRICAL_SURFACE('',#12283,0.508);
#12285=CARTESIAN_POINT('',(1.730375,2.311988724,4.270375));
#12286=DIRECTION('',(-1.,0.,0.));
#12287=DIRECTION('',(0.,0.,1.));
#12288=AXIS2_PLACEMENT_3D('',#12285,#12286,#12287);
#12289=CIRCLE('',#12288,0.508);
#12290=EDGE_CURVE('',#12130,#12161,#12289,.T.);
#12291=ORIENTED_EDGE('',*,*,#12290,.F.);
#12292=ORIENTED_EDGE('',*,*,#12135,.F.);
#12293=ORIENTED_EDGE('',*,*,#3224,.F.);
#12294=ORIENTED_EDGE('',*,*,#12172,.F.);
#12295=EDGE_LOOP('',(#12291,#12292,#12293,#12294));
#12296=FACE_BOUND('',#12295,.T.);
#12297=ADVANCED_FACE('',(#12296),#12284,.T.);
#12298=CARTESIAN_POINT('',(1.730375,2.311988724,4.270375));
#12299=DIRECTION('',(0.,1.,0.));
#12300=DIRECTION('',(0.,-0.,1.));
#12301=AXIS2_PLACEMENT_3D('',#12298,#12299,#12300);
#12302=SPHERICAL_SURFACE('',#12301,0.508);
#12303=ORIENTED_EDGE('',*,*,#12220,.F.);
#12304=ORIENTED_EDGE('',*,*,#12290,.T.);
#12305=CARTESIAN_POINT('',(1.730375,2.311988724,4.270375));
#12306=DIRECTION('',(0.,0.,1.));
#12307=DIRECTION('',(1.,0.,-0.));
#12308=AXIS2_PLACEMENT_3D('',#12305,#12306,#12307);
#12309=CIRCLE('',#12308,0.508);
#12310=EDGE_CURVE('',#12186,#12161,#12309,.T.);
#12311=ORIENTED_EDGE('',*,*,#12310,.F.);
#12312=EDGE_LOOP('',(#12303,#12304,#12311));
#12313=FACE_BOUND('',#12312,.T.);
#12314=ADVANCED_FACE('',(#12313),#12302,.T.);
#12315=CARTESIAN_POINT('',(1.730375,2.311988724,0.));
#12316=DIRECTION('',(0.,0.,-1.));
#12317=DIRECTION('',(0.,1.,0.));
#12318=AXIS2_PLACEMENT_3D('',#12315,#12316,#12317);
#12319=CYLINDRICAL_SURFACE('',#12318,0.508);
#12320=ORIENTED_EDGE('',*,*,#12310,.T.);
#12321=ORIENTED_EDGE('',*,*,#12166,.F.);
#12322=ORIENTED_EDGE('',*,*,#4043,.F.);
#12323=ORIENTED_EDGE('',*,*,#12197,.F.);
#12324=EDGE_LOOP('',(#12320,#12321,#12322,#12323));
#12325=FACE_BOUND('',#12324,.T.);
#12326=ADVANCED_FACE('',(#12325),#12319,.T.);
#12327=CLOSED_SHELL('',(#1189,#1236,#1283,#1330,#1363,#1387,#1411,#1444,#1468,#1501,#1532,#1572,#1679,#1712,#1752,#1824,#1848,#1890,#1949,#2012,#2043,#2065,#2128,#2230,#2325,#2419,
#2441,#2458,#2492,#2519,#2551,#2785,#2818,#2851,#2875,#2904,#2933,#2962,#2984,#3008,#3025,#3065,#3096,#3120,#3170,#3228,#3261,#3355,#3372,#3412,#3445,
#3486,#3512,#3553,#3570,#3594,#3616,#3633,#3650,#3662,#3695,#3728,#3761,#3868,#3975,#4001,#4020,#4098,#4112,#4163,#4214,#4236,#4248,#4299,#4350,#4372,
#4384,#4426,#4443,#4485,#4507,#4519,#4531,#4606,#4623,#4640,#4652,#4721,#4788,#4855,#4886,#4908,#4934,#4946,#4980,#4997,#5016,#5056,#5080,#5093,#5106,
#5175,#5206,#5273,#5340,#5362,#5388,#5400,#5434,#5451,#5470,#5510,#5534,#5547,#5560,#5629,#5660,#5727,#5794,#5816,#5842,#5854,#5888,#5905,#5924,#5964,
#5988,#6001,#6014,#6028,#6041,#6054,#6072,#6085,#6117,#6134,#6152,#6169,#6195,#6213,#6232,#6250,#6269,#6281,#6312,#6336,#6353,#6377,#6401,#6425,#6456,
#6474,#6491,#6509,#6529,#6564,#6577,#6594,#6618,#6630,#6648,#6666,#6684,#6702,#6720,#6738,#6762,#6774,#6792,#6810,#6828,#6852,#6870,#6976,#7082,#7100,
#7124,#7142,#7248,#7354,#7372,#7396,#7414,#7520,#7626,#7689,#7739,#7763,#7787,#7869,#7902,#7933,#7964,#8038,#8071,#8102,#8133,#8155,#8177,#8194,#8221,
#8234,#8247,#8278,#8358,#8382,#8455,#8467,#8498,#8522,#8546,#8570,#8594,#8618,#8642,#8684,#8715,#8746,#8777,#8801,#8818,#8841,#8854,#8949,#9033,#9077,
#9241,#9465,#9560,#9647,#9691,#9786,#9879,#9923,#10027,#10123,#10167,#10427,#10651,#10899,#11111,#11263,#11427,#11531,#11618,#11662,#11922,#12098,#12122,#12153,#12177,
#12208,#12232,#12250,#12267,#12279,#12297,#12314,#12326));
#12328=MANIFOLD_SOLID_BREP('Body 02',#12327);
#452=STYLED_ITEM('',(#270),#12328);
#12329=(NAMED_UNIT(*)PLANE_ANGLE_UNIT()SI_UNIT($,.RADIAN.));
#12330=PLANE_ANGLE_MEASURE_WITH_UNIT(PLANE_ANGLE_MEASURE(0.0174532925),#12329);
#12331=(CONVERSION_BASED_UNIT('DEGREE',#12330)NAMED_UNIT(#12332)PLANE_ANGLE_UNIT());
#12332=DIMENSIONAL_EXPONENTS(0.,0.,0.,0.,0.,0.,0.);
#12333=(NAMED_UNIT(*)SI_UNIT($,.STERADIAN.)SOLID_ANGLE_UNIT());
#12334=(LENGTH_UNIT()NAMED_UNIT(*)SI_UNIT(.MILLI.,.METRE.));
#12335=UNCERTAINTY_MEASURE_WITH_UNIT(LENGTH_MEASURE(1.000000E-03),#12334,'DISTANCE_ACCURACY_VALUE','Maximum Tolerance applied to model');
#12336=(GEOMETRIC_REPRESENTATION_CONTEXT(3)GLOBAL_UNCERTAINTY_ASSIGNED_CONTEXT((#12335))GLOBAL_UNIT_ASSIGNED_CONTEXT((#12334,#12331,#12333))REPRESENTATION_CONTEXT('','knowco2-version6-xometry.step'));
#12348=CARTESIAN_POINT('',(0.,0.,0.));
#12349=DIRECTION('',(0.,0.,1.));
#12350=DIRECTION('',(1.,0.,-0.));
#12351=AXIS2_PLACEMENT_3D('',#12348,#12349,#12350);
#12352=ITEM_DEFINED_TRANSFORMATION('','',#12351,#15);
#12353=(REPRESENTATION_RELATIONSHIP('','',#12338,#433)REPRESENTATION_RELATIONSHIP_WITH_TRANSFORMATION(#12352)SHAPE_REPRESENTATION_RELATIONSHIP());
#12354=NEXT_ASSEMBLY_USAGE_OCCURRENCE('knowco2-version6-xometry.step_7','knowco2-version6-xometry.step','knowco2-version6-xometry.step',#442,#12347,$);
#12355=PRODUCT_DEFINITION_SHAPE('','',#12354);
#12356=CONTEXT_DEPENDENT_SHAPE_REPRESENTATION(#12353,#12355);
#12357=(NAMED_UNIT(*)PLANE_ANGLE_UNIT()SI_UNIT($,.RADIAN.));
#12358=PLANE_ANGLE_MEASURE_WITH_UNIT(PLANE_ANGLE_MEASURE(0.0174532925),#12357);
#12359=(CONVERSION_BASED_UNIT('DEGREE',#12358)NAMED_UNIT(#12360)PLANE_ANGLE_UNIT());
#12360=DIMENSIONAL_EXPONENTS(0.,0.,0.,0.,0.,0.,0.);
#12361=(NAMED_UNIT(*)SI_UNIT($,.STERADIAN.)SOLID_ANGLE_UNIT());
#12362=(LENGTH_UNIT()NAMED_UNIT(*)SI_UNIT(.MILLI.,.METRE.));
#12363=UNCERTAINTY_MEASURE_WITH_UNIT(LENGTH_MEASURE(1.000000E-03),#12362,'DISTANCE_ACCURACY_VALUE','Maximum Tolerance applied to model');
#12364=(GEOMETRIC_REPRESENTATION_CONTEXT(3)GLOBAL_UNCERTAINTY_ASSIGNED_CONTEXT((#12363))GLOBAL_UNIT_ASSIGNED_CONTEXT((#12362,#12359,#12361))REPRESENTATION_CONTEXT('','knowco2-version3 w/enclosure (Imported)'));
#12376=CARTESIAN_POINT('',(0.,0.,0.));
#12377=DIRECTION('',(0.,0.,1.));
#12378=DIRECTION('',(1.,0.,-0.));
#12379=AXIS2_PLACEMENT_3D('',#12376,#12377,#12378);
#12380=ITEM_DEFINED_TRANSFORMATION('','',#12379,#15);
#12381=(REPRESENTATION_RELATIONSHIP('','',#12366,#12338)REPRESENTATION_RELATIONSHIP_WITH_TRANSFORMATION(#12380)SHAPE_REPRESENTATION_RELATIONSHIP());
#12382=NEXT_ASSEMBLY_USAGE_OCCURRENCE('knowco2-version3 w/enclosure (Imported)_8','knowco2-version3 w/enclosure (Imported)','knowco2-version3 w/enclosure (Imported)',#12347,#12375,$);
#12383=PRODUCT_DEFINITION_SHAPE('','',#12382);
#12384=CONTEXT_DEPENDENT_SHAPE_REPRESENTATION(#12381,#12383);
#12385=(NAMED_UNIT(*)PLANE_ANGLE_UNIT()SI_UNIT($,.RADIAN.));
#12386=PLANE_ANGLE_MEASURE_WITH_UNIT(PLANE_ANGLE_MEASURE(0.0174532925),#12385);
#12387=(CONVERSION_BASED_UNIT('DEGREE',#12386)NAMED_UNIT(#12388)PLANE_ANGLE_UNIT());
#12388=DIMENSIONAL_EXPONENTS(0.,0.,0.,0.,0.,0.,0.);
#12389=(NAMED_UNIT(*)SI_UNIT($,.STERADIAN.)SOLID_ANGLE_UNIT());
#12390=(LENGTH_UNIT()NAMED_UNIT(*)SI_UNIT(.MILLI.,.METRE.));
#12391=UNCERTAINTY_MEASURE_WITH_UNIT(LENGTH_MEASURE(1.000000E-03),#12390,'DISTANCE_ACCURACY_VALUE','Maximum Tolerance applied to model');
#12392=(GEOMETRIC_REPRESENTATION_CONTEXT(3)GLOBAL_UNCERTAINTY_ASSIGNED_CONTEXT((#12391))GLOBAL_UNIT_ASSIGNED_CONTEXT((#12390,#12387,#12389))REPRESENTATION_CONTEXT('','knowco2-version2 (Imported)'));
#12404=CARTESIAN_POINT('',(0.,0.,0.));
#12405=DIRECTION('',(0.,0.,1.));
#12406=DIRECTION('',(1.,0.,-0.));
#12407=AXIS2_PLACEMENT_3D('',#12404,#12405,#12406);
#12408=ITEM_DEFINED_TRANSFORMATION('','',#12407,#15);
#12409=(REPRESENTATION_RELATIONSHIP('','',#12394,#12366)REPRESENTATION_RELATIONSHIP_WITH_TRANSFORMATION(#12408)SHAPE_REPRESENTATION_RELATIONSHIP());
#12410=NEXT_ASSEMBLY_USAGE_OCCURRENCE('knowco2-version2 (Imported)_9','knowco2-version2 (Imported)','knowco2-version2 (Imported)',#12375,#12403,$);
#12411=PRODUCT_DEFINITION_SHAPE('','',#12410);
#12412=CONTEXT_DEPENDENT_SHAPE_REPRESENTATION(#12409,#12411);
#12413=(NAMED_UNIT(*)PLANE_ANGLE_UNIT()SI_UNIT($,.RADIAN.));
#12414=PLANE_ANGLE_MEASURE_WITH_UNIT(PLANE_ANGLE_MEASURE(0.0174532925),#12413);
#12415=(CONVERSION_BASED_UNIT('DEGREE',#12414)NAMED_UNIT(#12416)PLANE_ANGLE_UNIT());
#12416=DIMENSIONAL_EXPONENTS(0.,0.,0.,0.,0.,0.,0.);
#12417=(NAMED_UNIT(*)SI_UNIT($,.STERADIAN.)SOLID_ANGLE_UNIT());
#12418=(LENGTH_UNIT()NAMED_UNIT(*)SI_UNIT(.MILLI.,.METRE.));
#12419=UNCERTAINTY_MEASURE_WITH_UNIT(LENGTH_MEASURE(1.000000E-03),#12418,'DISTANCE_ACCURACY_VALUE','Maximum Tolerance applied to model');
#12420=(GEOMETRIC_REPRESENTATION_CONTEXT(3)GLOBAL_UNCERTAINTY_ASSIGNED_CONTEXT((#12419))GLOBAL_UNIT_ASSIGNED_CONTEXT((#12418,#12415,#12417))REPRESENTATION_CONTEXT('','version1-mergedparts (Imported)'));
#12432=CARTESIAN_POINT('',(0.,0.,0.));
#12433=DIRECTION('',(0.,0.,1.));
#12434=DIRECTION('',(1.,0.,-0.));
#12435=AXIS2_PLACEMENT_3D('',#12432,#12433,#12434);
#12436=ITEM_DEFINED_TRANSFORMATION('','',#12435,#15);
#12437=(REPRESENTATION_RELATIONSHIP('','',#12422,#12394)REPRESENTATION_RELATIONSHIP_WITH_TRANSFORMATION(#12436)SHAPE_REPRESENTATION_RELATIONSHIP());
#12438=NEXT_ASSEMBLY_USAGE_OCCURRENCE('version1-mergedparts (Imported)_10','version1-mergedparts (Imported)','version1-mergedparts (Imported)',#12403,#12431,$);
#12439=PRODUCT_DEFINITION_SHAPE('','',#12438);
#12440=CONTEXT_DEPENDENT_SHAPE_REPRESENTATION(#12437,#12439);
#12422=SHAPE_REPRESENTATION('version1-mergedparts (Imported)',(#15),#12420);
#12441=CARTESIAN_POINT('',(0.,0.,0.));
#12442=DIRECTION('',(0.,0.,1.));
#12443=DIRECTION('',(1.,0.,0.));
#12444=AXIS2_PLACEMENT_3D('',#12441,#12442,#12443);
#12446=MAPPED_ITEM('',#12445,#12444);
#12445=REPRESENTATION_MAP(#12444,#12422);
#12430=PRODUCT('version1-mergedparts (Imported)','version1-mergedparts (Imported)','',(#419));
#12447=PRODUCT_RELATED_PRODUCT_CATEGORY('part','',(#12430));
#12448=PRODUCT_DEFINITION_FORMATION_WITH_SPECIFIED_SOURCE('','',#12430,.NOT_KNOWN.);
#12431=PRODUCT_DEFINITION('design','',#12448,#420);
#12429=PRODUCT_DEFINITION_SHAPE('','',#12431);
#12449=SHAPE_DEFINITION_REPRESENTATION(#12429,#12422);
#12421=DRAUGHTING_MODEL('',(#12446),#12420);
#12394=SHAPE_REPRESENTATION('knowco2-version2 (Imported)',(#15,#12435),#12392);
#12450=CARTESIAN_POINT('',(0.,0.,0.));
#12451=DIRECTION('',(0.,0.,1.));
#12452=DIRECTION('',(1.,0.,0.));
#12453=AXIS2_PLACEMENT_3D('',#12450,#12451,#12452);
#12455=MAPPED_ITEM('',#12454,#12453);
#12454=REPRESENTATION_MAP(#12453,#12394);
#12402=PRODUCT('knowco2-version2 (Imported)','knowco2-version2 (Imported)','',(#419));
#12456=PRODUCT_RELATED_PRODUCT_CATEGORY('part','',(#12402));
#12457=PRODUCT_DEFINITION_FORMATION_WITH_SPECIFIED_SOURCE('','',#12402,.NOT_KNOWN.);
#12403=PRODUCT_DEFINITION('design','',#12457,#420);
#12401=PRODUCT_DEFINITION_SHAPE('','',#12403);
#12458=SHAPE_DEFINITION_REPRESENTATION(#12401,#12394);
#12393=DRAUGHTING_MODEL('',(#12455),#12392);
#12366=SHAPE_REPRESENTATION('knowco2-version3 w/enclosure (Imported)',(#15,#12407),#12364);
#12459=CARTESIAN_POINT('',(0.,0.,0.));
#12460=DIRECTION('',(0.,0.,1.));
#12461=DIRECTION('',(1.,0.,0.));
#12462=AXIS2_PLACEMENT_3D('',#12459,#12460,#12461);
#12464=MAPPED_ITEM('',#12463,#12462);
#12463=REPRESENTATION_MAP(#12462,#12366);
#12374=PRODUCT('knowco2-version3 w/enclosure (Imported)','knowco2-version3 w/enclosure (Imported)','',(#419));
#12465=PRODUCT_RELATED_PRODUCT_CATEGORY('part','',(#12374));
#12466=PRODUCT_DEFINITION_FORMATION_WITH_SPECIFIED_SOURCE('','',#12374,.NOT_KNOWN.);
#12375=PRODUCT_DEFINITION('design','',#12466,#420);
#12373=PRODUCT_DEFINITION_SHAPE('','',#12375);
#12467=SHAPE_DEFINITION_REPRESENTATION(#12373,#12366);
#12365=DRAUGHTING_MODEL('',(#12464),#12364);
#12338=SHAPE_REPRESENTATION('knowco2-version6-xometry.step',(#15,#12379),#12336);
#12468=CARTESIAN_POINT('',(0.,0.,0.));
#12469=DIRECTION('',(0.,0.,1.));
#12470=DIRECTION('',(1.,0.,0.));
#12471=AXIS2_PLACEMENT_3D('',#12468,#12469,#12470);
#12473=MAPPED_ITEM('',#12472,#12471);
#12472=REPRESENTATION_MAP(#12471,#12338);
#12346=PRODUCT('knowco2-version6-xometry.step','knowco2-version6-xometry.step','',(#419));
#12474=PRODUCT_RELATED_PRODUCT_CATEGORY('part','',(#12346));
#12475=PRODUCT_DEFINITION_FORMATION_WITH_SPECIFIED_SOURCE('','',#12346,.NOT_KNOWN.);
#12347=PRODUCT_DEFINITION('design','',#12475,#420);
#12345=PRODUCT_DEFINITION_SHAPE('','',#12347);
#12476=SHAPE_DEFINITION_REPRESENTATION(#12345,#12338);
#12337=DRAUGHTING_MODEL('',(#12473),#12336);
#433=SHAPE_REPRESENTATION('knowco2-version6-main (Imported)',(#15,#12351),#431);
#434=ADVANCED_BREP_SHAPE_REPRESENTATION('knowco2-version6-main (Imported)',(#12328),#431);
#12484=SHAPE_REPRESENTATION_RELATIONSHIP('','',#433,#434);
#12485=CARTESIAN_POINT('',(0.,0.,0.));
#12486=DIRECTION('',(0.,0.,1.));
#12487=DIRECTION('',(1.,0.,0.));
#12488=AXIS2_PLACEMENT_3D('',#12485,#12486,#12487);
#12490=MAPPED_ITEM('',#12489,#12488);
#12489=REPRESENTATION_MAP(#12488,#433);
#441=PRODUCT('knowco2-version6-main (Imported)','knowco2-version6-main (Imported)','',(#419));
#12491=PRODUCT_RELATED_PRODUCT_CATEGORY('part','',(#441));
#12492=PRODUCT_DEFINITION_FORMATION_WITH_SPECIFIED_SOURCE('','',#441,.NOT_KNOWN.);
#442=PRODUCT_DEFINITION('design','',#12492,#420);
#440=PRODUCT_DEFINITION_SHAPE('','',#442);
#12493=SHAPE_DEFINITION_REPRESENTATION(#440,#433);
#432=DRAUGHTING_MODEL('',(#12490),#431);
#364=SHAPE_REPRESENTATION('version7 (Imported)',(#15,#405,#446),#362);
#12494=CARTESIAN_POINT('',(0.,0.,0.));
#12495=DIRECTION('',(0.,0.,1.));
#12496=DIRECTION('',(1.,0.,0.));
#12497=AXIS2_PLACEMENT_3D('',#12494,#12495,#12496);
#12499=MAPPED_ITEM('',#12498,#12497);
#12498=REPRESENTATION_MAP(#12497,#364);
#372=PRODUCT('version7 (Imported)','version7 (Imported)','',(#419));
#12500=PRODUCT_RELATED_PRODUCT_CATEGORY('part','',(#372));
#12501=PRODUCT_DEFINITION_FORMATION_WITH_SPECIFIED_SOURCE('','',#372,.NOT_KNOWN.);
#373=PRODUCT_DEFINITION('design','',#12501,#420);
#371=PRODUCT_DEFINITION_SHAPE('','',#373);
#12502=SHAPE_DEFINITION_REPRESENTATION(#371,#364);
#363=DRAUGHTING_MODEL('',(#12499),#362);
#336=SHAPE_REPRESENTATION('version8-main-knowco2 (Imported)',(#15,#377),#334);
#12503=CARTESIAN_POINT('',(0.,0.,0.));
#12504=DIRECTION('',(0.,0.,1.));
#12505=DIRECTION('',(1.,0.,0.));
#12506=AXIS2_PLACEMENT_3D('',#12503,#12504,#12505);
#12508=MAPPED_ITEM('',#12507,#12506);
#12507=REPRESENTATION_MAP(#12506,#336);
#344=PRODUCT('version8-main-knowco2 (Imported)','version8-main-knowco2 (Imported)','',(#419));
#12509=PRODUCT_RELATED_PRODUCT_CATEGORY('part','',(#344));
#12510=PRODUCT_DEFINITION_FORMATION_WITH_SPECIFIED_SOURCE('','',#344,.NOT_KNOWN.);
#345=PRODUCT_DEFINITION('design','',#12510,#420);
#343=PRODUCT_DEFINITION_SHAPE('','',#345);
#12511=SHAPE_DEFINITION_REPRESENTATION(#343,#336);
#335=DRAUGHTING_MODEL('',(#12508),#334);
#308=SHAPE_REPRESENTATION('VERSION9-knowco2-main (Imported)',(#15,#349),#306);
#12512=CARTESIAN_POINT('',(0.,0.,0.));
#12513=DIRECTION('',(0.,0.,1.));
#12514=DIRECTION('',(1.,0.,0.));
#12515=AXIS2_PLACEMENT_3D('',#12512,#12513,#12514);
#12517=MAPPED_ITEM('',#12516,#12515);
#12516=REPRESENTATION_MAP(#12515,#308);
#316=PRODUCT('VERSION9-knowco2-main (Imported)','VERSION9-knowco2-main (Imported)','',(#419));
#12518=PRODUCT_RELATED_PRODUCT_CATEGORY('part','',(#316));
#12519=PRODUCT_DEFINITION_FORMATION_WITH_SPECIFIED_SOURCE('','',#316,.NOT_KNOWN.);
#317=PRODUCT_DEFINITION('design','',#12519,#420);
#315=PRODUCT_DEFINITION_SHAPE('','',#317);
#12520=SHAPE_DEFINITION_REPRESENTATION(#315,#308);
#307=DRAUGHTING_MODEL('',(#12517),#306);
#280=SHAPE_REPRESENTATION('knowco2-main-version10 (Imported)',(#15,#321),#278);
#12521=CARTESIAN_POINT('',(0.,0.,0.));
#12522=DIRECTION('',(0.,0.,1.));
#12523=DIRECTION('',(1.,0.,0.));
#12524=AXIS2_PLACEMENT_3D('',#12521,#12522,#12523);
#12526=MAPPED_ITEM('',#12525,#12524);
#12525=REPRESENTATION_MAP(#12524,#280);
#288=PRODUCT('knowco2-main-version10 (Imported)','knowco2-main-version10 (Imported)','',(#419));
#12527=PRODUCT_RELATED_PRODUCT_CATEGORY('part','',(#288));
#12528=PRODUCT_DEFINITION_FORMATION_WITH_SPECIFIED_SOURCE('','',#288,.NOT_KNOWN.);
#289=PRODUCT_DEFINITION('design','',#12528,#420);
#287=PRODUCT_DEFINITION_SHAPE('','',#289);
#12529=SHAPE_DEFINITION_REPRESENTATION(#287,#280);
#279=DRAUGHTING_MODEL('',(#12526),#278);
#16=SHAPE_REPRESENTATION('root',(#15,#293),#10);
#17=ADVANCED_BREP_SHAPE_REPRESENTATION('root',(#263),#10);
#12537=SHAPE_REPRESENTATION_RELATIONSHIP('','',#16,#17);
#12538=CARTESIAN_POINT('',(0.,0.,0.));
#12539=DIRECTION('',(0.,0.,1.));
#12540=DIRECTION('',(1.,0.,0.));
#12541=AXIS2_PLACEMENT_3D('',#12538,#12539,#12540);
#12543=MAPPED_ITEM('',#12542,#12541);
#12542=REPRESENTATION_MAP(#12541,#16);
#24=PRODUCT('root','root','',(#419));
#12544=PRODUCT_RELATED_PRODUCT_CATEGORY('part','',(#24));
#12545=PRODUCT_DEFINITION_FORMATION_WITH_SPECIFIED_SOURCE('','',#24,.NOT_KNOWN.);
#25=PRODUCT_DEFINITION('design','',#12545,#420);
#23=PRODUCT_DEFINITION_SHAPE('','',#25);
#12546=SHAPE_DEFINITION_REPRESENTATION(#23,#16);
#11=DRAUGHTING_MODEL('',(#12543),#10);
#12547=DESCRIPTIVE_REPRESENTATION_ITEM('KEY','/Users/mike/Library/Containers/com.shapr3d.shapr/Data/tmp/0CD64DFD-97F1-48C4-89A1-223DBBCDF9B6.tmp');
#12548=PROPERTY_DEFINITION('KEY','',#25);
#12549=REPRESENTATION('',(#12547),#10);
#12550=PROPERTY_DEFINITION_REPRESENTATION(#12548,#12549);
#12551=GENERAL_PROPERTY('','KEY','');
#12552=GENERAL_PROPERTY_ASSOCIATION('','',#12551,#12548);
#1=MECHANICAL_DESIGN_GEOMETRIC_PRESENTATION_REPRESENTATION('',(#26,#452),#10);
ENDSEC;
END-ISO-10303-21;
